2026/10/05 18:59:05 {
  "timestamp": "2026-10-05T15:59:05Z",
  "os": "ubuntu",
  "os_version": "24.04",
  "OSEcosystem": "ubuntu:24.04:lts",
  "kernel_version": "7.0.0-34-generic",
  "architecture": "amd64",
  "hostname": "DEVTOP",
  "packages": [
    {
      "name": "7zip",
      "version": "23.01+dfsg-11",
      "purl": "pkg:deb/7zip?arch=amd64\u0026distro=noble",
      "source": {
        "source_name": "",
        "source_version": ""
      }
    },
    {
      "name": "accountsservice",
      "version": "23.13.9-2ubuntu6.1",
      "purl": "pkg:deb/accountsservice?arch=amd64\u0026distro=noble",
      "source": {
        "source_name": "",
        "source_version": ""
      }
    },
    {
      "name": "acl",
      "version": "2.3.2-1build1.1",
      "purl": "pkg:deb/acl?arch=amd64\u0026distro=noble",
      "source": {
        "source_name": "",
        "source_version": ""
      }
    },
    {
      "name": "adb",
      "version": "1:34.0.4-1build3",
      "purl": "pkg:deb/adb?arch=amd64\u0026distro=noble",
      "source": {
        "source_name": "android-platform-tools",
        "source_version": "34.0.4-1build3"
      }
    },
    {
      "name": "adduser",
      "version": "3.137ubuntu1",
      "purl": "pkg:deb/adduser?arch=all\u0026distro=noble",
      "source": {
        "source_name": "",
        "source_version": ""
      }
    },
    {
      "name": "adwaita-icon-theme",
      "version": "46.0-1",
      "purl": "pkg:deb/adwaita-icon-theme?arch=all\u0026distro=noble",
      "source": {
        "source_name": "",
        "source_version": ""
      }
    },
    {
      "name": "aha",
      "version": "0.5.1-3build1",
      "purl": "pkg:deb/aha?arch=amd64\u0026distro=noble",
      "source": {
        "source_name": "",
        "source_version": ""
      }
    },
    {
      "name": "alsa-base",
      "version": "1.0.25+dfsg-0ubuntu7",
      "purl": "pkg:deb/alsa-base?arch=all\u0026distro=noble",
      "source": {
        "source_name": "alsa-driver",
        "source_version": "1.0.25+dfsg-0ubuntu7"
      }
    },
    {
      "name": "alsa-topology-conf",
      "version": "1.2.5.1-2",
      "purl": "pkg:deb/alsa-topology-conf?arch=all\u0026distro=noble",
      "source": {
        "source_name": "",
        "source_version": ""
      }
    },
    {
      "name": "alsa-ucm-conf",
      "version": "1.2.10-1ubuntu5.14",
      "purl": "pkg:deb/alsa-ucm-conf?arch=all\u0026distro=noble",
      "source": {
        "source_name": "",
        "source_version": ""
      }
    },
    {
      "name": "alsa-utils",
      "version": "1.2.9-1ubuntu5",
      "purl": "pkg:deb/alsa-utils?arch=amd64\u0026distro=noble",
      "source": {
        "source_name": "",
        "source_version": ""
      }
    },
    {
      "name": "amd64-microcode",
      "version": "3.20251202.1ubuntu0.24.04.1",
      "purl": "pkg:deb/amd64-microcode?arch=amd64\u0026distro=noble",
      "source": {
        "source_name": "",
        "source_version": ""
      }
    },
    {
      "name": "anacron",
      "version": "2.3-39ubuntu2",
      "purl": "pkg:deb/anacron?arch=amd64\u0026distro=noble",
      "source": {
        "source_name": "",
        "source_version": ""
      }
    },
    {
      "name": "android-libbase:amd64",
      "version": "1:34.0.4-1build3",
      "purl": "pkg:deb/android-libbase:amd64?arch=amd64\u0026distro=noble",
      "source": {
        "source_name": "android-platform-tools",
        "source_version": "34.0.4-1build3"
      }
    },
    {
      "name": "android-libboringssl:amd64",
      "version": "14.0.0+r11-4build1",
      "purl": "pkg:deb/android-libboringssl:amd64?arch=amd64\u0026distro=noble",
      "source": {
        "source_name": "android-platform-external-boringssl",
        "source_version": "14.0.0+r11-4build1"
      }
    },
    {
      "name": "android-libcutils:amd64",
      "version": "1:34.0.4-1build3",
      "purl": "pkg:deb/android-libcutils:amd64?arch=amd64\u0026distro=noble",
      "source": {
        "source_name": "android-platform-tools",
        "source_version": "34.0.4-1build3"
      }
    },
    {
      "name": "android-liblog:amd64",
      "version": "1:34.0.4-1build3",
      "purl": "pkg:deb/android-liblog:amd64?arch=amd64\u0026distro=noble",
      "source": {
        "source_name": "android-platform-tools",
        "source_version": "34.0.4-1build3"
      }
    },
    {
      "name": "android-libsparse:amd64",
      "version": "1:34.0.4-1build3",
      "purl": "pkg:deb/android-libsparse:amd64?arch=amd64\u0026distro=noble",
      "source": {
        "source_name": "android-platform-tools",
        "source_version": "34.0.4-1build3"
      }
    },
    {
      "name": "android-libziparchive:amd64",
      "version": "1:34.0.4-1build3",
      "purl": "pkg:deb/android-libziparchive:amd64?arch=amd64\u0026distro=noble",
      "source": {
        "source_name": "android-platform-tools",
        "source_version": "34.0.4-1build3"
      }
    },
    {
      "name": "android-sdk-platform-tools-common",
      "version": "28.0.2+9",
      "purl": "pkg:deb/android-sdk-platform-tools-common?arch=all\u0026distro=noble",
      "source": {
        "source_name": "android-sdk-meta",
        "source_version": "28.0.2+9"
      }
    },
    {
      "name": "ani-cli",
      "version": "4.8-1",
      "purl": "pkg:deb/ani-cli?arch=all\u0026distro=noble",
      "source": {
        "source_name": "",
        "source_version": ""
      }
    },
    {
      "name": "anki",
      "version": "2.1.15+dfsg-3ubuntu4.1",
      "purl": "pkg:deb/anki?arch=all\u0026distro=noble",
      "source": {
        "source_name": "",
        "source_version": ""
      }
    },
    {
      "name": "apache-netbeans",
      "version": "22-1",
      "purl": "pkg:deb/apache-netbeans?arch=all\u0026distro=noble",
      "source": {
        "source_name": "",
        "source_version": ""
      }
    },
    {
      "name": "apg",
      "version": "2.2.3.dfsg.1-5build3",
      "purl": "pkg:deb/apg?arch=amd64\u0026distro=noble",
      "source": {
        "source_name": "",
        "source_version": ""
      }
    },
    {
      "name": "apparmor",
      "version": "4.0.1really4.0.1-0ubuntu0.24.04.7",
      "purl": "pkg:deb/apparmor?arch=amd64\u0026distro=noble",
      "source": {
        "source_name": "",
        "source_version": ""
      }
    },
    {
      "name": "appimagelauncher",
      "version": "3.0.0-alpha-4-gha275~0bcc75d",
      "purl": "pkg:deb/appimagelauncher?arch=amd64\u0026distro=noble",
      "source": {
        "source_name": "",
        "source_version": ""
      }
    },
    {
      "name": "appmenu-gtk-module-common",
      "version": "0.7.6-2.1ubuntu2",
      "purl": "pkg:deb/appmenu-gtk-module-common?arch=all\u0026distro=noble",
      "source": {
        "source_name": "appmenu-gtk-module",
        "source_version": "0.7.6-2.1ubuntu2"
      }
    },
    {
      "name": "appmenu-gtk3-module:amd64",
      "version": "0.7.6-2.1ubuntu2",
      "purl": "pkg:deb/appmenu-gtk3-module:amd64?arch=amd64\u0026distro=noble",
      "source": {
        "source_name": "appmenu-gtk-module",
        "source_version": "0.7.6-2.1ubuntu2"
      }
    },
    {
      "name": "apport",
      "version": "2.28.3-0ubuntu0.1",
      "purl": "pkg:deb/apport?arch=all\u0026distro=noble",
      "source": {
        "source_name": "",
        "source_version": ""
      }
    },
    {
      "name": "apport-core-dump-handler",
      "version": "2.28.3-0ubuntu0.1",
      "purl": "pkg:deb/apport-core-dump-handler?arch=all\u0026distro=noble",
      "source": {
        "source_name": "apport",
        "source_version": "2.28.3-0ubuntu0.1"
      }
    },
    {
      "name": "apport-kde",
      "version": "2.28.3-0ubuntu0.1",
      "purl": "pkg:deb/apport-kde?arch=all\u0026distro=noble",
      "source": {
        "source_name": "apport",
        "source_version": "2.28.3-0ubuntu0.1"
      }
    },
    {
      "name": "apport-symptoms",
      "version": "0.25",
      "purl": "pkg:deb/apport-symptoms?arch=all\u0026distro=noble",
      "source": {
        "source_name": "",
        "source_version": ""
      }
    },
    {
      "name": "appstream",
      "version": "1.0.2-1build6",
      "purl": "pkg:deb/appstream?arch=amd64\u0026distro=noble",
      "source": {
        "source_name": "",
        "source_version": ""
      }
    },
    {
      "name": "apt",
      "version": "2.8.3",
      "purl": "pkg:deb/apt?arch=amd64\u0026distro=noble",
      "source": {
        "source_name": "",
        "source_version": ""
      }
    },
    {
      "name": "apt-config-icons",
      "version": "1.0.2-1build6",
      "purl": "pkg:deb/apt-config-icons?arch=all\u0026distro=noble",
      "source": {
        "source_name": "appstream",
        "source_version": "1.0.2-1build6"
      }
    },
    {
      "name": "apt-config-icons-hidpi",
      "version": "1.0.2-1build6",
      "purl": "pkg:deb/apt-config-icons-hidpi?arch=all\u0026distro=noble",
      "source": {
        "source_name": "appstream",
        "source_version": "1.0.2-1build6"
      }
    },
    {
      "name": "apt-config-icons-large",
      "version": "1.0.2-1build6",
      "purl": "pkg:deb/apt-config-icons-large?arch=all\u0026distro=noble",
      "source": {
        "source_name": "appstream",
        "source_version": "1.0.2-1build6"
      }
    },
    {
      "name": "apt-config-icons-large-hidpi",
      "version": "1.0.2-1build6",
      "purl": "pkg:deb/apt-config-icons-large-hidpi?arch=all\u0026distro=noble",
      "source": {
        "source_name": "appstream",
        "source_version": "1.0.2-1build6"
      }
    },
    {
      "name": "apt-transport-https",
      "version": "2.8.3",
      "purl": "pkg:deb/apt-transport-https?arch=all\u0026distro=noble",
      "source": {
        "source_name": "apt",
        "source_version": "2.8.3"
      }
    },
    {
      "name": "apt-utils",
      "version": "2.8.3",
      "purl": "pkg:deb/apt-utils?arch=amd64\u0026distro=noble",
      "source": {
        "source_name": "apt",
        "source_version": "2.8.3"
      }
    },
    {
      "name": "aptdaemon",
      "version": "1.1.1+bzr982-0ubuntu44",
      "purl": "pkg:deb/aptdaemon?arch=all\u0026distro=noble",
      "source": {
        "source_name": "",
        "source_version": ""
      }
    },
    {
      "name": "aptdaemon-data",
      "version": "1.1.1+bzr982-0ubuntu44",
      "purl": "pkg:deb/aptdaemon-data?arch=all\u0026distro=noble",
      "source": {
        "source_name": "aptdaemon",
        "source_version": "1.1.1+bzr982-0ubuntu44"
      }
    },
    {
      "name": "aptitude",
      "version": "0.8.13-5ubuntu5",
      "purl": "pkg:deb/aptitude?arch=amd64\u0026distro=noble",
      "source": {
        "source_name": "",
        "source_version": ""
      }
    },
    {
      "name": "aptitude-common",
      "version": "0.8.13-5ubuntu5",
      "purl": "pkg:deb/aptitude-common?arch=all\u0026distro=noble",
      "source": {
        "source_name": "aptitude",
        "source_version": "0.8.13-5ubuntu5"
      }
    },
    {
      "name": "aria2",
      "version": "1.37.0+debian-1build3",
      "purl": "pkg:deb/aria2?arch=amd64\u0026distro=noble",
      "source": {
        "source_name": "",
        "source_version": ""
      }
    },
    {
      "name": "arj",
      "version": "3.10.22-27",
      "purl": "pkg:deb/arj?arch=amd64\u0026distro=noble",
      "source": {
        "source_name": "",
        "source_version": ""
      }
    },
    {
      "name": "ark",
      "version": "4:23.08.5-0ubuntu5",
      "purl": "pkg:deb/ark?arch=amd64\u0026distro=noble",
      "source": {
        "source_name": "",
        "source_version": ""
      }
    },
    {
      "name": "aspell",
      "version": "0.60.8.1-1build1",
      "purl": "pkg:deb/aspell?arch=amd64\u0026distro=noble",
      "source": {
        "source_name": "",
        "source_version": ""
      }
    },
    {
      "name": "aspell-en",
      "version": "2020.12.07-0-1",
      "purl": "pkg:deb/aspell-en?arch=all\u0026distro=noble",
      "source": {
        "source_name": "",
        "source_version": ""
      }
    },
    {
      "name": "aspnetcore-runtime-8.0",
      "version": "8.0.31-0ubuntu1~24.04.1",
      "purl": "pkg:deb/aspnetcore-runtime-8.0?arch=amd64\u0026distro=noble",
      "source": {
        "source_name": "dotnet8",
        "source_version": "8.0.131-8.0.31-0ubuntu1~24.04.1"
      }
    },
    {
      "name": "aspnetcore-targeting-pack-8.0",
      "version": "8.0.31-0ubuntu1~24.04.1",
      "purl": "pkg:deb/aspnetcore-targeting-pack-8.0?arch=amd64\u0026distro=noble",
      "source": {
        "source_name": "dotnet8",
        "source_version": "8.0.131-8.0.31-0ubuntu1~24.04.1"
      }
    },
    {
      "name": "at-spi2-common",
      "version": "2.52.0-1build1",
      "purl": "pkg:deb/at-spi2-common?arch=all\u0026distro=noble",
      "source": {
        "source_name": "at-spi2-core",
        "source_version": "2.52.0-1build1"
      }
    },
    {
      "name": "at-spi2-core",
      "version": "2.52.0-1build1",
      "purl": "pkg:deb/at-spi2-core?arch=amd64\u0026distro=noble",
      "source": {
        "source_name": "",
        "source_version": ""
      }
    },
    {
      "name": "audacity",
      "version": "3.4.2+dfsg-1build4",
      "purl": "pkg:deb/audacity?arch=amd64\u0026distro=noble",
      "source": {
        "source_name": "",
        "source_version": ""
      }
    },
    {
      "name": "audacity-data",
      "version": "3.4.2+dfsg-1build4",
      "purl": "pkg:deb/audacity-data?arch=all\u0026distro=noble",
      "source": {
        "source_name": "audacity",
        "source_version": "3.4.2+dfsg-1build4"
      }
    },
    {
      "name": "avahi-daemon",
      "version": "0.8-13ubuntu6.2",
      "purl": "pkg:deb/avahi-daemon?arch=amd64\u0026distro=noble",
      "source": {
        "source_name": "avahi",
        "source_version": "0.8-13ubuntu6.2"
      }
    },
    {
      "name": "balena-etcher",
      "version": "2.1.4",
      "purl": "pkg:deb/balena-etcher?arch=amd64\u0026distro=noble",
      "source": {
        "source_name": "",
        "source_version": ""
      }
    },
    {
      "name": "baloo-kf5",
      "version": "5.115.0-0ubuntu5",
      "purl": "pkg:deb/baloo-kf5?arch=amd64\u0026distro=noble",
      "source": {
        "source_name": "",
        "source_version": ""
      }
    },
    {
      "name": "base-files",
      "version": "13ubuntu10.5",
      "purl": "pkg:deb/base-files?arch=amd64\u0026distro=noble",
      "source": {
        "source_name": "",
        "source_version": ""
      }
    },
    {
      "name": "base-passwd",
      "version": "3.6.3build1",
      "purl": "pkg:deb/base-passwd?arch=amd64\u0026distro=noble",
      "source": {
        "source_name": "",
        "source_version": ""
      }
    },
    {
      "name": "bash",
      "version": "5.2.21-2ubuntu4",
      "purl": "pkg:deb/bash?arch=amd64\u0026distro=noble",
      "source": {
        "source_name": "",
        "source_version": ""
      }
    },
    {
      "name": "bash-completion",
      "version": "1:2.11-8",
      "purl": "pkg:deb/bash-completion?arch=all\u0026distro=noble",
      "source": {
        "source_name": "",
        "source_version": ""
      }
    },
    {
      "name": "bc",
      "version": "1.07.1-3ubuntu4",
      "purl": "pkg:deb/bc?arch=amd64\u0026distro=noble",
      "source": {
        "source_name": "",
        "source_version": ""
      }
    },
    {
      "name": "bind9-dnsutils",
      "version": "1:9.18.39-0ubuntu0.24.04.7",
      "purl": "pkg:deb/bind9-dnsutils?arch=amd64\u0026distro=noble",
      "source": {
        "source_name": "bind9",
        "source_version": "1:9.18.39-0ubuntu0.24.04.7"
      }
    },
    {
      "name": "bind9-host",
      "version": "1:9.18.39-0ubuntu0.24.04.7",
      "purl": "pkg:deb/bind9-host?arch=amd64\u0026distro=noble",
      "source": {
        "source_name": "bind9",
        "source_version": "1:9.18.39-0ubuntu0.24.04.7"
      }
    },
    {
      "name": "bind9-libs:amd64",
      "version": "1:9.18.39-0ubuntu0.24.04.7",
      "purl": "pkg:deb/bind9-libs:amd64?arch=amd64\u0026distro=noble",
      "source": {
        "source_name": "bind9",
        "source_version": "1:9.18.39-0ubuntu0.24.04.7"
      }
    },
    {
      "name": "binutils",
      "version": "2.42-4ubuntu2.10",
      "purl": "pkg:deb/binutils?arch=amd64\u0026distro=noble",
      "source": {
        "source_name": "",
        "source_version": ""
      }
    },
    {
      "name": "binutils-common:amd64",
      "version": "2.42-4ubuntu2.10",
      "purl": "pkg:deb/binutils-common:amd64?arch=amd64\u0026distro=noble",
      "source": {
        "source_name": "binutils",
        "source_version": "2.42-4ubuntu2.10"
      }
    },
    {
      "name": "binutils-x86-64-linux-gnu",
      "version": "2.42-4ubuntu2.10",
      "purl": "pkg:deb/binutils-x86-64-linux-gnu?arch=amd64\u0026distro=noble",
      "source": {
        "source_name": "binutils",
        "source_version": "2.42-4ubuntu2.10"
      }
    },
    {
      "name": "binwalk",
      "version": "2.3.4+dfsg1-5",
      "purl": "pkg:deb/binwalk?arch=all\u0026distro=noble",
      "source": {
        "source_name": "",
        "source_version": ""
      }
    },
    {
      "name": "blender-data",
      "version": "4.0.2+dfsg-1ubuntu8",
      "purl": "pkg:deb/blender-data?arch=all\u0026distro=noble",
      "source": {
        "source_name": "blender",
        "source_version": "4.0.2+dfsg-1ubuntu8"
      }
    },
    {
      "name": "blt",
      "version": "2.5.3+dfsg-7build1",
      "purl": "pkg:deb/blt?arch=amd64\u0026distro=noble",
      "source": {
        "source_name": "",
        "source_version": ""
      }
    },
    {
      "name": "bluedevil",
      "version": "4:5.27.11-0ubuntu2",
      "purl": "pkg:deb/bluedevil?arch=amd64\u0026distro=noble",
      "source": {
        "source_name": "",
        "source_version": ""
      }
    },
    {
      "name": "bluez",
      "version": "5.72-0ubuntu5.5",
      "purl": "pkg:deb/bluez?arch=amd64\u0026distro=noble",
      "source": {
        "source_name": "",
        "source_version": ""
      }
    },
    {
      "name": "bluez-cups",
      "version": "5.72-0ubuntu5.5",
      "purl": "pkg:deb/bluez-cups?arch=amd64\u0026distro=noble",
      "source": {
        "source_name": "bluez",
        "source_version": "5.72-0ubuntu5.5"
      }
    },
    {
      "name": "bluez-obexd",
      "version": "5.72-0ubuntu5.5",
      "purl": "pkg:deb/bluez-obexd?arch=amd64\u0026distro=noble",
      "source": {
        "source_name": "bluez",
        "source_version": "5.72-0ubuntu5.5"
      }
    },
    {
      "name": "bolt",
      "version": "0.9.7-1",
      "purl": "pkg:deb/bolt?arch=amd64\u0026distro=noble",
      "source": {
        "source_name": "",
        "source_version": ""
      }
    },
    {
      "name": "bpfcc-tools",
      "version": "0.29.1+ds-1ubuntu7",
      "purl": "pkg:deb/bpfcc-tools?arch=all\u0026distro=noble",
      "source": {
        "source_name": "bpfcc",
        "source_version": "0.29.1+ds-1ubuntu7"
      }
    },
    {
      "name": "bpftrace",
      "version": "0.20.2-1ubuntu4.3",
      "purl": "pkg:deb/bpftrace?arch=amd64\u0026distro=noble",
      "source": {
        "source_name": "",
        "source_version": ""
      }
    },
    {
      "name": "brave-browser",
      "version": "1.95.101",
      "purl": "pkg:deb/brave-browser?arch=amd64\u0026distro=noble",
      "source": {
        "source_name": "",
        "source_version": ""
      }
    },
    {
      "name": "brave-keyring",
      "version": "1.20",
      "purl": "pkg:deb/brave-keyring?arch=all\u0026distro=noble",
      "source": {
        "source_name": "",
        "source_version": ""
      }
    },
    {
      "name": "breeze",
      "version": "4:5.27.12-0ubuntu0.1",
      "purl": "pkg:deb/breeze?arch=amd64\u0026distro=noble",
      "source": {
        "source_name": "",
        "source_version": ""
      }
    },
    {
      "name": "breeze-cursor-theme",
      "version": "4:5.27.12-0ubuntu0.1",
      "purl": "pkg:deb/breeze-cursor-theme?arch=all\u0026distro=noble",
      "source": {
        "source_name": "breeze",
        "source_version": "4:5.27.12-0ubuntu0.1"
      }
    },
    {
      "name": "breeze-gtk-theme",
      "version": "5.27.12-0ubuntu0.1",
      "purl": "pkg:deb/breeze-gtk-theme?arch=amd64\u0026distro=noble",
      "source": {
        "source_name": "breeze-gtk",
        "source_version": "5.27.12-0ubuntu0.1"
      }
    },
    {
      "name": "breeze-icon-theme",
      "version": "4:5.115.0-0ubuntu3",
      "purl": "pkg:deb/breeze-icon-theme?arch=all\u0026distro=noble",
      "source": {
        "source_name": "breeze-icons",
        "source_version": "4:5.115.0-0ubuntu3"
      }
    },
    {
      "name": "bridge-utils",
      "version": "1.7.1-1ubuntu2",
      "purl": "pkg:deb/bridge-utils?arch=amd64\u0026distro=noble",
      "source": {
        "source_name": "",
        "source_version": ""
      }
    },
    {
      "name": "bsdextrautils",
      "version": "2.39.3-9ubuntu6.6",
      "purl": "pkg:deb/bsdextrautils?arch=amd64\u0026distro=noble",
      "source": {
        "source_name": "util-linux",
        "source_version": "2.39.3-9ubuntu6.6"
      }
    },
    {
      "name": "bsdutils",
      "version": "1:2.39.3-9ubuntu6.6",
      "purl": "pkg:deb/bsdutils?arch=amd64\u0026distro=noble",
      "source": {
        "source_name": "util-linux",
        "source_version": "2.39.3-9ubuntu6.6"
      }
    },
    {
      "name": "btrfs-progs",
      "version": "6.6.3-1.1build2",
      "purl": "pkg:deb/btrfs-progs?arch=amd64\u0026distro=noble",
      "source": {
        "source_name": "",
        "source_version": ""
      }
    },
    {
      "name": "bubblewrap",
      "version": "0.9.0-1ubuntu0.3",
      "purl": "pkg:deb/bubblewrap?arch=amd64\u0026distro=noble",
      "source": {
        "source_name": "",
        "source_version": ""
      }
    },
    {
      "name": "build-essential",
      "version": "12.10ubuntu1",
      "purl": "pkg:deb/build-essential?arch=amd64\u0026distro=noble",
      "source": {
        "source_name": "",
        "source_version": ""
      }
    },
    {
      "name": "bup",
      "version": "0.33.3-1build2",
      "purl": "pkg:deb/bup?arch=amd64\u0026distro=noble",
      "source": {
        "source_name": "",
        "source_version": ""
      }
    },
    {
      "name": "bup-doc",
      "version": "0.33.3-1build2",
      "purl": "pkg:deb/bup-doc?arch=all\u0026distro=noble",
      "source": {
        "source_name": "bup",
        "source_version": "0.33.3-1build2"
      }
    },
    {
      "name": "burp",
      "version": "3.1.4-3.1build3",
      "purl": "pkg:deb/burp?arch=amd64\u0026distro=noble",
      "source": {
        "source_name": "",
        "source_version": ""
      }
    },
    {
      "name": "busybox-initramfs",
      "version": "1:1.36.1-6ubuntu3.1",
      "purl": "pkg:deb/busybox-initramfs?arch=amd64\u0026distro=noble",
      "source": {
        "source_name": "busybox",
        "source_version": "1:1.36.1-6ubuntu3.1"
      }
    },
    {
      "name": "busybox-static",
      "version": "1:1.36.1-6ubuntu3.1",
      "purl": "pkg:deb/busybox-static?arch=amd64\u0026distro=noble",
      "source": {
        "source_name": "busybox",
        "source_version": "1:1.36.1-6ubuntu3.1"
      }
    },
    {
      "name": "bzip2",
      "version": "1.0.8-5.1ubuntu0.1",
      "purl": "pkg:deb/bzip2?arch=amd64\u0026distro=noble",
      "source": {
        "source_name": "",
        "source_version": ""
      }
    },
    {
      "name": "ca-certificates",
      "version": "20260601~24.04.1",
      "purl": "pkg:deb/ca-certificates?arch=all\u0026distro=noble",
      "source": {
        "source_name": "",
        "source_version": ""
      }
    },
    {
      "name": "ca-certificates-java",
      "version": "20240118",
      "purl": "pkg:deb/ca-certificates-java?arch=all\u0026distro=noble",
      "source": {
        "source_name": "",
        "source_version": ""
      }
    },
    {
      "name": "cabextract",
      "version": "1.11-2",
      "purl": "pkg:deb/cabextract?arch=amd64\u0026distro=noble",
      "source": {
        "source_name": "",
        "source_version": ""
      }
    },
    {
      "name": "cataclysm-dda-data",
      "version": "0.G-4",
      "purl": "pkg:deb/cataclysm-dda-data?arch=all\u0026distro=noble",
      "source": {
        "source_name": "cataclysm-dda",
        "source_version": "0.G-4"
      }
    },
    {
      "name": "cataclysm-dda-sdl",
      "version": "0.G-4",
      "purl": "pkg:deb/cataclysm-dda-sdl?arch=amd64\u0026distro=noble",
      "source": {
        "source_name": "cataclysm-dda",
        "source_version": "0.G-4"
      }
    },
    {
      "name": "catdoc",
      "version": "1:0.95-5build1",
      "purl": "pkg:deb/catdoc?arch=amd64\u0026distro=noble",
      "source": {
        "source_name": "",
        "source_version": ""
      }
    },
    {
      "name": "ccache",
      "version": "4.9.1-1",
      "purl": "pkg:deb/ccache?arch=amd64\u0026distro=noble",
      "source": {
        "source_name": "",
        "source_version": ""
      }
    },
    {
      "name": "checksec",
      "version": "2.6.0-2",
      "purl": "pkg:deb/checksec?arch=all\u0026distro=noble",
      "source": {
        "source_name": "",
        "source_version": ""
      }
    },
    {
      "name": "clang",
      "version": "1:18.0-59~exp2",
      "purl": "pkg:deb/clang?arch=amd64\u0026distro=noble",
      "source": {
        "source_name": "llvm-defaults",
        "source_version": "0.59~exp2"
      }
    },
    {
      "name": "clang-18",
      "version": "1:18.1.3-1ubuntu1",
      "purl": "pkg:deb/clang-18?arch=amd64\u0026distro=noble",
      "source": {
        "source_name": "llvm-toolchain-18",
        "source_version": "1:18.1.3-1ubuntu1"
      }
    },
    {
      "name": "clinfo",
      "version": "3.0.23.01.25-1build1",
      "purl": "pkg:deb/clinfo?arch=amd64\u0026distro=noble",
      "source": {
        "source_name": "",
        "source_version": ""
      }
    },
    {
      "name": "cmake",
      "version": "3.28.3-1build7",
      "purl": "pkg:deb/cmake?arch=amd64\u0026distro=noble",
      "source": {
        "source_name": "",
        "source_version": ""
      }
    },
    {
      "name": "cmake-data",
      "version": "3.28.3-1build7",
      "purl": "pkg:deb/cmake-data?arch=all\u0026distro=noble",
      "source": {
        "source_name": "cmake",
        "source_version": "3.28.3-1build7"
      }
    },
    {
      "name": "cmdtest",
      "version": "0.32.14.gcdfe14e-6",
      "purl": "pkg:deb/cmdtest?arch=all\u0026distro=noble",
      "source": {
        "source_name": "",
        "source_version": ""
      }
    },
    {
      "name": "code",
      "version": "1.137.0-1788902055",
      "purl": "pkg:deb/code?arch=amd64\u0026distro=noble",
      "source": {
        "source_name": "",
        "source_version": ""
      }
    },
    {
      "name": "codeblocks",
      "version": "20.03+svn13046-0.3build2",
      "purl": "pkg:deb/codeblocks?arch=amd64\u0026distro=noble",
      "source": {
        "source_name": "",
        "source_version": ""
      }
    },
    {
      "name": "codeblocks-common",
      "version": "20.03+svn13046-0.3build2",
      "purl": "pkg:deb/codeblocks-common?arch=all\u0026distro=noble",
      "source": {
        "source_name": "codeblocks",
        "source_version": "20.03+svn13046-0.3build2"
      }
    },
    {
      "name": "codeblocks-contrib",
      "version": "20.03+svn13046-0.3build2",
      "purl": "pkg:deb/codeblocks-contrib?arch=amd64\u0026distro=noble",
      "source": {
        "source_name": "codeblocks",
        "source_version": "20.03+svn13046-0.3build2"
      }
    },
    {
      "name": "colobot",
      "version": "0.2.1-1build3",
      "purl": "pkg:deb/colobot?arch=amd64\u0026distro=noble",
      "source": {
        "source_name": "",
        "source_version": ""
      }
    },
    {
      "name": "colobot-common",
      "version": "0.2.1-1build3",
      "purl": "pkg:deb/colobot-common?arch=all\u0026distro=noble",
      "source": {
        "source_name": "colobot",
        "source_version": "0.2.1-1build3"
      }
    },
    {
      "name": "colobot-common-sounds",
      "version": "0.2.1-1build3",
      "purl": "pkg:deb/colobot-common-sounds?arch=all\u0026distro=noble",
      "source": {
        "source_name": "colobot",
        "source_version": "0.2.1-1build3"
      }
    },
    {
      "name": "colobot-common-textures",
      "version": "0.2.1-1build3",
      "purl": "pkg:deb/colobot-common-textures?arch=all\u0026distro=noble",
      "source": {
        "source_name": "colobot",
        "source_version": "0.2.1-1build3"
      }
    },
    {
      "name": "colord",
      "version": "1.4.7-1build2",
      "purl": "pkg:deb/colord?arch=amd64\u0026distro=noble",
      "source": {
        "source_name": "",
        "source_version": ""
      }
    },
    {
      "name": "colord-data",
      "version": "1.4.7-1build2",
      "purl": "pkg:deb/colord-data?arch=all\u0026distro=noble",
      "source": {
        "source_name": "colord",
        "source_version": "1.4.7-1build2"
      }
    },
    {
      "name": "command-not-found",
      "version": "23.04.0",
      "purl": "pkg:deb/command-not-found?arch=all\u0026distro=noble",
      "source": {
        "source_name": "",
        "source_version": ""
      }
    },
    {
      "name": "console-setup",
      "version": "1.226ubuntu1.1",
      "purl": "pkg:deb/console-setup?arch=all\u0026distro=noble",
      "source": {
        "source_name": "",
        "source_version": ""
      }
    },
    {
      "name": "console-setup-linux",
      "version": "1.226ubuntu1.1",
      "purl": "pkg:deb/console-setup-linux?arch=all\u0026distro=noble",
      "source": {
        "source_name": "console-setup",
        "source_version": "1.226ubuntu1.1"
      }
    },
    {
      "name": "containerd.io",
      "version": "2.3.5-1~ubuntu.24.04~noble",
      "purl": "pkg:deb/containerd.io?arch=amd64\u0026distro=noble",
      "source": {
        "source_name": "",
        "source_version": ""
      }
    },
    {
      "name": "coreutils",
      "version": "9.4-3ubuntu6.3",
      "purl": "pkg:deb/coreutils?arch=amd64\u0026distro=noble",
      "source": {
        "source_name": "",
        "source_version": ""
      }
    },
    {
      "name": "cowsay",
      "version": "3.03+dfsg2-8",
      "purl": "pkg:deb/cowsay?arch=all\u0026distro=noble",
      "source": {
        "source_name": "",
        "source_version": ""
      }
    },
    {
      "name": "cpio",
      "version": "2.15+dfsg-1ubuntu2.1",
      "purl": "pkg:deb/cpio?arch=amd64\u0026distro=noble",
      "source": {
        "source_name": "",
        "source_version": ""
      }
    },
    {
      "name": "cpp",
      "version": "4:13.2.0-7ubuntu1",
      "purl": "pkg:deb/cpp?arch=amd64\u0026distro=noble",
      "source": {
        "source_name": "gcc-defaults",
        "source_version": "1.214ubuntu1"
      }
    },
    {
      "name": "cpp-13",
      "version": "13.3.0-6ubuntu2~24.04.1",
      "purl": "pkg:deb/cpp-13?arch=amd64\u0026distro=noble",
      "source": {
        "source_name": "gcc-13",
        "source_version": "13.3.0-6ubuntu2~24.04.1"
      }
    },
    {
      "name": "cpp-13-x86-64-linux-gnu",
      "version": "13.3.0-6ubuntu2~24.04.1",
      "purl": "pkg:deb/cpp-13-x86-64-linux-gnu?arch=amd64\u0026distro=noble",
      "source": {
        "source_name": "gcc-13",
        "source_version": "13.3.0-6ubuntu2~24.04.1"
      }
    },
    {
      "name": "cpp-x86-64-linux-gnu",
      "version": "4:13.2.0-7ubuntu1",
      "purl": "pkg:deb/cpp-x86-64-linux-gnu?arch=amd64\u0026distro=noble",
      "source": {
        "source_name": "gcc-defaults",
        "source_version": "1.214ubuntu1"
      }
    },
    {
      "name": "cpu-checker",
      "version": "0.7-1.3build2",
      "purl": "pkg:deb/cpu-checker?arch=amd64\u0026distro=noble",
      "source": {
        "source_name": "",
        "source_version": ""
      }
    },
    {
      "name": "cracklib-runtime",
      "version": "2.9.6-5.1build2",
      "purl": "pkg:deb/cracklib-runtime?arch=amd64\u0026distro=noble",
      "source": {
        "source_name": "cracklib2",
        "source_version": "2.9.6-5.1build2"
      }
    },
    {
      "name": "cramfsswap",
      "version": "1.4.2",
      "purl": "pkg:deb/cramfsswap?arch=amd64\u0026distro=noble",
      "source": {
        "source_name": "",
        "source_version": ""
      }
    },
    {
      "name": "cron",
      "version": "3.0pl1-184ubuntu2",
      "purl": "pkg:deb/cron?arch=amd64\u0026distro=noble",
      "source": {
        "source_name": "",
        "source_version": ""
      }
    },
    {
      "name": "cron-daemon-common",
      "version": "3.0pl1-184ubuntu2",
      "purl": "pkg:deb/cron-daemon-common?arch=all\u0026distro=noble",
      "source": {
        "source_name": "cron",
        "source_version": "3.0pl1-184ubuntu2"
      }
    },
    {
      "name": "cryfs",
      "version": "0.11.4-1build5",
      "purl": "pkg:deb/cryfs?arch=amd64\u0026distro=noble",
      "source": {
        "source_name": "",
        "source_version": ""
      }
    },
    {
      "name": "cryptsetup",
      "version": "2:2.7.0-1ubuntu4.2",
      "purl": "pkg:deb/cryptsetup?arch=amd64\u0026distro=noble",
      "source": {
        "source_name": "",
        "source_version": ""
      }
    },
    {
      "name": "cryptsetup-bin",
      "version": "2:2.7.0-1ubuntu4.2",
      "purl": "pkg:deb/cryptsetup-bin?arch=amd64\u0026distro=noble",
      "source": {
        "source_name": "cryptsetup",
        "source_version": "2:2.7.0-1ubuntu4.2"
      }
    },
    {
      "name": "cryptsetup-initramfs",
      "version": "2:2.7.0-1ubuntu4.2",
      "purl": "pkg:deb/cryptsetup-initramfs?arch=all\u0026distro=noble",
      "source": {
        "source_name": "cryptsetup",
        "source_version": "2:2.7.0-1ubuntu4.2"
      }
    },
    {
      "name": "cups",
      "version": "2.4.7-1.2ubuntu7.14",
      "purl": "pkg:deb/cups?arch=amd64\u0026distro=noble",
      "source": {
        "source_name": "",
        "source_version": ""
      }
    },
    {
      "name": "cups-browsed",
      "version": "2.0.0-0ubuntu10.3",
      "purl": "pkg:deb/cups-browsed?arch=amd64\u0026distro=noble",
      "source": {
        "source_name": "",
        "source_version": ""
      }
    },
    {
      "name": "cups-bsd",
      "version": "2.4.7-1.2ubuntu7.14",
      "purl": "pkg:deb/cups-bsd?arch=amd64\u0026distro=noble",
      "source": {
        "source_name": "cups",
        "source_version": "2.4.7-1.2ubuntu7.14"
      }
    },
    {
      "name": "cups-client",
      "version": "2.4.7-1.2ubuntu7.14",
      "purl": "pkg:deb/cups-client?arch=amd64\u0026distro=noble",
      "source": {
        "source_name": "cups",
        "source_version": "2.4.7-1.2ubuntu7.14"
      }
    },
    {
      "name": "cups-common",
      "version": "2.4.7-1.2ubuntu7.14",
      "purl": "pkg:deb/cups-common?arch=all\u0026distro=noble",
      "source": {
        "source_name": "cups",
        "source_version": "2.4.7-1.2ubuntu7.14"
      }
    },
    {
      "name": "cups-core-drivers",
      "version": "2.4.7-1.2ubuntu7.14",
      "purl": "pkg:deb/cups-core-drivers?arch=amd64\u0026distro=noble",
      "source": {
        "source_name": "cups",
        "source_version": "2.4.7-1.2ubuntu7.14"
      }
    },
    {
      "name": "cups-daemon",
      "version": "2.4.7-1.2ubuntu7.14",
      "purl": "pkg:deb/cups-daemon?arch=amd64\u0026distro=noble",
      "source": {
        "source_name": "cups",
        "source_version": "2.4.7-1.2ubuntu7.14"
      }
    },
    {
      "name": "cups-filters",
      "version": "2.0.0-0ubuntu4.1",
      "purl": "pkg:deb/cups-filters?arch=amd64\u0026distro=noble",
      "source": {
        "source_name": "",
        "source_version": ""
      }
    },
    {
      "name": "cups-filters-core-drivers",
      "version": "2.0.0-0ubuntu4.1",
      "purl": "pkg:deb/cups-filters-core-drivers?arch=amd64\u0026distro=noble",
      "source": {
        "source_name": "cups-filters",
        "source_version": "2.0.0-0ubuntu4.1"
      }
    },
    {
      "name": "cups-ipp-utils",
      "version": "2.4.7-1.2ubuntu7.14",
      "purl": "pkg:deb/cups-ipp-utils?arch=amd64\u0026distro=noble",
      "source": {
        "source_name": "cups",
        "source_version": "2.4.7-1.2ubuntu7.14"
      }
    },
    {
      "name": "cups-pk-helper",
      "version": "0.2.6-1ubuntu8",
      "purl": "pkg:deb/cups-pk-helper?arch=amd64\u0026distro=noble",
      "source": {
        "source_name": "",
        "source_version": ""
      }
    },
    {
      "name": "cups-ppdc",
      "version": "2.4.7-1.2ubuntu7.14",
      "purl": "pkg:deb/cups-ppdc?arch=amd64\u0026distro=noble",
      "source": {
        "source_name": "cups",
        "source_version": "2.4.7-1.2ubuntu7.14"
      }
    },
    {
      "name": "cups-server-common",
      "version": "2.4.7-1.2ubuntu7.14",
      "purl": "pkg:deb/cups-server-common?arch=all\u0026distro=noble",
      "source": {
        "source_name": "cups",
        "source_version": "2.4.7-1.2ubuntu7.14"
      }
    },
    {
      "name": "curl",
      "version": "8.5.0-2ubuntu10.15",
      "purl": "pkg:deb/curl?arch=amd64\u0026distro=noble",
      "source": {
        "source_name": "",
        "source_version": ""
      }
    },
    {
      "name": "cursor",
      "version": "3.7.12-1780627767",
      "purl": "pkg:deb/cursor?arch=amd64\u0026distro=noble",
      "source": {
        "source_name": "",
        "source_version": ""
      }
    },
    {
      "name": "dash",
      "version": "0.5.12-6ubuntu5",
      "purl": "pkg:deb/dash?arch=amd64\u0026distro=noble",
      "source": {
        "source_name": "",
        "source_version": ""
      }
    },
    {
      "name": "dbus",
      "version": "1.14.10-4ubuntu4.1",
      "purl": "pkg:deb/dbus?arch=amd64\u0026distro=noble",
      "source": {
        "source_name": "",
        "source_version": ""
      }
    },
    {
      "name": "dbus-bin",
      "version": "1.14.10-4ubuntu4.1",
      "purl": "pkg:deb/dbus-bin?arch=amd64\u0026distro=noble",
      "source": {
        "source_name": "dbus",
        "source_version": "1.14.10-4ubuntu4.1"
      }
    },
    {
      "name": "dbus-daemon",
      "version": "1.14.10-4ubuntu4.1",
      "purl": "pkg:deb/dbus-daemon?arch=amd64\u0026distro=noble",
      "source": {
        "source_name": "dbus",
        "source_version": "1.14.10-4ubuntu4.1"
      }
    },
    {
      "name": "dbus-session-bus-common",
      "version": "1.14.10-4ubuntu4.1",
      "purl": "pkg:deb/dbus-session-bus-common?arch=all\u0026distro=noble",
      "source": {
        "source_name": "dbus",
        "source_version": "1.14.10-4ubuntu4.1"
      }
    },
    {
      "name": "dbus-system-bus-common",
      "version": "1.14.10-4ubuntu4.1",
      "purl": "pkg:deb/dbus-system-bus-common?arch=all\u0026distro=noble",
      "source": {
        "source_name": "dbus",
        "source_version": "1.14.10-4ubuntu4.1"
      }
    },
    {
      "name": "dbus-user-session",
      "version": "1.14.10-4ubuntu4.1",
      "purl": "pkg:deb/dbus-user-session?arch=amd64\u0026distro=noble",
      "source": {
        "source_name": "dbus",
        "source_version": "1.14.10-4ubuntu4.1"
      }
    },
    {
      "name": "dbus-x11",
      "version": "1.14.10-4ubuntu4.1",
      "purl": "pkg:deb/dbus-x11?arch=amd64\u0026distro=noble",
      "source": {
        "source_name": "dbus",
        "source_version": "1.14.10-4ubuntu4.1"
      }
    },
    {
      "name": "dc",
      "version": "1.07.1-3ubuntu4",
      "purl": "pkg:deb/dc?arch=amd64\u0026distro=noble",
      "source": {
        "source_name": "bc",
        "source_version": "1.07.1-3ubuntu4"
      }
    },
    {
      "name": "dconf-cli",
      "version": "0.40.0-4ubuntu0.1",
      "purl": "pkg:deb/dconf-cli?arch=amd64\u0026distro=noble",
      "source": {
        "source_name": "dconf",
        "source_version": "0.40.0-4ubuntu0.1"
      }
    },
    {
      "name": "dconf-gsettings-backend:amd64",
      "version": "0.40.0-4ubuntu0.1",
      "purl": "pkg:deb/dconf-gsettings-backend:amd64?arch=amd64\u0026distro=noble",
      "source": {
        "source_name": "dconf",
        "source_version": "0.40.0-4ubuntu0.1"
      }
    },
    {
      "name": "dconf-service",
      "version": "0.40.0-4ubuntu0.1",
      "purl": "pkg:deb/dconf-service?arch=amd64\u0026distro=noble",
      "source": {
        "source_name": "dconf",
        "source_version": "0.40.0-4ubuntu0.1"
      }
    },
    {
      "name": "debconf",
      "version": "1.5.86ubuntu1",
      "purl": "pkg:deb/debconf?arch=all\u0026distro=noble",
      "source": {
        "source_name": "",
        "source_version": ""
      }
    },
    {
      "name": "debconf-i18n",
      "version": "1.5.86ubuntu1",
      "purl": "pkg:deb/debconf-i18n?arch=all\u0026distro=noble",
      "source": {
        "source_name": "debconf",
        "source_version": "1.5.86ubuntu1"
      }
    },
    {
      "name": "debconf-kde-data",
      "version": "1.1.0-1build3",
      "purl": "pkg:deb/debconf-kde-data?arch=all\u0026distro=noble",
      "source": {
        "source_name": "debconf-kde",
        "source_version": "1.1.0-1build3"
      }
    },
    {
      "name": "debconf-kde-helper",
      "version": "1.1.0-1build3",
      "purl": "pkg:deb/debconf-kde-helper?arch=amd64\u0026distro=noble",
      "source": {
        "source_name": "debconf-kde",
        "source_version": "1.1.0-1build3"
      }
    },
    {
      "name": "debianutils",
      "version": "5.17build1",
      "purl": "pkg:deb/debianutils?arch=amd64\u0026distro=noble",
      "source": {
        "source_name": "",
        "source_version": ""
      }
    },
    {
      "name": "default-jre",
      "version": "2:1.21-75+exp1",
      "purl": "pkg:deb/default-jre?arch=amd64\u0026distro=noble",
      "source": {
        "source_name": "java-common",
        "source_version": "0.75+exp1"
      }
    },
    {
      "name": "default-jre-headless",
      "version": "2:1.21-75+exp1",
      "purl": "pkg:deb/default-jre-headless?arch=amd64\u0026distro=noble",
      "source": {
        "source_name": "java-common",
        "source_version": "0.75+exp1"
      }
    },
    {
      "name": "desktop-file-utils",
      "version": "0.27-2build1",
      "purl": "pkg:deb/desktop-file-utils?arch=amd64\u0026distro=noble",
      "source": {
        "source_name": "",
        "source_version": ""
      }
    },
    {
      "name": "dhcpcd-base",
      "version": "1:10.0.6-1ubuntu3.2",
      "purl": "pkg:deb/dhcpcd-base?arch=amd64\u0026distro=noble",
      "source": {
        "source_name": "dhcpcd",
        "source_version": "1:10.0.6-1ubuntu3.2"
      }
    },
    {
      "name": "dictionaries-common",
      "version": "1.29.7",
      "purl": "pkg:deb/dictionaries-common?arch=all\u0026distro=noble",
      "source": {
        "source_name": "",
        "source_version": ""
      }
    },
    {
      "name": "diffutils",
      "version": "1:3.10-1ubuntu0.1",
      "purl": "pkg:deb/diffutils?arch=amd64\u0026distro=noble",
      "source": {
        "source_name": "",
        "source_version": ""
      }
    },
    {
      "name": "dirb",
      "version": "2.22+dfsg-5build2",
      "purl": "pkg:deb/dirb?arch=amd64\u0026distro=noble",
      "source": {
        "source_name": "",
        "source_version": ""
      }
    },
    {
      "name": "dirmngr",
      "version": "2.4.4-2ubuntu17.6",
      "purl": "pkg:deb/dirmngr?arch=amd64\u0026distro=noble",
      "source": {
        "source_name": "gnupg2",
        "source_version": "2.4.4-2ubuntu17.6"
      }
    },
    {
      "name": "distro-info",
      "version": "1.7build1",
      "purl": "pkg:deb/distro-info?arch=amd64\u0026distro=noble",
      "source": {
        "source_name": "",
        "source_version": ""
      }
    },
    {
      "name": "distro-info-data",
      "version": "0.72-0ubuntu0.24.04.1",
      "purl": "pkg:deb/distro-info-data?arch=all\u0026distro=noble",
      "source": {
        "source_name": "",
        "source_version": ""
      }
    },
    {
      "name": "dmeventd",
      "version": "2:1.02.185-3ubuntu3.2",
      "purl": "pkg:deb/dmeventd?arch=amd64\u0026distro=noble",
      "source": {
        "source_name": "lvm2",
        "source_version": "2.03.16-3ubuntu3.2"
      }
    },
    {
      "name": "dmidecode",
      "version": "3.5-3ubuntu0.1",
      "purl": "pkg:deb/dmidecode?arch=amd64\u0026distro=noble",
      "source": {
        "source_name": "",
        "source_version": ""
      }
    },
    {
      "name": "dmraid",
      "version": "1.0.0.rc16-12ubuntu2",
      "purl": "pkg:deb/dmraid?arch=amd64\u0026distro=noble",
      "source": {
        "source_name": "",
        "source_version": ""
      }
    },
    {
      "name": "dmsetup",
      "version": "2:1.02.185-3ubuntu3.2",
      "purl": "pkg:deb/dmsetup?arch=amd64\u0026distro=noble",
      "source": {
        "source_name": "lvm2",
        "source_version": "2.03.16-3ubuntu3.2"
      }
    },
    {
      "name": "dns-root-data",
      "version": "2024071801~ubuntu0.24.04.1",
      "purl": "pkg:deb/dns-root-data?arch=all\u0026distro=noble",
      "source": {
        "source_name": "",
        "source_version": ""
      }
    },
    {
      "name": "dnsmasq-base",
      "version": "2.91-0ubuntu0.24.04.1",
      "purl": "pkg:deb/dnsmasq-base?arch=amd64\u0026distro=noble",
      "source": {
        "source_name": "dnsmasq",
        "source_version": "2.91-0ubuntu0.24.04.1"
      }
    },
    {
      "name": "docbook-xml",
      "version": "4.5-12",
      "purl": "pkg:deb/docbook-xml?arch=all\u0026distro=noble",
      "source": {
        "source_name": "",
        "source_version": ""
      }
    },
    {
      "name": "docbook-xsl",
      "version": "1.79.2+dfsg-7",
      "purl": "pkg:deb/docbook-xsl?arch=all\u0026distro=noble",
      "source": {
        "source_name": "",
        "source_version": ""
      }
    },
    {
      "name": "docker-buildx-plugin",
      "version": "0.37.1-1~ubuntu.24.04~noble",
      "purl": "pkg:deb/docker-buildx-plugin?arch=amd64\u0026distro=noble",
      "source": {
        "source_name": "",
        "source_version": ""
      }
    },
    {
      "name": "docker-ce",
      "version": "5:29.8.0-1~ubuntu.24.04~noble",
      "purl": "pkg:deb/docker-ce?arch=amd64\u0026distro=noble",
      "source": {
        "source_name": "",
        "source_version": ""
      }
    },
    {
      "name": "docker-ce-cli",
      "version": "5:29.8.0-1~ubuntu.24.04~noble",
      "purl": "pkg:deb/docker-ce-cli?arch=amd64\u0026distro=noble",
      "source": {
        "source_name": "docker-ce",
        "source_version": "5:29.8.0-1~ubuntu.24.04~noble"
      }
    },
    {
      "name": "docker-ce-rootless-extras",
      "version": "5:29.8.0-1~ubuntu.24.04~noble",
      "purl": "pkg:deb/docker-ce-rootless-extras?arch=amd64\u0026distro=noble",
      "source": {
        "source_name": "docker-ce",
        "source_version": "5:29.8.0-1~ubuntu.24.04~noble"
      }
    },
    {
      "name": "docker-compose-plugin",
      "version": "5.5.1-1~ubuntu.24.04~noble",
      "purl": "pkg:deb/docker-compose-plugin?arch=amd64\u0026distro=noble",
      "source": {
        "source_name": "",
        "source_version": ""
      }
    },
    {
      "name": "dolphin",
      "version": "4:23.08.5-0ubuntu4",
      "purl": "pkg:deb/dolphin?arch=amd64\u0026distro=noble",
      "source": {
        "source_name": "",
        "source_version": ""
      }
    },
    {
      "name": "dolphin-plugins",
      "version": "4:23.08.5-0ubuntu4",
      "purl": "pkg:deb/dolphin-plugins?arch=amd64\u0026distro=noble",
      "source": {
        "source_name": "",
        "source_version": ""
      }
    },
    {
      "name": "dosfstools",
      "version": "4.2-1.1build1",
      "purl": "pkg:deb/dosfstools?arch=amd64\u0026distro=noble",
      "source": {
        "source_name": "",
        "source_version": ""
      }
    },
    {
      "name": "dotnet-apphost-pack-8.0",
      "version": "8.0.31-0ubuntu1~24.04.1",
      "purl": "pkg:deb/dotnet-apphost-pack-8.0?arch=amd64\u0026distro=noble",
      "source": {
        "source_name": "dotnet8",
        "source_version": "8.0.131-8.0.31-0ubuntu1~24.04.1"
      }
    },
    {
      "name": "dotnet-host-8.0",
      "version": "8.0.31-0ubuntu1~24.04.1",
      "purl": "pkg:deb/dotnet-host-8.0?arch=amd64\u0026distro=noble",
      "source": {
        "source_name": "dotnet8",
        "source_version": "8.0.131-8.0.31-0ubuntu1~24.04.1"
      }
    },
    {
      "name": "dotnet-hostfxr-8.0",
      "version": "8.0.31-0ubuntu1~24.04.1",
      "purl": "pkg:deb/dotnet-hostfxr-8.0?arch=amd64\u0026distro=noble",
      "source": {
        "source_name": "dotnet8",
        "source_version": "8.0.131-8.0.31-0ubuntu1~24.04.1"
      }
    },
    {
      "name": "dotnet-runtime-8.0",
      "version": "8.0.31-0ubuntu1~24.04.1",
      "purl": "pkg:deb/dotnet-runtime-8.0?arch=amd64\u0026distro=noble",
      "source": {
        "source_name": "dotnet8",
        "source_version": "8.0.131-8.0.31-0ubuntu1~24.04.1"
      }
    },
    {
      "name": "dotnet-sdk-8.0",
      "version": "8.0.131-0ubuntu1~24.04.1",
      "purl": "pkg:deb/dotnet-sdk-8.0?arch=amd64\u0026distro=noble",
      "source": {
        "source_name": "dotnet8",
        "source_version": "8.0.131-8.0.31-0ubuntu1~24.04.1"
      }
    },
    {
      "name": "dotnet-targeting-pack-8.0",
      "version": "8.0.31-0ubuntu1~24.04.1",
      "purl": "pkg:deb/dotnet-targeting-pack-8.0?arch=amd64\u0026distro=noble",
      "source": {
        "source_name": "dotnet8",
        "source_version": "8.0.131-8.0.31-0ubuntu1~24.04.1"
      }
    },
    {
      "name": "dotnet-templates-8.0",
      "version": "8.0.131-0ubuntu1~24.04.1",
      "purl": "pkg:deb/dotnet-templates-8.0?arch=amd64\u0026distro=noble",
      "source": {
        "source_name": "dotnet8",
        "source_version": "8.0.131-8.0.31-0ubuntu1~24.04.1"
      }
    },
    {
      "name": "dpkg",
      "version": "1.22.6ubuntu6.6",
      "purl": "pkg:deb/dpkg?arch=amd64\u0026distro=noble",
      "source": {
        "source_name": "",
        "source_version": ""
      }
    },
    {
      "name": "dpkg-dev",
      "version": "1.22.6ubuntu6.6",
      "purl": "pkg:deb/dpkg-dev?arch=all\u0026distro=noble",
      "source": {
        "source_name": "dpkg",
        "source_version": "1.22.6ubuntu6.6"
      }
    },
    {
      "name": "dracut-install",
      "version": "060+5-1ubuntu3.4",
      "purl": "pkg:deb/dracut-install?arch=amd64\u0026distro=noble",
      "source": {
        "source_name": "dracut",
        "source_version": "060+5-1ubuntu3.4"
      }
    },
    {
      "name": "drkonqi",
      "version": "5.27.11-0ubuntu3",
      "purl": "pkg:deb/drkonqi?arch=amd64\u0026distro=noble",
      "source": {
        "source_name": "",
        "source_version": ""
      }
    },
    {
      "name": "e2fsprogs",
      "version": "1.47.0-2.4~exp1ubuntu4.1",
      "purl": "pkg:deb/e2fsprogs?arch=amd64\u0026distro=noble",
      "source": {
        "source_name": "",
        "source_version": ""
      }
    },
    {
      "name": "e2fsprogs-l10n",
      "version": "1.47.0-2.4~exp1ubuntu4.1",
      "purl": "pkg:deb/e2fsprogs-l10n?arch=all\u0026distro=noble",
      "source": {
        "source_name": "e2fsprogs",
        "source_version": "1.47.0-2.4~exp1ubuntu4.1"
      }
    },
    {
      "name": "ed",
      "version": "1.20.1-1",
      "purl": "pkg:deb/ed?arch=amd64\u0026distro=noble",
      "source": {
        "source_name": "",
        "source_version": ""
      }
    },
    {
      "name": "efibootmgr",
      "version": "18-1build2",
      "purl": "pkg:deb/efibootmgr?arch=amd64\u0026distro=noble",
      "source": {
        "source_name": "",
        "source_version": ""
      }
    },
    {
      "name": "eject",
      "version": "2.39.3-9ubuntu6.6",
      "purl": "pkg:deb/eject?arch=amd64\u0026distro=noble",
      "source": {
        "source_name": "util-linux",
        "source_version": "2.39.3-9ubuntu6.6"
      }
    },
    {
      "name": "elisa",
      "version": "23.08.5-0ubuntu3",
      "purl": "pkg:deb/elisa?arch=amd64\u0026distro=noble",
      "source": {
        "source_name": "elisa-player",
        "source_version": "23.08.5-0ubuntu3"
      }
    },
    {
      "name": "emacsen-common",
      "version": "3.0.5",
      "purl": "pkg:deb/emacsen-common?arch=all\u0026distro=noble",
      "source": {
        "source_name": "",
        "source_version": ""
      }
    },
    {
      "name": "enchant-2",
      "version": "2.3.3-2build2",
      "purl": "pkg:deb/enchant-2?arch=amd64\u0026distro=noble",
      "source": {
        "source_name": "",
        "source_version": ""
      }
    },
    {
      "name": "espeak-ng-data:amd64",
      "version": "1.51+dfsg-12build1",
      "purl": "pkg:deb/espeak-ng-data:amd64?arch=amd64\u0026distro=noble",
      "source": {
        "source_name": "espeak-ng",
        "source_version": "1.51+dfsg-12build1"
      }
    },
    {
      "name": "ethtool",
      "version": "1:6.7-1build1",
      "purl": "pkg:deb/ethtool?arch=amd64\u0026distro=noble",
      "source": {
        "source_name": "",
        "source_version": ""
      }
    },
    {
      "name": "evolution-data-server",
      "version": "3.52.3-0ubuntu1.2",
      "purl": "pkg:deb/evolution-data-server?arch=amd64\u0026distro=noble",
      "source": {
        "source_name": "",
        "source_version": ""
      }
    },
    {
      "name": "evolution-data-server-common",
      "version": "3.52.3-0ubuntu1.2",
      "purl": "pkg:deb/evolution-data-server-common?arch=all\u0026distro=noble",
      "source": {
        "source_name": "evolution-data-server",
        "source_version": "3.52.3-0ubuntu1.2"
      }
    },
    {
      "name": "fakeroot",
      "version": "1.33-1",
      "purl": "pkg:deb/fakeroot?arch=amd64\u0026distro=noble",
      "source": {
        "source_name": "",
        "source_version": ""
      }
    },
    {
      "name": "fastboot",
      "version": "1:34.0.4-1build3",
      "purl": "pkg:deb/fastboot?arch=amd64\u0026distro=noble",
      "source": {
        "source_name": "android-platform-tools",
        "source_version": "34.0.4-1build3"
      }
    },
    {
      "name": "fcitx5",
      "version": "5.1.7-1build3",
      "purl": "pkg:deb/fcitx5?arch=amd64\u0026distro=noble",
      "source": {
        "source_name": "",
        "source_version": ""
      }
    },
    {
      "name": "fcitx5-chinese-addons",
      "version": "5.1.3-1build3",
      "purl": "pkg:deb/fcitx5-chinese-addons?arch=all\u0026distro=noble",
      "source": {
        "source_name": "",
        "source_version": ""
      }
    },
    {
      "name": "fcitx5-chinese-addons-bin",
      "version": "5.1.3-1build3",
      "purl": "pkg:deb/fcitx5-chinese-addons-bin?arch=amd64\u0026distro=noble",
      "source": {
        "source_name": "fcitx5-chinese-addons",
        "source_version": "5.1.3-1build3"
      }
    },
    {
      "name": "fcitx5-chinese-addons-data",
      "version": "5.1.3-1build3",
      "purl": "pkg:deb/fcitx5-chinese-addons-data?arch=all\u0026distro=noble",
      "source": {
        "source_name": "fcitx5-chinese-addons",
        "source_version": "5.1.3-1build3"
      }
    },
    {
      "name": "fcitx5-config-qt",
      "version": "5.1.4-1",
      "purl": "pkg:deb/fcitx5-config-qt?arch=amd64\u0026distro=noble",
      "source": {
        "source_name": "fcitx5-configtool",
        "source_version": "5.1.4-1"
      }
    },
    {
      "name": "fcitx5-data",
      "version": "5.1.7-1build3",
      "purl": "pkg:deb/fcitx5-data?arch=all\u0026distro=noble",
      "source": {
        "source_name": "fcitx5",
        "source_version": "5.1.7-1build3"
      }
    },
    {
      "name": "fcitx5-frontend-all",
      "version": "5.1.7-1build3",
      "purl": "pkg:deb/fcitx5-frontend-all?arch=all\u0026distro=noble",
      "source": {
        "source_name": "fcitx5",
        "source_version": "5.1.7-1build3"
      }
    },
    {
      "name": "fcitx5-frontend-gtk3",
      "version": "5.1.1-1build2",
      "purl": "pkg:deb/fcitx5-frontend-gtk3?arch=amd64\u0026distro=noble",
      "source": {
        "source_name": "fcitx5-gtk",
        "source_version": "5.1.1-1build2"
      }
    },
    {
      "name": "fcitx5-frontend-gtk4",
      "version": "5.1.1-1build2",
      "purl": "pkg:deb/fcitx5-frontend-gtk4?arch=amd64\u0026distro=noble",
      "source": {
        "source_name": "fcitx5-gtk",
        "source_version": "5.1.1-1build2"
      }
    },
    {
      "name": "fcitx5-frontend-qt5",
      "version": "5.1.4-1build5",
      "purl": "pkg:deb/fcitx5-frontend-qt5?arch=amd64\u0026distro=noble",
      "source": {
        "source_name": "fcitx5-qt",
        "source_version": "5.1.4-1build5"
      }
    },
    {
      "name": "fcitx5-frontend-qt6",
      "version": "5.1.4-1build5",
      "purl": "pkg:deb/fcitx5-frontend-qt6?arch=amd64\u0026distro=noble",
      "source": {
        "source_name": "fcitx5-qt",
        "source_version": "5.1.4-1build5"
      }
    },
    {
      "name": "fcitx5-material-color",
      "version": "0.2.1-1",
      "purl": "pkg:deb/fcitx5-material-color?arch=all\u0026distro=noble",
      "source": {
        "source_name": "",
        "source_version": ""
      }
    },
    {
      "name": "fcitx5-module-chttrans:amd64",
      "version": "5.1.3-1build3",
      "purl": "pkg:deb/fcitx5-module-chttrans:amd64?arch=amd64\u0026distro=noble",
      "source": {
        "source_name": "fcitx5-chinese-addons",
        "source_version": "5.1.3-1build3"
      }
    },
    {
      "name": "fcitx5-module-cloudpinyin:amd64",
      "version": "5.1.3-1build3",
      "purl": "pkg:deb/fcitx5-module-cloudpinyin:amd64?arch=amd64\u0026distro=noble",
      "source": {
        "source_name": "fcitx5-chinese-addons",
        "source_version": "5.1.3-1build3"
      }
    },
    {
      "name": "fcitx5-module-fullwidth:amd64",
      "version": "5.1.3-1build3",
      "purl": "pkg:deb/fcitx5-module-fullwidth:amd64?arch=amd64\u0026distro=noble",
      "source": {
        "source_name": "fcitx5-chinese-addons",
        "source_version": "5.1.3-1build3"
      }
    },
    {
      "name": "fcitx5-module-lua:amd64",
      "version": "5.0.12-1",
      "purl": "pkg:deb/fcitx5-module-lua:amd64?arch=amd64\u0026distro=noble",
      "source": {
        "source_name": "fcitx5-lua",
        "source_version": "5.0.12-1"
      }
    },
    {
      "name": "fcitx5-module-lua-common",
      "version": "5.0.12-1",
      "purl": "pkg:deb/fcitx5-module-lua-common?arch=all\u0026distro=noble",
      "source": {
        "source_name": "fcitx5-lua",
        "source_version": "5.0.12-1"
      }
    },
    {
      "name": "fcitx5-module-pinyinhelper:amd64",
      "version": "5.1.3-1build3",
      "purl": "pkg:deb/fcitx5-module-pinyinhelper:amd64?arch=amd64\u0026distro=noble",
      "source": {
        "source_name": "fcitx5-chinese-addons",
        "source_version": "5.1.3-1build3"
      }
    },
    {
      "name": "fcitx5-module-punctuation:amd64",
      "version": "5.1.3-1build3",
      "purl": "pkg:deb/fcitx5-module-punctuation:amd64?arch=amd64\u0026distro=noble",
      "source": {
        "source_name": "fcitx5-chinese-addons",
        "source_version": "5.1.3-1build3"
      }
    },
    {
      "name": "fcitx5-modules:amd64",
      "version": "5.1.7-1build3",
      "purl": "pkg:deb/fcitx5-modules:amd64?arch=amd64\u0026distro=noble",
      "source": {
        "source_name": "fcitx5",
        "source_version": "5.1.7-1build3"
      }
    },
    {
      "name": "fcitx5-pinyin:amd64",
      "version": "5.1.3-1build3",
      "purl": "pkg:deb/fcitx5-pinyin:amd64?arch=amd64\u0026distro=noble",
      "source": {
        "source_name": "fcitx5-chinese-addons",
        "source_version": "5.1.3-1build3"
      }
    },
    {
      "name": "fcitx5-pinyin-gui:amd64",
      "version": "5.1.3-1build3",
      "purl": "pkg:deb/fcitx5-pinyin-gui:amd64?arch=amd64\u0026distro=noble",
      "source": {
        "source_name": "fcitx5-chinese-addons",
        "source_version": "5.1.3-1build3"
      }
    },
    {
      "name": "fcitx5-table:amd64",
      "version": "5.1.3-1build3",
      "purl": "pkg:deb/fcitx5-table:amd64?arch=amd64\u0026distro=noble",
      "source": {
        "source_name": "fcitx5-chinese-addons",
        "source_version": "5.1.3-1build3"
      }
    },
    {
      "name": "fdisk",
      "version": "2.39.3-9ubuntu6.6",
      "purl": "pkg:deb/fdisk?arch=amd64\u0026distro=noble",
      "source": {
        "source_name": "util-linux",
        "source_version": "2.39.3-9ubuntu6.6"
      }
    },
    {
      "name": "ffmpeg",
      "version": "7:6.1.1-3ubuntu5",
      "purl": "pkg:deb/ffmpeg?arch=amd64\u0026distro=noble",
      "source": {
        "source_name": "",
        "source_version": ""
      }
    },
    {
      "name": "ffmpegthumbs",
      "version": "4:23.08.5-0ubuntu4",
      "purl": "pkg:deb/ffmpegthumbs?arch=amd64\u0026distro=noble",
      "source": {
        "source_name": "",
        "source_version": ""
      }
    },
    {
      "name": "ffuf",
      "version": "2.1.0-1ubuntu0.24.04.3",
      "purl": "pkg:deb/ffuf?arch=amd64\u0026distro=noble",
      "source": {
        "source_name": "",
        "source_version": ""
      }
    },
    {
      "name": "file",
      "version": "1:5.45-3build1",
      "purl": "pkg:deb/file?arch=amd64\u0026distro=noble",
      "source": {
        "source_name": "",
        "source_version": ""
      }
    },
    {
      "name": "findutils",
      "version": "4.9.0-5build1",
      "purl": "pkg:deb/findutils?arch=amd64\u0026distro=noble",
      "source": {
        "source_name": "",
        "source_version": ""
      }
    },
    {
      "name": "firefox",
      "version": "1:1snap1-0ubuntu5",
      "purl": "pkg:deb/firefox?arch=amd64\u0026distro=noble",
      "source": {
        "source_name": "",
        "source_version": ""
      }
    },
    {
      "name": "firmware-sof-signed",
      "version": "2023.12.1-1ubuntu1.11",
      "purl": "pkg:deb/firmware-sof-signed?arch=all\u0026distro=noble",
      "source": {
        "source_name": "firmware-sof",
        "source_version": "2023.12.1-1ubuntu1.11"
      }
    },
    {
      "name": "flatpak",
      "version": "1.14.6-1ubuntu0.1",
      "purl": "pkg:deb/flatpak?arch=amd64\u0026distro=noble",
      "source": {
        "source_name": "",
        "source_version": ""
      }
    },
    {
      "name": "flowblade",
      "version": "2.12.0.2-1ubuntu1",
      "purl": "pkg:deb/flowblade?arch=all\u0026distro=noble",
      "source": {
        "source_name": "",
        "source_version": ""
      }
    },
    {
      "name": "fontconfig",
      "version": "2.15.0-1.1ubuntu2",
      "purl": "pkg:deb/fontconfig?arch=amd64\u0026distro=noble",
      "source": {
        "source_name": "",
        "source_version": ""
      }
    },
    {
      "name": "fontconfig-config",
      "version": "2.15.0-1.1ubuntu2",
      "purl": "pkg:deb/fontconfig-config?arch=amd64\u0026distro=noble",
      "source": {
        "source_name": "fontconfig",
        "source_version": "2.15.0-1.1ubuntu2"
      }
    },
    {
      "name": "fonts-dejavu",
      "version": "2.37-8",
      "purl": "pkg:deb/fonts-dejavu?arch=all\u0026distro=noble",
      "source": {
        "source_name": "",
        "source_version": ""
      }
    },
    {
      "name": "fonts-dejavu-core",
      "version": "2.37-8",
      "purl": "pkg:deb/fonts-dejavu-core?arch=all\u0026distro=noble",
      "source": {
        "source_name": "fonts-dejavu",
        "source_version": "2.37-8"
      }
    },
    {
      "name": "fonts-dejavu-extra",
      "version": "2.37-8",
      "purl": "pkg:deb/fonts-dejavu-extra?arch=all\u0026distro=noble",
      "source": {
        "source_name": "fonts-dejavu",
        "source_version": "2.37-8"
      }
    },
    {
      "name": "fonts-dejavu-mono",
      "version": "2.37-8",
      "purl": "pkg:deb/fonts-dejavu-mono?arch=all\u0026distro=noble",
      "source": {
        "source_name": "fonts-dejavu",
        "source_version": "2.37-8"
      }
    },
    {
      "name": "fonts-droid-fallback",
      "version": "1:6.0.1r16-1.1build1",
      "purl": "pkg:deb/fonts-droid-fallback?arch=all\u0026distro=noble",
      "source": {
        "source_name": "fonts-android",
        "source_version": "1:6.0.1r16-1.1build1"
      }
    },
    {
      "name": "fonts-freefont-ttf",
      "version": "20211204+svn4273-2",
      "purl": "pkg:deb/fonts-freefont-ttf?arch=all\u0026distro=noble",
      "source": {
        "source_name": "fonts-freefont",
        "source_version": "20211204+svn4273-2"
      }
    },
    {
      "name": "fonts-hack",
      "version": "3.003-3",
      "purl": "pkg:deb/fonts-hack?arch=all\u0026distro=noble",
      "source": {
        "source_name": "",
        "source_version": ""
      }
    },
    {
      "name": "fonts-ibm-plex",
      "version": "6.1.1-1",
      "purl": "pkg:deb/fonts-ibm-plex?arch=all\u0026distro=noble",
      "source": {
        "source_name": "",
        "source_version": ""
      }
    },
    {
      "name": "fonts-katex",
      "version": "0.16.10+~cs6.1.0-2",
      "purl": "pkg:deb/fonts-katex?arch=all\u0026distro=noble",
      "source": {
        "source_name": "node-katex",
        "source_version": "0.16.10+~cs6.1.0-2"
      }
    },
    {
      "name": "fonts-lato",
      "version": "2.015-1",
      "purl": "pkg:deb/fonts-lato?arch=all\u0026distro=noble",
      "source": {
        "source_name": "",
        "source_version": ""
      }
    },
    {
      "name": "fonts-liberation",
      "version": "1:2.1.5-3",
      "purl": "pkg:deb/fonts-liberation?arch=all\u0026distro=noble",
      "source": {
        "source_name": "",
        "source_version": ""
      }
    },
    {
      "name": "fonts-liberation-sans-narrow",
      "version": "1:1.07.6-4",
      "purl": "pkg:deb/fonts-liberation-sans-narrow?arch=all\u0026distro=noble",
      "source": {
        "source_name": "",
        "source_version": ""
      }
    },
    {
      "name": "fonts-lyx",
      "version": "2.4.0~RC3-1build4",
      "purl": "pkg:deb/fonts-lyx?arch=all\u0026distro=noble",
      "source": {
        "source_name": "lyx",
        "source_version": "2.4.0~RC3-1build4"
      }
    },
    {
      "name": "fonts-mathjax",
      "version": "2.7.9+dfsg-1",
      "purl": "pkg:deb/fonts-mathjax?arch=all\u0026distro=noble",
      "source": {
        "source_name": "mathjax",
        "source_version": "2.7.9+dfsg-1"
      }
    },
    {
      "name": "fonts-noto-cjk",
      "version": "1:20230817+repack1-3",
      "purl": "pkg:deb/fonts-noto-cjk?arch=all\u0026distro=noble",
      "source": {
        "source_name": "",
        "source_version": ""
      }
    },
    {
      "name": "fonts-noto-color-emoji",
      "version": "2.047-0ubuntu0.24.04.1",
      "purl": "pkg:deb/fonts-noto-color-emoji?arch=all\u0026distro=noble",
      "source": {
        "source_name": "",
        "source_version": ""
      }
    },
    {
      "name": "fonts-noto-core",
      "version": "20201225-2",
      "purl": "pkg:deb/fonts-noto-core?arch=all\u0026distro=noble",
      "source": {
        "source_name": "fonts-noto",
        "source_version": "20201225-2"
      }
    },
    {
      "name": "fonts-noto-hinted",
      "version": "20201225-2",
      "purl": "pkg:deb/fonts-noto-hinted?arch=all\u0026distro=noble",
      "source": {
        "source_name": "fonts-noto",
        "source_version": "20201225-2"
      }
    },
    {
      "name": "fonts-noto-mono",
      "version": "20201225-2",
      "purl": "pkg:deb/fonts-noto-mono?arch=all\u0026distro=noble",
      "source": {
        "source_name": "fonts-noto",
        "source_version": "20201225-2"
      }
    },
    {
      "name": "fonts-noto-ui-core",
      "version": "20201225-2",
      "purl": "pkg:deb/fonts-noto-ui-core?arch=all\u0026distro=noble",
      "source": {
        "source_name": "fonts-noto",
        "source_version": "20201225-2"
      }
    },
    {
      "name": "fonts-noto-unhinted",
      "version": "20201225-2",
      "purl": "pkg:deb/fonts-noto-unhinted?arch=all\u0026distro=noble",
      "source": {
        "source_name": "fonts-noto",
        "source_version": "20201225-2"
      }
    },
    {
      "name": "fonts-opensymbol",
      "version": "4:102.12+LibO24.2.7-0ubuntu0.24.04.6",
      "purl": "pkg:deb/fonts-opensymbol?arch=all\u0026distro=noble",
      "source": {
        "source_name": "libreoffice",
        "source_version": "4:24.2.7-0ubuntu0.24.04.6"
      }
    },
    {
      "name": "fonts-terminus",
      "version": "1.2.0+ds2-2build2",
      "purl": "pkg:deb/fonts-terminus?arch=amd64\u0026distro=noble",
      "source": {
        "source_name": "cool-retro-term",
        "source_version": "1.2.0+ds2-2build2"
      }
    },
    {
      "name": "fonts-ubuntu",
      "version": "0.869+git20240321-0ubuntu1",
      "purl": "pkg:deb/fonts-ubuntu?arch=all\u0026distro=noble",
      "source": {
        "source_name": "",
        "source_version": ""
      }
    },
    {
      "name": "fonts-unifont",
      "version": "1:15.1.01-1build1",
      "purl": "pkg:deb/fonts-unifont?arch=all\u0026distro=noble",
      "source": {
        "source_name": "unifont",
        "source_version": "1:15.1.01-1build1"
      }
    },
    {
      "name": "fonts-urw-base35",
      "version": "20200910-8",
      "purl": "pkg:deb/fonts-urw-base35?arch=all\u0026distro=noble",
      "source": {
        "source_name": "",
        "source_version": ""
      }
    },
    {
      "name": "fonts-wine",
      "version": "9.0~repack-4build3",
      "purl": "pkg:deb/fonts-wine?arch=all\u0026distro=noble",
      "source": {
        "source_name": "wine",
        "source_version": "9.0~repack-4build3"
      }
    },
    {
      "name": "foomatic-db-compressed-ppds",
      "version": "20230202-1",
      "purl": "pkg:deb/foomatic-db-compressed-ppds?arch=all\u0026distro=noble",
      "source": {
        "source_name": "foomatic-db",
        "source_version": "20230202-1"
      }
    },
    {
      "name": "frameworkintegration",
      "version": "5.115.0-0ubuntu7",
      "purl": "pkg:deb/frameworkintegration?arch=amd64\u0026distro=noble",
      "source": {
        "source_name": "",
        "source_version": ""
      }
    },
    {
      "name": "freerdp2-x11",
      "version": "2.11.5+dfsg1-1build2",
      "purl": "pkg:deb/freerdp2-x11?arch=amd64\u0026distro=noble",
      "source": {
        "source_name": "freerdp2",
        "source_version": "2.11.5+dfsg1-1build2"
      }
    },
    {
      "name": "frei0r-plugins",
      "version": "1.8.0-1build3",
      "purl": "pkg:deb/frei0r-plugins?arch=amd64\u0026distro=noble",
      "source": {
        "source_name": "frei0r",
        "source_version": "1.8.0-1build3"
      }
    },
    {
      "name": "friendly-recovery",
      "version": "0.2.42",
      "purl": "pkg:deb/friendly-recovery?arch=all\u0026distro=noble",
      "source": {
        "source_name": "",
        "source_version": ""
      }
    },
    {
      "name": "ftp",
      "version": "20230507-2build3",
      "purl": "pkg:deb/ftp?arch=all\u0026distro=noble",
      "source": {
        "source_name": "tnftp",
        "source_version": "20230507-2build3"
      }
    },
    {
      "name": "fuse3",
      "version": "3.14.0-5build1",
      "purl": "pkg:deb/fuse3?arch=amd64\u0026distro=noble",
      "source": {
        "source_name": "",
        "source_version": ""
      }
    },
    {
      "name": "fuseiso",
      "version": "20070708-3.2build3",
      "purl": "pkg:deb/fuseiso?arch=amd64\u0026distro=noble",
      "source": {
        "source_name": "",
        "source_version": ""
      }
    },
    {
      "name": "fwupd",
      "version": "2.0.20-1ubuntu2~24.04.2",
      "purl": "pkg:deb/fwupd?arch=amd64\u0026distro=noble",
      "source": {
        "source_name": "",
        "source_version": ""
      }
    },
    {
      "name": "fwupd-signed",
      "version": "1.52+1.4-1",
      "purl": "pkg:deb/fwupd-signed?arch=amd64\u0026distro=noble",
      "source": {
        "source_name": "fwupd-signed",
        "source_version": "1.52"
      }
    },
    {
      "name": "fzf",
      "version": "0.44.1-1ubuntu0.3",
      "purl": "pkg:deb/fzf?arch=amd64\u0026distro=noble",
      "source": {
        "source_name": "",
        "source_version": ""
      }
    },
    {
      "name": "g++",
      "version": "4:13.2.0-7ubuntu1",
      "purl": "pkg:deb/g++?arch=amd64\u0026distro=noble",
      "source": {
        "source_name": "gcc-defaults",
        "source_version": "1.214ubuntu1"
      }
    },
    {
      "name": "g++-13",
      "version": "13.3.0-6ubuntu2~24.04.1",
      "purl": "pkg:deb/g++-13?arch=amd64\u0026distro=noble",
      "source": {
        "source_name": "gcc-13",
        "source_version": "13.3.0-6ubuntu2~24.04.1"
      }
    },
    {
      "name": "g++-13-x86-64-linux-gnu",
      "version": "13.3.0-6ubuntu2~24.04.1",
      "purl": "pkg:deb/g++-13-x86-64-linux-gnu?arch=amd64\u0026distro=noble",
      "source": {
        "source_name": "gcc-13",
        "source_version": "13.3.0-6ubuntu2~24.04.1"
      }
    },
    {
      "name": "g++-x86-64-linux-gnu",
      "version": "4:13.2.0-7ubuntu1",
      "purl": "pkg:deb/g++-x86-64-linux-gnu?arch=amd64\u0026distro=noble",
      "source": {
        "source_name": "gcc-defaults",
        "source_version": "1.214ubuntu1"
      }
    },
    {
      "name": "gawk",
      "version": "1:5.2.1-2ubuntu0.1",
      "purl": "pkg:deb/gawk?arch=amd64\u0026distro=noble",
      "source": {
        "source_name": "",
        "source_version": ""
      }
    },
    {
      "name": "gcc",
      "version": "4:13.2.0-7ubuntu1",
      "purl": "pkg:deb/gcc?arch=amd64\u0026distro=noble",
      "source": {
        "source_name": "gcc-defaults",
        "source_version": "1.214ubuntu1"
      }
    },
    {
      "name": "gcc-13",
      "version": "13.3.0-6ubuntu2~24.04.1",
      "purl": "pkg:deb/gcc-13?arch=amd64\u0026distro=noble",
      "source": {
        "source_name": "",
        "source_version": ""
      }
    },
    {
      "name": "gcc-13-base:amd64",
      "version": "13.3.0-6ubuntu2~24.04.1",
      "purl": "pkg:deb/gcc-13-base:amd64?arch=amd64\u0026distro=noble",
      "source": {
        "source_name": "gcc-13",
        "source_version": "13.3.0-6ubuntu2~24.04.1"
      }
    },
    {
      "name": "gcc-13-x86-64-linux-gnu",
      "version": "13.3.0-6ubuntu2~24.04.1",
      "purl": "pkg:deb/gcc-13-x86-64-linux-gnu?arch=amd64\u0026distro=noble",
      "source": {
        "source_name": "gcc-13",
        "source_version": "13.3.0-6ubuntu2~24.04.1"
      }
    },
    {
      "name": "gcc-14-base:amd64",
      "version": "14.2.0-4ubuntu2~24.04.1",
      "purl": "pkg:deb/gcc-14-base:amd64?arch=amd64\u0026distro=noble",
      "source": {
        "source_name": "gcc-14",
        "source_version": "14.2.0-4ubuntu2~24.04.1"
      }
    },
    {
      "name": "gcc-14-base:i386",
      "version": "14.2.0-4ubuntu2~24.04.1",
      "purl": "pkg:deb/gcc-14-base:i386?arch=i386\u0026distro=noble",
      "source": {
        "source_name": "gcc-14",
        "source_version": "14.2.0-4ubuntu2~24.04.1"
      }
    },
    {
      "name": "gcc-x86-64-linux-gnu",
      "version": "4:13.2.0-7ubuntu1",
      "purl": "pkg:deb/gcc-x86-64-linux-gnu?arch=amd64\u0026distro=noble",
      "source": {
        "source_name": "gcc-defaults",
        "source_version": "1.214ubuntu1"
      }
    },
    {
      "name": "gcr",
      "version": "3.41.2-1build3",
      "purl": "pkg:deb/gcr?arch=amd64\u0026distro=noble",
      "source": {
        "source_name": "",
        "source_version": ""
      }
    },
    {
      "name": "gcr4",
      "version": "4.2.0-5",
      "purl": "pkg:deb/gcr4?arch=amd64\u0026distro=noble",
      "source": {
        "source_name": "",
        "source_version": ""
      }
    },
    {
      "name": "gdal-data",
      "version": "3.8.4+dfsg-3ubuntu3",
      "purl": "pkg:deb/gdal-data?arch=all\u0026distro=noble",
      "source": {
        "source_name": "gdal",
        "source_version": "3.8.4+dfsg-3ubuntu3"
      }
    },
    {
      "name": "gdal-plugins:amd64",
      "version": "3.8.4+dfsg-3ubuntu3",
      "purl": "pkg:deb/gdal-plugins:amd64?arch=amd64\u0026distro=noble",
      "source": {
        "source_name": "gdal",
        "source_version": "3.8.4+dfsg-3ubuntu3"
      }
    },
    {
      "name": "gdb",
      "version": "15.1-1ubuntu1~24.04.1",
      "purl": "pkg:deb/gdb?arch=amd64\u0026distro=noble",
      "source": {
        "source_name": "",
        "source_version": ""
      }
    },
    {
      "name": "genisoimage",
      "version": "9:1.1.11-3.5",
      "purl": "pkg:deb/genisoimage?arch=amd64\u0026distro=noble",
      "source": {
        "source_name": "cdrkit",
        "source_version": "9:1.1.11-3.5"
      }
    },
    {
      "name": "geoclue-2.0",
      "version": "2.7.0-3ubuntu7",
      "purl": "pkg:deb/geoclue-2.0?arch=amd64\u0026distro=noble",
      "source": {
        "source_name": "",
        "source_version": ""
      }
    },
    {
      "name": "geocode-glib-common",
      "version": "3.26.3-6build3",
      "purl": "pkg:deb/geocode-glib-common?arch=all\u0026distro=noble",
      "source": {
        "source_name": "geocode-glib",
        "source_version": "3.26.3-6build3"
      }
    },
    {
      "name": "gettext-base",
      "version": "0.21-14ubuntu2",
      "purl": "pkg:deb/gettext-base?arch=amd64\u0026distro=noble",
      "source": {
        "source_name": "gettext",
        "source_version": "0.21-14ubuntu2"
      }
    },
    {
      "name": "gh",
      "version": "2.45.0-1ubuntu0.3",
      "purl": "pkg:deb/gh?arch=amd64\u0026distro=noble",
      "source": {
        "source_name": "",
        "source_version": ""
      }
    },
    {
      "name": "ghostscript",
      "version": "10.02.1~dfsg1-0ubuntu7.9",
      "purl": "pkg:deb/ghostscript?arch=amd64\u0026distro=noble",
      "source": {
        "source_name": "",
        "source_version": ""
      }
    },
    {
      "name": "gir1.2-accountsservice-1.0:amd64",
      "version": "23.13.9-2ubuntu6.1",
      "purl": "pkg:deb/gir1.2-accountsservice-1.0:amd64?arch=amd64\u0026distro=noble",
      "source": {
        "source_name": "accountsservice",
        "source_version": "23.13.9-2ubuntu6.1"
      }
    },
    {
      "name": "gir1.2-adw-1:amd64",
      "version": "1.5.0-1ubuntu2",
      "purl": "pkg:deb/gir1.2-adw-1:amd64?arch=amd64\u0026distro=noble",
      "source": {
        "source_name": "libadwaita-1",
        "source_version": "1.5.0-1ubuntu2"
      }
    },
    {
      "name": "gir1.2-atk-1.0:amd64",
      "version": "2.52.0-1build1",
      "purl": "pkg:deb/gir1.2-atk-1.0:amd64?arch=amd64\u0026distro=noble",
      "source": {
        "source_name": "at-spi2-core",
        "source_version": "2.52.0-1build1"
      }
    },
    {
      "name": "gir1.2-atspi-2.0:amd64",
      "version": "2.52.0-1build1",
      "purl": "pkg:deb/gir1.2-atspi-2.0:amd64?arch=amd64\u0026distro=noble",
      "source": {
        "source_name": "at-spi2-core",
        "source_version": "2.52.0-1build1"
      }
    },
    {
      "name": "gir1.2-ayatanaappindicator3-0.1",
      "version": "0.5.93-1build3",
      "purl": "pkg:deb/gir1.2-ayatanaappindicator3-0.1?arch=amd64\u0026distro=noble",
      "source": {
        "source_name": "libayatana-appindicator",
        "source_version": "0.5.93-1build3"
      }
    },
    {
      "name": "gir1.2-freedesktop:amd64",
      "version": "1.80.1-1",
      "purl": "pkg:deb/gir1.2-freedesktop:amd64?arch=amd64\u0026distro=noble",
      "source": {
        "source_name": "gobject-introspection",
        "source_version": "1.80.1-1"
      }
    },
    {
      "name": "gir1.2-gck-2:amd64",
      "version": "4.2.0-5",
      "purl": "pkg:deb/gir1.2-gck-2:amd64?arch=amd64\u0026distro=noble",
      "source": {
        "source_name": "gcr4",
        "source_version": "4.2.0-5"
      }
    },
    {
      "name": "gir1.2-gcr-4:amd64",
      "version": "4.2.0-5",
      "purl": "pkg:deb/gir1.2-gcr-4:amd64?arch=amd64\u0026distro=noble",
      "source": {
        "source_name": "gcr4",
        "source_version": "4.2.0-5"
      }
    },
    {
      "name": "gir1.2-gdesktopenums-3.0:amd64",
      "version": "46.1-0ubuntu1",
      "purl": "pkg:deb/gir1.2-gdesktopenums-3.0:amd64?arch=amd64\u0026distro=noble",
      "source": {
        "source_name": "gsettings-desktop-schemas",
        "source_version": "46.1-0ubuntu1"
      }
    },
    {
      "name": "gir1.2-gdkpixbuf-2.0:amd64",
      "version": "2.42.10+dfsg-3ubuntu3.3",
      "purl": "pkg:deb/gir1.2-gdkpixbuf-2.0:amd64?arch=amd64\u0026distro=noble",
      "source": {
        "source_name": "gdk-pixbuf",
        "source_version": "2.42.10+dfsg-3ubuntu3.3"
      }
    },
    {
      "name": "gir1.2-gdm-1.0",
      "version": "46.2-1ubuntu1~24.04.9",
      "purl": "pkg:deb/gir1.2-gdm-1.0?arch=amd64\u0026distro=noble",
      "source": {
        "source_name": "gdm3",
        "source_version": "46.2-1ubuntu1~24.04.9"
      }
    },
    {
      "name": "gir1.2-geoclue-2.0:amd64",
      "version": "2.7.0-3ubuntu7",
      "purl": "pkg:deb/gir1.2-geoclue-2.0:amd64?arch=amd64\u0026distro=noble",
      "source": {
        "source_name": "geoclue-2.0",
        "source_version": "2.7.0-3ubuntu7"
      }
    },
    {
      "name": "gir1.2-girepository-2.0:amd64",
      "version": "1.80.1-1",
      "purl": "pkg:deb/gir1.2-girepository-2.0:amd64?arch=amd64\u0026distro=noble",
      "source": {
        "source_name": "gobject-introspection",
        "source_version": "1.80.1-1"
      }
    },
    {
      "name": "gir1.2-glib-2.0:amd64",
      "version": "2.80.0-6ubuntu3.9",
      "purl": "pkg:deb/gir1.2-glib-2.0:amd64?arch=amd64\u0026distro=noble",
      "source": {
        "source_name": "glib2.0",
        "source_version": "2.80.0-6ubuntu3.9"
      }
    },
    {
      "name": "gir1.2-gnomebg-4.0:amd64",
      "version": "44.0-5build2",
      "purl": "pkg:deb/gir1.2-gnomebg-4.0:amd64?arch=amd64\u0026distro=noble",
      "source": {
        "source_name": "gnome-desktop",
        "source_version": "44.0-5build2"
      }
    },
    {
      "name": "gir1.2-gnomebluetooth-3.0:amd64",
      "version": "46.0-1ubuntu1",
      "purl": "pkg:deb/gir1.2-gnomebluetooth-3.0:amd64?arch=amd64\u0026distro=noble",
      "source": {
        "source_name": "gnome-bluetooth3",
        "source_version": "46.0-1ubuntu1"
      }
    },
    {
      "name": "gir1.2-gnomedesktop-4.0:amd64",
      "version": "44.0-5build2",
      "purl": "pkg:deb/gir1.2-gnomedesktop-4.0:amd64?arch=amd64\u0026distro=noble",
      "source": {
        "source_name": "gnome-desktop",
        "source_version": "44.0-5build2"
      }
    },
    {
      "name": "gir1.2-graphene-1.0:amd64",
      "version": "1.10.8-3build2",
      "purl": "pkg:deb/gir1.2-graphene-1.0:amd64?arch=amd64\u0026distro=noble",
      "source": {
        "source_name": "graphene",
        "source_version": "1.10.8-3build2"
      }
    },
    {
      "name": "gir1.2-gstreamer-1.0:amd64",
      "version": "1.24.2-1ubuntu0.1",
      "purl": "pkg:deb/gir1.2-gstreamer-1.0:amd64?arch=amd64\u0026distro=noble",
      "source": {
        "source_name": "gstreamer1.0",
        "source_version": "1.24.2-1ubuntu0.1"
      }
    },
    {
      "name": "gir1.2-gtk-3.0:amd64",
      "version": "3.24.41-4ubuntu1.3",
      "purl": "pkg:deb/gir1.2-gtk-3.0:amd64?arch=amd64\u0026distro=noble",
      "source": {
        "source_name": "gtk+3.0",
        "source_version": "3.24.41-4ubuntu1.3"
      }
    },
    {
      "name": "gir1.2-gtk-4.0:amd64",
      "version": "4.14.5+ds-0ubuntu0.10",
      "purl": "pkg:deb/gir1.2-gtk-4.0:amd64?arch=amd64\u0026distro=noble",
      "source": {
        "source_name": "gtk4",
        "source_version": "4.14.5+ds-0ubuntu0.10"
      }
    },
    {
      "name": "gir1.2-gtk-vnc-2.0:amd64",
      "version": "1.3.1-1build2",
      "purl": "pkg:deb/gir1.2-gtk-vnc-2.0:amd64?arch=amd64\u0026distro=noble",
      "source": {
        "source_name": "gtk-vnc",
        "source_version": "1.3.1-1build2"
      }
    },
    {
      "name": "gir1.2-gtksource-4:amd64",
      "version": "4.8.4-5build4",
      "purl": "pkg:deb/gir1.2-gtksource-4:amd64?arch=amd64\u0026distro=noble",
      "source": {
        "source_name": "gtksourceview4",
        "source_version": "4.8.4-5build4"
      }
    },
    {
      "name": "gir1.2-gweather-4.0:amd64",
      "version": "4.4.2-1build1",
      "purl": "pkg:deb/gir1.2-gweather-4.0:amd64?arch=amd64\u0026distro=noble",
      "source": {
        "source_name": "libgweather4",
        "source_version": "4.4.2-1build1"
      }
    },
    {
      "name": "gir1.2-harfbuzz-0.0:amd64",
      "version": "8.3.0-2build2",
      "purl": "pkg:deb/gir1.2-harfbuzz-0.0:amd64?arch=amd64\u0026distro=noble",
      "source": {
        "source_name": "harfbuzz",
        "source_version": "8.3.0-2build2"
      }
    },
    {
      "name": "gir1.2-ibus-1.0:amd64",
      "version": "1.5.29-2",
      "purl": "pkg:deb/gir1.2-ibus-1.0:amd64?arch=amd64\u0026distro=noble",
      "source": {
        "source_name": "ibus",
        "source_version": "1.5.29-2"
      }
    },
    {
      "name": "gir1.2-javascriptcoregtk-6.0:amd64",
      "version": "2.52.6-0ubuntu0.24.04.1",
      "purl": "pkg:deb/gir1.2-javascriptcoregtk-6.0:amd64?arch=amd64\u0026distro=noble",
      "source": {
        "source_name": "webkit2gtk",
        "source_version": "2.52.6-0ubuntu0.24.04.1"
      }
    },
    {
      "name": "gir1.2-libosinfo-1.0:amd64",
      "version": "1.11.0-2build3",
      "purl": "pkg:deb/gir1.2-libosinfo-1.0:amd64?arch=amd64\u0026distro=noble",
      "source": {
        "source_name": "libosinfo",
        "source_version": "1.11.0-2build3"
      }
    },
    {
      "name": "gir1.2-libvirt-glib-1.0:amd64",
      "version": "5.0.0-2build3",
      "purl": "pkg:deb/gir1.2-libvirt-glib-1.0:amd64?arch=amd64\u0026distro=noble",
      "source": {
        "source_name": "libvirt-glib",
        "source_version": "5.0.0-2build3"
      }
    },
    {
      "name": "gir1.2-mutter-14:amd64",
      "version": "46.2-1ubuntu0.24.04.16",
      "purl": "pkg:deb/gir1.2-mutter-14:amd64?arch=amd64\u0026distro=noble",
      "source": {
        "source_name": "mutter",
        "source_version": "46.2-1ubuntu0.24.04.16"
      }
    },
    {
      "name": "gir1.2-nm-1.0:amd64",
      "version": "1.46.0-1ubuntu2.8",
      "purl": "pkg:deb/gir1.2-nm-1.0:amd64?arch=amd64\u0026distro=noble",
      "source": {
        "source_name": "network-manager",
        "source_version": "1.46.0-1ubuntu2.8"
      }
    },
    {
      "name": "gir1.2-nma4-1.0:amd64",
      "version": "1.10.6-3build2",
      "purl": "pkg:deb/gir1.2-nma4-1.0:amd64?arch=amd64\u0026distro=noble",
      "source": {
        "source_name": "libnma",
        "source_version": "1.10.6-3build2"
      }
    },
    {
      "name": "gir1.2-notify-0.7:amd64",
      "version": "0.8.3-1build2",
      "purl": "pkg:deb/gir1.2-notify-0.7:amd64?arch=amd64\u0026distro=noble",
      "source": {
        "source_name": "libnotify",
        "source_version": "0.8.3-1build2"
      }
    },
    {
      "name": "gir1.2-packagekitglib-1.0",
      "version": "1.2.8-2ubuntu1.5",
      "purl": "pkg:deb/gir1.2-packagekitglib-1.0?arch=amd64\u0026distro=noble",
      "source": {
        "source_name": "packagekit",
        "source_version": "1.2.8-2ubuntu1.5"
      }
    },
    {
      "name": "gir1.2-pango-1.0:amd64",
      "version": "1.52.1+ds-1build1",
      "purl": "pkg:deb/gir1.2-pango-1.0:amd64?arch=amd64\u0026distro=noble",
      "source": {
        "source_name": "pango1.0",
        "source_version": "1.52.1+ds-1build1"
      }
    },
    {
      "name": "gir1.2-polkit-1.0",
      "version": "124-2ubuntu1.24.04.4",
      "purl": "pkg:deb/gir1.2-polkit-1.0?arch=amd64\u0026distro=noble",
      "source": {
        "source_name": "policykit-1",
        "source_version": "124-2ubuntu1.24.04.4"
      }
    },
    {
      "name": "gir1.2-rsvg-2.0:amd64",
      "version": "2.58.0+dfsg-1build1",
      "purl": "pkg:deb/gir1.2-rsvg-2.0:amd64?arch=amd64\u0026distro=noble",
      "source": {
        "source_name": "librsvg",
        "source_version": "2.58.0+dfsg-1build1"
      }
    },
    {
      "name": "gir1.2-secret-1:amd64",
      "version": "0.21.4-1build3",
      "purl": "pkg:deb/gir1.2-secret-1:amd64?arch=amd64\u0026distro=noble",
      "source": {
        "source_name": "libsecret",
        "source_version": "0.21.4-1build3"
      }
    },
    {
      "name": "gir1.2-soup-3.0:amd64",
      "version": "3.4.4-5ubuntu0.8",
      "purl": "pkg:deb/gir1.2-soup-3.0:amd64?arch=amd64\u0026distro=noble",
      "source": {
        "source_name": "libsoup3",
        "source_version": "3.4.4-5ubuntu0.8"
      }
    },
    {
      "name": "gir1.2-spiceclientglib-2.0:amd64",
      "version": "0.42-2ubuntu2",
      "purl": "pkg:deb/gir1.2-spiceclientglib-2.0:amd64?arch=amd64\u0026distro=noble",
      "source": {
        "source_name": "spice-gtk",
        "source_version": "0.42-2ubuntu2"
      }
    },
    {
      "name": "gir1.2-spiceclientgtk-3.0:amd64",
      "version": "0.42-2ubuntu2",
      "purl": "pkg:deb/gir1.2-spiceclientgtk-3.0:amd64?arch=amd64\u0026distro=noble",
      "source": {
        "source_name": "spice-gtk",
        "source_version": "0.42-2ubuntu2"
      }
    },
    {
      "name": "gir1.2-udisks-2.0:amd64",
      "version": "2.10.1-6ubuntu1.5",
      "purl": "pkg:deb/gir1.2-udisks-2.0:amd64?arch=amd64\u0026distro=noble",
      "source": {
        "source_name": "udisks2",
        "source_version": "2.10.1-6ubuntu1.5"
      }
    },
    {
      "name": "gir1.2-upowerglib-1.0:amd64",
      "version": "1.90.3-1",
      "purl": "pkg:deb/gir1.2-upowerglib-1.0:amd64?arch=amd64\u0026distro=noble",
      "source": {
        "source_name": "upower",
        "source_version": "1.90.3-1"
      }
    },
    {
      "name": "gir1.2-vte-2.91:amd64",
      "version": "0.76.0-1ubuntu0.1",
      "purl": "pkg:deb/gir1.2-vte-2.91:amd64?arch=amd64\u0026distro=noble",
      "source": {
        "source_name": "vte2.91",
        "source_version": "0.76.0-1ubuntu0.1"
      }
    },
    {
      "name": "gir1.2-webkit-6.0:amd64",
      "version": "2.52.6-0ubuntu0.24.04.1",
      "purl": "pkg:deb/gir1.2-webkit-6.0:amd64?arch=amd64\u0026distro=noble",
      "source": {
        "source_name": "webkit2gtk",
        "source_version": "2.52.6-0ubuntu0.24.04.1"
      }
    },
    {
      "name": "gir1.2-wnck-3.0:amd64",
      "version": "43.0-3build4",
      "purl": "pkg:deb/gir1.2-wnck-3.0:amd64?arch=amd64\u0026distro=noble",
      "source": {
        "source_name": "libwnck3",
        "source_version": "43.0-3build4"
      }
    },
    {
      "name": "git",
      "version": "1:2.43.0-1ubuntu7.3",
      "purl": "pkg:deb/git?arch=amd64\u0026distro=noble",
      "source": {
        "source_name": "",
        "source_version": ""
      }
    },
    {
      "name": "git-man",
      "version": "1:2.43.0-1ubuntu7.3",
      "purl": "pkg:deb/git-man?arch=all\u0026distro=noble",
      "source": {
        "source_name": "git",
        "source_version": "1:2.43.0-1ubuntu7.3"
      }
    },
    {
      "name": "gkbd-capplet",
      "version": "3.28.1-1build3",
      "purl": "pkg:deb/gkbd-capplet?arch=amd64\u0026distro=noble",
      "source": {
        "source_name": "libgnomekbd",
        "source_version": "3.28.1-1build3"
      }
    },
    {
      "name": "glib-networking:amd64",
      "version": "2.80.0-1build1",
      "purl": "pkg:deb/glib-networking:amd64?arch=amd64\u0026distro=noble",
      "source": {
        "source_name": "",
        "source_version": ""
      }
    },
    {
      "name": "glib-networking:i386",
      "version": "2.80.0-1build1",
      "purl": "pkg:deb/glib-networking:i386?arch=i386\u0026distro=noble",
      "source": {
        "source_name": "",
        "source_version": ""
      }
    },
    {
      "name": "glib-networking-common",
      "version": "2.80.0-1build1",
      "purl": "pkg:deb/glib-networking-common?arch=all\u0026distro=noble",
      "source": {
        "source_name": "glib-networking",
        "source_version": "2.80.0-1build1"
      }
    },
    {
      "name": "glib-networking-services",
      "version": "2.80.0-1build1",
      "purl": "pkg:deb/glib-networking-services?arch=amd64\u0026distro=noble",
      "source": {
        "source_name": "glib-networking",
        "source_version": "2.80.0-1build1"
      }
    },
    {
      "name": "glslang-tools",
      "version": "15.1.0-2~ubuntu0.24.04.2",
      "purl": "pkg:deb/glslang-tools?arch=amd64\u0026distro=noble",
      "source": {
        "source_name": "glslang",
        "source_version": "15.1.0-2~ubuntu0.24.04.2"
      }
    },
    {
      "name": "glslc",
      "version": "2023.8-1build1",
      "purl": "pkg:deb/glslc?arch=amd64\u0026distro=noble",
      "source": {
        "source_name": "shaderc",
        "source_version": "2023.8-1build1"
      }
    },
    {
      "name": "gmic",
      "version": "2.9.4-4build11",
      "purl": "pkg:deb/gmic?arch=amd64\u0026distro=noble",
      "source": {
        "source_name": "",
        "source_version": ""
      }
    },
    {
      "name": "gnome-bluetooth-3-common",
      "version": "46.0-1ubuntu1",
      "purl": "pkg:deb/gnome-bluetooth-3-common?arch=all\u0026distro=noble",
      "source": {
        "source_name": "gnome-bluetooth3",
        "source_version": "46.0-1ubuntu1"
      }
    },
    {
      "name": "gnome-bluetooth-sendto",
      "version": "46.0-1ubuntu1",
      "purl": "pkg:deb/gnome-bluetooth-sendto?arch=amd64\u0026distro=noble",
      "source": {
        "source_name": "gnome-bluetooth3",
        "source_version": "46.0-1ubuntu1"
      }
    },
    {
      "name": "gnome-control-center",
      "version": "1:46.7-0ubuntu0.24.04.6",
      "purl": "pkg:deb/gnome-control-center?arch=amd64\u0026distro=noble",
      "source": {
        "source_name": "",
        "source_version": ""
      }
    },
    {
      "name": "gnome-control-center-data",
      "version": "1:46.7-0ubuntu0.24.04.6",
      "purl": "pkg:deb/gnome-control-center-data?arch=all\u0026distro=noble",
      "source": {
        "source_name": "gnome-control-center",
        "source_version": "1:46.7-0ubuntu0.24.04.6"
      }
    },
    {
      "name": "gnome-control-center-faces",
      "version": "1:46.7-0ubuntu0.24.04.6",
      "purl": "pkg:deb/gnome-control-center-faces?arch=all\u0026distro=noble",
      "source": {
        "source_name": "gnome-control-center",
        "source_version": "1:46.7-0ubuntu0.24.04.6"
      }
    },
    {
      "name": "gnome-desktop3-data",
      "version": "44.0-5build2",
      "purl": "pkg:deb/gnome-desktop3-data?arch=all\u0026distro=noble",
      "source": {
        "source_name": "gnome-desktop",
        "source_version": "44.0-5build2"
      }
    },
    {
      "name": "gnome-keyring",
      "version": "46.1-2ubuntu0.2",
      "purl": "pkg:deb/gnome-keyring?arch=amd64\u0026distro=noble",
      "source": {
        "source_name": "",
        "source_version": ""
      }
    },
    {
      "name": "gnome-keyring-pkcs11:amd64",
      "version": "46.1-2ubuntu0.2",
      "purl": "pkg:deb/gnome-keyring-pkcs11:amd64?arch=amd64\u0026distro=noble",
      "source": {
        "source_name": "gnome-keyring",
        "source_version": "46.1-2ubuntu0.2"
      }
    },
    {
      "name": "gnome-menus",
      "version": "3.36.0-1.1ubuntu3",
      "purl": "pkg:deb/gnome-menus?arch=amd64\u0026distro=noble",
      "source": {
        "source_name": "",
        "source_version": ""
      }
    },
    {
      "name": "gnome-online-accounts",
      "version": "3.50.4-0ubuntu2",
      "purl": "pkg:deb/gnome-online-accounts?arch=amd64\u0026distro=noble",
      "source": {
        "source_name": "",
        "source_version": ""
      }
    },
    {
      "name": "gnome-remote-desktop",
      "version": "46.3-0ubuntu1.2",
      "purl": "pkg:deb/gnome-remote-desktop?arch=amd64\u0026distro=noble",
      "source": {
        "source_name": "",
        "source_version": ""
      }
    },
    {
      "name": "gnome-session-bin",
      "version": "46.0-1ubuntu4",
      "purl": "pkg:deb/gnome-session-bin?arch=amd64\u0026distro=noble",
      "source": {
        "source_name": "gnome-session",
        "source_version": "46.0-1ubuntu4"
      }
    },
    {
      "name": "gnome-session-common",
      "version": "46.0-1ubuntu4",
      "purl": "pkg:deb/gnome-session-common?arch=all\u0026distro=noble",
      "source": {
        "source_name": "gnome-session",
        "source_version": "46.0-1ubuntu4"
      }
    },
    {
      "name": "gnome-settings-daemon",
      "version": "46.0-1ubuntu1.24.04.1",
      "purl": "pkg:deb/gnome-settings-daemon?arch=amd64\u0026distro=noble",
      "source": {
        "source_name": "",
        "source_version": ""
      }
    },
    {
      "name": "gnome-settings-daemon-common",
      "version": "46.0-1ubuntu1.24.04.1",
      "purl": "pkg:deb/gnome-settings-daemon-common?arch=all\u0026distro=noble",
      "source": {
        "source_name": "gnome-settings-daemon",
        "source_version": "46.0-1ubuntu1.24.04.1"
      }
    },
    {
      "name": "gnome-shell",
      "version": "46.0-0ubuntu6~24.04.14",
      "purl": "pkg:deb/gnome-shell?arch=amd64\u0026distro=noble",
      "source": {
        "source_name": "",
        "source_version": ""
      }
    },
    {
      "name": "gnome-shell-common",
      "version": "46.0-0ubuntu6~24.04.14",
      "purl": "pkg:deb/gnome-shell-common?arch=all\u0026distro=noble",
      "source": {
        "source_name": "gnome-shell",
        "source_version": "46.0-0ubuntu6~24.04.14"
      }
    },
    {
      "name": "gnome-startup-applications",
      "version": "46.0-1ubuntu4",
      "purl": "pkg:deb/gnome-startup-applications?arch=amd64\u0026distro=noble",
      "source": {
        "source_name": "gnome-session",
        "source_version": "46.0-1ubuntu4"
      }
    },
    {
      "name": "gnome-user-docs",
      "version": "46.0-1ubuntu1",
      "purl": "pkg:deb/gnome-user-docs?arch=all\u0026distro=noble",
      "source": {
        "source_name": "",
        "source_version": ""
      }
    },
    {
      "name": "gnupg",
      "version": "2.4.4-2ubuntu17.6",
      "purl": "pkg:deb/gnupg?arch=all\u0026distro=noble",
      "source": {
        "source_name": "gnupg2",
        "source_version": "2.4.4-2ubuntu17.6"
      }
    },
    {
      "name": "gnupg-agent",
      "version": "2.4.4-2ubuntu17.6",
      "purl": "pkg:deb/gnupg-agent?arch=all\u0026distro=noble",
      "source": {
        "source_name": "gnupg2",
        "source_version": "2.4.4-2ubuntu17.6"
      }
    },
    {
      "name": "gnupg-l10n",
      "version": "2.4.4-2ubuntu17.6",
      "purl": "pkg:deb/gnupg-l10n?arch=all\u0026distro=noble",
      "source": {
        "source_name": "gnupg2",
        "source_version": "2.4.4-2ubuntu17.6"
      }
    },
    {
      "name": "gnupg-utils",
      "version": "2.4.4-2ubuntu17.6",
      "purl": "pkg:deb/gnupg-utils?arch=amd64\u0026distro=noble",
      "source": {
        "source_name": "gnupg2",
        "source_version": "2.4.4-2ubuntu17.6"
      }
    },
    {
      "name": "gnusim8085",
      "version": "1.4.1-1build3",
      "purl": "pkg:deb/gnusim8085?arch=amd64\u0026distro=noble",
      "source": {
        "source_name": "",
        "source_version": ""
      }
    },
    {
      "name": "gnustep-base-common",
      "version": "1.29.0-7ubuntu4",
      "purl": "pkg:deb/gnustep-base-common?arch=all\u0026distro=noble",
      "source": {
        "source_name": "gnustep-base",
        "source_version": "1.29.0-7ubuntu4"
      }
    },
    {
      "name": "gnustep-base-runtime",
      "version": "1.29.0-7ubuntu4",
      "purl": "pkg:deb/gnustep-base-runtime?arch=amd64\u0026distro=noble",
      "source": {
        "source_name": "gnustep-base",
        "source_version": "1.29.0-7ubuntu4"
      }
    },
    {
      "name": "gnustep-common",
      "version": "2.9.1-3build1",
      "purl": "pkg:deb/gnustep-common?arch=amd64\u0026distro=noble",
      "source": {
        "source_name": "gnustep-make",
        "source_version": "2.9.1-3build1"
      }
    },
    {
      "name": "gnutls-bin",
      "version": "3.8.3-1.1ubuntu3.6",
      "purl": "pkg:deb/gnutls-bin?arch=amd64\u0026distro=noble",
      "source": {
        "source_name": "gnutls28",
        "source_version": "3.8.3-1.1ubuntu3.6"
      }
    },
    {
      "name": "go-mtpfs",
      "version": "1.0.0+git20200111.42254b1-1ubuntu0.24.04.3",
      "purl": "pkg:deb/go-mtpfs?arch=amd64\u0026distro=noble",
      "source": {
        "source_name": "",
        "source_version": ""
      }
    },
    {
      "name": "golang-1.22-go",
      "version": "1.22.2-2ubuntu0.4",
      "purl": "pkg:deb/golang-1.22-go?arch=amd64\u0026distro=noble",
      "source": {
        "source_name": "golang-1.22",
        "source_version": "1.22.2-2ubuntu0.4"
      }
    },
    {
      "name": "golang-1.22-src",
      "version": "1.22.2-2ubuntu0.4",
      "purl": "pkg:deb/golang-1.22-src?arch=all\u0026distro=noble",
      "source": {
        "source_name": "golang-1.22",
        "source_version": "1.22.2-2ubuntu0.4"
      }
    },
    {
      "name": "golang-go:amd64",
      "version": "2:1.22~2build1",
      "purl": "pkg:deb/golang-go:amd64?arch=amd64\u0026distro=noble",
      "source": {
        "source_name": "golang-defaults",
        "source_version": "2:1.22~2build1"
      }
    },
    {
      "name": "golang-src",
      "version": "2:1.22~2build1",
      "purl": "pkg:deb/golang-src?arch=all\u0026distro=noble",
      "source": {
        "source_name": "golang-defaults",
        "source_version": "2:1.22~2build1"
      }
    },
    {
      "name": "google-chrome-stable",
      "version": "153.0.8010.36-1",
      "purl": "pkg:deb/google-chrome-stable?arch=amd64\u0026distro=noble",
      "source": {
        "source_name": "",
        "source_version": ""
      }
    },
    {
      "name": "gparted",
      "version": "1.5.0-1build4",
      "purl": "pkg:deb/gparted?arch=amd64\u0026distro=noble",
      "source": {
        "source_name": "",
        "source_version": ""
      }
    },
    {
      "name": "gparted-common",
      "version": "1.5.0-1build4",
      "purl": "pkg:deb/gparted-common?arch=all\u0026distro=noble",
      "source": {
        "source_name": "gparted",
        "source_version": "1.5.0-1build4"
      }
    },
    {
      "name": "gpg",
      "version": "2.4.4-2ubuntu17.6",
      "purl": "pkg:deb/gpg?arch=amd64\u0026distro=noble",
      "source": {
        "source_name": "gnupg2",
        "source_version": "2.4.4-2ubuntu17.6"
      }
    },
    {
      "name": "gpg-agent",
      "version": "2.4.4-2ubuntu17.6",
      "purl": "pkg:deb/gpg-agent?arch=amd64\u0026distro=noble",
      "source": {
        "source_name": "gnupg2",
        "source_version": "2.4.4-2ubuntu17.6"
      }
    },
    {
      "name": "gpg-wks-client",
      "version": "2.4.4-2ubuntu17.6",
      "purl": "pkg:deb/gpg-wks-client?arch=amd64\u0026distro=noble",
      "source": {
        "source_name": "gnupg2",
        "source_version": "2.4.4-2ubuntu17.6"
      }
    },
    {
      "name": "gpgconf",
      "version": "2.4.4-2ubuntu17.6",
      "purl": "pkg:deb/gpgconf?arch=amd64\u0026distro=noble",
      "source": {
        "source_name": "gnupg2",
        "source_version": "2.4.4-2ubuntu17.6"
      }
    },
    {
      "name": "gpgsm",
      "version": "2.4.4-2ubuntu17.6",
      "purl": "pkg:deb/gpgsm?arch=amd64\u0026distro=noble",
      "source": {
        "source_name": "gnupg2",
        "source_version": "2.4.4-2ubuntu17.6"
      }
    },
    {
      "name": "gpgv",
      "version": "2.4.4-2ubuntu17.6",
      "purl": "pkg:deb/gpgv?arch=amd64\u0026distro=noble",
      "source": {
        "source_name": "gnupg2",
        "source_version": "2.4.4-2ubuntu17.6"
      }
    },
    {
      "name": "grep",
      "version": "3.11-4build1",
      "purl": "pkg:deb/grep?arch=amd64\u0026distro=noble",
      "source": {
        "source_name": "",
        "source_version": ""
      }
    },
    {
      "name": "groff-base",
      "version": "1.23.0-3build2",
      "purl": "pkg:deb/groff-base?arch=amd64\u0026distro=noble",
      "source": {
        "source_name": "groff",
        "source_version": "1.23.0-3build2"
      }
    },
    {
      "name": "grub-common",
      "version": "2.12-1ubuntu7.3",
      "purl": "pkg:deb/grub-common?arch=amd64\u0026distro=noble",
      "source": {
        "source_name": "grub2",
        "source_version": "2.12-1ubuntu7.3"
      }
    },
    {
      "name": "grub-efi-amd64-bin",
      "version": "2.12-1ubuntu7.3",
      "purl": "pkg:deb/grub-efi-amd64-bin?arch=amd64\u0026distro=noble",
      "source": {
        "source_name": "grub2-unsigned",
        "source_version": "2.12-1ubuntu7.3"
      }
    },
    {
      "name": "grub-efi-amd64-signed",
      "version": "1.202.5+2.12-1ubuntu7.3",
      "purl": "pkg:deb/grub-efi-amd64-signed?arch=amd64\u0026distro=noble",
      "source": {
        "source_name": "grub2-signed",
        "source_version": "1.202.5"
      }
    },
    {
      "name": "grub-gfxpayload-lists",
      "version": "0.7build2",
      "purl": "pkg:deb/grub-gfxpayload-lists?arch=amd64\u0026distro=noble",
      "source": {
        "source_name": "",
        "source_version": ""
      }
    },
    {
      "name": "grub-pc",
      "version": "2.12-1ubuntu7.3",
      "purl": "pkg:deb/grub-pc?arch=amd64\u0026distro=noble",
      "source": {
        "source_name": "grub2",
        "source_version": "2.12-1ubuntu7.3"
      }
    },
    {
      "name": "grub-pc-bin",
      "version": "2.12-1ubuntu7.3",
      "purl": "pkg:deb/grub-pc-bin?arch=amd64\u0026distro=noble",
      "source": {
        "source_name": "grub2",
        "source_version": "2.12-1ubuntu7.3"
      }
    },
    {
      "name": "grub-theme-breeze",
      "version": "5.27.11-0ubuntu2",
      "purl": "pkg:deb/grub-theme-breeze?arch=amd64\u0026distro=noble",
      "source": {
        "source_name": "breeze-grub",
        "source_version": "5.27.11-0ubuntu2"
      }
    },
    {
      "name": "grub2-common",
      "version": "2.12-1ubuntu7.3",
      "purl": "pkg:deb/grub2-common?arch=amd64\u0026distro=noble",
      "source": {
        "source_name": "grub2",
        "source_version": "2.12-1ubuntu7.3"
      }
    },
    {
      "name": "gsettings-desktop-schemas",
      "version": "46.1-0ubuntu1",
      "purl": "pkg:deb/gsettings-desktop-schemas?arch=all\u0026distro=noble",
      "source": {
        "source_name": "",
        "source_version": ""
      }
    },
    {
      "name": "gstreamer1.0-gl:amd64",
      "version": "1.24.2-1ubuntu0.5",
      "purl": "pkg:deb/gstreamer1.0-gl:amd64?arch=amd64\u0026distro=noble",
      "source": {
        "source_name": "gst-plugins-base1.0",
        "source_version": "1.24.2-1ubuntu0.5"
      }
    },
    {
      "name": "gstreamer1.0-pipewire:amd64",
      "version": "1.0.5-1ubuntu3.3",
      "purl": "pkg:deb/gstreamer1.0-pipewire:amd64?arch=amd64\u0026distro=noble",
      "source": {
        "source_name": "pipewire",
        "source_version": "1.0.5-1ubuntu3.3"
      }
    },
    {
      "name": "gstreamer1.0-plugins-bad:amd64",
      "version": "1.24.2-1ubuntu4",
      "purl": "pkg:deb/gstreamer1.0-plugins-bad:amd64?arch=amd64\u0026distro=noble",
      "source": {
        "source_name": "gst-plugins-bad1.0",
        "source_version": "1.24.2-1ubuntu4"
      }
    },
    {
      "name": "gstreamer1.0-plugins-base:amd64",
      "version": "1.24.2-1ubuntu0.5",
      "purl": "pkg:deb/gstreamer1.0-plugins-base:amd64?arch=amd64\u0026distro=noble",
      "source": {
        "source_name": "gst-plugins-base1.0",
        "source_version": "1.24.2-1ubuntu0.5"
      }
    },
    {
      "name": "gstreamer1.0-plugins-base:i386",
      "version": "1.24.2-1ubuntu0.5",
      "purl": "pkg:deb/gstreamer1.0-plugins-base:i386?arch=i386\u0026distro=noble",
      "source": {
        "source_name": "gst-plugins-base1.0",
        "source_version": "1.24.2-1ubuntu0.5"
      }
    },
    {
      "name": "gstreamer1.0-plugins-good:amd64",
      "version": "1.24.2-1ubuntu1.8",
      "purl": "pkg:deb/gstreamer1.0-plugins-good:amd64?arch=amd64\u0026distro=noble",
      "source": {
        "source_name": "gst-plugins-good1.0",
        "source_version": "1.24.2-1ubuntu1.8"
      }
    },
    {
      "name": "gstreamer1.0-plugins-good:i386",
      "version": "1.24.2-1ubuntu1.8",
      "purl": "pkg:deb/gstreamer1.0-plugins-good:i386?arch=i386\u0026distro=noble",
      "source": {
        "source_name": "gst-plugins-good1.0",
        "source_version": "1.24.2-1ubuntu1.8"
      }
    },
    {
      "name": "gstreamer1.0-x:amd64",
      "version": "1.24.2-1ubuntu0.5",
      "purl": "pkg:deb/gstreamer1.0-x:amd64?arch=amd64\u0026distro=noble",
      "source": {
        "source_name": "gst-plugins-base1.0",
        "source_version": "1.24.2-1ubuntu0.5"
      }
    },
    {
      "name": "gstreamer1.0-x:i386",
      "version": "1.24.2-1ubuntu0.5",
      "purl": "pkg:deb/gstreamer1.0-x:i386?arch=i386\u0026distro=noble",
      "source": {
        "source_name": "gst-plugins-base1.0",
        "source_version": "1.24.2-1ubuntu0.5"
      }
    },
    {
      "name": "gtk-update-icon-cache",
      "version": "3.24.41-4ubuntu1.3",
      "purl": "pkg:deb/gtk-update-icon-cache?arch=amd64\u0026distro=noble",
      "source": {
        "source_name": "gtk+3.0",
        "source_version": "3.24.41-4ubuntu1.3"
      }
    },
    {
      "name": "gtk2-engines-pixbuf:amd64",
      "version": "2.24.33-4ubuntu1.1",
      "purl": "pkg:deb/gtk2-engines-pixbuf:amd64?arch=amd64\u0026distro=noble",
      "source": {
        "source_name": "gtk+2.0",
        "source_version": "2.24.33-4ubuntu1.1"
      }
    },
    {
      "name": "gvfs:amd64",
      "version": "1.54.4-0ubuntu1~24.04.4",
      "purl": "pkg:deb/gvfs:amd64?arch=amd64\u0026distro=noble",
      "source": {
        "source_name": "",
        "source_version": ""
      }
    },
    {
      "name": "gvfs-backends",
      "version": "1.54.4-0ubuntu1~24.04.4",
      "purl": "pkg:deb/gvfs-backends?arch=amd64\u0026distro=noble",
      "source": {
        "source_name": "gvfs",
        "source_version": "1.54.4-0ubuntu1~24.04.4"
      }
    },
    {
      "name": "gvfs-common",
      "version": "1.54.4-0ubuntu1~24.04.4",
      "purl": "pkg:deb/gvfs-common?arch=all\u0026distro=noble",
      "source": {
        "source_name": "gvfs",
        "source_version": "1.54.4-0ubuntu1~24.04.4"
      }
    },
    {
      "name": "gvfs-daemons",
      "version": "1.54.4-0ubuntu1~24.04.4",
      "purl": "pkg:deb/gvfs-daemons?arch=amd64\u0026distro=noble",
      "source": {
        "source_name": "gvfs",
        "source_version": "1.54.4-0ubuntu1~24.04.4"
      }
    },
    {
      "name": "gvfs-libs:amd64",
      "version": "1.54.4-0ubuntu1~24.04.4",
      "purl": "pkg:deb/gvfs-libs:amd64?arch=amd64\u0026distro=noble",
      "source": {
        "source_name": "gvfs",
        "source_version": "1.54.4-0ubuntu1~24.04.4"
      }
    },
    {
      "name": "gwenview",
      "version": "4:23.08.5-0ubuntu5",
      "purl": "pkg:deb/gwenview?arch=amd64\u0026distro=noble",
      "source": {
        "source_name": "",
        "source_version": ""
      }
    },
    {
      "name": "gzip",
      "version": "1.12-1ubuntu3.2",
      "purl": "pkg:deb/gzip?arch=amd64\u0026distro=noble",
      "source": {
        "source_name": "",
        "source_version": ""
      }
    },
    {
      "name": "haruna",
      "version": "0.12.3-1build4",
      "purl": "pkg:deb/haruna?arch=amd64\u0026distro=noble",
      "source": {
        "source_name": "",
        "source_version": ""
      }
    },
    {
      "name": "hdparm",
      "version": "9.65+ds-1build1",
      "purl": "pkg:deb/hdparm?arch=amd64\u0026distro=noble",
      "source": {
        "source_name": "",
        "source_version": ""
      }
    },
    {
      "name": "heif-gdk-pixbuf:amd64",
      "version": "1.17.6-1ubuntu4.9",
      "purl": "pkg:deb/heif-gdk-pixbuf:amd64?arch=amd64\u0026distro=noble",
      "source": {
        "source_name": "libheif",
        "source_version": "1.17.6-1ubuntu4.9"
      }
    },
    {
      "name": "heif-thumbnailer",
      "version": "1.17.6-1ubuntu4.9",
      "purl": "pkg:deb/heif-thumbnailer?arch=amd64\u0026distro=noble",
      "source": {
        "source_name": "libheif",
        "source_version": "1.17.6-1ubuntu4.9"
      }
    },
    {
      "name": "hexedit",
      "version": "1.6-1",
      "purl": "pkg:deb/hexedit?arch=amd64\u0026distro=noble",
      "source": {
        "source_name": "",
        "source_version": ""
      }
    },
    {
      "name": "hicolor-icon-theme",
      "version": "0.17-2",
      "purl": "pkg:deb/hicolor-icon-theme?arch=all\u0026distro=noble",
      "source": {
        "source_name": "",
        "source_version": ""
      }
    },
    {
      "name": "hostname",
      "version": "3.23+nmu2ubuntu2",
      "purl": "pkg:deb/hostname?arch=amd64\u0026distro=noble",
      "source": {
        "source_name": "",
        "source_version": ""
      }
    },
    {
      "name": "hplip",
      "version": "3.23.12+dfsg0-0ubuntu5.1",
      "purl": "pkg:deb/hplip?arch=amd64\u0026distro=noble",
      "source": {
        "source_name": "",
        "source_version": ""
      }
    },
    {
      "name": "hplip-data",
      "version": "3.23.12+dfsg0-0ubuntu5.1",
      "purl": "pkg:deb/hplip-data?arch=all\u0026distro=noble",
      "source": {
        "source_name": "hplip",
        "source_version": "3.23.12+dfsg0-0ubuntu5.1"
      }
    },
    {
      "name": "htop",
      "version": "3.3.0-4build1",
      "purl": "pkg:deb/htop?arch=amd64\u0026distro=noble",
      "source": {
        "source_name": "",
        "source_version": ""
      }
    },
    {
      "name": "httpie",
      "version": "3.2.2-1",
      "purl": "pkg:deb/httpie?arch=all\u0026distro=noble",
      "source": {
        "source_name": "",
        "source_version": ""
      }
    },
    {
      "name": "humanity-icon-theme",
      "version": "0.6.16",
      "purl": "pkg:deb/humanity-icon-theme?arch=all\u0026distro=noble",
      "source": {
        "source_name": "",
        "source_version": ""
      }
    },
    {
      "name": "hunspell-en-us",
      "version": "1:2020.12.07-2",
      "purl": "pkg:deb/hunspell-en-us?arch=all\u0026distro=noble",
      "source": {
        "source_name": "scowl",
        "source_version": "2020.12.07-2"
      }
    },
    {
      "name": "hwdata",
      "version": "0.379-1",
      "purl": "pkg:deb/hwdata?arch=all\u0026distro=noble",
      "source": {
        "source_name": "",
        "source_version": ""
      }
    },
    {
      "name": "hyphen-en-ca",
      "version": "0.10ubuntu2",
      "purl": "pkg:deb/hyphen-en-ca?arch=all\u0026distro=noble",
      "source": {
        "source_name": "openoffice.org-hyphenation",
        "source_version": "0.10ubuntu2"
      }
    },
    {
      "name": "hyphen-fi",
      "version": "0.10ubuntu2",
      "purl": "pkg:deb/hyphen-fi?arch=all\u0026distro=noble",
      "source": {
        "source_name": "openoffice.org-hyphenation",
        "source_version": "0.10ubuntu2"
      }
    },
    {
      "name": "hyphen-ga",
      "version": "0.10ubuntu2",
      "purl": "pkg:deb/hyphen-ga?arch=all\u0026distro=noble",
      "source": {
        "source_name": "openoffice.org-hyphenation",
        "source_version": "0.10ubuntu2"
      }
    },
    {
      "name": "hyphen-id",
      "version": "1:24.2.1-1",
      "purl": "pkg:deb/hyphen-id?arch=all\u0026distro=noble",
      "source": {
        "source_name": "libreoffice-dictionaries",
        "source_version": "1:24.2.1-1"
      }
    },
    {
      "name": "i965-va-driver:amd64",
      "version": "2.4.1+dfsg1-1ubuntu0.2",
      "purl": "pkg:deb/i965-va-driver:amd64?arch=amd64\u0026distro=noble",
      "source": {
        "source_name": "intel-vaapi-driver",
        "source_version": "2.4.1+dfsg1-1ubuntu0.2"
      }
    },
    {
      "name": "i965-va-driver:i386",
      "version": "2.4.1+dfsg1-1ubuntu0.2",
      "purl": "pkg:deb/i965-va-driver:i386?arch=i386\u0026distro=noble",
      "source": {
        "source_name": "intel-vaapi-driver",
        "source_version": "2.4.1+dfsg1-1ubuntu0.2"
      }
    },
    {
      "name": "ibus",
      "version": "1.5.29-2",
      "purl": "pkg:deb/ibus?arch=amd64\u0026distro=noble",
      "source": {
        "source_name": "",
        "source_version": ""
      }
    },
    {
      "name": "ibus-data",
      "version": "1.5.29-2",
      "purl": "pkg:deb/ibus-data?arch=all\u0026distro=noble",
      "source": {
        "source_name": "ibus",
        "source_version": "1.5.29-2"
      }
    },
    {
      "name": "ibus-gtk:amd64",
      "version": "1.5.29-2",
      "purl": "pkg:deb/ibus-gtk:amd64?arch=amd64\u0026distro=noble",
      "source": {
        "source_name": "ibus",
        "source_version": "1.5.29-2"
      }
    },
    {
      "name": "ibus-gtk3:amd64",
      "version": "1.5.29-2",
      "purl": "pkg:deb/ibus-gtk3:amd64?arch=amd64\u0026distro=noble",
      "source": {
        "source_name": "ibus",
        "source_version": "1.5.29-2"
      }
    },
    {
      "name": "ibus-gtk4:amd64",
      "version": "1.5.29-2",
      "purl": "pkg:deb/ibus-gtk4:amd64?arch=amd64\u0026distro=noble",
      "source": {
        "source_name": "ibus",
        "source_version": "1.5.29-2"
      }
    },
    {
      "name": "ibverbs-providers:amd64",
      "version": "50.0-2ubuntu0.2",
      "purl": "pkg:deb/ibverbs-providers:amd64?arch=amd64\u0026distro=noble",
      "source": {
        "source_name": "rdma-core",
        "source_version": "50.0-2ubuntu0.2"
      }
    },
    {
      "name": "icu-devtools",
      "version": "74.2-1ubuntu3.1",
      "purl": "pkg:deb/icu-devtools?arch=amd64\u0026distro=noble",
      "source": {
        "source_name": "icu",
        "source_version": "74.2-1ubuntu3.1"
      }
    },
    {
      "name": "ieee-data",
      "version": "20220827.1",
      "purl": "pkg:deb/ieee-data?arch=all\u0026distro=noble",
      "source": {
        "source_name": "",
        "source_version": ""
      }
    },
    {
      "name": "iio-sensor-proxy",
      "version": "3.5-1build2",
      "purl": "pkg:deb/iio-sensor-proxy?arch=amd64\u0026distro=noble",
      "source": {
        "source_name": "",
        "source_version": ""
      }
    },
    {
      "name": "im-config",
      "version": "0.57-2",
      "purl": "pkg:deb/im-config?arch=all\u0026distro=noble",
      "source": {
        "source_name": "",
        "source_version": ""
      }
    },
    {
      "name": "imagemagick-6-common",
      "version": "8:6.9.12.98+dfsg1-5.2build2",
      "purl": "pkg:deb/imagemagick-6-common?arch=all\u0026distro=noble",
      "source": {
        "source_name": "imagemagick",
        "source_version": "8:6.9.12.98+dfsg1-5.2build2"
      }
    },
    {
      "name": "imagemagick-6.q16",
      "version": "8:6.9.12.98+dfsg1-5.2build2",
      "purl": "pkg:deb/imagemagick-6.q16?arch=amd64\u0026distro=noble",
      "source": {
        "source_name": "imagemagick",
        "source_version": "8:6.9.12.98+dfsg1-5.2build2"
      }
    },
    {
      "name": "inetutils-telnet",
      "version": "2:2.5-3ubuntu4.2",
      "purl": "pkg:deb/inetutils-telnet?arch=amd64\u0026distro=noble",
      "source": {
        "source_name": "inetutils",
        "source_version": "2:2.5-3ubuntu4.2"
      }
    },
    {
      "name": "info",
      "version": "7.1-3build2",
      "purl": "pkg:deb/info?arch=amd64\u0026distro=noble",
      "source": {
        "source_name": "texinfo",
        "source_version": "7.1-3build2"
      }
    },
    {
      "name": "init",
      "version": "1.66ubuntu1",
      "purl": "pkg:deb/init?arch=amd64\u0026distro=noble",
      "source": {
        "source_name": "init-system-helpers",
        "source_version": "1.66ubuntu1"
      }
    },
    {
      "name": "init-system-helpers",
      "version": "1.66ubuntu1",
      "purl": "pkg:deb/init-system-helpers?arch=all\u0026distro=noble",
      "source": {
        "source_name": "",
        "source_version": ""
      }
    },
    {
      "name": "initramfs-tools",
      "version": "0.142ubuntu25.8",
      "purl": "pkg:deb/initramfs-tools?arch=all\u0026distro=noble",
      "source": {
        "source_name": "",
        "source_version": ""
      }
    },
    {
      "name": "initramfs-tools-bin",
      "version": "0.142ubuntu25.8",
      "purl": "pkg:deb/initramfs-tools-bin?arch=amd64\u0026distro=noble",
      "source": {
        "source_name": "initramfs-tools",
        "source_version": "0.142ubuntu25.8"
      }
    },
    {
      "name": "initramfs-tools-core",
      "version": "0.142ubuntu25.8",
      "purl": "pkg:deb/initramfs-tools-core?arch=all\u0026distro=noble",
      "source": {
        "source_name": "initramfs-tools",
        "source_version": "0.142ubuntu25.8"
      }
    },
    {
      "name": "inputattach",
      "version": "1:1.8.1-2build1",
      "purl": "pkg:deb/inputattach?arch=amd64\u0026distro=noble",
      "source": {
        "source_name": "joystick",
        "source_version": "1:1.8.1-2build1"
      }
    },
    {
      "name": "install-info",
      "version": "7.1-3build2",
      "purl": "pkg:deb/install-info?arch=amd64\u0026distro=noble",
      "source": {
        "source_name": "texinfo",
        "source_version": "7.1-3build2"
      }
    },
    {
      "name": "intel-gpu-tools",
      "version": "1.28-1ubuntu2",
      "purl": "pkg:deb/intel-gpu-tools?arch=amd64\u0026distro=noble",
      "source": {
        "source_name": "",
        "source_version": ""
      }
    },
    {
      "name": "intel-media-va-driver:amd64",
      "version": "24.1.0+dfsg1-1ubuntu0.2",
      "purl": "pkg:deb/intel-media-va-driver:amd64?arch=amd64\u0026distro=noble",
      "source": {
        "source_name": "intel-media-driver",
        "source_version": "24.1.0+dfsg1-1ubuntu0.2"
      }
    },
    {
      "name": "intel-media-va-driver:i386",
      "version": "24.1.0+dfsg1-1ubuntu0.2",
      "purl": "pkg:deb/intel-media-va-driver:i386?arch=i386\u0026distro=noble",
      "source": {
        "source_name": "intel-media-driver",
        "source_version": "24.1.0+dfsg1-1ubuntu0.2"
      }
    },
    {
      "name": "intel-microcode",
      "version": "3.20260210.0ubuntu0.24.04.1",
      "purl": "pkg:deb/intel-microcode?arch=amd64\u0026distro=noble",
      "source": {
        "source_name": "",
        "source_version": ""
      }
    },
    {
      "name": "ipp-usb",
      "version": "0.9.24-0ubuntu3.3",
      "purl": "pkg:deb/ipp-usb?arch=amd64\u0026distro=noble",
      "source": {
        "source_name": "",
        "source_version": ""
      }
    },
    {
      "name": "iproute2",
      "version": "6.1.0-1ubuntu6.4",
      "purl": "pkg:deb/iproute2?arch=amd64\u0026distro=noble",
      "source": {
        "source_name": "",
        "source_version": ""
      }
    },
    {
      "name": "iptables",
      "version": "1.8.10-3ubuntu2",
      "purl": "pkg:deb/iptables?arch=amd64\u0026distro=noble",
      "source": {
        "source_name": "",
        "source_version": ""
      }
    },
    {
      "name": "iputils-ping",
      "version": "3:20240117-1ubuntu0.1",
      "purl": "pkg:deb/iputils-ping?arch=amd64\u0026distro=noble",
      "source": {
        "source_name": "iputils",
        "source_version": "3:20240117-1ubuntu0.1"
      }
    },
    {
      "name": "iputils-tracepath",
      "version": "3:20240117-1ubuntu0.1",
      "purl": "pkg:deb/iputils-tracepath?arch=amd64\u0026distro=noble",
      "source": {
        "source_name": "iputils",
        "source_version": "3:20240117-1ubuntu0.1"
      }
    },
    {
      "name": "ipxe-qemu",
      "version": "1.21.1+git-20220113.fbbdc3926-0ubuntu2",
      "purl": "pkg:deb/ipxe-qemu?arch=all\u0026distro=noble",
      "source": {
        "source_name": "ipxe",
        "source_version": "1.21.1+git-20220113.fbbdc3926-0ubuntu2"
      }
    },
    {
      "name": "ipxe-qemu-256k-compat-efi-roms",
      "version": "1.0.0+git-20150424.a25a16d-0ubuntu5",
      "purl": "pkg:deb/ipxe-qemu-256k-compat-efi-roms?arch=all\u0026distro=noble",
      "source": {
        "source_name": "ipxe-qemu-256k-compat",
        "source_version": "1.0.0+git-20150424.a25a16d-0ubuntu5"
      }
    },
    {
      "name": "iso-codes",
      "version": "4.16.0-1",
      "purl": "pkg:deb/iso-codes?arch=all\u0026distro=noble",
      "source": {
        "source_name": "",
        "source_version": ""
      }
    },
    {
      "name": "isympy-common",
      "version": "1.12-7",
      "purl": "pkg:deb/isympy-common?arch=all\u0026distro=noble",
      "source": {
        "source_name": "sympy",
        "source_version": "1.12-7"
      }
    },
    {
      "name": "isympy3",
      "version": "1.12-7",
      "purl": "pkg:deb/isympy3?arch=all\u0026distro=noble",
      "source": {
        "source_name": "sympy",
        "source_version": "1.12-7"
      }
    },
    {
      "name": "iucode-tool",
      "version": "2.3.1-3build1",
      "purl": "pkg:deb/iucode-tool?arch=amd64\u0026distro=noble",
      "source": {
        "source_name": "",
        "source_version": ""
      }
    },
    {
      "name": "java-common",
      "version": "0.75+exp1",
      "purl": "pkg:deb/java-common?arch=all\u0026distro=noble",
      "source": {
        "source_name": "",
        "source_version": ""
      }
    },
    {
      "name": "javascript-common",
      "version": "11+nmu1",
      "purl": "pkg:deb/javascript-common?arch=all\u0026distro=noble",
      "source": {
        "source_name": "",
        "source_version": ""
      }
    },
    {
      "name": "jfsutils",
      "version": "1.1.15-5build4",
      "purl": "pkg:deb/jfsutils?arch=amd64\u0026distro=noble",
      "source": {
        "source_name": "",
        "source_version": ""
      }
    },
    {
      "name": "jq",
      "version": "1.7.1-3ubuntu0.24.04.2",
      "purl": "pkg:deb/jq?arch=amd64\u0026distro=noble",
      "source": {
        "source_name": "",
        "source_version": ""
      }
    },
    {
      "name": "kaccounts-integration",
      "version": "4:23.08.5-0ubuntu4",
      "purl": "pkg:deb/kaccounts-integration?arch=amd64\u0026distro=noble",
      "source": {
        "source_name": "",
        "source_version": ""
      }
    },
    {
      "name": "kaccounts-providers",
      "version": "4:23.08.5-0ubuntu3",
      "purl": "pkg:deb/kaccounts-providers?arch=amd64\u0026distro=noble",
      "source": {
        "source_name": "",
        "source_version": ""
      }
    },
    {
      "name": "kactivities-bin",
      "version": "5.115.0-0ubuntu3",
      "purl": "pkg:deb/kactivities-bin?arch=amd64\u0026distro=noble",
      "source": {
        "source_name": "kactivities-kf5",
        "source_version": "5.115.0-0ubuntu3"
      }
    },
    {
      "name": "kactivitymanagerd",
      "version": "5.27.11-0ubuntu3",
      "purl": "pkg:deb/kactivitymanagerd?arch=amd64\u0026distro=noble",
      "source": {
        "source_name": "",
        "source_version": ""
      }
    },
    {
      "name": "kamera",
      "version": "4:23.08.5-0ubuntu4",
      "purl": "pkg:deb/kamera?arch=amd64\u0026distro=noble",
      "source": {
        "source_name": "",
        "source_version": ""
      }
    },
    {
      "name": "kate",
      "version": "4:23.08.5-0ubuntu3",
      "purl": "pkg:deb/kate?arch=amd64\u0026distro=noble",
      "source": {
        "source_name": "",
        "source_version": ""
      }
    },
    {
      "name": "kate5-data",
      "version": "4:23.08.5-0ubuntu3",
      "purl": "pkg:deb/kate5-data?arch=all\u0026distro=noble",
      "source": {
        "source_name": "kate",
        "source_version": "4:23.08.5-0ubuntu3"
      }
    },
    {
      "name": "kbd",
      "version": "2.6.4-2ubuntu2",
      "purl": "pkg:deb/kbd?arch=amd64\u0026distro=noble",
      "source": {
        "source_name": "",
        "source_version": ""
      }
    },
    {
      "name": "kcalc",
      "version": "4:23.08.5-0ubuntu4",
      "purl": "pkg:deb/kcalc?arch=amd64\u0026distro=noble",
      "source": {
        "source_name": "",
        "source_version": ""
      }
    },
    {
      "name": "kcharselect",
      "version": "4:23.08.5-0ubuntu4",
      "purl": "pkg:deb/kcharselect?arch=amd64\u0026distro=noble",
      "source": {
        "source_name": "",
        "source_version": ""
      }
    },
    {
      "name": "kde-cli-tools",
      "version": "4:5.27.12-0ubuntu0.1",
      "purl": "pkg:deb/kde-cli-tools?arch=amd64\u0026distro=noble",
      "source": {
        "source_name": "",
        "source_version": ""
      }
    },
    {
      "name": "kde-cli-tools-data",
      "version": "4:5.27.12-0ubuntu0.1",
      "purl": "pkg:deb/kde-cli-tools-data?arch=all\u0026distro=noble",
      "source": {
        "source_name": "kde-cli-tools",
        "source_version": "4:5.27.12-0ubuntu0.1"
      }
    },
    {
      "name": "kde-config-fcitx5",
      "version": "5.1.4-1",
      "purl": "pkg:deb/kde-config-fcitx5?arch=amd64\u0026distro=noble",
      "source": {
        "source_name": "fcitx5-configtool",
        "source_version": "5.1.4-1"
      }
    },
    {
      "name": "kde-config-gtk-style:amd64",
      "version": "4:5.27.12-0ubuntu0.1",
      "purl": "pkg:deb/kde-config-gtk-style:amd64?arch=amd64\u0026distro=noble",
      "source": {
        "source_name": "kde-gtk-config",
        "source_version": "4:5.27.12-0ubuntu0.1"
      }
    },
    {
      "name": "kde-config-gtk-style-preview:amd64",
      "version": "4:5.27.12-0ubuntu0.1",
      "purl": "pkg:deb/kde-config-gtk-style-preview:amd64?arch=amd64\u0026distro=noble",
      "source": {
        "source_name": "kde-gtk-config",
        "source_version": "4:5.27.12-0ubuntu0.1"
      }
    },
    {
      "name": "kde-config-plymouth",
      "version": "5.27.11-0ubuntu2",
      "purl": "pkg:deb/kde-config-plymouth?arch=amd64\u0026distro=noble",
      "source": {
        "source_name": "plymouth-kcm",
        "source_version": "5.27.11-0ubuntu2"
      }
    },
    {
      "name": "kde-config-screenlocker",
      "version": "5.27.11-0ubuntu2",
      "purl": "pkg:deb/kde-config-screenlocker?arch=amd64\u0026distro=noble",
      "source": {
        "source_name": "kscreenlocker",
        "source_version": "5.27.11-0ubuntu2"
      }
    },
    {
      "name": "kde-config-sddm",
      "version": "4:5.27.11-0ubuntu2",
      "purl": "pkg:deb/kde-config-sddm?arch=amd64\u0026distro=noble",
      "source": {
        "source_name": "sddm-kcm",
        "source_version": "4:5.27.11-0ubuntu2"
      }
    },
    {
      "name": "kde-config-tablet",
      "version": "3.2.0-5build2",
      "purl": "pkg:deb/kde-config-tablet?arch=amd64\u0026distro=noble",
      "source": {
        "source_name": "wacomtablet",
        "source_version": "3.2.0-5build2"
      }
    },
    {
      "name": "kde-config-updates",
      "version": "5.27.12-0ubuntu0.1",
      "purl": "pkg:deb/kde-config-updates?arch=amd64\u0026distro=noble",
      "source": {
        "source_name": "plasma-discover",
        "source_version": "5.27.12-0ubuntu0.1"
      }
    },
    {
      "name": "kde-config-whoopsie",
      "version": "15.10ubuntu6",
      "purl": "pkg:deb/kde-config-whoopsie?arch=amd64\u0026distro=noble",
      "source": {
        "source_name": "",
        "source_version": ""
      }
    },
    {
      "name": "kde-spectacle",
      "version": "23.08.5-0ubuntu3",
      "purl": "pkg:deb/kde-spectacle?arch=amd64\u0026distro=noble",
      "source": {
        "source_name": "",
        "source_version": ""
      }
    },
    {
      "name": "kde-style-breeze",
      "version": "4:5.27.12-0ubuntu0.1",
      "purl": "pkg:deb/kde-style-breeze?arch=amd64\u0026distro=noble",
      "source": {
        "source_name": "breeze",
        "source_version": "4:5.27.12-0ubuntu0.1"
      }
    },
    {
      "name": "kde-style-oxygen-qt5",
      "version": "4:5.27.11-0ubuntu2",
      "purl": "pkg:deb/kde-style-oxygen-qt5?arch=amd64\u0026distro=noble",
      "source": {
        "source_name": "oxygen",
        "source_version": "4:5.27.11-0ubuntu2"
      }
    },
    {
      "name": "kdeconnect",
      "version": "23.08.5-0ubuntu5",
      "purl": "pkg:deb/kdeconnect?arch=amd64\u0026distro=noble",
      "source": {
        "source_name": "",
        "source_version": ""
      }
    },
    {
      "name": "kded5",
      "version": "5.115.0-0ubuntu5",
      "purl": "pkg:deb/kded5?arch=amd64\u0026distro=noble",
      "source": {
        "source_name": "kded",
        "source_version": "5.115.0-0ubuntu5"
      }
    },
    {
      "name": "kdegames-card-data-kf5",
      "version": "4:23.08.5-0ubuntu3",
      "purl": "pkg:deb/kdegames-card-data-kf5?arch=all\u0026distro=noble",
      "source": {
        "source_name": "libkdegames",
        "source_version": "4:23.08.5-0ubuntu3"
      }
    },
    {
      "name": "kdegames-mahjongg-data-kf5",
      "version": "4:23.08.5-0ubuntu3",
      "purl": "pkg:deb/kdegames-mahjongg-data-kf5?arch=all\u0026distro=noble",
      "source": {
        "source_name": "libkf5kmahjongg",
        "source_version": "4:23.08.5-0ubuntu3"
      }
    },
    {
      "name": "kdegraphics-thumbnailers",
      "version": "4:23.08.5-0ubuntu4",
      "purl": "pkg:deb/kdegraphics-thumbnailers?arch=amd64\u0026distro=noble",
      "source": {
        "source_name": "",
        "source_version": ""
      }
    },
    {
      "name": "kdenetwork-filesharing",
      "version": "4:23.08.5-0ubuntu4",
      "purl": "pkg:deb/kdenetwork-filesharing?arch=amd64\u0026distro=noble",
      "source": {
        "source_name": "",
        "source_version": ""
      }
    },
    {
      "name": "kdenlive-data",
      "version": "4:23.08.5-0ubuntu4",
      "purl": "pkg:deb/kdenlive-data?arch=all\u0026distro=noble",
      "source": {
        "source_name": "kdenlive",
        "source_version": "4:23.08.5-0ubuntu4"
      }
    },
    {
      "name": "kdeplasma-addons-data",
      "version": "4:5.27.11-0ubuntu3",
      "purl": "pkg:deb/kdeplasma-addons-data?arch=all\u0026distro=noble",
      "source": {
        "source_name": "kdeplasma-addons",
        "source_version": "4:5.27.11-0ubuntu3"
      }
    },
    {
      "name": "kdialog",
      "version": "4:23.08.5-0ubuntu4",
      "purl": "pkg:deb/kdialog?arch=amd64\u0026distro=noble",
      "source": {
        "source_name": "",
        "source_version": ""
      }
    },
    {
      "name": "kdoctools5",
      "version": "5.115.0-0ubuntu5",
      "purl": "pkg:deb/kdoctools5?arch=amd64\u0026distro=noble",
      "source": {
        "source_name": "kdoctools",
        "source_version": "5.115.0-0ubuntu5"
      }
    },
    {
      "name": "keditbookmarks",
      "version": "23.08.5-0ubuntu4",
      "purl": "pkg:deb/keditbookmarks?arch=amd64\u0026distro=noble",
      "source": {
        "source_name": "",
        "source_version": ""
      }
    },
    {
      "name": "kerneloops",
      "version": "0.12+git20140509-6ubuntu8",
      "purl": "pkg:deb/kerneloops?arch=amd64\u0026distro=noble",
      "source": {
        "source_name": "",
        "source_version": ""
      }
    },
    {
      "name": "keyboard-configuration",
      "version": "1.226ubuntu1.1",
      "purl": "pkg:deb/keyboard-configuration?arch=all\u0026distro=noble",
      "source": {
        "source_name": "console-setup",
        "source_version": "1.226ubuntu1.1"
      }
    },
    {
      "name": "keyboxd",
      "version": "2.4.4-2ubuntu17.6",
      "purl": "pkg:deb/keyboxd?arch=amd64\u0026distro=noble",
      "source": {
        "source_name": "gnupg2",
        "source_version": "2.4.4-2ubuntu17.6"
      }
    },
    {
      "name": "keyutils",
      "version": "1.6.3-3build1",
      "purl": "pkg:deb/keyutils?arch=amd64\u0026distro=noble",
      "source": {
        "source_name": "",
        "source_version": ""
      }
    },
    {
      "name": "kgamma5:amd64",
      "version": "4:5.27.11-0ubuntu3",
      "purl": "pkg:deb/kgamma5:amd64?arch=amd64\u0026distro=noble",
      "source": {
        "source_name": "",
        "source_version": ""
      }
    },
    {
      "name": "khelpcenter",
      "version": "4:23.08.5-0ubuntu4",
      "purl": "pkg:deb/khelpcenter?arch=amd64\u0026distro=noble",
      "source": {
        "source_name": "",
        "source_version": ""
      }
    },
    {
      "name": "khotkeys:amd64",
      "version": "4:5.27.11-0ubuntu2",
      "purl": "pkg:deb/khotkeys:amd64?arch=amd64\u0026distro=noble",
      "source": {
        "source_name": "",
        "source_version": ""
      }
    },
    {
      "name": "khotkeys-data",
      "version": "4:5.27.11-0ubuntu2",
      "purl": "pkg:deb/khotkeys-data?arch=all\u0026distro=noble",
      "source": {
        "source_name": "khotkeys",
        "source_version": "4:5.27.11-0ubuntu2"
      }
    },
    {
      "name": "kimageformat-plugins",
      "version": "5.115.0-0ubuntu7",
      "purl": "pkg:deb/kimageformat-plugins?arch=amd64\u0026distro=noble",
      "source": {
        "source_name": "kimageformats",
        "source_version": "5.115.0-0ubuntu7"
      }
    },
    {
      "name": "kinfocenter",
      "version": "4:5.27.12-0ubuntu0.1",
      "purl": "pkg:deb/kinfocenter?arch=amd64\u0026distro=noble",
      "source": {
        "source_name": "",
        "source_version": ""
      }
    },
    {
      "name": "kinit",
      "version": "5.115.0-0ubuntu6",
      "purl": "pkg:deb/kinit?arch=amd64\u0026distro=noble",
      "source": {
        "source_name": "",
        "source_version": ""
      }
    },
    {
      "name": "kio",
      "version": "5.115.0-0ubuntu6",
      "purl": "pkg:deb/kio?arch=amd64\u0026distro=noble",
      "source": {
        "source_name": "",
        "source_version": ""
      }
    },
    {
      "name": "kio-admin",
      "version": "23.08.5-0ubuntu4",
      "purl": "pkg:deb/kio-admin?arch=amd64\u0026distro=noble",
      "source": {
        "source_name": "",
        "source_version": ""
      }
    },
    {
      "name": "kio-audiocd",
      "version": "4:23.08.5-0ubuntu4",
      "purl": "pkg:deb/kio-audiocd?arch=amd64\u0026distro=noble",
      "source": {
        "source_name": "audiocd-kio",
        "source_version": "4:23.08.5-0ubuntu4"
      }
    },
    {
      "name": "kio-extras",
      "version": "4:23.08.5-0ubuntu5",
      "purl": "pkg:deb/kio-extras?arch=amd64\u0026distro=noble",
      "source": {
        "source_name": "",
        "source_version": ""
      }
    },
    {
      "name": "kio-extras-data",
      "version": "4:23.08.5-0ubuntu5",
      "purl": "pkg:deb/kio-extras-data?arch=all\u0026distro=noble",
      "source": {
        "source_name": "kio-extras",
        "source_version": "4:23.08.5-0ubuntu5"
      }
    },
    {
      "name": "kio-fuse",
      "version": "5.1.0-0ubuntu4",
      "purl": "pkg:deb/kio-fuse?arch=amd64\u0026distro=noble",
      "source": {
        "source_name": "",
        "source_version": ""
      }
    },
    {
      "name": "kio-gdrive",
      "version": "23.08.5-0ubuntu4",
      "purl": "pkg:deb/kio-gdrive?arch=amd64\u0026distro=noble",
      "source": {
        "source_name": "",
        "source_version": ""
      }
    },
    {
      "name": "kirigami-addons-data",
      "version": "0.11.0-0ubuntu5",
      "purl": "pkg:deb/kirigami-addons-data?arch=all\u0026distro=noble",
      "source": {
        "source_name": "kirigami-addons",
        "source_version": "0.11.0-0ubuntu5"
      }
    },
    {
      "name": "klibc-utils",
      "version": "2.0.13-4ubuntu0.2",
      "purl": "pkg:deb/klibc-utils?arch=amd64\u0026distro=noble",
      "source": {
        "source_name": "klibc",
        "source_version": "2.0.13-4ubuntu0.2"
      }
    },
    {
      "name": "kmahjongg",
      "version": "4:23.08.5-0ubuntu4",
      "purl": "pkg:deb/kmahjongg?arch=amd64\u0026distro=noble",
      "source": {
        "source_name": "",
        "source_version": ""
      }
    },
    {
      "name": "kmenuedit",
      "version": "4:5.27.11-0ubuntu3",
      "purl": "pkg:deb/kmenuedit?arch=amd64\u0026distro=noble",
      "source": {
        "source_name": "",
        "source_version": ""
      }
    },
    {
      "name": "kmines",
      "version": "4:23.08.5-0ubuntu4",
      "purl": "pkg:deb/kmines?arch=amd64\u0026distro=noble",
      "source": {
        "source_name": "",
        "source_version": ""
      }
    },
    {
      "name": "kmod",
      "version": "31+20240202-2ubuntu7.2",
      "purl": "pkg:deb/kmod?arch=amd64\u0026distro=noble",
      "source": {
        "source_name": "",
        "source_version": ""
      }
    },
    {
      "name": "konsole",
      "version": "4:23.08.5-0ubuntu4",
      "purl": "pkg:deb/konsole?arch=amd64\u0026distro=noble",
      "source": {
        "source_name": "",
        "source_version": ""
      }
    },
    {
      "name": "konsole-kpart",
      "version": "4:23.08.5-0ubuntu4",
      "purl": "pkg:deb/konsole-kpart?arch=amd64\u0026distro=noble",
      "source": {
        "source_name": "konsole",
        "source_version": "4:23.08.5-0ubuntu4"
      }
    },
    {
      "name": "konversation",
      "version": "23.08.5-0ubuntu4",
      "purl": "pkg:deb/konversation?arch=amd64\u0026distro=noble",
      "source": {
        "source_name": "",
        "source_version": ""
      }
    },
    {
      "name": "konversation-data",
      "version": "23.08.5-0ubuntu4",
      "purl": "pkg:deb/konversation-data?arch=all\u0026distro=noble",
      "source": {
        "source_name": "konversation",
        "source_version": "23.08.5-0ubuntu4"
      }
    },
    {
      "name": "kpackagelauncherqml",
      "version": "5.115.0-0ubuntu5",
      "purl": "pkg:deb/kpackagelauncherqml?arch=amd64\u0026distro=noble",
      "source": {
        "source_name": "kdeclarative",
        "source_version": "5.115.0-0ubuntu5"
      }
    },
    {
      "name": "kpackagetool5",
      "version": "5.115.0-0ubuntu5",
      "purl": "pkg:deb/kpackagetool5?arch=amd64\u0026distro=noble",
      "source": {
        "source_name": "kpackage",
        "source_version": "5.115.0-0ubuntu5"
      }
    },
    {
      "name": "kpartx",
      "version": "0.9.4-5ubuntu8.2",
      "purl": "pkg:deb/kpartx?arch=amd64\u0026distro=noble",
      "source": {
        "source_name": "multipath-tools",
        "source_version": "0.9.4-5ubuntu8.2"
      }
    },
    {
      "name": "kpartx-boot",
      "version": "0.9.4-5ubuntu8.2",
      "purl": "pkg:deb/kpartx-boot?arch=all\u0026distro=noble",
      "source": {
        "source_name": "multipath-tools",
        "source_version": "0.9.4-5ubuntu8.2"
      }
    },
    {
      "name": "kpat",
      "version": "4:23.08.5-0ubuntu4",
      "purl": "pkg:deb/kpat?arch=amd64\u0026distro=noble",
      "source": {
        "source_name": "",
        "source_version": ""
      }
    },
    {
      "name": "kpeople-vcard:amd64",
      "version": "0.1-3build3",
      "purl": "pkg:deb/kpeople-vcard:amd64?arch=amd64\u0026distro=noble",
      "source": {
        "source_name": "kpeoplevcard",
        "source_version": "0.1-3build3"
      }
    },
    {
      "name": "krb5-locales",
      "version": "1.20.1-6ubuntu2.8",
      "purl": "pkg:deb/krb5-locales?arch=all\u0026distro=noble",
      "source": {
        "source_name": "krb5",
        "source_version": "1.20.1-6ubuntu2.8"
      }
    },
    {
      "name": "krdc",
      "version": "4:23.08.5-0ubuntu4",
      "purl": "pkg:deb/krdc?arch=amd64\u0026distro=noble",
      "source": {
        "source_name": "",
        "source_version": ""
      }
    },
    {
      "name": "kscreen",
      "version": "4:5.27.11-0ubuntu2",
      "purl": "pkg:deb/kscreen?arch=amd64\u0026distro=noble",
      "source": {
        "source_name": "",
        "source_version": ""
      }
    },
    {
      "name": "ksshaskpass",
      "version": "4:5.27.11-0ubuntu3",
      "purl": "pkg:deb/ksshaskpass?arch=amd64\u0026distro=noble",
      "source": {
        "source_name": "",
        "source_version": ""
      }
    },
    {
      "name": "ksudoku",
      "version": "4:23.08.5-0ubuntu4",
      "purl": "pkg:deb/ksudoku?arch=amd64\u0026distro=noble",
      "source": {
        "source_name": "",
        "source_version": ""
      }
    },
    {
      "name": "ksystemlog",
      "version": "4:23.08.5-0ubuntu4",
      "purl": "pkg:deb/ksystemlog?arch=amd64\u0026distro=noble",
      "source": {
        "source_name": "",
        "source_version": ""
      }
    },
    {
      "name": "ksystemstats",
      "version": "5.27.11-0ubuntu2",
      "purl": "pkg:deb/ksystemstats?arch=amd64\u0026distro=noble",
      "source": {
        "source_name": "",
        "source_version": ""
      }
    },
    {
      "name": "ktexteditor-data",
      "version": "5.115.0-0ubuntu4",
      "purl": "pkg:deb/ktexteditor-data?arch=all\u0026distro=noble",
      "source": {
        "source_name": "ktexteditor",
        "source_version": "5.115.0-0ubuntu4"
      }
    },
    {
      "name": "ktexteditor-katepart",
      "version": "5.115.0-0ubuntu4",
      "purl": "pkg:deb/ktexteditor-katepart?arch=amd64\u0026distro=noble",
      "source": {
        "source_name": "ktexteditor",
        "source_version": "5.115.0-0ubuntu4"
      }
    },
    {
      "name": "kubuntu-desktop",
      "version": "1.451.2",
      "purl": "pkg:deb/kubuntu-desktop?arch=amd64\u0026distro=noble",
      "source": {
        "source_name": "kubuntu-meta",
        "source_version": "1.451.2"
      }
    },
    {
      "name": "kubuntu-notification-helper",
      "version": "19.10ubuntu5",
      "purl": "pkg:deb/kubuntu-notification-helper?arch=amd64\u0026distro=noble",
      "source": {
        "source_name": "",
        "source_version": ""
      }
    },
    {
      "name": "kubuntu-settings-desktop",
      "version": "1:24.04.13",
      "purl": "pkg:deb/kubuntu-settings-desktop?arch=all\u0026distro=noble",
      "source": {
        "source_name": "kubuntu-settings",
        "source_version": "1:24.04.13"
      }
    },
    {
      "name": "kubuntu-wallpapers",
      "version": "24.04.2",
      "purl": "pkg:deb/kubuntu-wallpapers?arch=all\u0026distro=noble",
      "source": {
        "source_name": "",
        "source_version": ""
      }
    },
    {
      "name": "kubuntu-web-shortcuts",
      "version": "17.04ubuntu2",
      "purl": "pkg:deb/kubuntu-web-shortcuts?arch=all\u0026distro=noble",
      "source": {
        "source_name": "",
        "source_version": ""
      }
    },
    {
      "name": "kup-backup",
      "version": "0.9.1-1build5",
      "purl": "pkg:deb/kup-backup?arch=amd64\u0026distro=noble",
      "source": {
        "source_name": "",
        "source_version": ""
      }
    },
    {
      "name": "kuserfeedback-doc",
      "version": "1.3.0-3build3",
      "purl": "pkg:deb/kuserfeedback-doc?arch=all\u0026distro=noble",
      "source": {
        "source_name": "kuserfeedback",
        "source_version": "1.3.0-3build3"
      }
    },
    {
      "name": "kwalletmanager",
      "version": "4:23.08.5-0ubuntu4",
      "purl": "pkg:deb/kwalletmanager?arch=amd64\u0026distro=noble",
      "source": {
        "source_name": "",
        "source_version": ""
      }
    },
    {
      "name": "kwayland-data",
      "version": "4:5.115.0-0ubuntu5",
      "purl": "pkg:deb/kwayland-data?arch=all\u0026distro=noble",
      "source": {
        "source_name": "kwayland",
        "source_version": "4:5.115.0-0ubuntu5"
      }
    },
    {
      "name": "kwayland-integration:amd64",
      "version": "4:5.27.11-0ubuntu3",
      "purl": "pkg:deb/kwayland-integration:amd64?arch=amd64\u0026distro=noble",
      "source": {
        "source_name": "",
        "source_version": ""
      }
    },
    {
      "name": "kwin-addons:amd64",
      "version": "4:5.27.11-0ubuntu3",
      "purl": "pkg:deb/kwin-addons:amd64?arch=amd64\u0026distro=noble",
      "source": {
        "source_name": "kdeplasma-addons",
        "source_version": "4:5.27.11-0ubuntu3"
      }
    },
    {
      "name": "kwin-common",
      "version": "4:5.27.11-0ubuntu3",
      "purl": "pkg:deb/kwin-common?arch=amd64\u0026distro=noble",
      "source": {
        "source_name": "kwin",
        "source_version": "4:5.27.11-0ubuntu3"
      }
    },
    {
      "name": "kwin-data",
      "version": "4:5.27.11-0ubuntu3",
      "purl": "pkg:deb/kwin-data?arch=all\u0026distro=noble",
      "source": {
        "source_name": "kwin",
        "source_version": "4:5.27.11-0ubuntu3"
      }
    },
    {
      "name": "kwin-decoration-oxygen:amd64",
      "version": "4:5.27.11-0ubuntu2",
      "purl": "pkg:deb/kwin-decoration-oxygen:amd64?arch=amd64\u0026distro=noble",
      "source": {
        "source_name": "oxygen",
        "source_version": "4:5.27.11-0ubuntu2"
      }
    },
    {
      "name": "kwin-style-breeze",
      "version": "4:5.27.12-0ubuntu0.1",
      "purl": "pkg:deb/kwin-style-breeze?arch=amd64\u0026distro=noble",
      "source": {
        "source_name": "breeze",
        "source_version": "4:5.27.12-0ubuntu0.1"
      }
    },
    {
      "name": "kwin-wayland",
      "version": "4:5.27.11-0ubuntu3",
      "purl": "pkg:deb/kwin-wayland?arch=amd64\u0026distro=noble",
      "source": {
        "source_name": "kwin",
        "source_version": "4:5.27.11-0ubuntu3"
      }
    },
    {
      "name": "kwin-x11",
      "version": "4:5.27.11-0ubuntu3",
      "purl": "pkg:deb/kwin-x11?arch=amd64\u0026distro=noble",
      "source": {
        "source_name": "kwin",
        "source_version": "4:5.27.11-0ubuntu3"
      }
    },
    {
      "name": "kwrited",
      "version": "4:5.27.11-0ubuntu3",
      "purl": "pkg:deb/kwrited?arch=amd64\u0026distro=noble",
      "source": {
        "source_name": "",
        "source_version": ""
      }
    },
    {
      "name": "lame",
      "version": "3.100-6build1",
      "purl": "pkg:deb/lame?arch=amd64\u0026distro=noble",
      "source": {
        "source_name": "",
        "source_version": ""
      }
    },
    {
      "name": "language-pack-en",
      "version": "1:24.04+20260905",
      "purl": "pkg:deb/language-pack-en?arch=all\u0026distro=noble",
      "source": {
        "source_name": "",
        "source_version": ""
      }
    },
    {
      "name": "language-pack-en-base",
      "version": "1:24.04+20260905",
      "purl": "pkg:deb/language-pack-en-base?arch=all\u0026distro=noble",
      "source": {
        "source_name": "",
        "source_version": ""
      }
    },
    {
      "name": "language-selector-common",
      "version": "0.225",
      "purl": "pkg:deb/language-selector-common?arch=all\u0026distro=noble",
      "source": {
        "source_name": "language-selector",
        "source_version": "0.225"
      }
    },
    {
      "name": "language-selector-gnome",
      "version": "0.225",
      "purl": "pkg:deb/language-selector-gnome?arch=all\u0026distro=noble",
      "source": {
        "source_name": "language-selector",
        "source_version": "0.225"
      }
    },
    {
      "name": "laptop-detect",
      "version": "0.16",
      "purl": "pkg:deb/laptop-detect?arch=all\u0026distro=noble",
      "source": {
        "source_name": "",
        "source_version": ""
      }
    },
    {
      "name": "layer-shell-qt",
      "version": "5.27.11-0ubuntu3",
      "purl": "pkg:deb/layer-shell-qt?arch=amd64\u0026distro=noble",
      "source": {
        "source_name": "",
        "source_version": ""
      }
    },
    {
      "name": "less",
      "version": "590-2ubuntu2.1",
      "purl": "pkg:deb/less?arch=amd64\u0026distro=noble",
      "source": {
        "source_name": "",
        "source_version": ""
      }
    },
    {
      "name": "lib32gcc-s1",
      "version": "14.2.0-4ubuntu2~24.04.1",
      "purl": "pkg:deb/lib32gcc-s1?arch=amd64\u0026distro=noble",
      "source": {
        "source_name": "gcc-14",
        "source_version": "14.2.0-4ubuntu2~24.04.1"
      }
    },
    {
      "name": "lib32stdc++6",
      "version": "14.2.0-4ubuntu2~24.04.1",
      "purl": "pkg:deb/lib32stdc++6?arch=amd64\u0026distro=noble",
      "source": {
        "source_name": "gcc-14",
        "source_version": "14.2.0-4ubuntu2~24.04.1"
      }
    },
    {
      "name": "liba52-0.7.4:amd64",
      "version": "0.7.4-20build1",
      "purl": "pkg:deb/liba52-0.7.4:amd64?arch=amd64\u0026distro=noble",
      "source": {
        "source_name": "a52dec",
        "source_version": "0.7.4-20build1"
      }
    },
    {
      "name": "libaa1:amd64",
      "version": "1.4p5-51.1",
      "purl": "pkg:deb/libaa1:amd64?arch=amd64\u0026distro=noble",
      "source": {
        "source_name": "aalib",
        "source_version": "1.4p5-51.1"
      }
    },
    {
      "name": "libaa1:i386",
      "version": "1.4p5-51.1",
      "purl": "pkg:deb/libaa1:i386?arch=i386\u0026distro=noble",
      "source": {
        "source_name": "aalib",
        "source_version": "1.4p5-51.1"
      }
    },
    {
      "name": "libaacs0:amd64",
      "version": "0.11.1-2build1",
      "purl": "pkg:deb/libaacs0:amd64?arch=amd64\u0026distro=noble",
      "source": {
        "source_name": "libaacs",
        "source_version": "0.11.1-2build1"
      }
    },
    {
      "name": "libabsl20220623t64:amd64",
      "version": "20220623.1-3.1ubuntu3.2",
      "purl": "pkg:deb/libabsl20220623t64:amd64?arch=amd64\u0026distro=noble",
      "source": {
        "source_name": "abseil",
        "source_version": "20220623.1-3.1ubuntu3.2"
      }
    },
    {
      "name": "libabw-0.1-1:amd64",
      "version": "0.1.3-1build4",
      "purl": "pkg:deb/libabw-0.1-1:amd64?arch=amd64\u0026distro=noble",
      "source": {
        "source_name": "libabw",
        "source_version": "0.1.3-1build4"
      }
    },
    {
      "name": "libaccounts-glib0:amd64",
      "version": "1.26-1build3",
      "purl": "pkg:deb/libaccounts-glib0:amd64?arch=amd64\u0026distro=noble",
      "source": {
        "source_name": "libaccounts-glib",
        "source_version": "1.26-1build3"
      }
    },
    {
      "name": "libaccounts-qt5-1:amd64",
      "version": "1.16-2build4",
      "purl": "pkg:deb/libaccounts-qt5-1:amd64?arch=amd64\u0026distro=noble",
      "source": {
        "source_name": "libaccounts-qt",
        "source_version": "1.16-2build4"
      }
    },
    {
      "name": "libaccountsservice0:amd64",
      "version": "23.13.9-2ubuntu6.1",
      "purl": "pkg:deb/libaccountsservice0:amd64?arch=amd64\u0026distro=noble",
      "source": {
        "source_name": "accountsservice",
        "source_version": "23.13.9-2ubuntu6.1"
      }
    },
    {
      "name": "libacl1:amd64",
      "version": "2.3.2-1build1.1",
      "purl": "pkg:deb/libacl1:amd64?arch=amd64\u0026distro=noble",
      "source": {
        "source_name": "acl",
        "source_version": "2.3.2-1build1.1"
      }
    },
    {
      "name": "libadwaita-1-0:amd64",
      "version": "1.5.0-1ubuntu2",
      "purl": "pkg:deb/libadwaita-1-0:amd64?arch=amd64\u0026distro=noble",
      "source": {
        "source_name": "libadwaita-1",
        "source_version": "1.5.0-1ubuntu2"
      }
    },
    {
      "name": "libaec0:amd64",
      "version": "1.1.2-1build1",
      "purl": "pkg:deb/libaec0:amd64?arch=amd64\u0026distro=noble",
      "source": {
        "source_name": "libaec",
        "source_version": "1.1.2-1build1"
      }
    },
    {
      "name": "libafflib0t64:amd64",
      "version": "3.7.20-1.1ubuntu5",
      "purl": "pkg:deb/libafflib0t64:amd64?arch=amd64\u0026distro=noble",
      "source": {
        "source_name": "afflib",
        "source_version": "3.7.20-1.1ubuntu5"
      }
    },
    {
      "name": "libaio1t64:amd64",
      "version": "0.3.113-6build1.1",
      "purl": "pkg:deb/libaio1t64:amd64?arch=amd64\u0026distro=noble",
      "source": {
        "source_name": "libaio",
        "source_version": "0.3.113-6build1.1"
      }
    },
    {
      "name": "libalgorithm-diff-perl",
      "version": "1.201-1",
      "purl": "pkg:deb/libalgorithm-diff-perl?arch=all\u0026distro=noble",
      "source": {
        "source_name": "",
        "source_version": ""
      }
    },
    {
      "name": "libalgorithm-diff-xs-perl:amd64",
      "version": "0.04-8build3",
      "purl": "pkg:deb/libalgorithm-diff-xs-perl:amd64?arch=amd64\u0026distro=noble",
      "source": {
        "source_name": "",
        "source_version": ""
      }
    },
    {
      "name": "libalgorithm-merge-perl",
      "version": "0.08-5",
      "purl": "pkg:deb/libalgorithm-merge-perl?arch=all\u0026distro=noble",
      "source": {
        "source_name": "",
        "source_version": ""
      }
    },
    {
      "name": "libamd-comgr2:amd64",
      "version": "6.0+git20231212.4510c28+dfsg-3build2",
      "purl": "pkg:deb/libamd-comgr2:amd64?arch=amd64\u0026distro=noble",
      "source": {
        "source_name": "rocm-compilersupport",
        "source_version": "6.0+git20231212.4510c28+dfsg-3build2"
      }
    },
    {
      "name": "libamdhip64-5",
      "version": "5.7.1-3",
      "purl": "pkg:deb/libamdhip64-5?arch=amd64\u0026distro=noble",
      "source": {
        "source_name": "rocm-hipamd",
        "source_version": "5.7.1-3"
      }
    },
    {
      "name": "libao-common",
      "version": "1.2.2+20180113-1.1ubuntu4",
      "purl": "pkg:deb/libao-common?arch=all\u0026distro=noble",
      "source": {
        "source_name": "libao",
        "source_version": "1.2.2+20180113-1.1ubuntu4"
      }
    },
    {
      "name": "libao4:amd64",
      "version": "1.2.2+20180113-1.1ubuntu4",
      "purl": "pkg:deb/libao4:amd64?arch=amd64\u0026distro=noble",
      "source": {
        "source_name": "libao",
        "source_version": "1.2.2+20180113-1.1ubuntu4"
      }
    },
    {
      "name": "libaom3:amd64",
      "version": "3.8.2-2ubuntu0.2",
      "purl": "pkg:deb/libaom3:amd64?arch=amd64\u0026distro=noble",
      "source": {
        "source_name": "aom",
        "source_version": "3.8.2-2ubuntu0.2"
      }
    },
    {
      "name": "libaom3:i386",
      "version": "3.8.2-2ubuntu0.2",
      "purl": "pkg:deb/libaom3:i386?arch=i386\u0026distro=noble",
      "source": {
        "source_name": "aom",
        "source_version": "3.8.2-2ubuntu0.2"
      }
    },
    {
      "name": "libapparmor1:amd64",
      "version": "4.0.1really4.0.1-0ubuntu0.24.04.7",
      "purl": "pkg:deb/libapparmor1:amd64?arch=amd64\u0026distro=noble",
      "source": {
        "source_name": "apparmor",
        "source_version": "4.0.1really4.0.1-0ubuntu0.24.04.7"
      }
    },
    {
      "name": "libapparmor1:i386",
      "version": "4.0.1really4.0.1-0ubuntu0.24.04.7",
      "purl": "pkg:deb/libapparmor1:i386?arch=i386\u0026distro=noble",
      "source": {
        "source_name": "apparmor",
        "source_version": "4.0.1really4.0.1-0ubuntu0.24.04.7"
      }
    },
    {
      "name": "libappimage1.0abi1t64:amd64",
      "version": "1.0.4-5-3.1ubuntu2",
      "purl": "pkg:deb/libappimage1.0abi1t64:amd64?arch=amd64\u0026distro=noble",
      "source": {
        "source_name": "libappimage",
        "source_version": "1.0.4-5-3.1ubuntu2"
      }
    },
    {
      "name": "libappmenu-gtk3-parser0:amd64",
      "version": "0.7.6-2.1ubuntu2",
      "purl": "pkg:deb/libappmenu-gtk3-parser0:amd64?arch=amd64\u0026distro=noble",
      "source": {
        "source_name": "appmenu-gtk-module",
        "source_version": "0.7.6-2.1ubuntu2"
      }
    },
    {
      "name": "libappstream5:amd64",
      "version": "1.0.2-1build6",
      "purl": "pkg:deb/libappstream5:amd64?arch=amd64\u0026distro=noble",
      "source": {
        "source_name": "appstream",
        "source_version": "1.0.2-1build6"
      }
    },
    {
      "name": "libappstreamqt5-3:amd64",
      "version": "1.0.2-1build6",
      "purl": "pkg:deb/libappstreamqt5-3:amd64?arch=amd64\u0026distro=noble",
      "source": {
        "source_name": "appstream",
        "source_version": "1.0.2-1build6"
      }
    },
    {
      "name": "libapt-pkg6.0t64:amd64",
      "version": "2.8.3",
      "purl": "pkg:deb/libapt-pkg6.0t64:amd64?arch=amd64\u0026distro=noble",
      "source": {
        "source_name": "apt",
        "source_version": "2.8.3"
      }
    },
    {
      "name": "libarchive13t64:amd64",
      "version": "3.7.2-2ubuntu0.8",
      "purl": "pkg:deb/libarchive13t64:amd64?arch=amd64\u0026distro=noble",
      "source": {
        "source_name": "libarchive",
        "source_version": "3.7.2-2ubuntu0.8"
      }
    },
    {
      "name": "libargon2-1:amd64",
      "version": "0~20190702+dfsg-4build1",
      "purl": "pkg:deb/libargon2-1:amd64?arch=amd64\u0026distro=noble",
      "source": {
        "source_name": "argon2",
        "source_version": "0~20190702+dfsg-4build1"
      }
    },
    {
      "name": "libaria2-0:amd64",
      "version": "1.37.0+debian-1build3",
      "purl": "pkg:deb/libaria2-0:amd64?arch=amd64\u0026distro=noble",
      "source": {
        "source_name": "aria2",
        "source_version": "1.37.0+debian-1build3"
      }
    },
    {
      "name": "libaribb24-0t64:amd64",
      "version": "1.0.3-2.1build2",
      "purl": "pkg:deb/libaribb24-0t64:amd64?arch=amd64\u0026distro=noble",
      "source": {
        "source_name": "aribb24",
        "source_version": "1.0.3-2.1build2"
      }
    },
    {
      "name": "libarmadillo12",
      "version": "1:12.6.7+dfsg-1build2",
      "purl": "pkg:deb/libarmadillo12?arch=amd64\u0026distro=noble",
      "source": {
        "source_name": "armadillo",
        "source_version": "1:12.6.7+dfsg-1build2"
      }
    },
    {
      "name": "libarpack2t64:amd64",
      "version": "3.9.1-1.1build2",
      "purl": "pkg:deb/libarpack2t64:amd64?arch=amd64\u0026distro=noble",
      "source": {
        "source_name": "arpack",
        "source_version": "3.9.1-1.1build2"
      }
    },
    {
      "name": "libasan8:amd64",
      "version": "14.2.0-4ubuntu2~24.04.1",
      "purl": "pkg:deb/libasan8:amd64?arch=amd64\u0026distro=noble",
      "source": {
        "source_name": "gcc-14",
        "source_version": "14.2.0-4ubuntu2~24.04.1"
      }
    },
    {
      "name": "libasound2-data",
      "version": "1.2.11-1ubuntu0.3",
      "purl": "pkg:deb/libasound2-data?arch=all\u0026distro=noble",
      "source": {
        "source_name": "alsa-lib",
        "source_version": "1.2.11-1ubuntu0.3"
      }
    },
    {
      "name": "libasound2-plugins:amd64",
      "version": "1.2.7.1-1ubuntu5",
      "purl": "pkg:deb/libasound2-plugins:amd64?arch=amd64\u0026distro=noble",
      "source": {
        "source_name": "alsa-plugins",
        "source_version": "1.2.7.1-1ubuntu5"
      }
    },
    {
      "name": "libasound2-plugins:i386",
      "version": "1.2.7.1-1ubuntu5",
      "purl": "pkg:deb/libasound2-plugins:i386?arch=i386\u0026distro=noble",
      "source": {
        "source_name": "alsa-plugins",
        "source_version": "1.2.7.1-1ubuntu5"
      }
    },
    {
      "name": "libasound2t64:amd64",
      "version": "1.2.11-1ubuntu0.3",
      "purl": "pkg:deb/libasound2t64:amd64?arch=amd64\u0026distro=noble",
      "source": {
        "source_name": "alsa-lib",
        "source_version": "1.2.11-1ubuntu0.3"
      }
    },
    {
      "name": "libasound2t64:i386",
      "version": "1.2.11-1ubuntu0.3",
      "purl": "pkg:deb/libasound2t64:i386?arch=i386\u0026distro=noble",
      "source": {
        "source_name": "alsa-lib",
        "source_version": "1.2.11-1ubuntu0.3"
      }
    },
    {
      "name": "libaspell15:amd64",
      "version": "0.60.8.1-1build1",
      "purl": "pkg:deb/libaspell15:amd64?arch=amd64\u0026distro=noble",
      "source": {
        "source_name": "aspell",
        "source_version": "0.60.8.1-1build1"
      }
    },
    {
      "name": "libass9:amd64",
      "version": "1:0.17.1-2build1",
      "purl": "pkg:deb/libass9:amd64?arch=amd64\u0026distro=noble",
      "source": {
        "source_name": "libass",
        "source_version": "1:0.17.1-2build1"
      }
    },
    {
      "name": "libassuan0:amd64",
      "version": "2.5.6-1build1",
      "purl": "pkg:deb/libassuan0:amd64?arch=amd64\u0026distro=noble",
      "source": {
        "source_name": "libassuan",
        "source_version": "2.5.6-1build1"
      }
    },
    {
      "name": "libastyle3:amd64",
      "version": "3.1-3build1",
      "purl": "pkg:deb/libastyle3:amd64?arch=amd64\u0026distro=noble",
      "source": {
        "source_name": "astyle",
        "source_version": "3.1-3build1"
      }
    },
    {
      "name": "libasyncns0:amd64",
      "version": "0.8-6build4",
      "purl": "pkg:deb/libasyncns0:amd64?arch=amd64\u0026distro=noble",
      "source": {
        "source_name": "libasyncns",
        "source_version": "0.8-6build4"
      }
    },
    {
      "name": "libasyncns0:i386",
      "version": "0.8-6build4",
      "purl": "pkg:deb/libasyncns0:i386?arch=i386\u0026distro=noble",
      "source": {
        "source_name": "libasyncns",
        "source_version": "0.8-6build4"
      }
    },
    {
      "name": "libatasmart4:amd64",
      "version": "0.19-5build3",
      "purl": "pkg:deb/libatasmart4:amd64?arch=amd64\u0026distro=noble",
      "source": {
        "source_name": "libatasmart",
        "source_version": "0.19-5build3"
      }
    },
    {
      "name": "libatk-bridge2.0-0t64:amd64",
      "version": "2.52.0-1build1",
      "purl": "pkg:deb/libatk-bridge2.0-0t64:amd64?arch=amd64\u0026distro=noble",
      "source": {
        "source_name": "at-spi2-core",
        "source_version": "2.52.0-1build1"
      }
    },
    {
      "name": "libatk-bridge2.0-0t64:i386",
      "version": "2.52.0-1build1",
      "purl": "pkg:deb/libatk-bridge2.0-0t64:i386?arch=i386\u0026distro=noble",
      "source": {
        "source_name": "at-spi2-core",
        "source_version": "2.52.0-1build1"
      }
    },
    {
      "name": "libatk-wrapper-java",
      "version": "0.40.0-3build2",
      "purl": "pkg:deb/libatk-wrapper-java?arch=all\u0026distro=noble",
      "source": {
        "source_name": "java-atk-wrapper",
        "source_version": "0.40.0-3build2"
      }
    },
    {
      "name": "libatk-wrapper-java-jni:amd64",
      "version": "0.40.0-3build2",
      "purl": "pkg:deb/libatk-wrapper-java-jni:amd64?arch=amd64\u0026distro=noble",
      "source": {
        "source_name": "java-atk-wrapper",
        "source_version": "0.40.0-3build2"
      }
    },
    {
      "name": "libatk1.0-0t64:amd64",
      "version": "2.52.0-1build1",
      "purl": "pkg:deb/libatk1.0-0t64:amd64?arch=amd64\u0026distro=noble",
      "source": {
        "source_name": "at-spi2-core",
        "source_version": "2.52.0-1build1"
      }
    },
    {
      "name": "libatk1.0-0t64:i386",
      "version": "2.52.0-1build1",
      "purl": "pkg:deb/libatk1.0-0t64:i386?arch=i386\u0026distro=noble",
      "source": {
        "source_name": "at-spi2-core",
        "source_version": "2.52.0-1build1"
      }
    },
    {
      "name": "libatkmm-1.6-1v5:amd64",
      "version": "2.28.4-1build4",
      "purl": "pkg:deb/libatkmm-1.6-1v5:amd64?arch=amd64\u0026distro=noble",
      "source": {
        "source_name": "atkmm1.6",
        "source_version": "2.28.4-1build4"
      }
    },
    {
      "name": "libatm1t64:amd64",
      "version": "1:2.5.1-5.1build1",
      "purl": "pkg:deb/libatm1t64:amd64?arch=amd64\u0026distro=noble",
      "source": {
        "source_name": "linux-atm",
        "source_version": "1:2.5.1-5.1build1"
      }
    },
    {
      "name": "libatomic1:amd64",
      "version": "14.2.0-4ubuntu2~24.04.1",
      "purl": "pkg:deb/libatomic1:amd64?arch=amd64\u0026distro=noble",
      "source": {
        "source_name": "gcc-14",
        "source_version": "14.2.0-4ubuntu2~24.04.1"
      }
    },
    {
      "name": "libatomic1:i386",
      "version": "14.2.0-4ubuntu2~24.04.1",
      "purl": "pkg:deb/libatomic1:i386?arch=i386\u0026distro=noble",
      "source": {
        "source_name": "gcc-14",
        "source_version": "14.2.0-4ubuntu2~24.04.1"
      }
    },
    {
      "name": "libatopology2t64:amd64",
      "version": "1.2.11-1ubuntu0.3",
      "purl": "pkg:deb/libatopology2t64:amd64?arch=amd64\u0026distro=noble",
      "source": {
        "source_name": "alsa-lib",
        "source_version": "1.2.11-1ubuntu0.3"
      }
    },
    {
      "name": "libatspi2.0-0t64:amd64",
      "version": "2.52.0-1build1",
      "purl": "pkg:deb/libatspi2.0-0t64:amd64?arch=amd64\u0026distro=noble",
      "source": {
        "source_name": "at-spi2-core",
        "source_version": "2.52.0-1build1"
      }
    },
    {
      "name": "libatspi2.0-0t64:i386",
      "version": "2.52.0-1build1",
      "purl": "pkg:deb/libatspi2.0-0t64:i386?arch=i386\u0026distro=noble",
      "source": {
        "source_name": "at-spi2-core",
        "source_version": "2.52.0-1build1"
      }
    },
    {
      "name": "libattr1:amd64",
      "version": "1:2.5.2-1ubuntu0.1",
      "purl": "pkg:deb/libattr1:amd64?arch=amd64\u0026distro=noble",
      "source": {
        "source_name": "attr",
        "source_version": "1:2.5.2-1ubuntu0.1"
      }
    },
    {
      "name": "libaudit-common",
      "version": "1:3.1.2-2.1build1.1",
      "purl": "pkg:deb/libaudit-common?arch=all\u0026distro=noble",
      "source": {
        "source_name": "audit",
        "source_version": "1:3.1.2-2.1build1.1"
      }
    },
    {
      "name": "libaudit1:amd64",
      "version": "1:3.1.2-2.1build1.1",
      "purl": "pkg:deb/libaudit1:amd64?arch=amd64\u0026distro=noble",
      "source": {
        "source_name": "audit",
        "source_version": "1:3.1.2-2.1build1.1"
      }
    },
    {
      "name": "libauthen-sasl-perl",
      "version": "2.1700-1ubuntu0.1",
      "purl": "pkg:deb/libauthen-sasl-perl?arch=all\u0026distro=noble",
      "source": {
        "source_name": "",
        "source_version": ""
      }
    },
    {
      "name": "libavahi-client3:amd64",
      "version": "0.8-13ubuntu6.2",
      "purl": "pkg:deb/libavahi-client3:amd64?arch=amd64\u0026distro=noble",
      "source": {
        "source_name": "avahi",
        "source_version": "0.8-13ubuntu6.2"
      }
    },
    {
      "name": "libavahi-client3:i386",
      "version": "0.8-13ubuntu6.2",
      "purl": "pkg:deb/libavahi-client3:i386?arch=i386\u0026distro=noble",
      "source": {
        "source_name": "avahi",
        "source_version": "0.8-13ubuntu6.2"
      }
    },
    {
      "name": "libavahi-common-data:amd64",
      "version": "0.8-13ubuntu6.2",
      "purl": "pkg:deb/libavahi-common-data:amd64?arch=amd64\u0026distro=noble",
      "source": {
        "source_name": "avahi",
        "source_version": "0.8-13ubuntu6.2"
      }
    },
    {
      "name": "libavahi-common-data:i386",
      "version": "0.8-13ubuntu6.2",
      "purl": "pkg:deb/libavahi-common-data:i386?arch=i386\u0026distro=noble",
      "source": {
        "source_name": "avahi",
        "source_version": "0.8-13ubuntu6.2"
      }
    },
    {
      "name": "libavahi-common3:amd64",
      "version": "0.8-13ubuntu6.2",
      "purl": "pkg:deb/libavahi-common3:amd64?arch=amd64\u0026distro=noble",
      "source": {
        "source_name": "avahi",
        "source_version": "0.8-13ubuntu6.2"
      }
    },
    {
      "name": "libavahi-common3:i386",
      "version": "0.8-13ubuntu6.2",
      "purl": "pkg:deb/libavahi-common3:i386?arch=i386\u0026distro=noble",
      "source": {
        "source_name": "avahi",
        "source_version": "0.8-13ubuntu6.2"
      }
    },
    {
      "name": "libavahi-core7:amd64",
      "version": "0.8-13ubuntu6.2",
      "purl": "pkg:deb/libavahi-core7:amd64?arch=amd64\u0026distro=noble",
      "source": {
        "source_name": "avahi",
        "source_version": "0.8-13ubuntu6.2"
      }
    },
    {
      "name": "libavahi-glib1:amd64",
      "version": "0.8-13ubuntu6.2",
      "purl": "pkg:deb/libavahi-glib1:amd64?arch=amd64\u0026distro=noble",
      "source": {
        "source_name": "avahi",
        "source_version": "0.8-13ubuntu6.2"
      }
    },
    {
      "name": "libavc1394-0:amd64",
      "version": "0.5.4-5build3",
      "purl": "pkg:deb/libavc1394-0:amd64?arch=amd64\u0026distro=noble",
      "source": {
        "source_name": "libavc1394",
        "source_version": "0.5.4-5build3"
      }
    },
    {
      "name": "libavc1394-0:i386",
      "version": "0.5.4-5build3",
      "purl": "pkg:deb/libavc1394-0:i386?arch=i386\u0026distro=noble",
      "source": {
        "source_name": "libavc1394",
        "source_version": "0.5.4-5build3"
      }
    },
    {
      "name": "libavcodec60:amd64",
      "version": "7:6.1.1-3ubuntu5",
      "purl": "pkg:deb/libavcodec60:amd64?arch=amd64\u0026distro=noble",
      "source": {
        "source_name": "ffmpeg",
        "source_version": "7:6.1.1-3ubuntu5"
      }
    },
    {
      "name": "libavcodec60:i386",
      "version": "7:6.1.1-3ubuntu5",
      "purl": "pkg:deb/libavcodec60:i386?arch=i386\u0026distro=noble",
      "source": {
        "source_name": "ffmpeg",
        "source_version": "7:6.1.1-3ubuntu5"
      }
    },
    {
      "name": "libavdevice60:amd64",
      "version": "7:6.1.1-3ubuntu5",
      "purl": "pkg:deb/libavdevice60:amd64?arch=amd64\u0026distro=noble",
      "source": {
        "source_name": "ffmpeg",
        "source_version": "7:6.1.1-3ubuntu5"
      }
    },
    {
      "name": "libavfilter9:amd64",
      "version": "7:6.1.1-3ubuntu5",
      "purl": "pkg:deb/libavfilter9:amd64?arch=amd64\u0026distro=noble",
      "source": {
        "source_name": "ffmpeg",
        "source_version": "7:6.1.1-3ubuntu5"
      }
    },
    {
      "name": "libavformat60:amd64",
      "version": "7:6.1.1-3ubuntu5",
      "purl": "pkg:deb/libavformat60:amd64?arch=amd64\u0026distro=noble",
      "source": {
        "source_name": "ffmpeg",
        "source_version": "7:6.1.1-3ubuntu5"
      }
    },
    {
      "name": "libavif16:amd64",
      "version": "1.0.4-1ubuntu3",
      "purl": "pkg:deb/libavif16:amd64?arch=amd64\u0026distro=noble",
      "source": {
        "source_name": "libavif",
        "source_version": "1.0.4-1ubuntu3"
      }
    },
    {
      "name": "libavtp0:amd64",
      "version": "0.2.0-1build1",
      "purl": "pkg:deb/libavtp0:amd64?arch=amd64\u0026distro=noble",
      "source": {
        "source_name": "libavtp",
        "source_version": "0.2.0-1build1"
      }
    },
    {
      "name": "libavutil58:amd64",
      "version": "7:6.1.1-3ubuntu5",
      "purl": "pkg:deb/libavutil58:amd64?arch=amd64\u0026distro=noble",
      "source": {
        "source_name": "ffmpeg",
        "source_version": "7:6.1.1-3ubuntu5"
      }
    },
    {
      "name": "libavutil58:i386",
      "version": "7:6.1.1-3ubuntu5",
      "purl": "pkg:deb/libavutil58:i386?arch=i386\u0026distro=noble",
      "source": {
        "source_name": "ffmpeg",
        "source_version": "7:6.1.1-3ubuntu5"
      }
    },
    {
      "name": "libayatana-appindicator3-1",
      "version": "0.5.93-1build3",
      "purl": "pkg:deb/libayatana-appindicator3-1?arch=amd64\u0026distro=noble",
      "source": {
        "source_name": "libayatana-appindicator",
        "source_version": "0.5.93-1build3"
      }
    },
    {
      "name": "libayatana-ido3-0.4-0:amd64",
      "version": "0.10.1-1build2",
      "purl": "pkg:deb/libayatana-ido3-0.4-0:amd64?arch=amd64\u0026distro=noble",
      "source": {
        "source_name": "ayatana-ido",
        "source_version": "0.10.1-1build2"
      }
    },
    {
      "name": "libayatana-indicator3-7:amd64",
      "version": "0.9.4-1build1",
      "purl": "pkg:deb/libayatana-indicator3-7:amd64?arch=amd64\u0026distro=noble",
      "source": {
        "source_name": "libayatana-indicator",
        "source_version": "0.9.4-1build1"
      }
    },
    {
      "name": "libb2-1:amd64",
      "version": "0.98.1-1.1build1",
      "purl": "pkg:deb/libb2-1:amd64?arch=amd64\u0026distro=noble",
      "source": {
        "source_name": "libb2",
        "source_version": "0.98.1-1.1build1"
      }
    },
    {
      "name": "libbabeltrace1:amd64",
      "version": "1.5.11-3build3",
      "purl": "pkg:deb/libbabeltrace1:amd64?arch=amd64\u0026distro=noble",
      "source": {
        "source_name": "babeltrace",
        "source_version": "1.5.11-3build3"
      }
    },
    {
      "name": "libbdplus0:amd64",
      "version": "0.2.0-3build1",
      "purl": "pkg:deb/libbdplus0:amd64?arch=amd64\u0026distro=noble",
      "source": {
        "source_name": "libbdplus",
        "source_version": "0.2.0-3build1"
      }
    },
    {
      "name": "libbfio1:amd64",
      "version": "20170123-6",
      "purl": "pkg:deb/libbfio1:amd64?arch=amd64\u0026distro=noble",
      "source": {
        "source_name": "libbfio",
        "source_version": "20170123-6"
      }
    },
    {
      "name": "libbinutils:amd64",
      "version": "2.42-4ubuntu2.10",
      "purl": "pkg:deb/libbinutils:amd64?arch=amd64\u0026distro=noble",
      "source": {
        "source_name": "binutils",
        "source_version": "2.42-4ubuntu2.10"
      }
    },
    {
      "name": "libblas3:amd64",
      "version": "3.12.0-3build1.1",
      "purl": "pkg:deb/libblas3:amd64?arch=amd64\u0026distro=noble",
      "source": {
        "source_name": "lapack",
        "source_version": "3.12.0-3build1.1"
      }
    },
    {
      "name": "libblkid1:amd64",
      "version": "2.39.3-9ubuntu6.6",
      "purl": "pkg:deb/libblkid1:amd64?arch=amd64\u0026distro=noble",
      "source": {
        "source_name": "util-linux",
        "source_version": "2.39.3-9ubuntu6.6"
      }
    },
    {
      "name": "libblkid1:i386",
      "version": "2.39.3-9ubuntu6.6",
      "purl": "pkg:deb/libblkid1:i386?arch=i386\u0026distro=noble",
      "source": {
        "source_name": "util-linux",
        "source_version": "2.39.3-9ubuntu6.6"
      }
    },
    {
      "name": "libblockdev-crypto3:amd64",
      "version": "3.1.1-1ubuntu0.1",
      "purl": "pkg:deb/libblockdev-crypto3:amd64?arch=amd64\u0026distro=noble",
      "source": {
        "source_name": "libblockdev",
        "source_version": "3.1.1-1ubuntu0.1"
      }
    },
    {
      "name": "libblockdev-fs3:amd64",
      "version": "3.1.1-1ubuntu0.1",
      "purl": "pkg:deb/libblockdev-fs3:amd64?arch=amd64\u0026distro=noble",
      "source": {
        "source_name": "libblockdev",
        "source_version": "3.1.1-1ubuntu0.1"
      }
    },
    {
      "name": "libblockdev-loop3:amd64",
      "version": "3.1.1-1ubuntu0.1",
      "purl": "pkg:deb/libblockdev-loop3:amd64?arch=amd64\u0026distro=noble",
      "source": {
        "source_name": "libblockdev",
        "source_version": "3.1.1-1ubuntu0.1"
      }
    },
    {
      "name": "libblockdev-mdraid3:amd64",
      "version": "3.1.1-1ubuntu0.1",
      "purl": "pkg:deb/libblockdev-mdraid3:amd64?arch=amd64\u0026distro=noble",
      "source": {
        "source_name": "libblockdev",
        "source_version": "3.1.1-1ubuntu0.1"
      }
    },
    {
      "name": "libblockdev-nvme3:amd64",
      "version": "3.1.1-1ubuntu0.1",
      "purl": "pkg:deb/libblockdev-nvme3:amd64?arch=amd64\u0026distro=noble",
      "source": {
        "source_name": "libblockdev",
        "source_version": "3.1.1-1ubuntu0.1"
      }
    },
    {
      "name": "libblockdev-part3:amd64",
      "version": "3.1.1-1ubuntu0.1",
      "purl": "pkg:deb/libblockdev-part3:amd64?arch=amd64\u0026distro=noble",
      "source": {
        "source_name": "libblockdev",
        "source_version": "3.1.1-1ubuntu0.1"
      }
    },
    {
      "name": "libblockdev-swap3:amd64",
      "version": "3.1.1-1ubuntu0.1",
      "purl": "pkg:deb/libblockdev-swap3:amd64?arch=amd64\u0026distro=noble",
      "source": {
        "source_name": "libblockdev",
        "source_version": "3.1.1-1ubuntu0.1"
      }
    },
    {
      "name": "libblockdev-utils3:amd64",
      "version": "3.1.1-1ubuntu0.1",
      "purl": "pkg:deb/libblockdev-utils3:amd64?arch=amd64\u0026distro=noble",
      "source": {
        "source_name": "libblockdev",
        "source_version": "3.1.1-1ubuntu0.1"
      }
    },
    {
      "name": "libblockdev3:amd64",
      "version": "3.1.1-1ubuntu0.1",
      "purl": "pkg:deb/libblockdev3:amd64?arch=amd64\u0026distro=noble",
      "source": {
        "source_name": "libblockdev",
        "source_version": "3.1.1-1ubuntu0.1"
      }
    },
    {
      "name": "libblosc1:amd64",
      "version": "1.21.5+ds-1build1",
      "purl": "pkg:deb/libblosc1:amd64?arch=amd64\u0026distro=noble",
      "source": {
        "source_name": "c-blosc",
        "source_version": "1.21.5+ds-1build1"
      }
    },
    {
      "name": "libbluetooth3:amd64",
      "version": "5.72-0ubuntu5.5",
      "purl": "pkg:deb/libbluetooth3:amd64?arch=amd64\u0026distro=noble",
      "source": {
        "source_name": "bluez",
        "source_version": "5.72-0ubuntu5.5"
      }
    },
    {
      "name": "libbluray2:amd64",
      "version": "1:1.3.4-1build1",
      "purl": "pkg:deb/libbluray2:amd64?arch=amd64\u0026distro=noble",
      "source": {
        "source_name": "libbluray",
        "source_version": "1:1.3.4-1build1"
      }
    },
    {
      "name": "libboost-chrono1.83.0t64:amd64",
      "version": "1.83.0-2.1ubuntu3.2",
      "purl": "pkg:deb/libboost-chrono1.83.0t64:amd64?arch=amd64\u0026distro=noble",
      "source": {
        "source_name": "boost1.83",
        "source_version": "1.83.0-2.1ubuntu3.2"
      }
    },
    {
      "name": "libboost-filesystem1.83.0:amd64",
      "version": "1.83.0-2.1ubuntu3.2",
      "purl": "pkg:deb/libboost-filesystem1.83.0:amd64?arch=amd64\u0026distro=noble",
      "source": {
        "source_name": "boost1.83",
        "source_version": "1.83.0-2.1ubuntu3.2"
      }
    },
    {
      "name": "libboost-iostreams1.83.0:amd64",
      "version": "1.83.0-2.1ubuntu3.2",
      "purl": "pkg:deb/libboost-iostreams1.83.0:amd64?arch=amd64\u0026distro=noble",
      "source": {
        "source_name": "boost1.83",
        "source_version": "1.83.0-2.1ubuntu3.2"
      }
    },
    {
      "name": "libboost-locale1.83.0:amd64",
      "version": "1.83.0-2.1ubuntu3.2",
      "purl": "pkg:deb/libboost-locale1.83.0:amd64?arch=amd64\u0026distro=noble",
      "source": {
        "source_name": "boost1.83",
        "source_version": "1.83.0-2.1ubuntu3.2"
      }
    },
    {
      "name": "libboost-program-options1.83.0:amd64",
      "version": "1.83.0-2.1ubuntu3.2",
      "purl": "pkg:deb/libboost-program-options1.83.0:amd64?arch=amd64\u0026distro=noble",
      "source": {
        "source_name": "boost1.83",
        "source_version": "1.83.0-2.1ubuntu3.2"
      }
    },
    {
      "name": "libboost-thread1.83.0:amd64",
      "version": "1.83.0-2.1ubuntu3.2",
      "purl": "pkg:deb/libboost-thread1.83.0:amd64?arch=amd64\u0026distro=noble",
      "source": {
        "source_name": "boost1.83",
        "source_version": "1.83.0-2.1ubuntu3.2"
      }
    },
    {
      "name": "libbpf-dev:amd64",
      "version": "1:1.3.0-2build2",
      "purl": "pkg:deb/libbpf-dev:amd64?arch=amd64\u0026distro=noble",
      "source": {
        "source_name": "libbpf",
        "source_version": "1.3.0-2build2"
      }
    },
    {
      "name": "libbpf1:amd64",
      "version": "1:1.3.0-2build2",
      "purl": "pkg:deb/libbpf1:amd64?arch=amd64\u0026distro=noble",
      "source": {
        "source_name": "libbpf",
        "source_version": "1.3.0-2build2"
      }
    },
    {
      "name": "libbpfcc:amd64",
      "version": "0.29.1+ds-1ubuntu7",
      "purl": "pkg:deb/libbpfcc:amd64?arch=amd64\u0026distro=noble",
      "source": {
        "source_name": "bpfcc",
        "source_version": "0.29.1+ds-1ubuntu7"
      }
    },
    {
      "name": "libbrlapi0.8:amd64",
      "version": "6.6-4ubuntu5",
      "purl": "pkg:deb/libbrlapi0.8:amd64?arch=amd64\u0026distro=noble",
      "source": {
        "source_name": "brltty",
        "source_version": "6.6-4ubuntu5"
      }
    },
    {
      "name": "libbrotli1:amd64",
      "version": "1.1.0-2build2",
      "purl": "pkg:deb/libbrotli1:amd64?arch=amd64\u0026distro=noble",
      "source": {
        "source_name": "brotli",
        "source_version": "1.1.0-2build2"
      }
    },
    {
      "name": "libbrotli1:i386",
      "version": "1.1.0-2build2",
      "purl": "pkg:deb/libbrotli1:i386?arch=i386\u0026distro=noble",
      "source": {
        "source_name": "brotli",
        "source_version": "1.1.0-2build2"
      }
    },
    {
      "name": "libbs2b0:amd64",
      "version": "3.1.0+dfsg-7build1",
      "purl": "pkg:deb/libbs2b0:amd64?arch=amd64\u0026distro=noble",
      "source": {
        "source_name": "libbs2b",
        "source_version": "3.1.0+dfsg-7build1"
      }
    },
    {
      "name": "libbsd0:amd64",
      "version": "0.12.1-1build1.1",
      "purl": "pkg:deb/libbsd0:amd64?arch=amd64\u0026distro=noble",
      "source": {
        "source_name": "libbsd",
        "source_version": "0.12.1-1build1.1"
      }
    },
    {
      "name": "libbsd0:i386",
      "version": "0.12.1-1build1.1",
      "purl": "pkg:deb/libbsd0:i386?arch=i386\u0026distro=noble",
      "source": {
        "source_name": "libbsd",
        "source_version": "0.12.1-1build1.1"
      }
    },
    {
      "name": "libburn4t64:amd64",
      "version": "1.5.6-1.1build1",
      "purl": "pkg:deb/libburn4t64:amd64?arch=amd64\u0026distro=noble",
      "source": {
        "source_name": "libburn",
        "source_version": "1.5.6-1.1build1"
      }
    },
    {
      "name": "libbytesize-common",
      "version": "2.10-1ubuntu2",
      "purl": "pkg:deb/libbytesize-common?arch=all\u0026distro=noble",
      "source": {
        "source_name": "libbytesize",
        "source_version": "2.10-1ubuntu2"
      }
    },
    {
      "name": "libbytesize1:amd64",
      "version": "2.10-1ubuntu2",
      "purl": "pkg:deb/libbytesize1:amd64?arch=amd64\u0026distro=noble",
      "source": {
        "source_name": "libbytesize",
        "source_version": "2.10-1ubuntu2"
      }
    },
    {
      "name": "libbz2-1.0:amd64",
      "version": "1.0.8-5.1ubuntu0.1",
      "purl": "pkg:deb/libbz2-1.0:amd64?arch=amd64\u0026distro=noble",
      "source": {
        "source_name": "bzip2",
        "source_version": "1.0.8-5.1ubuntu0.1"
      }
    },
    {
      "name": "libbz2-1.0:i386",
      "version": "1.0.8-5.1ubuntu0.1",
      "purl": "pkg:deb/libbz2-1.0:i386?arch=i386\u0026distro=noble",
      "source": {
        "source_name": "bzip2",
        "source_version": "1.0.8-5.1ubuntu0.1"
      }
    },
    {
      "name": "libc-bin",
      "version": "2.39-0ubuntu8.9",
      "purl": "pkg:deb/libc-bin?arch=amd64\u0026distro=noble",
      "source": {
        "source_name": "glibc",
        "source_version": "2.39-0ubuntu8.9"
      }
    },
    {
      "name": "libc-dev-bin",
      "version": "2.39-0ubuntu8.9",
      "purl": "pkg:deb/libc-dev-bin?arch=amd64\u0026distro=noble",
      "source": {
        "source_name": "glibc",
        "source_version": "2.39-0ubuntu8.9"
      }
    },
    {
      "name": "libc-devtools",
      "version": "2.39-0ubuntu8.9",
      "purl": "pkg:deb/libc-devtools?arch=amd64\u0026distro=noble",
      "source": {
        "source_name": "glibc",
        "source_version": "2.39-0ubuntu8.9"
      }
    },
    {
      "name": "libc6:amd64",
      "version": "2.39-0ubuntu8.9",
      "purl": "pkg:deb/libc6:amd64?arch=amd64\u0026distro=noble",
      "source": {
        "source_name": "glibc",
        "source_version": "2.39-0ubuntu8.9"
      }
    },
    {
      "name": "libc6:i386",
      "version": "2.39-0ubuntu8.9",
      "purl": "pkg:deb/libc6:i386?arch=i386\u0026distro=noble",
      "source": {
        "source_name": "glibc",
        "source_version": "2.39-0ubuntu8.9"
      }
    },
    {
      "name": "libc6-dbg:amd64",
      "version": "2.39-0ubuntu8.9",
      "purl": "pkg:deb/libc6-dbg:amd64?arch=amd64\u0026distro=noble",
      "source": {
        "source_name": "glibc",
        "source_version": "2.39-0ubuntu8.9"
      }
    },
    {
      "name": "libc6-dev:amd64",
      "version": "2.39-0ubuntu8.9",
      "purl": "pkg:deb/libc6-dev:amd64?arch=amd64\u0026distro=noble",
      "source": {
        "source_name": "glibc",
        "source_version": "2.39-0ubuntu8.9"
      }
    },
    {
      "name": "libc6-i386",
      "version": "2.39-0ubuntu8.9",
      "purl": "pkg:deb/libc6-i386?arch=amd64\u0026distro=noble",
      "source": {
        "source_name": "glibc",
        "source_version": "2.39-0ubuntu8.9"
      }
    },
    {
      "name": "libcaca0:amd64",
      "version": "0.99.beta20-4ubuntu0.2",
      "purl": "pkg:deb/libcaca0:amd64?arch=amd64\u0026distro=noble",
      "source": {
        "source_name": "libcaca",
        "source_version": "0.99.beta20-4ubuntu0.2"
      }
    },
    {
      "name": "libcaca0:i386",
      "version": "0.99.beta20-4ubuntu0.2",
      "purl": "pkg:deb/libcaca0:i386?arch=i386\u0026distro=noble",
      "source": {
        "source_name": "libcaca",
        "source_version": "0.99.beta20-4ubuntu0.2"
      }
    },
    {
      "name": "libcacard0:amd64",
      "version": "1:2.8.0-3build4",
      "purl": "pkg:deb/libcacard0:amd64?arch=amd64\u0026distro=noble",
      "source": {
        "source_name": "libcacard",
        "source_version": "1:2.8.0-3build4"
      }
    },
    {
      "name": "libcairo-gobject2:amd64",
      "version": "1.18.0-3build1",
      "purl": "pkg:deb/libcairo-gobject2:amd64?arch=amd64\u0026distro=noble",
      "source": {
        "source_name": "cairo",
        "source_version": "1.18.0-3build1"
      }
    },
    {
      "name": "libcairo-gobject2:i386",
      "version": "1.18.0-3build1",
      "purl": "pkg:deb/libcairo-gobject2:i386?arch=i386\u0026distro=noble",
      "source": {
        "source_name": "cairo",
        "source_version": "1.18.0-3build1"
      }
    },
    {
      "name": "libcairo-script-interpreter2:amd64",
      "version": "1.18.0-3build1",
      "purl": "pkg:deb/libcairo-script-interpreter2:amd64?arch=amd64\u0026distro=noble",
      "source": {
        "source_name": "cairo",
        "source_version": "1.18.0-3build1"
      }
    },
    {
      "name": "libcairo2:amd64",
      "version": "1.18.0-3build1",
      "purl": "pkg:deb/libcairo2:amd64?arch=amd64\u0026distro=noble",
      "source": {
        "source_name": "cairo",
        "source_version": "1.18.0-3build1"
      }
    },
    {
      "name": "libcairo2:i386",
      "version": "1.18.0-3build1",
      "purl": "pkg:deb/libcairo2:i386?arch=i386\u0026distro=noble",
      "source": {
        "source_name": "cairo",
        "source_version": "1.18.0-3build1"
      }
    },
    {
      "name": "libcairomm-1.0-1v5:amd64",
      "version": "1.14.5-1build1",
      "purl": "pkg:deb/libcairomm-1.0-1v5:amd64?arch=amd64\u0026distro=noble",
      "source": {
        "source_name": "cairomm",
        "source_version": "1.14.5-1build1"
      }
    },
    {
      "name": "libcamel-1.2-64t64:amd64",
      "version": "3.52.3-0ubuntu1.2",
      "purl": "pkg:deb/libcamel-1.2-64t64:amd64?arch=amd64\u0026distro=noble",
      "source": {
        "source_name": "evolution-data-server",
        "source_version": "3.52.3-0ubuntu1.2"
      }
    },
    {
      "name": "libcanberra-gtk3-0t64:amd64",
      "version": "0.30-10ubuntu10",
      "purl": "pkg:deb/libcanberra-gtk3-0t64:amd64?arch=amd64\u0026distro=noble",
      "source": {
        "source_name": "libcanberra",
        "source_version": "0.30-10ubuntu10"
      }
    },
    {
      "name": "libcanberra-gtk3-module:amd64",
      "version": "0.30-10ubuntu10",
      "purl": "pkg:deb/libcanberra-gtk3-module:amd64?arch=amd64\u0026distro=noble",
      "source": {
        "source_name": "libcanberra",
        "source_version": "0.30-10ubuntu10"
      }
    },
    {
      "name": "libcanberra-pulse:amd64",
      "version": "0.30-10ubuntu10",
      "purl": "pkg:deb/libcanberra-pulse:amd64?arch=amd64\u0026distro=noble",
      "source": {
        "source_name": "libcanberra",
        "source_version": "0.30-10ubuntu10"
      }
    },
    {
      "name": "libcanberra0t64:amd64",
      "version": "0.30-10ubuntu10",
      "purl": "pkg:deb/libcanberra0t64:amd64?arch=amd64\u0026distro=noble",
      "source": {
        "source_name": "libcanberra",
        "source_version": "0.30-10ubuntu10"
      }
    },
    {
      "name": "libcap-ng0:amd64",
      "version": "0.8.4-2build2",
      "purl": "pkg:deb/libcap-ng0:amd64?arch=amd64\u0026distro=noble",
      "source": {
        "source_name": "libcap-ng",
        "source_version": "0.8.4-2build2"
      }
    },
    {
      "name": "libcap2:amd64",
      "version": "1:2.66-5ubuntu2.4",
      "purl": "pkg:deb/libcap2:amd64?arch=amd64\u0026distro=noble",
      "source": {
        "source_name": "",
        "source_version": ""
      }
    },
    {
      "name": "libcap2:i386",
      "version": "1:2.66-5ubuntu2.4",
      "purl": "pkg:deb/libcap2:i386?arch=i386\u0026distro=noble",
      "source": {
        "source_name": "",
        "source_version": ""
      }
    },
    {
      "name": "libcap2-bin",
      "version": "1:2.66-5ubuntu2.4",
      "purl": "pkg:deb/libcap2-bin?arch=amd64\u0026distro=noble",
      "source": {
        "source_name": "libcap2",
        "source_version": "1:2.66-5ubuntu2.4"
      }
    },
    {
      "name": "libcapi20-3t64:amd64",
      "version": "1:3.27-3.1build1",
      "purl": "pkg:deb/libcapi20-3t64:amd64?arch=amd64\u0026distro=noble",
      "source": {
        "source_name": "libcapi20-3",
        "source_version": "1:3.27-3.1build1"
      }
    },
    {
      "name": "libcapi20-3t64:i386",
      "version": "1:3.27-3.1build1",
      "purl": "pkg:deb/libcapi20-3t64:i386?arch=i386\u0026distro=noble",
      "source": {
        "source_name": "libcapi20-3",
        "source_version": "1:3.27-3.1build1"
      }
    },
    {
      "name": "libcares2:amd64",
      "version": "1.27.0-1.0ubuntu1",
      "purl": "pkg:deb/libcares2:amd64?arch=amd64\u0026distro=noble",
      "source": {
        "source_name": "c-ares",
        "source_version": "1.27.0-1.0ubuntu1"
      }
    },
    {
      "name": "libcbor0.10:amd64",
      "version": "0.10.2-1.2ubuntu2",
      "purl": "pkg:deb/libcbor0.10:amd64?arch=amd64\u0026distro=noble",
      "source": {
        "source_name": "libcbor",
        "source_version": "0.10.2-1.2ubuntu2"
      }
    },
    {
      "name": "libcc1-0:amd64",
      "version": "14.2.0-4ubuntu2~24.04.1",
      "purl": "pkg:deb/libcc1-0:amd64?arch=amd64\u0026distro=noble",
      "source": {
        "source_name": "gcc-14",
        "source_version": "14.2.0-4ubuntu2~24.04.1"
      }
    },
    {
      "name": "libcddb2",
      "version": "1.3.2-7fakesync1build1",
      "purl": "pkg:deb/libcddb2?arch=amd64\u0026distro=noble",
      "source": {
        "source_name": "libcddb",
        "source_version": "1.3.2-7fakesync1build1"
      }
    },
    {
      "name": "libcdio-cdda2t64:amd64",
      "version": "10.2+2.0.1-1.1build2",
      "purl": "pkg:deb/libcdio-cdda2t64:amd64?arch=amd64\u0026distro=noble",
      "source": {
        "source_name": "libcdio-paranoia",
        "source_version": "10.2+2.0.1-1.1build2"
      }
    },
    {
      "name": "libcdio-paranoia2t64:amd64",
      "version": "10.2+2.0.1-1.1build2",
      "purl": "pkg:deb/libcdio-paranoia2t64:amd64?arch=amd64\u0026distro=noble",
      "source": {
        "source_name": "libcdio-paranoia",
        "source_version": "10.2+2.0.1-1.1build2"
      }
    },
    {
      "name": "libcdio19t64:amd64",
      "version": "2.1.0-4.1ubuntu1.2",
      "purl": "pkg:deb/libcdio19t64:amd64?arch=amd64\u0026distro=noble",
      "source": {
        "source_name": "libcdio",
        "source_version": "2.1.0-4.1ubuntu1.2"
      }
    },
    {
      "name": "libcdparanoia0:amd64",
      "version": "3.10.2+debian-14build3",
      "purl": "pkg:deb/libcdparanoia0:amd64?arch=amd64\u0026distro=noble",
      "source": {
        "source_name": "cdparanoia",
        "source_version": "3.10.2+debian-14build3"
      }
    },
    {
      "name": "libcdparanoia0:i386",
      "version": "3.10.2+debian-14build3",
      "purl": "pkg:deb/libcdparanoia0:i386?arch=i386\u0026distro=noble",
      "source": {
        "source_name": "cdparanoia",
        "source_version": "3.10.2+debian-14build3"
      }
    },
    {
      "name": "libcdr-0.1-1:amd64",
      "version": "0.1.7-1build2",
      "purl": "pkg:deb/libcdr-0.1-1:amd64?arch=amd64\u0026distro=noble",
      "source": {
        "source_name": "libcdr",
        "source_version": "0.1.7-1build2"
      }
    },
    {
      "name": "libcfitsio10t64:amd64",
      "version": "4.3.1-1.1build2",
      "purl": "pkg:deb/libcfitsio10t64:amd64?arch=amd64\u0026distro=noble",
      "source": {
        "source_name": "cfitsio",
        "source_version": "4.3.1-1.1build2"
      }
    },
    {
      "name": "libcharls2:amd64",
      "version": "2.4.2-2build2",
      "purl": "pkg:deb/libcharls2:amd64?arch=amd64\u0026distro=noble",
      "source": {
        "source_name": "charls",
        "source_version": "2.4.2-2build2"
      }
    },
    {
      "name": "libchm1",
      "version": "2:0.40a-8",
      "purl": "pkg:deb/libchm1?arch=amd64\u0026distro=noble",
      "source": {
        "source_name": "chmlib",
        "source_version": "2:0.40a-8"
      }
    },
    {
      "name": "libchromaprint1:amd64",
      "version": "1.5.1-5",
      "purl": "pkg:deb/libchromaprint1:amd64?arch=amd64\u0026distro=noble",
      "source": {
        "source_name": "chromaprint",
        "source_version": "1.5.1-5"
      }
    },
    {
      "name": "libcjson1:amd64",
      "version": "1.7.17-1",
      "purl": "pkg:deb/libcjson1:amd64?arch=amd64\u0026distro=noble",
      "source": {
        "source_name": "cjson",
        "source_version": "1.7.17-1"
      }
    },
    {
      "name": "libclang-common-18-dev:amd64",
      "version": "1:18.1.3-1ubuntu1",
      "purl": "pkg:deb/libclang-common-18-dev:amd64?arch=amd64\u0026distro=noble",
      "source": {
        "source_name": "llvm-toolchain-18",
        "source_version": "1:18.1.3-1ubuntu1"
      }
    },
    {
      "name": "libclang-cpp18",
      "version": "1:18.1.3-1ubuntu1",
      "purl": "pkg:deb/libclang-cpp18?arch=amd64\u0026distro=noble",
      "source": {
        "source_name": "llvm-toolchain-18",
        "source_version": "1:18.1.3-1ubuntu1"
      }
    },
    {
      "name": "libclang-rt-18-dev:amd64",
      "version": "1:18.1.3-1ubuntu1",
      "purl": "pkg:deb/libclang-rt-18-dev:amd64?arch=amd64\u0026distro=noble",
      "source": {
        "source_name": "llvm-toolchain-18",
        "source_version": "1:18.1.3-1ubuntu1"
      }
    },
    {
      "name": "libclang1-18",
      "version": "1:18.1.3-1ubuntu1",
      "purl": "pkg:deb/libclang1-18?arch=amd64\u0026distro=noble",
      "source": {
        "source_name": "llvm-toolchain-18",
        "source_version": "1:18.1.3-1ubuntu1"
      }
    },
    {
      "name": "libclone-perl:amd64",
      "version": "0.46-1build3",
      "purl": "pkg:deb/libclone-perl:amd64?arch=amd64\u0026distro=noble",
      "source": {
        "source_name": "",
        "source_version": ""
      }
    },
    {
      "name": "libclucene-contribs1t64:amd64",
      "version": "2.3.3.4+dfsg-1.2ubuntu2",
      "purl": "pkg:deb/libclucene-contribs1t64:amd64?arch=amd64\u0026distro=noble",
      "source": {
        "source_name": "clucene-core",
        "source_version": "2.3.3.4+dfsg-1.2ubuntu2"
      }
    },
    {
      "name": "libclucene-core1t64:amd64",
      "version": "2.3.3.4+dfsg-1.2ubuntu2",
      "purl": "pkg:deb/libclucene-core1t64:amd64?arch=amd64\u0026distro=noble",
      "source": {
        "source_name": "clucene-core",
        "source_version": "2.3.3.4+dfsg-1.2ubuntu2"
      }
    },
    {
      "name": "libcmark0.30.2:amd64",
      "version": "0.30.2-6build1",
      "purl": "pkg:deb/libcmark0.30.2:amd64?arch=amd64\u0026distro=noble",
      "source": {
        "source_name": "cmark",
        "source_version": "0.30.2-6build1"
      }
    },
    {
      "name": "libcodeblocks0t64",
      "version": "20.03+svn13046-0.3build2",
      "purl": "pkg:deb/libcodeblocks0t64?arch=amd64\u0026distro=noble",
      "source": {
        "source_name": "codeblocks",
        "source_version": "20.03+svn13046-0.3build2"
      }
    },
    {
      "name": "libcodec2-1.2:amd64",
      "version": "1.2.0-2build1",
      "purl": "pkg:deb/libcodec2-1.2:amd64?arch=amd64\u0026distro=noble",
      "source": {
        "source_name": "codec2",
        "source_version": "1.2.0-2build1"
      }
    },
    {
      "name": "libcodec2-1.2:i386",
      "version": "1.2.0-2build1",
      "purl": "pkg:deb/libcodec2-1.2:i386?arch=i386\u0026distro=noble",
      "source": {
        "source_name": "codec2",
        "source_version": "1.2.0-2build1"
      }
    },
    {
      "name": "libcolamd3:amd64",
      "version": "1:7.6.1+dfsg-1build1",
      "purl": "pkg:deb/libcolamd3:amd64?arch=amd64\u0026distro=noble",
      "source": {
        "source_name": "suitesparse",
        "source_version": "1:7.6.1+dfsg-1build1"
      }
    },
    {
      "name": "libcolorcorrect5",
      "version": "4:5.27.12-0ubuntu0.1",
      "purl": "pkg:deb/libcolorcorrect5?arch=amd64\u0026distro=noble",
      "source": {
        "source_name": "plasma-workspace",
        "source_version": "4:5.27.12-0ubuntu0.1"
      }
    },
    {
      "name": "libcolord-gtk4-1t64:amd64",
      "version": "0.3.1-1build2",
      "purl": "pkg:deb/libcolord-gtk4-1t64:amd64?arch=amd64\u0026distro=noble",
      "source": {
        "source_name": "colord-gtk",
        "source_version": "0.3.1-1build2"
      }
    },
    {
      "name": "libcolord2:amd64",
      "version": "1.4.7-1build2",
      "purl": "pkg:deb/libcolord2:amd64?arch=amd64\u0026distro=noble",
      "source": {
        "source_name": "colord",
        "source_version": "1.4.7-1build2"
      }
    },
    {
      "name": "libcolord2:i386",
      "version": "1.4.7-1build2",
      "purl": "pkg:deb/libcolord2:i386?arch=i386\u0026distro=noble",
      "source": {
        "source_name": "colord",
        "source_version": "1.4.7-1build2"
      }
    },
    {
      "name": "libcolorhug2:amd64",
      "version": "1.4.7-1build2",
      "purl": "pkg:deb/libcolorhug2:amd64?arch=amd64\u0026distro=noble",
      "source": {
        "source_name": "colord",
        "source_version": "1.4.7-1build2"
      }
    },
    {
      "name": "libcom-err2:amd64",
      "version": "1.47.0-2.4~exp1ubuntu4.1",
      "purl": "pkg:deb/libcom-err2:amd64?arch=amd64\u0026distro=noble",
      "source": {
        "source_name": "e2fsprogs",
        "source_version": "1.47.0-2.4~exp1ubuntu4.1"
      }
    },
    {
      "name": "libcom-err2:i386",
      "version": "1.47.0-2.4~exp1ubuntu4.1",
      "purl": "pkg:deb/libcom-err2:i386?arch=i386\u0026distro=noble",
      "source": {
        "source_name": "e2fsprogs",
        "source_version": "1.47.0-2.4~exp1ubuntu4.1"
      }
    },
    {
      "name": "libcrack2:amd64",
      "version": "2.9.6-5.1build2",
      "purl": "pkg:deb/libcrack2:amd64?arch=amd64\u0026distro=noble",
      "source": {
        "source_name": "cracklib2",
        "source_version": "2.9.6-5.1build2"
      }
    },
    {
      "name": "libcrypt-dev:amd64",
      "version": "1:4.4.36-4build1",
      "purl": "pkg:deb/libcrypt-dev:amd64?arch=amd64\u0026distro=noble",
      "source": {
        "source_name": "libxcrypt",
        "source_version": "1:4.4.36-4build1"
      }
    },
    {
      "name": "libcrypt1:amd64",
      "version": "1:4.4.36-4build1",
      "purl": "pkg:deb/libcrypt1:amd64?arch=amd64\u0026distro=noble",
      "source": {
        "source_name": "libxcrypt",
        "source_version": "1:4.4.36-4build1"
      }
    },
    {
      "name": "libcrypt1:i386",
      "version": "1:4.4.36-4build1",
      "purl": "pkg:deb/libcrypt1:i386?arch=i386\u0026distro=noble",
      "source": {
        "source_name": "libxcrypt",
        "source_version": "1:4.4.36-4build1"
      }
    },
    {
      "name": "libcryptsetup12:amd64",
      "version": "2:2.7.0-1ubuntu4.2",
      "purl": "pkg:deb/libcryptsetup12:amd64?arch=amd64\u0026distro=noble",
      "source": {
        "source_name": "cryptsetup",
        "source_version": "2:2.7.0-1ubuntu4.2"
      }
    },
    {
      "name": "libctf-nobfd0:amd64",
      "version": "2.42-4ubuntu2.10",
      "purl": "pkg:deb/libctf-nobfd0:amd64?arch=amd64\u0026distro=noble",
      "source": {
        "source_name": "binutils",
        "source_version": "2.42-4ubuntu2.10"
      }
    },
    {
      "name": "libctf0:amd64",
      "version": "2.42-4ubuntu2.10",
      "purl": "pkg:deb/libctf0:amd64?arch=amd64\u0026distro=noble",
      "source": {
        "source_name": "binutils",
        "source_version": "2.42-4ubuntu2.10"
      }
    },
    {
      "name": "libcups2t64:amd64",
      "version": "2.4.7-1.2ubuntu7.14",
      "purl": "pkg:deb/libcups2t64:amd64?arch=amd64\u0026distro=noble",
      "source": {
        "source_name": "cups",
        "source_version": "2.4.7-1.2ubuntu7.14"
      }
    },
    {
      "name": "libcups2t64:i386",
      "version": "2.4.7-1.2ubuntu7.14",
      "purl": "pkg:deb/libcups2t64:i386?arch=i386\u0026distro=noble",
      "source": {
        "source_name": "cups",
        "source_version": "2.4.7-1.2ubuntu7.14"
      }
    },
    {
      "name": "libcupsfilters2-common",
      "version": "2.0.0-0ubuntu7.2",
      "purl": "pkg:deb/libcupsfilters2-common?arch=all\u0026distro=noble",
      "source": {
        "source_name": "libcupsfilters",
        "source_version": "2.0.0-0ubuntu7.2"
      }
    },
    {
      "name": "libcupsfilters2t64:amd64",
      "version": "2.0.0-0ubuntu7.2",
      "purl": "pkg:deb/libcupsfilters2t64:amd64?arch=amd64\u0026distro=noble",
      "source": {
        "source_name": "libcupsfilters",
        "source_version": "2.0.0-0ubuntu7.2"
      }
    },
    {
      "name": "libcupsimage2t64:amd64",
      "version": "2.4.7-1.2ubuntu7.14",
      "purl": "pkg:deb/libcupsimage2t64:amd64?arch=amd64\u0026distro=noble",
      "source": {
        "source_name": "cups",
        "source_version": "2.4.7-1.2ubuntu7.14"
      }
    },
    {
      "name": "libcurl3t64-gnutls:amd64",
      "version": "8.5.0-2ubuntu10.15",
      "purl": "pkg:deb/libcurl3t64-gnutls:amd64?arch=amd64\u0026distro=noble",
      "source": {
        "source_name": "curl",
        "source_version": "8.5.0-2ubuntu10.15"
      }
    },
    {
      "name": "libcurl3t64-gnutls:i386",
      "version": "8.5.0-2ubuntu10.15",
      "purl": "pkg:deb/libcurl3t64-gnutls:i386?arch=i386\u0026distro=noble",
      "source": {
        "source_name": "curl",
        "source_version": "8.5.0-2ubuntu10.15"
      }
    },
    {
      "name": "libcurl4t64:amd64",
      "version": "8.5.0-2ubuntu10.15",
      "purl": "pkg:deb/libcurl4t64:amd64?arch=amd64\u0026distro=noble",
      "source": {
        "source_name": "curl",
        "source_version": "8.5.0-2ubuntu10.15"
      }
    },
    {
      "name": "libcurl4t64:i386",
      "version": "8.5.0-2ubuntu10.15",
      "purl": "pkg:deb/libcurl4t64:i386?arch=i386\u0026distro=noble",
      "source": {
        "source_name": "curl",
        "source_version": "8.5.0-2ubuntu10.15"
      }
    },
    {
      "name": "libcwidget4:amd64",
      "version": "0.5.18-6build1",
      "purl": "pkg:deb/libcwidget4:amd64?arch=amd64\u0026distro=noble",
      "source": {
        "source_name": "cwidget",
        "source_version": "0.5.18-6build1"
      }
    },
    {
      "name": "libdaemon0:amd64",
      "version": "0.14-7.1ubuntu4",
      "purl": "pkg:deb/libdaemon0:amd64?arch=amd64\u0026distro=noble",
      "source": {
        "source_name": "libdaemon",
        "source_version": "0.14-7.1ubuntu4"
      }
    },
    {
      "name": "libdata-dump-perl",
      "version": "1.25-1",
      "purl": "pkg:deb/libdata-dump-perl?arch=all\u0026distro=noble",
      "source": {
        "source_name": "",
        "source_version": ""
      }
    },
    {
      "name": "libdate-manip-perl",
      "version": "6.95-1",
      "purl": "pkg:deb/libdate-manip-perl?arch=all\u0026distro=noble",
      "source": {
        "source_name": "",
        "source_version": ""
      }
    },
    {
      "name": "libdatrie1:amd64",
      "version": "0.2.13-3build1",
      "purl": "pkg:deb/libdatrie1:amd64?arch=amd64\u0026distro=noble",
      "source": {
        "source_name": "libdatrie",
        "source_version": "0.2.13-3build1"
      }
    },
    {
      "name": "libdatrie1:i386",
      "version": "0.2.13-3build1",
      "purl": "pkg:deb/libdatrie1:i386?arch=i386\u0026distro=noble",
      "source": {
        "source_name": "libdatrie",
        "source_version": "0.2.13-3build1"
      }
    },
    {
      "name": "libdav1d7:amd64",
      "version": "1.4.1-1build1",
      "purl": "pkg:deb/libdav1d7:amd64?arch=amd64\u0026distro=noble",
      "source": {
        "source_name": "dav1d",
        "source_version": "1.4.1-1build1"
      }
    },
    {
      "name": "libdav1d7:i386",
      "version": "1.4.1-1build1",
      "purl": "pkg:deb/libdav1d7:i386?arch=i386\u0026distro=noble",
      "source": {
        "source_name": "dav1d",
        "source_version": "1.4.1-1build1"
      }
    },
    {
      "name": "libdaxctl1:amd64",
      "version": "77-2ubuntu2",
      "purl": "pkg:deb/libdaxctl1:amd64?arch=amd64\u0026distro=noble",
      "source": {
        "source_name": "ndctl",
        "source_version": "77-2ubuntu2"
      }
    },
    {
      "name": "libdb5.3t64:amd64",
      "version": "5.3.28+dfsg2-7",
      "purl": "pkg:deb/libdb5.3t64:amd64?arch=amd64\u0026distro=noble",
      "source": {
        "source_name": "db5.3",
        "source_version": "5.3.28+dfsg2-7"
      }
    },
    {
      "name": "libdb5.3t64:i386",
      "version": "5.3.28+dfsg2-7",
      "purl": "pkg:deb/libdb5.3t64:i386?arch=i386\u0026distro=noble",
      "source": {
        "source_name": "db5.3",
        "source_version": "5.3.28+dfsg2-7"
      }
    },
    {
      "name": "libdbus-1-3:amd64",
      "version": "1.14.10-4ubuntu4.1",
      "purl": "pkg:deb/libdbus-1-3:amd64?arch=amd64\u0026distro=noble",
      "source": {
        "source_name": "dbus",
        "source_version": "1.14.10-4ubuntu4.1"
      }
    },
    {
      "name": "libdbus-1-3:i386",
      "version": "1.14.10-4ubuntu4.1",
      "purl": "pkg:deb/libdbus-1-3:i386?arch=i386\u0026distro=noble",
      "source": {
        "source_name": "dbus",
        "source_version": "1.14.10-4ubuntu4.1"
      }
    },
    {
      "name": "libdbus-glib-1-2:amd64",
      "version": "0.112-3build2",
      "purl": "pkg:deb/libdbus-glib-1-2:amd64?arch=amd64\u0026distro=noble",
      "source": {
        "source_name": "dbus-glib",
        "source_version": "0.112-3build2"
      }
    },
    {
      "name": "libdbusmenu-glib4:amd64",
      "version": "18.10.20180917~bzr492+repack1-3.1ubuntu5",
      "purl": "pkg:deb/libdbusmenu-glib4:amd64?arch=amd64\u0026distro=noble",
      "source": {
        "source_name": "libdbusmenu",
        "source_version": "18.10.20180917~bzr492+repack1-3.1ubuntu5"
      }
    },
    {
      "name": "libdbusmenu-gtk3-4:amd64",
      "version": "18.10.20180917~bzr492+repack1-3.1ubuntu5",
      "purl": "pkg:deb/libdbusmenu-gtk3-4:amd64?arch=amd64\u0026distro=noble",
      "source": {
        "source_name": "libdbusmenu",
        "source_version": "18.10.20180917~bzr492+repack1-3.1ubuntu5"
      }
    },
    {
      "name": "libdbusmenu-qt5-2:amd64",
      "version": "0.9.3+16.04.20160218-2build3",
      "purl": "pkg:deb/libdbusmenu-qt5-2:amd64?arch=amd64\u0026distro=noble",
      "source": {
        "source_name": "libdbusmenu-qt",
        "source_version": "0.9.3+16.04.20160218-2build3"
      }
    },
    {
      "name": "libdc1394-25:amd64",
      "version": "2.2.6-4build1",
      "purl": "pkg:deb/libdc1394-25:amd64?arch=amd64\u0026distro=noble",
      "source": {
        "source_name": "libdc1394",
        "source_version": "2.2.6-4build1"
      }
    },
    {
      "name": "libdca0:amd64",
      "version": "0.0.7-2build1",
      "purl": "pkg:deb/libdca0:amd64?arch=amd64\u0026distro=noble",
      "source": {
        "source_name": "libdca",
        "source_version": "0.0.7-2build1"
      }
    },
    {
      "name": "libdcmtk17t64:amd64",
      "version": "3.6.7-9.1build4",
      "purl": "pkg:deb/libdcmtk17t64:amd64?arch=amd64\u0026distro=noble",
      "source": {
        "source_name": "dcmtk",
        "source_version": "3.6.7-9.1build4"
      }
    },
    {
      "name": "libdconf1:amd64",
      "version": "0.40.0-4ubuntu0.1",
      "purl": "pkg:deb/libdconf1:amd64?arch=amd64\u0026distro=noble",
      "source": {
        "source_name": "dconf",
        "source_version": "0.40.0-4ubuntu0.1"
      }
    },
    {
      "name": "libde265-0:amd64",
      "version": "1.0.15-1ubuntu0.1",
      "purl": "pkg:deb/libde265-0:amd64?arch=amd64\u0026distro=noble",
      "source": {
        "source_name": "libde265",
        "source_version": "1.0.15-1ubuntu0.1"
      }
    },
    {
      "name": "libde265-0:i386",
      "version": "1.0.15-1ubuntu0.1",
      "purl": "pkg:deb/libde265-0:i386?arch=i386\u0026distro=noble",
      "source": {
        "source_name": "libde265",
        "source_version": "1.0.15-1ubuntu0.1"
      }
    },
    {
      "name": "libdebconf-kde1:amd64",
      "version": "1.1.0-1build3",
      "purl": "pkg:deb/libdebconf-kde1:amd64?arch=amd64\u0026distro=noble",
      "source": {
        "source_name": "debconf-kde",
        "source_version": "1.1.0-1build3"
      }
    },
    {
      "name": "libdebconfclient0:amd64",
      "version": "0.271ubuntu3",
      "purl": "pkg:deb/libdebconfclient0:amd64?arch=amd64\u0026distro=noble",
      "source": {
        "source_name": "cdebconf",
        "source_version": "0.271ubuntu3"
      }
    },
    {
      "name": "libdebuginfod-common",
      "version": "0.190-1.1ubuntu0.1",
      "purl": "pkg:deb/libdebuginfod-common?arch=all\u0026distro=noble",
      "source": {
        "source_name": "elfutils",
        "source_version": "0.190-1.1ubuntu0.1"
      }
    },
    {
      "name": "libdebuginfod1t64:amd64",
      "version": "0.190-1.1ubuntu0.1",
      "purl": "pkg:deb/libdebuginfod1t64:amd64?arch=amd64\u0026distro=noble",
      "source": {
        "source_name": "elfutils",
        "source_version": "0.190-1.1ubuntu0.1"
      }
    },
    {
      "name": "libdecor-0-0:amd64",
      "version": "0.2.2-1build2",
      "purl": "pkg:deb/libdecor-0-0:amd64?arch=amd64\u0026distro=noble",
      "source": {
        "source_name": "libdecor-0",
        "source_version": "0.2.2-1build2"
      }
    },
    {
      "name": "libdecor-0-0:i386",
      "version": "0.2.2-1build2",
      "purl": "pkg:deb/libdecor-0-0:i386?arch=i386\u0026distro=noble",
      "source": {
        "source_name": "libdecor-0",
        "source_version": "0.2.2-1build2"
      }
    },
    {
      "name": "libdecor-0-plugin-1-gtk:amd64",
      "version": "0.2.2-1build2",
      "purl": "pkg:deb/libdecor-0-plugin-1-gtk:amd64?arch=amd64\u0026distro=noble",
      "source": {
        "source_name": "libdecor-0",
        "source_version": "0.2.2-1build2"
      }
    },
    {
      "name": "libdecor-0-plugin-1-gtk:i386",
      "version": "0.2.2-1build2",
      "purl": "pkg:deb/libdecor-0-plugin-1-gtk:i386?arch=i386\u0026distro=noble",
      "source": {
        "source_name": "libdecor-0",
        "source_version": "0.2.2-1build2"
      }
    },
    {
      "name": "libdeflate0:amd64",
      "version": "1.19-1build1.1",
      "purl": "pkg:deb/libdeflate0:amd64?arch=amd64\u0026distro=noble",
      "source": {
        "source_name": "libdeflate",
        "source_version": "1.19-1build1.1"
      }
    },
    {
      "name": "libdeflate0:i386",
      "version": "1.19-1build1.1",
      "purl": "pkg:deb/libdeflate0:i386?arch=i386\u0026distro=noble",
      "source": {
        "source_name": "libdeflate",
        "source_version": "1.19-1build1.1"
      }
    },
    {
      "name": "libdevmapper-event1.02.1:amd64",
      "version": "2:1.02.185-3ubuntu3.2",
      "purl": "pkg:deb/libdevmapper-event1.02.1:amd64?arch=amd64\u0026distro=noble",
      "source": {
        "source_name": "lvm2",
        "source_version": "2.03.16-3ubuntu3.2"
      }
    },
    {
      "name": "libdevmapper1.02.1:amd64",
      "version": "2:1.02.185-3ubuntu3.2",
      "purl": "pkg:deb/libdevmapper1.02.1:amd64?arch=amd64\u0026distro=noble",
      "source": {
        "source_name": "lvm2",
        "source_version": "2.03.16-3ubuntu3.2"
      }
    },
    {
      "name": "libdirectfb-1.7-7t64:amd64",
      "version": "1.7.7-11.1ubuntu2",
      "purl": "pkg:deb/libdirectfb-1.7-7t64:amd64?arch=amd64\u0026distro=noble",
      "source": {
        "source_name": "directfb",
        "source_version": "1.7.7-11.1ubuntu2"
      }
    },
    {
      "name": "libdjvulibre-text",
      "version": "3.5.28-2ubuntu0.24.04.2",
      "purl": "pkg:deb/libdjvulibre-text?arch=all\u0026distro=noble",
      "source": {
        "source_name": "djvulibre",
        "source_version": "3.5.28-2ubuntu0.24.04.2"
      }
    },
    {
      "name": "libdjvulibre21:amd64",
      "version": "3.5.28-2ubuntu0.24.04.2",
      "purl": "pkg:deb/libdjvulibre21:amd64?arch=amd64\u0026distro=noble",
      "source": {
        "source_name": "djvulibre",
        "source_version": "3.5.28-2ubuntu0.24.04.2"
      }
    },
    {
      "name": "libdmraid1.0.0.rc16:amd64",
      "version": "1.0.0.rc16-12ubuntu2",
      "purl": "pkg:deb/libdmraid1.0.0.rc16:amd64?arch=amd64\u0026distro=noble",
      "source": {
        "source_name": "dmraid",
        "source_version": "1.0.0.rc16-12ubuntu2"
      }
    },
    {
      "name": "libdmtx0t64:amd64",
      "version": "0.7.7-1.2build1",
      "purl": "pkg:deb/libdmtx0t64:amd64?arch=amd64\u0026distro=noble",
      "source": {
        "source_name": "libdmtx",
        "source_version": "0.7.7-1.2build1"
      }
    },
    {
      "name": "libdolphinvcs5:amd64",
      "version": "4:23.08.5-0ubuntu4",
      "purl": "pkg:deb/libdolphinvcs5:amd64?arch=amd64\u0026distro=noble",
      "source": {
        "source_name": "dolphin",
        "source_version": "4:23.08.5-0ubuntu4"
      }
    },
    {
      "name": "libdotconf0:amd64",
      "version": "1.3-0.3fakesync1build3",
      "purl": "pkg:deb/libdotconf0:amd64?arch=amd64\u0026distro=noble",
      "source": {
        "source_name": "dotconf",
        "source_version": "1.3-0.3fakesync1build3"
      }
    },
    {
      "name": "libdouble-conversion3:amd64",
      "version": "3.3.0-1build1",
      "purl": "pkg:deb/libdouble-conversion3:amd64?arch=amd64\u0026distro=noble",
      "source": {
        "source_name": "double-conversion",
        "source_version": "3.3.0-1build1"
      }
    },
    {
      "name": "libdpkg-perl",
      "version": "1.22.6ubuntu6.6",
      "purl": "pkg:deb/libdpkg-perl?arch=all\u0026distro=noble",
      "source": {
        "source_name": "dpkg",
        "source_version": "1.22.6ubuntu6.6"
      }
    },
    {
      "name": "libdrm-amdgpu1:amd64",
      "version": "2.4.125-1ubuntu0.1~24.04.2",
      "purl": "pkg:deb/libdrm-amdgpu1:amd64?arch=amd64\u0026distro=noble",
      "source": {
        "source_name": "libdrm",
        "source_version": "2.4.125-1ubuntu0.1~24.04.2"
      }
    },
    {
      "name": "libdrm-amdgpu1:i386",
      "version": "2.4.125-1ubuntu0.1~24.04.2",
      "purl": "pkg:deb/libdrm-amdgpu1:i386?arch=i386\u0026distro=noble",
      "source": {
        "source_name": "libdrm",
        "source_version": "2.4.125-1ubuntu0.1~24.04.2"
      }
    },
    {
      "name": "libdrm-common",
      "version": "2.4.125-1ubuntu0.1~24.04.2",
      "purl": "pkg:deb/libdrm-common?arch=all\u0026distro=noble",
      "source": {
        "source_name": "libdrm",
        "source_version": "2.4.125-1ubuntu0.1~24.04.2"
      }
    },
    {
      "name": "libdrm-intel1:amd64",
      "version": "2.4.125-1ubuntu0.1~24.04.2",
      "purl": "pkg:deb/libdrm-intel1:amd64?arch=amd64\u0026distro=noble",
      "source": {
        "source_name": "libdrm",
        "source_version": "2.4.125-1ubuntu0.1~24.04.2"
      }
    },
    {
      "name": "libdrm-intel1:i386",
      "version": "2.4.125-1ubuntu0.1~24.04.2",
      "purl": "pkg:deb/libdrm-intel1:i386?arch=i386\u0026distro=noble",
      "source": {
        "source_name": "libdrm",
        "source_version": "2.4.125-1ubuntu0.1~24.04.2"
      }
    },
    {
      "name": "libdrm-nouveau2:amd64",
      "version": "2.4.125-1ubuntu0.1~24.04.2",
      "purl": "pkg:deb/libdrm-nouveau2:amd64?arch=amd64\u0026distro=noble",
      "source": {
        "source_name": "libdrm",
        "source_version": "2.4.125-1ubuntu0.1~24.04.2"
      }
    },
    {
      "name": "libdrm-radeon1:amd64",
      "version": "2.4.125-1ubuntu0.1~24.04.2",
      "purl": "pkg:deb/libdrm-radeon1:amd64?arch=amd64\u0026distro=noble",
      "source": {
        "source_name": "libdrm",
        "source_version": "2.4.125-1ubuntu0.1~24.04.2"
      }
    },
    {
      "name": "libdrm2:amd64",
      "version": "2.4.125-1ubuntu0.1~24.04.2",
      "purl": "pkg:deb/libdrm2:amd64?arch=amd64\u0026distro=noble",
      "source": {
        "source_name": "libdrm",
        "source_version": "2.4.125-1ubuntu0.1~24.04.2"
      }
    },
    {
      "name": "libdrm2:i386",
      "version": "2.4.125-1ubuntu0.1~24.04.2",
      "purl": "pkg:deb/libdrm2:i386?arch=i386\u0026distro=noble",
      "source": {
        "source_name": "libdrm",
        "source_version": "2.4.125-1ubuntu0.1~24.04.2"
      }
    },
    {
      "name": "libduktape207:amd64",
      "version": "2.7.0+tests-0ubuntu3",
      "purl": "pkg:deb/libduktape207:amd64?arch=amd64\u0026distro=noble",
      "source": {
        "source_name": "duktape",
        "source_version": "2.7.0+tests-0ubuntu3"
      }
    },
    {
      "name": "libduktape207:i386",
      "version": "2.7.0+tests-0ubuntu3",
      "purl": "pkg:deb/libduktape207:i386?arch=i386\u0026distro=noble",
      "source": {
        "source_name": "duktape",
        "source_version": "2.7.0+tests-0ubuntu3"
      }
    },
    {
      "name": "libdv4t64:amd64",
      "version": "1.0.0-17.1build1",
      "purl": "pkg:deb/libdv4t64:amd64?arch=amd64\u0026distro=noble",
      "source": {
        "source_name": "libdv",
        "source_version": "1.0.0-17.1build1"
      }
    },
    {
      "name": "libdv4t64:i386",
      "version": "1.0.0-17.1build1",
      "purl": "pkg:deb/libdv4t64:i386?arch=i386\u0026distro=noble",
      "source": {
        "source_name": "libdv",
        "source_version": "1.0.0-17.1build1"
      }
    },
    {
      "name": "libdvbpsi10:amd64",
      "version": "1.3.3-1build1",
      "purl": "pkg:deb/libdvbpsi10:amd64?arch=amd64\u0026distro=noble",
      "source": {
        "source_name": "libdvbpsi",
        "source_version": "1.3.3-1build1"
      }
    },
    {
      "name": "libdvdnav4:amd64",
      "version": "6.1.1-3build1",
      "purl": "pkg:deb/libdvdnav4:amd64?arch=amd64\u0026distro=noble",
      "source": {
        "source_name": "libdvdnav",
        "source_version": "6.1.1-3build1"
      }
    },
    {
      "name": "libdvdread8t64:amd64",
      "version": "6.1.3-1.1build1",
      "purl": "pkg:deb/libdvdread8t64:amd64?arch=amd64\u0026distro=noble",
      "source": {
        "source_name": "libdvdread",
        "source_version": "6.1.3-1.1build1"
      }
    },
    {
      "name": "libdw1t64:amd64",
      "version": "0.190-1.1ubuntu0.1",
      "purl": "pkg:deb/libdw1t64:amd64?arch=amd64\u0026distro=noble",
      "source": {
        "source_name": "elfutils",
        "source_version": "0.190-1.1ubuntu0.1"
      }
    },
    {
      "name": "libdw1t64:i386",
      "version": "0.190-1.1ubuntu0.1",
      "purl": "pkg:deb/libdw1t64:i386?arch=i386\u0026distro=noble",
      "source": {
        "source_name": "elfutils",
        "source_version": "0.190-1.1ubuntu0.1"
      }
    },
    {
      "name": "libe-book-0.1-1:amd64",
      "version": "0.1.3-2build6",
      "purl": "pkg:deb/libe-book-0.1-1:amd64?arch=amd64\u0026distro=noble",
      "source": {
        "source_name": "libe-book",
        "source_version": "0.1.3-2build6"
      }
    },
    {
      "name": "libebackend-1.2-11t64:amd64",
      "version": "3.52.3-0ubuntu1.2",
      "purl": "pkg:deb/libebackend-1.2-11t64:amd64?arch=amd64\u0026distro=noble",
      "source": {
        "source_name": "evolution-data-server",
        "source_version": "3.52.3-0ubuntu1.2"
      }
    },
    {
      "name": "libebml5:amd64",
      "version": "1.4.5-1",
      "purl": "pkg:deb/libebml5:amd64?arch=amd64\u0026distro=noble",
      "source": {
        "source_name": "libebml",
        "source_version": "1.4.5-1"
      }
    },
    {
      "name": "libebook-1.2-21t64:amd64",
      "version": "3.52.3-0ubuntu1.2",
      "purl": "pkg:deb/libebook-1.2-21t64:amd64?arch=amd64\u0026distro=noble",
      "source": {
        "source_name": "evolution-data-server",
        "source_version": "3.52.3-0ubuntu1.2"
      }
    },
    {
      "name": "libebook-contacts-1.2-4t64:amd64",
      "version": "3.52.3-0ubuntu1.2",
      "purl": "pkg:deb/libebook-contacts-1.2-4t64:amd64?arch=amd64\u0026distro=noble",
      "source": {
        "source_name": "evolution-data-server",
        "source_version": "3.52.3-0ubuntu1.2"
      }
    },
    {
      "name": "libebur128-1:amd64",
      "version": "1.2.6-1build1",
      "purl": "pkg:deb/libebur128-1:amd64?arch=amd64\u0026distro=noble",
      "source": {
        "source_name": "libebur128",
        "source_version": "1.2.6-1build1"
      }
    },
    {
      "name": "libecal-2.0-3:amd64",
      "version": "3.52.3-0ubuntu1.2",
      "purl": "pkg:deb/libecal-2.0-3:amd64?arch=amd64\u0026distro=noble",
      "source": {
        "source_name": "evolution-data-server",
        "source_version": "3.52.3-0ubuntu1.2"
      }
    },
    {
      "name": "libedata-book-1.2-27t64:amd64",
      "version": "3.52.3-0ubuntu1.2",
      "purl": "pkg:deb/libedata-book-1.2-27t64:amd64?arch=amd64\u0026distro=noble",
      "source": {
        "source_name": "evolution-data-server",
        "source_version": "3.52.3-0ubuntu1.2"
      }
    },
    {
      "name": "libedata-cal-2.0-2t64:amd64",
      "version": "3.52.3-0ubuntu1.2",
      "purl": "pkg:deb/libedata-cal-2.0-2t64:amd64?arch=amd64\u0026distro=noble",
      "source": {
        "source_name": "evolution-data-server",
        "source_version": "3.52.3-0ubuntu1.2"
      }
    },
    {
      "name": "libedataserver-1.2-27t64:amd64",
      "version": "3.52.3-0ubuntu1.2",
      "purl": "pkg:deb/libedataserver-1.2-27t64:amd64?arch=amd64\u0026distro=noble",
      "source": {
        "source_name": "evolution-data-server",
        "source_version": "3.52.3-0ubuntu1.2"
      }
    },
    {
      "name": "libedataserverui-1.2-4t64:amd64",
      "version": "3.52.3-0ubuntu1.2",
      "purl": "pkg:deb/libedataserverui-1.2-4t64:amd64?arch=amd64\u0026distro=noble",
      "source": {
        "source_name": "evolution-data-server",
        "source_version": "3.52.3-0ubuntu1.2"
      }
    },
    {
      "name": "libedit2:amd64",
      "version": "3.1-20230828-1build1",
      "purl": "pkg:deb/libedit2:amd64?arch=amd64\u0026distro=noble",
      "source": {
        "source_name": "libedit",
        "source_version": "3.1-20230828-1build1"
      }
    },
    {
      "name": "libedit2:i386",
      "version": "3.1-20230828-1build1",
      "purl": "pkg:deb/libedit2:i386?arch=i386\u0026distro=noble",
      "source": {
        "source_name": "libedit",
        "source_version": "3.1-20230828-1build1"
      }
    },
    {
      "name": "libeditorconfig0:amd64",
      "version": "0.12.7-0.1ubuntu0.1",
      "purl": "pkg:deb/libeditorconfig0:amd64?arch=amd64\u0026distro=noble",
      "source": {
        "source_name": "editorconfig-core",
        "source_version": "0.12.7-0.1ubuntu0.1"
      }
    },
    {
      "name": "libefiboot1t64:amd64",
      "version": "38-3.1build1",
      "purl": "pkg:deb/libefiboot1t64:amd64?arch=amd64\u0026distro=noble",
      "source": {
        "source_name": "efivar",
        "source_version": "38-3.1build1"
      }
    },
    {
      "name": "libefivar1t64:amd64",
      "version": "38-3.1build1",
      "purl": "pkg:deb/libefivar1t64:amd64?arch=amd64\u0026distro=noble",
      "source": {
        "source_name": "efivar",
        "source_version": "38-3.1build1"
      }
    },
    {
      "name": "libegl-dev:amd64",
      "version": "1.7.0-1build1",
      "purl": "pkg:deb/libegl-dev:amd64?arch=amd64\u0026distro=noble",
      "source": {
        "source_name": "libglvnd",
        "source_version": "1.7.0-1build1"
      }
    },
    {
      "name": "libegl-mesa0:amd64",
      "version": "25.2.8-0ubuntu0.24.04.2",
      "purl": "pkg:deb/libegl-mesa0:amd64?arch=amd64\u0026distro=noble",
      "source": {
        "source_name": "mesa",
        "source_version": "25.2.8-0ubuntu0.24.04.2"
      }
    },
    {
      "name": "libegl-mesa0:i386",
      "version": "25.2.8-0ubuntu0.24.04.2",
      "purl": "pkg:deb/libegl-mesa0:i386?arch=i386\u0026distro=noble",
      "source": {
        "source_name": "mesa",
        "source_version": "25.2.8-0ubuntu0.24.04.2"
      }
    },
    {
      "name": "libegl1:amd64",
      "version": "1.7.0-1build1",
      "purl": "pkg:deb/libegl1:amd64?arch=amd64\u0026distro=noble",
      "source": {
        "source_name": "libglvnd",
        "source_version": "1.7.0-1build1"
      }
    },
    {
      "name": "libegl1:i386",
      "version": "1.7.0-1build1",
      "purl": "pkg:deb/libegl1:i386?arch=i386\u0026distro=noble",
      "source": {
        "source_name": "libglvnd",
        "source_version": "1.7.0-1build1"
      }
    },
    {
      "name": "libegl1-mesa-dev:amd64",
      "version": "25.2.8-0ubuntu0.24.04.2",
      "purl": "pkg:deb/libegl1-mesa-dev:amd64?arch=amd64\u0026distro=noble",
      "source": {
        "source_name": "mesa",
        "source_version": "25.2.8-0ubuntu0.24.04.2"
      }
    },
    {
      "name": "libei1:amd64",
      "version": "1.2.1-1",
      "purl": "pkg:deb/libei1:amd64?arch=amd64\u0026distro=noble",
      "source": {
        "source_name": "libei",
        "source_version": "1.2.1-1"
      }
    },
    {
      "name": "libeis1:amd64",
      "version": "1.2.1-1",
      "purl": "pkg:deb/libeis1:amd64?arch=amd64\u0026distro=noble",
      "source": {
        "source_name": "libei",
        "source_version": "1.2.1-1"
      }
    },
    {
      "name": "libelf-dev:amd64",
      "version": "0.190-1.1ubuntu0.1",
      "purl": "pkg:deb/libelf-dev:amd64?arch=amd64\u0026distro=noble",
      "source": {
        "source_name": "elfutils",
        "source_version": "0.190-1.1ubuntu0.1"
      }
    },
    {
      "name": "libelf1t64:amd64",
      "version": "0.190-1.1ubuntu0.1",
      "purl": "pkg:deb/libelf1t64:amd64?arch=amd64\u0026distro=noble",
      "source": {
        "source_name": "elfutils",
        "source_version": "0.190-1.1ubuntu0.1"
      }
    },
    {
      "name": "libelf1t64:i386",
      "version": "0.190-1.1ubuntu0.1",
      "purl": "pkg:deb/libelf1t64:i386?arch=i386\u0026distro=noble",
      "source": {
        "source_name": "elfutils",
        "source_version": "0.190-1.1ubuntu0.1"
      }
    },
    {
      "name": "libembree4-4:amd64",
      "version": "4.3.0+dfsg-2",
      "purl": "pkg:deb/libembree4-4:amd64?arch=amd64\u0026distro=noble",
      "source": {
        "source_name": "embree",
        "source_version": "4.3.0+dfsg-2"
      }
    },
    {
      "name": "libenchant-2-2:amd64",
      "version": "2.3.3-2build2",
      "purl": "pkg:deb/libenchant-2-2:amd64?arch=amd64\u0026distro=noble",
      "source": {
        "source_name": "enchant-2",
        "source_version": "2.3.3-2build2"
      }
    },
    {
      "name": "libencode-locale-perl",
      "version": "1.05-3",
      "purl": "pkg:deb/libencode-locale-perl?arch=all\u0026distro=noble",
      "source": {
        "source_name": "",
        "source_version": ""
      }
    },
    {
      "name": "libeot0:amd64",
      "version": "0.01-5build3",
      "purl": "pkg:deb/libeot0:amd64?arch=amd64\u0026distro=noble",
      "source": {
        "source_name": "libeot",
        "source_version": "0.01-5build3"
      }
    },
    {
      "name": "libepoxy0:amd64",
      "version": "1.5.10-1build1",
      "purl": "pkg:deb/libepoxy0:amd64?arch=amd64\u0026distro=noble",
      "source": {
        "source_name": "libepoxy",
        "source_version": "1.5.10-1build1"
      }
    },
    {
      "name": "libepoxy0:i386",
      "version": "1.5.10-1build1",
      "purl": "pkg:deb/libepoxy0:i386?arch=i386\u0026distro=noble",
      "source": {
        "source_name": "libepoxy",
        "source_version": "1.5.10-1build1"
      }
    },
    {
      "name": "libepub0",
      "version": "0.2.2-6build2",
      "purl": "pkg:deb/libepub0?arch=amd64\u0026distro=noble",
      "source": {
        "source_name": "ebook-tools",
        "source_version": "0.2.2-6build2"
      }
    },
    {
      "name": "libepubgen-0.1-1:amd64",
      "version": "0.1.1-1ubuntu6",
      "purl": "pkg:deb/libepubgen-0.1-1:amd64?arch=amd64\u0026distro=noble",
      "source": {
        "source_name": "libepubgen",
        "source_version": "0.1.1-1ubuntu6"
      }
    },
    {
      "name": "liberror-perl",
      "version": "0.17029-2",
      "purl": "pkg:deb/liberror-perl?arch=all\u0026distro=noble",
      "source": {
        "source_name": "",
        "source_version": ""
      }
    },
    {
      "name": "libespeak-ng1:amd64",
      "version": "1.51+dfsg-12build1",
      "purl": "pkg:deb/libespeak-ng1:amd64?arch=amd64\u0026distro=noble",
      "source": {
        "source_name": "espeak-ng",
        "source_version": "1.51+dfsg-12build1"
      }
    },
    {
      "name": "libestr0:amd64",
      "version": "0.1.11-1build1",
      "purl": "pkg:deb/libestr0:amd64?arch=amd64\u0026distro=noble",
      "source": {
        "source_name": "libestr",
        "source_version": "0.1.11-1build1"
      }
    },
    {
      "name": "libetonyek-0.1-1:amd64",
      "version": "0.1.10-5build1",
      "purl": "pkg:deb/libetonyek-0.1-1:amd64?arch=amd64\u0026distro=noble",
      "source": {
        "source_name": "libetonyek",
        "source_version": "0.1.10-5build1"
      }
    },
    {
      "name": "libevdev2:amd64",
      "version": "1.13.1+dfsg-1build1",
      "purl": "pkg:deb/libevdev2:amd64?arch=amd64\u0026distro=noble",
      "source": {
        "source_name": "libevdev",
        "source_version": "1.13.1+dfsg-1build1"
      }
    },
    {
      "name": "libevent-2.1-7t64:amd64",
      "version": "2.1.12-stable-9ubuntu2.2",
      "purl": "pkg:deb/libevent-2.1-7t64:amd64?arch=amd64\u0026distro=noble",
      "source": {
        "source_name": "libevent",
        "source_version": "2.1.12-stable-9ubuntu2.2"
      }
    },
    {
      "name": "libevent-core-2.1-7t64:amd64",
      "version": "2.1.12-stable-9ubuntu2.2",
      "purl": "pkg:deb/libevent-core-2.1-7t64:amd64?arch=amd64\u0026distro=noble",
      "source": {
        "source_name": "libevent",
        "source_version": "2.1.12-stable-9ubuntu2.2"
      }
    },
    {
      "name": "libevent-pthreads-2.1-7t64:amd64",
      "version": "2.1.12-stable-9ubuntu2.2",
      "purl": "pkg:deb/libevent-pthreads-2.1-7t64:amd64?arch=amd64\u0026distro=noble",
      "source": {
        "source_name": "libevent",
        "source_version": "2.1.12-stable-9ubuntu2.2"
      }
    },
    {
      "name": "libewf2:amd64",
      "version": "20140814-1build3",
      "purl": "pkg:deb/libewf2:amd64?arch=amd64\u0026distro=noble",
      "source": {
        "source_name": "libewf",
        "source_version": "20140814-1build3"
      }
    },
    {
      "name": "libexif12:amd64",
      "version": "0.6.24-1ubuntu0.24.04.1",
      "purl": "pkg:deb/libexif12:amd64?arch=amd64\u0026distro=noble",
      "source": {
        "source_name": "libexif",
        "source_version": "0.6.24-1ubuntu0.24.04.1"
      }
    },
    {
      "name": "libexif12:i386",
      "version": "0.6.24-1ubuntu0.24.04.1",
      "purl": "pkg:deb/libexif12:i386?arch=i386\u0026distro=noble",
      "source": {
        "source_name": "libexif",
        "source_version": "0.6.24-1ubuntu0.24.04.1"
      }
    },
    {
      "name": "libexiv2-27:amd64",
      "version": "0.27.6-1ubuntu0.3",
      "purl": "pkg:deb/libexiv2-27:amd64?arch=amd64\u0026distro=noble",
      "source": {
        "source_name": "exiv2",
        "source_version": "0.27.6-1ubuntu0.3"
      }
    },
    {
      "name": "libexpat1:amd64",
      "version": "2.6.1-2ubuntu0.6",
      "purl": "pkg:deb/libexpat1:amd64?arch=amd64\u0026distro=noble",
      "source": {
        "source_name": "expat",
        "source_version": "2.6.1-2ubuntu0.6"
      }
    },
    {
      "name": "libexpat1:i386",
      "version": "2.6.1-2ubuntu0.6",
      "purl": "pkg:deb/libexpat1:i386?arch=i386\u0026distro=noble",
      "source": {
        "source_name": "expat",
        "source_version": "2.6.1-2ubuntu0.6"
      }
    },
    {
      "name": "libexpat1-dev:amd64",
      "version": "2.6.1-2ubuntu0.6",
      "purl": "pkg:deb/libexpat1-dev:amd64?arch=amd64\u0026distro=noble",
      "source": {
        "source_name": "expat",
        "source_version": "2.6.1-2ubuntu0.6"
      }
    },
    {
      "name": "libext2fs2t64:amd64",
      "version": "1.47.0-2.4~exp1ubuntu4.1",
      "purl": "pkg:deb/libext2fs2t64:amd64?arch=amd64\u0026distro=noble",
      "source": {
        "source_name": "e2fsprogs",
        "source_version": "1.47.0-2.4~exp1ubuntu4.1"
      }
    },
    {
      "name": "libexttextcat-2.0-0:amd64",
      "version": "3.4.7-1build1",
      "purl": "pkg:deb/libexttextcat-2.0-0:amd64?arch=amd64\u0026distro=noble",
      "source": {
        "source_name": "libexttextcat",
        "source_version": "3.4.7-1build1"
      }
    },
    {
      "name": "libexttextcat-data",
      "version": "3.4.7-1build1",
      "purl": "pkg:deb/libexttextcat-data?arch=all\u0026distro=noble",
      "source": {
        "source_name": "libexttextcat",
        "source_version": "3.4.7-1build1"
      }
    },
    {
      "name": "libfaad2:amd64",
      "version": "2.11.1-1build1",
      "purl": "pkg:deb/libfaad2:amd64?arch=amd64\u0026distro=noble",
      "source": {
        "source_name": "faad2",
        "source_version": "2.11.1-1build1"
      }
    },
    {
      "name": "libfabric1:amd64",
      "version": "1.17.0-3build2",
      "purl": "pkg:deb/libfabric1:amd64?arch=amd64\u0026distro=noble",
      "source": {
        "source_name": "libfabric",
        "source_version": "1.17.0-3build2"
      }
    },
    {
      "name": "libfakekey0:amd64",
      "version": "0.3+git20170516-2build3",
      "purl": "pkg:deb/libfakekey0:amd64?arch=amd64\u0026distro=noble",
      "source": {
        "source_name": "libfakekey",
        "source_version": "0.3+git20170516-2build3"
      }
    },
    {
      "name": "libfakeroot:amd64",
      "version": "1.33-1",
      "purl": "pkg:deb/libfakeroot:amd64?arch=amd64\u0026distro=noble",
      "source": {
        "source_name": "fakeroot",
        "source_version": "1.33-1"
      }
    },
    {
      "name": "libfastjson4:amd64",
      "version": "1.2304.0-1build1",
      "purl": "pkg:deb/libfastjson4:amd64?arch=amd64\u0026distro=noble",
      "source": {
        "source_name": "libfastjson",
        "source_version": "1.2304.0-1build1"
      }
    },
    {
      "name": "libfcitx5-qt-data",
      "version": "5.1.4-1build5",
      "purl": "pkg:deb/libfcitx5-qt-data?arch=all\u0026distro=noble",
      "source": {
        "source_name": "fcitx5-qt",
        "source_version": "5.1.4-1build5"
      }
    },
    {
      "name": "libfcitx5-qt1:amd64",
      "version": "5.1.4-1build5",
      "purl": "pkg:deb/libfcitx5-qt1:amd64?arch=amd64\u0026distro=noble",
      "source": {
        "source_name": "fcitx5-qt",
        "source_version": "5.1.4-1build5"
      }
    },
    {
      "name": "libfcitx5-qt6-1:amd64",
      "version": "5.1.4-1build5",
      "purl": "pkg:deb/libfcitx5-qt6-1:amd64?arch=amd64\u0026distro=noble",
      "source": {
        "source_name": "fcitx5-qt",
        "source_version": "5.1.4-1build5"
      }
    },
    {
      "name": "libfcitx5config6:amd64",
      "version": "5.1.7-1build3",
      "purl": "pkg:deb/libfcitx5config6:amd64?arch=amd64\u0026distro=noble",
      "source": {
        "source_name": "fcitx5",
        "source_version": "5.1.7-1build3"
      }
    },
    {
      "name": "libfcitx5core7:amd64",
      "version": "5.1.7-1build3",
      "purl": "pkg:deb/libfcitx5core7:amd64?arch=amd64\u0026distro=noble",
      "source": {
        "source_name": "fcitx5",
        "source_version": "5.1.7-1build3"
      }
    },
    {
      "name": "libfcitx5gclient2:amd64",
      "version": "5.1.1-1build2",
      "purl": "pkg:deb/libfcitx5gclient2:amd64?arch=amd64\u0026distro=noble",
      "source": {
        "source_name": "fcitx5-gtk",
        "source_version": "5.1.1-1build2"
      }
    },
    {
      "name": "libfcitx5utils2:amd64",
      "version": "5.1.7-1build3",
      "purl": "pkg:deb/libfcitx5utils2:amd64?arch=amd64\u0026distro=noble",
      "source": {
        "source_name": "fcitx5",
        "source_version": "5.1.7-1build3"
      }
    },
    {
      "name": "libfdisk1:amd64",
      "version": "2.39.3-9ubuntu6.6",
      "purl": "pkg:deb/libfdisk1:amd64?arch=amd64\u0026distro=noble",
      "source": {
        "source_name": "util-linux",
        "source_version": "2.39.3-9ubuntu6.6"
      }
    },
    {
      "name": "libfdk-aac2:amd64",
      "version": "2.0.2-3~ubuntu4",
      "purl": "pkg:deb/libfdk-aac2:amd64?arch=amd64\u0026distro=noble",
      "source": {
        "source_name": "fdk-aac-free",
        "source_version": "2.0.2-3~ubuntu4"
      }
    },
    {
      "name": "libfdt1:amd64",
      "version": "1.7.0-2build1",
      "purl": "pkg:deb/libfdt1:amd64?arch=amd64\u0026distro=noble",
      "source": {
        "source_name": "device-tree-compiler",
        "source_version": "1.7.0-2build1"
      }
    },
    {
      "name": "libffi-dev:amd64",
      "version": "3.4.6-1build1",
      "purl": "pkg:deb/libffi-dev:amd64?arch=amd64\u0026distro=noble",
      "source": {
        "source_name": "libffi",
        "source_version": "3.4.6-1build1"
      }
    },
    {
      "name": "libffi8:amd64",
      "version": "3.4.6-1build1",
      "purl": "pkg:deb/libffi8:amd64?arch=amd64\u0026distro=noble",
      "source": {
        "source_name": "libffi",
        "source_version": "3.4.6-1build1"
      }
    },
    {
      "name": "libffi8:i386",
      "version": "3.4.6-1build1",
      "purl": "pkg:deb/libffi8:i386?arch=i386\u0026distro=noble",
      "source": {
        "source_name": "libffi",
        "source_version": "3.4.6-1build1"
      }
    },
    {
      "name": "libfftw3-double3:amd64",
      "version": "3.3.10-1ubuntu3",
      "purl": "pkg:deb/libfftw3-double3:amd64?arch=amd64\u0026distro=noble",
      "source": {
        "source_name": "fftw3",
        "source_version": "3.3.10-1ubuntu3"
      }
    },
    {
      "name": "libfftw3-single3:amd64",
      "version": "3.3.10-1ubuntu3",
      "purl": "pkg:deb/libfftw3-single3:amd64?arch=amd64\u0026distro=noble",
      "source": {
        "source_name": "fftw3",
        "source_version": "3.3.10-1ubuntu3"
      }
    },
    {
      "name": "libfido2-1:amd64",
      "version": "1.14.0-1build3",
      "purl": "pkg:deb/libfido2-1:amd64?arch=amd64\u0026distro=noble",
      "source": {
        "source_name": "libfido2",
        "source_version": "1.14.0-1build3"
      }
    },
    {
      "name": "libfile-basedir-perl",
      "version": "0.09-2",
      "purl": "pkg:deb/libfile-basedir-perl?arch=all\u0026distro=noble",
      "source": {
        "source_name": "",
        "source_version": ""
      }
    },
    {
      "name": "libfile-desktopentry-perl",
      "version": "0.22-3",
      "purl": "pkg:deb/libfile-desktopentry-perl?arch=all\u0026distro=noble",
      "source": {
        "source_name": "",
        "source_version": ""
      }
    },
    {
      "name": "libfile-fcntllock-perl",
      "version": "0.22-4ubuntu5",
      "purl": "pkg:deb/libfile-fcntllock-perl?arch=amd64\u0026distro=noble",
      "source": {
        "source_name": "",
        "source_version": ""
      }
    },
    {
      "name": "libfile-listing-perl",
      "version": "6.16-1",
      "purl": "pkg:deb/libfile-listing-perl?arch=all\u0026distro=noble",
      "source": {
        "source_name": "",
        "source_version": ""
      }
    },
    {
      "name": "libfile-mimeinfo-perl",
      "version": "0.34-1",
      "purl": "pkg:deb/libfile-mimeinfo-perl?arch=all\u0026distro=noble",
      "source": {
        "source_name": "",
        "source_version": ""
      }
    },
    {
      "name": "libflac++10:amd64",
      "version": "1.4.3+ds-2.1ubuntu2",
      "purl": "pkg:deb/libflac++10:amd64?arch=amd64\u0026distro=noble",
      "source": {
        "source_name": "flac",
        "source_version": "1.4.3+ds-2.1ubuntu2"
      }
    },
    {
      "name": "libflac12t64:amd64",
      "version": "1.4.3+ds-2.1ubuntu2",
      "purl": "pkg:deb/libflac12t64:amd64?arch=amd64\u0026distro=noble",
      "source": {
        "source_name": "flac",
        "source_version": "1.4.3+ds-2.1ubuntu2"
      }
    },
    {
      "name": "libflac12t64:i386",
      "version": "1.4.3+ds-2.1ubuntu2",
      "purl": "pkg:deb/libflac12t64:i386?arch=i386\u0026distro=noble",
      "source": {
        "source_name": "flac",
        "source_version": "1.4.3+ds-2.1ubuntu2"
      }
    },
    {
      "name": "libflashrom1:amd64",
      "version": "1.3.0-2.1ubuntu2",
      "purl": "pkg:deb/libflashrom1:amd64?arch=amd64\u0026distro=noble",
      "source": {
        "source_name": "flashrom",
        "source_version": "1.3.0-2.1ubuntu2"
      }
    },
    {
      "name": "libflite1:amd64",
      "version": "2.2-6build3",
      "purl": "pkg:deb/libflite1:amd64?arch=amd64\u0026distro=noble",
      "source": {
        "source_name": "flite",
        "source_version": "2.2-6build3"
      }
    },
    {
      "name": "libfluidsynth3:amd64",
      "version": "2.3.4-1build3",
      "purl": "pkg:deb/libfluidsynth3:amd64?arch=amd64\u0026distro=noble",
      "source": {
        "source_name": "fluidsynth",
        "source_version": "2.3.4-1build3"
      }
    },
    {
      "name": "libfmt9:amd64",
      "version": "9.1.0+ds1-2",
      "purl": "pkg:deb/libfmt9:amd64?arch=amd64\u0026distro=noble",
      "source": {
        "source_name": "fmtlib",
        "source_version": "9.1.0+ds1-2"
      }
    },
    {
      "name": "libfont-afm-perl",
      "version": "1.20-4",
      "purl": "pkg:deb/libfont-afm-perl?arch=all\u0026distro=noble",
      "source": {
        "source_name": "",
        "source_version": ""
      }
    },
    {
      "name": "libfontconfig1:amd64",
      "version": "2.15.0-1.1ubuntu2",
      "purl": "pkg:deb/libfontconfig1:amd64?arch=amd64\u0026distro=noble",
      "source": {
        "source_name": "fontconfig",
        "source_version": "2.15.0-1.1ubuntu2"
      }
    },
    {
      "name": "libfontconfig1:i386",
      "version": "2.15.0-1.1ubuntu2",
      "purl": "pkg:deb/libfontconfig1:i386?arch=i386\u0026distro=noble",
      "source": {
        "source_name": "fontconfig",
        "source_version": "2.15.0-1.1ubuntu2"
      }
    },
    {
      "name": "libfontenc1:amd64",
      "version": "1:1.1.8-1build1",
      "purl": "pkg:deb/libfontenc1:amd64?arch=amd64\u0026distro=noble",
      "source": {
        "source_name": "libfontenc",
        "source_version": "1:1.1.8-1build1"
      }
    },
    {
      "name": "libfreeaptx0:amd64",
      "version": "0.1.1-2build1",
      "purl": "pkg:deb/libfreeaptx0:amd64?arch=amd64\u0026distro=noble",
      "source": {
        "source_name": "libfreeaptx",
        "source_version": "0.1.1-2build1"
      }
    },
    {
      "name": "libfreecell-solver0",
      "version": "5.0.0-2build1",
      "purl": "pkg:deb/libfreecell-solver0?arch=amd64\u0026distro=noble",
      "source": {
        "source_name": "freecell-solver",
        "source_version": "5.0.0-2build1"
      }
    },
    {
      "name": "libfreehand-0.1-1",
      "version": "0.1.2-3build3",
      "purl": "pkg:deb/libfreehand-0.1-1?arch=amd64\u0026distro=noble",
      "source": {
        "source_name": "libfreehand",
        "source_version": "0.1.2-3build3"
      }
    },
    {
      "name": "libfreerdp-client2-2t64:amd64",
      "version": "2.11.5+dfsg1-1build2",
      "purl": "pkg:deb/libfreerdp-client2-2t64:amd64?arch=amd64\u0026distro=noble",
      "source": {
        "source_name": "freerdp2",
        "source_version": "2.11.5+dfsg1-1build2"
      }
    },
    {
      "name": "libfreerdp-server3-3:amd64",
      "version": "3.32.0+dfsg-0ubuntu0.24.04.1",
      "purl": "pkg:deb/libfreerdp-server3-3:amd64?arch=amd64\u0026distro=noble",
      "source": {
        "source_name": "freerdp3",
        "source_version": "3.32.0+dfsg-0ubuntu0.24.04.1"
      }
    },
    {
      "name": "libfreerdp2-2t64:amd64",
      "version": "2.11.5+dfsg1-1build2",
      "purl": "pkg:deb/libfreerdp2-2t64:amd64?arch=amd64\u0026distro=noble",
      "source": {
        "source_name": "freerdp2",
        "source_version": "2.11.5+dfsg1-1build2"
      }
    },
    {
      "name": "libfreerdp3-3:amd64",
      "version": "3.32.0+dfsg-0ubuntu0.24.04.1",
      "purl": "pkg:deb/libfreerdp3-3:amd64?arch=amd64\u0026distro=noble",
      "source": {
        "source_name": "freerdp3",
        "source_version": "3.32.0+dfsg-0ubuntu0.24.04.1"
      }
    },
    {
      "name": "libfreetype6:amd64",
      "version": "2.13.2+dfsg-1ubuntu0.1",
      "purl": "pkg:deb/libfreetype6:amd64?arch=amd64\u0026distro=noble",
      "source": {
        "source_name": "freetype",
        "source_version": "2.13.2+dfsg-1ubuntu0.1"
      }
    },
    {
      "name": "libfreetype6:i386",
      "version": "2.13.2+dfsg-1ubuntu0.1",
      "purl": "pkg:deb/libfreetype6:i386?arch=i386\u0026distro=noble",
      "source": {
        "source_name": "freetype",
        "source_version": "2.13.2+dfsg-1ubuntu0.1"
      }
    },
    {
      "name": "libfreexl1:amd64",
      "version": "2.0.0-1build2",
      "purl": "pkg:deb/libfreexl1:amd64?arch=amd64\u0026distro=noble",
      "source": {
        "source_name": "freexl",
        "source_version": "2.0.0-1build2"
      }
    },
    {
      "name": "libfribidi0:amd64",
      "version": "1.0.13-3build1",
      "purl": "pkg:deb/libfribidi0:amd64?arch=amd64\u0026distro=noble",
      "source": {
        "source_name": "fribidi",
        "source_version": "1.0.13-3build1"
      }
    },
    {
      "name": "libfribidi0:i386",
      "version": "1.0.13-3build1",
      "purl": "pkg:deb/libfribidi0:i386?arch=i386\u0026distro=noble",
      "source": {
        "source_name": "fribidi",
        "source_version": "1.0.13-3build1"
      }
    },
    {
      "name": "libftdi1-2:amd64",
      "version": "1.5-6build5",
      "purl": "pkg:deb/libftdi1-2:amd64?arch=amd64\u0026distro=noble",
      "source": {
        "source_name": "libftdi1",
        "source_version": "1.5-6build5"
      }
    },
    {
      "name": "libfuse2t64:amd64",
      "version": "2.9.9-8.1build1",
      "purl": "pkg:deb/libfuse2t64:amd64?arch=amd64\u0026distro=noble",
      "source": {
        "source_name": "fuse",
        "source_version": "2.9.9-8.1build1"
      }
    },
    {
      "name": "libfuse3-3:amd64",
      "version": "3.14.0-5build1",
      "purl": "pkg:deb/libfuse3-3:amd64?arch=amd64\u0026distro=noble",
      "source": {
        "source_name": "fuse3",
        "source_version": "3.14.0-5build1"
      }
    },
    {
      "name": "libfwupd2:amd64",
      "version": "1.9.34-0ubuntu1~24.04.1",
      "purl": "pkg:deb/libfwupd2:amd64?arch=amd64\u0026distro=noble",
      "source": {
        "source_name": "fwupd",
        "source_version": "1.9.34-0ubuntu1~24.04.1"
      }
    },
    {
      "name": "libfwupd3:amd64",
      "version": "2.0.20-1ubuntu2~24.04.2",
      "purl": "pkg:deb/libfwupd3:amd64?arch=amd64\u0026distro=noble",
      "source": {
        "source_name": "fwupd",
        "source_version": "2.0.20-1ubuntu2~24.04.2"
      }
    },
    {
      "name": "libfyba0t64:amd64",
      "version": "4.1.1-11build1",
      "purl": "pkg:deb/libfyba0t64:amd64?arch=amd64\u0026distro=noble",
      "source": {
        "source_name": "fyba",
        "source_version": "4.1.1-11build1"
      }
    },
    {
      "name": "libgail-common:amd64",
      "version": "2.24.33-4ubuntu1.1",
      "purl": "pkg:deb/libgail-common:amd64?arch=amd64\u0026distro=noble",
      "source": {
        "source_name": "gtk+2.0",
        "source_version": "2.24.33-4ubuntu1.1"
      }
    },
    {
      "name": "libgail18t64:amd64",
      "version": "2.24.33-4ubuntu1.1",
      "purl": "pkg:deb/libgail18t64:amd64?arch=amd64\u0026distro=noble",
      "source": {
        "source_name": "gtk+2.0",
        "source_version": "2.24.33-4ubuntu1.1"
      }
    },
    {
      "name": "libgav1-1:amd64",
      "version": "0.18.0-1build3",
      "purl": "pkg:deb/libgav1-1:amd64?arch=amd64\u0026distro=noble",
      "source": {
        "source_name": "libgav1",
        "source_version": "0.18.0-1build3"
      }
    },
    {
      "name": "libgavl2:amd64",
      "version": "2.0.0~svn6298-1build2",
      "purl": "pkg:deb/libgavl2:amd64?arch=amd64\u0026distro=noble",
      "source": {
        "source_name": "gavl",
        "source_version": "2.0.0~svn6298-1build2"
      }
    },
    {
      "name": "libgbm1:amd64",
      "version": "25.2.8-0ubuntu0.24.04.2",
      "purl": "pkg:deb/libgbm1:amd64?arch=amd64\u0026distro=noble",
      "source": {
        "source_name": "mesa",
        "source_version": "25.2.8-0ubuntu0.24.04.2"
      }
    },
    {
      "name": "libgbm1:i386",
      "version": "25.2.8-0ubuntu0.24.04.2",
      "purl": "pkg:deb/libgbm1:i386?arch=i386\u0026distro=noble",
      "source": {
        "source_name": "mesa",
        "source_version": "25.2.8-0ubuntu0.24.04.2"
      }
    },
    {
      "name": "libgc1:amd64",
      "version": "1:8.2.6-1build1",
      "purl": "pkg:deb/libgc1:amd64?arch=amd64\u0026distro=noble",
      "source": {
        "source_name": "libgc",
        "source_version": "1:8.2.6-1build1"
      }
    },
    {
      "name": "libgcc-13-dev:amd64",
      "version": "13.3.0-6ubuntu2~24.04.1",
      "purl": "pkg:deb/libgcc-13-dev:amd64?arch=amd64\u0026distro=noble",
      "source": {
        "source_name": "gcc-13",
        "source_version": "13.3.0-6ubuntu2~24.04.1"
      }
    },
    {
      "name": "libgcc-s1:amd64",
      "version": "14.2.0-4ubuntu2~24.04.1",
      "purl": "pkg:deb/libgcc-s1:amd64?arch=amd64\u0026distro=noble",
      "source": {
        "source_name": "gcc-14",
        "source_version": "14.2.0-4ubuntu2~24.04.1"
      }
    },
    {
      "name": "libgcc-s1:i386",
      "version": "14.2.0-4ubuntu2~24.04.1",
      "purl": "pkg:deb/libgcc-s1:i386?arch=i386\u0026distro=noble",
      "source": {
        "source_name": "gcc-14",
        "source_version": "14.2.0-4ubuntu2~24.04.1"
      }
    },
    {
      "name": "libgck-1-0:amd64",
      "version": "3.41.2-1build3",
      "purl": "pkg:deb/libgck-1-0:amd64?arch=amd64\u0026distro=noble",
      "source": {
        "source_name": "gcr",
        "source_version": "3.41.2-1build3"
      }
    },
    {
      "name": "libgck-2-2:amd64",
      "version": "4.2.0-5",
      "purl": "pkg:deb/libgck-2-2:amd64?arch=amd64\u0026distro=noble",
      "source": {
        "source_name": "gcr4",
        "source_version": "4.2.0-5"
      }
    },
    {
      "name": "libgcr-4-4:amd64",
      "version": "4.2.0-5",
      "purl": "pkg:deb/libgcr-4-4:amd64?arch=amd64\u0026distro=noble",
      "source": {
        "source_name": "gcr4",
        "source_version": "4.2.0-5"
      }
    },
    {
      "name": "libgcr-base-3-1:amd64",
      "version": "3.41.2-1build3",
      "purl": "pkg:deb/libgcr-base-3-1:amd64?arch=amd64\u0026distro=noble",
      "source": {
        "source_name": "gcr",
        "source_version": "3.41.2-1build3"
      }
    },
    {
      "name": "libgcr-ui-3-1:amd64",
      "version": "3.41.2-1build3",
      "purl": "pkg:deb/libgcr-ui-3-1:amd64?arch=amd64\u0026distro=noble",
      "source": {
        "source_name": "gcr",
        "source_version": "3.41.2-1build3"
      }
    },
    {
      "name": "libgcrypt20:amd64",
      "version": "1.10.3-2ubuntu0.2",
      "purl": "pkg:deb/libgcrypt20:amd64?arch=amd64\u0026distro=noble",
      "source": {
        "source_name": "",
        "source_version": ""
      }
    },
    {
      "name": "libgcrypt20:i386",
      "version": "1.10.3-2ubuntu0.2",
      "purl": "pkg:deb/libgcrypt20:i386?arch=i386\u0026distro=noble",
      "source": {
        "source_name": "",
        "source_version": ""
      }
    },
    {
      "name": "libgd3:amd64",
      "version": "2.3.3-9ubuntu5",
      "purl": "pkg:deb/libgd3:amd64?arch=amd64\u0026distro=noble",
      "source": {
        "source_name": "libgd2",
        "source_version": "2.3.3-9ubuntu5"
      }
    },
    {
      "name": "libgd3:i386",
      "version": "2.3.3-9ubuntu5",
      "purl": "pkg:deb/libgd3:i386?arch=i386\u0026distro=noble",
      "source": {
        "source_name": "libgd2",
        "source_version": "2.3.3-9ubuntu5"
      }
    },
    {
      "name": "libgdal34t64:amd64",
      "version": "3.8.4+dfsg-3ubuntu3",
      "purl": "pkg:deb/libgdal34t64:amd64?arch=amd64\u0026distro=noble",
      "source": {
        "source_name": "gdal",
        "source_version": "3.8.4+dfsg-3ubuntu3"
      }
    },
    {
      "name": "libgdata-common",
      "version": "0.18.1-6build2",
      "purl": "pkg:deb/libgdata-common?arch=all\u0026distro=noble",
      "source": {
        "source_name": "libgdata",
        "source_version": "0.18.1-6build2"
      }
    },
    {
      "name": "libgdata22:amd64",
      "version": "0.18.1-6build2",
      "purl": "pkg:deb/libgdata22:amd64?arch=amd64\u0026distro=noble",
      "source": {
        "source_name": "libgdata",
        "source_version": "0.18.1-6build2"
      }
    },
    {
      "name": "libgdbm-compat4t64:amd64",
      "version": "1.23-5.1build1",
      "purl": "pkg:deb/libgdbm-compat4t64:amd64?arch=amd64\u0026distro=noble",
      "source": {
        "source_name": "gdbm",
        "source_version": "1.23-5.1build1"
      }
    },
    {
      "name": "libgdbm6t64:amd64",
      "version": "1.23-5.1build1",
      "purl": "pkg:deb/libgdbm6t64:amd64?arch=amd64\u0026distro=noble",
      "source": {
        "source_name": "gdbm",
        "source_version": "1.23-5.1build1"
      }
    },
    {
      "name": "libgdcm3.0t64:amd64",
      "version": "3.0.22-2.1ubuntu1",
      "purl": "pkg:deb/libgdcm3.0t64:amd64?arch=amd64\u0026distro=noble",
      "source": {
        "source_name": "gdcm",
        "source_version": "3.0.22-2.1ubuntu1"
      }
    },
    {
      "name": "libgdk-pixbuf-2.0-0:amd64",
      "version": "2.42.10+dfsg-3ubuntu3.3",
      "purl": "pkg:deb/libgdk-pixbuf-2.0-0:amd64?arch=amd64\u0026distro=noble",
      "source": {
        "source_name": "gdk-pixbuf",
        "source_version": "2.42.10+dfsg-3ubuntu3.3"
      }
    },
    {
      "name": "libgdk-pixbuf-2.0-0:i386",
      "version": "2.42.10+dfsg-3ubuntu3.3",
      "purl": "pkg:deb/libgdk-pixbuf-2.0-0:i386?arch=i386\u0026distro=noble",
      "source": {
        "source_name": "gdk-pixbuf",
        "source_version": "2.42.10+dfsg-3ubuntu3.3"
      }
    },
    {
      "name": "libgdk-pixbuf-xlib-2.0-0:amd64",
      "version": "2.40.2-3build2",
      "purl": "pkg:deb/libgdk-pixbuf-xlib-2.0-0:amd64?arch=amd64\u0026distro=noble",
      "source": {
        "source_name": "gdk-pixbuf-xlib",
        "source_version": "2.40.2-3build2"
      }
    },
    {
      "name": "libgdk-pixbuf2.0-0:amd64",
      "version": "2.40.2-3build2",
      "purl": "pkg:deb/libgdk-pixbuf2.0-0:amd64?arch=amd64\u0026distro=noble",
      "source": {
        "source_name": "gdk-pixbuf-xlib",
        "source_version": "2.40.2-3build2"
      }
    },
    {
      "name": "libgdk-pixbuf2.0-bin",
      "version": "2.42.10+dfsg-3ubuntu3.3",
      "purl": "pkg:deb/libgdk-pixbuf2.0-bin?arch=amd64\u0026distro=noble",
      "source": {
        "source_name": "gdk-pixbuf",
        "source_version": "2.42.10+dfsg-3ubuntu3.3"
      }
    },
    {
      "name": "libgdk-pixbuf2.0-common",
      "version": "2.42.10+dfsg-3ubuntu3.3",
      "purl": "pkg:deb/libgdk-pixbuf2.0-common?arch=all\u0026distro=noble",
      "source": {
        "source_name": "gdk-pixbuf",
        "source_version": "2.42.10+dfsg-3ubuntu3.3"
      }
    },
    {
      "name": "libgdm1",
      "version": "46.2-1ubuntu1~24.04.9",
      "purl": "pkg:deb/libgdm1?arch=amd64\u0026distro=noble",
      "source": {
        "source_name": "gdm3",
        "source_version": "46.2-1ubuntu1~24.04.9"
      }
    },
    {
      "name": "libgee-0.8-2:amd64",
      "version": "0.20.6-1build2",
      "purl": "pkg:deb/libgee-0.8-2:amd64?arch=amd64\u0026distro=noble",
      "source": {
        "source_name": "libgee-0.8",
        "source_version": "0.20.6-1build2"
      }
    },
    {
      "name": "libgeoclue-2-0:amd64",
      "version": "2.7.0-3ubuntu7",
      "purl": "pkg:deb/libgeoclue-2-0:amd64?arch=amd64\u0026distro=noble",
      "source": {
        "source_name": "geoclue-2.0",
        "source_version": "2.7.0-3ubuntu7"
      }
    },
    {
      "name": "libgeocode-glib-2-0:amd64",
      "version": "3.26.3-6build3",
      "purl": "pkg:deb/libgeocode-glib-2-0:amd64?arch=amd64\u0026distro=noble",
      "source": {
        "source_name": "geocode-glib",
        "source_version": "3.26.3-6build3"
      }
    },
    {
      "name": "libgeos-c1t64:amd64",
      "version": "3.12.1-3build1",
      "purl": "pkg:deb/libgeos-c1t64:amd64?arch=amd64\u0026distro=noble",
      "source": {
        "source_name": "geos",
        "source_version": "3.12.1-3build1"
      }
    },
    {
      "name": "libgeos3.12.1t64:amd64",
      "version": "3.12.1-3build1",
      "purl": "pkg:deb/libgeos3.12.1t64:amd64?arch=amd64\u0026distro=noble",
      "source": {
        "source_name": "geos",
        "source_version": "3.12.1-3build1"
      }
    },
    {
      "name": "libgeotiff5:amd64",
      "version": "1.7.1-5build1",
      "purl": "pkg:deb/libgeotiff5:amd64?arch=amd64\u0026distro=noble",
      "source": {
        "source_name": "libgeotiff",
        "source_version": "1.7.1-5build1"
      }
    },
    {
      "name": "libgfortran5:amd64",
      "version": "14.2.0-4ubuntu2~24.04.1",
      "purl": "pkg:deb/libgfortran5:amd64?arch=amd64\u0026distro=noble",
      "source": {
        "source_name": "gcc-14",
        "source_version": "14.2.0-4ubuntu2~24.04.1"
      }
    },
    {
      "name": "libgif7:amd64",
      "version": "5.2.2-1ubuntu1.2",
      "purl": "pkg:deb/libgif7:amd64?arch=amd64\u0026distro=noble",
      "source": {
        "source_name": "giflib",
        "source_version": "5.2.2-1ubuntu1.2"
      }
    },
    {
      "name": "libgirepository-1.0-1:amd64",
      "version": "1.80.1-1",
      "purl": "pkg:deb/libgirepository-1.0-1:amd64?arch=amd64\u0026distro=noble",
      "source": {
        "source_name": "gobject-introspection",
        "source_version": "1.80.1-1"
      }
    },
    {
      "name": "libgit2-1.7:amd64",
      "version": "1.7.2+ds-1ubuntu3.2",
      "purl": "pkg:deb/libgit2-1.7:amd64?arch=amd64\u0026distro=noble",
      "source": {
        "source_name": "libgit2",
        "source_version": "1.7.2+ds-1ubuntu3.2"
      }
    },
    {
      "name": "libgjs0g:amd64",
      "version": "1.80.2-1build2",
      "purl": "pkg:deb/libgjs0g:amd64?arch=amd64\u0026distro=noble",
      "source": {
        "source_name": "gjs",
        "source_version": "1.80.2-1build2"
      }
    },
    {
      "name": "libgl-dev:amd64",
      "version": "1.7.0-1build1",
      "purl": "pkg:deb/libgl-dev:amd64?arch=amd64\u0026distro=noble",
      "source": {
        "source_name": "libglvnd",
        "source_version": "1.7.0-1build1"
      }
    },
    {
      "name": "libgl1:amd64",
      "version": "1.7.0-1build1",
      "purl": "pkg:deb/libgl1:amd64?arch=amd64\u0026distro=noble",
      "source": {
        "source_name": "libglvnd",
        "source_version": "1.7.0-1build1"
      }
    },
    {
      "name": "libgl1:i386",
      "version": "1.7.0-1build1",
      "purl": "pkg:deb/libgl1:i386?arch=i386\u0026distro=noble",
      "source": {
        "source_name": "libglvnd",
        "source_version": "1.7.0-1build1"
      }
    },
    {
      "name": "libgl1-mesa-dev:amd64",
      "version": "25.2.8-0ubuntu0.24.04.2",
      "purl": "pkg:deb/libgl1-mesa-dev:amd64?arch=amd64\u0026distro=noble",
      "source": {
        "source_name": "mesa",
        "source_version": "25.2.8-0ubuntu0.24.04.2"
      }
    },
    {
      "name": "libgl1-mesa-dri:amd64",
      "version": "25.2.8-0ubuntu0.24.04.2",
      "purl": "pkg:deb/libgl1-mesa-dri:amd64?arch=amd64\u0026distro=noble",
      "source": {
        "source_name": "mesa",
        "source_version": "25.2.8-0ubuntu0.24.04.2"
      }
    },
    {
      "name": "libgl1-mesa-dri:i386",
      "version": "25.2.8-0ubuntu0.24.04.2",
      "purl": "pkg:deb/libgl1-mesa-dri:i386?arch=i386\u0026distro=noble",
      "source": {
        "source_name": "mesa",
        "source_version": "25.2.8-0ubuntu0.24.04.2"
      }
    },
    {
      "name": "libgl2ps1.4",
      "version": "1.4.2+dfsg1-2build1",
      "purl": "pkg:deb/libgl2ps1.4?arch=amd64\u0026distro=noble",
      "source": {
        "source_name": "gl2ps",
        "source_version": "1.4.2+dfsg1-2build1"
      }
    },
    {
      "name": "libgles-dev:amd64",
      "version": "1.7.0-1build1",
      "purl": "pkg:deb/libgles-dev:amd64?arch=amd64\u0026distro=noble",
      "source": {
        "source_name": "libglvnd",
        "source_version": "1.7.0-1build1"
      }
    },
    {
      "name": "libgles1:amd64",
      "version": "1.7.0-1build1",
      "purl": "pkg:deb/libgles1:amd64?arch=amd64\u0026distro=noble",
      "source": {
        "source_name": "libglvnd",
        "source_version": "1.7.0-1build1"
      }
    },
    {
      "name": "libgles2:amd64",
      "version": "1.7.0-1build1",
      "purl": "pkg:deb/libgles2:amd64?arch=amd64\u0026distro=noble",
      "source": {
        "source_name": "libglvnd",
        "source_version": "1.7.0-1build1"
      }
    },
    {
      "name": "libglew2.2:amd64",
      "version": "2.2.0-4build1",
      "purl": "pkg:deb/libglew2.2:amd64?arch=amd64\u0026distro=noble",
      "source": {
        "source_name": "glew",
        "source_version": "2.2.0-4build1"
      }
    },
    {
      "name": "libglfw3:amd64",
      "version": "3.3.10-1build1",
      "purl": "pkg:deb/libglfw3:amd64?arch=amd64\u0026distro=noble",
      "source": {
        "source_name": "glfw3",
        "source_version": "3.3.10-1build1"
      }
    },
    {
      "name": "libglfw3-dev:amd64",
      "version": "3.3.10-1build1",
      "purl": "pkg:deb/libglfw3-dev:amd64?arch=amd64\u0026distro=noble",
      "source": {
        "source_name": "glfw3",
        "source_version": "3.3.10-1build1"
      }
    },
    {
      "name": "libglib2.0-0t64:amd64",
      "version": "2.80.0-6ubuntu3.9",
      "purl": "pkg:deb/libglib2.0-0t64:amd64?arch=amd64\u0026distro=noble",
      "source": {
        "source_name": "glib2.0",
        "source_version": "2.80.0-6ubuntu3.9"
      }
    },
    {
      "name": "libglib2.0-0t64:i386",
      "version": "2.80.0-6ubuntu3.9",
      "purl": "pkg:deb/libglib2.0-0t64:i386?arch=i386\u0026distro=noble",
      "source": {
        "source_name": "glib2.0",
        "source_version": "2.80.0-6ubuntu3.9"
      }
    },
    {
      "name": "libglib2.0-bin",
      "version": "2.80.0-6ubuntu3.9",
      "purl": "pkg:deb/libglib2.0-bin?arch=amd64\u0026distro=noble",
      "source": {
        "source_name": "glib2.0",
        "source_version": "2.80.0-6ubuntu3.9"
      }
    },
    {
      "name": "libglib2.0-data",
      "version": "2.80.0-6ubuntu3.9",
      "purl": "pkg:deb/libglib2.0-data?arch=all\u0026distro=noble",
      "source": {
        "source_name": "glib2.0",
        "source_version": "2.80.0-6ubuntu3.9"
      }
    },
    {
      "name": "libglibmm-2.4-1t64:amd64",
      "version": "2.66.7-1build1",
      "purl": "pkg:deb/libglibmm-2.4-1t64:amd64?arch=amd64\u0026distro=noble",
      "source": {
        "source_name": "glibmm2.4",
        "source_version": "2.66.7-1build1"
      }
    },
    {
      "name": "libglu1-mesa:amd64",
      "version": "9.0.2-1.1build1",
      "purl": "pkg:deb/libglu1-mesa:amd64?arch=amd64\u0026distro=noble",
      "source": {
        "source_name": "libglu",
        "source_version": "9.0.2-1.1build1"
      }
    },
    {
      "name": "libglu1-mesa-dev:amd64",
      "version": "9.0.2-1.1build1",
      "purl": "pkg:deb/libglu1-mesa-dev:amd64?arch=amd64\u0026distro=noble",
      "source": {
        "source_name": "libglu",
        "source_version": "9.0.2-1.1build1"
      }
    },
    {
      "name": "libglut-dev:amd64",
      "version": "3.4.0-1build1",
      "purl": "pkg:deb/libglut-dev:amd64?arch=amd64\u0026distro=noble",
      "source": {
        "source_name": "freeglut",
        "source_version": "3.4.0-1build1"
      }
    },
    {
      "name": "libglut3.12:amd64",
      "version": "3.4.0-1build1",
      "purl": "pkg:deb/libglut3.12:amd64?arch=amd64\u0026distro=noble",
      "source": {
        "source_name": "freeglut",
        "source_version": "3.4.0-1build1"
      }
    },
    {
      "name": "libglvnd-core-dev:amd64",
      "version": "1.7.0-1build1",
      "purl": "pkg:deb/libglvnd-core-dev:amd64?arch=amd64\u0026distro=noble",
      "source": {
        "source_name": "libglvnd",
        "source_version": "1.7.0-1build1"
      }
    },
    {
      "name": "libglvnd-dev:amd64",
      "version": "1.7.0-1build1",
      "purl": "pkg:deb/libglvnd-dev:amd64?arch=amd64\u0026distro=noble",
      "source": {
        "source_name": "libglvnd",
        "source_version": "1.7.0-1build1"
      }
    },
    {
      "name": "libglvnd0:amd64",
      "version": "1.7.0-1build1",
      "purl": "pkg:deb/libglvnd0:amd64?arch=amd64\u0026distro=noble",
      "source": {
        "source_name": "libglvnd",
        "source_version": "1.7.0-1build1"
      }
    },
    {
      "name": "libglvnd0:i386",
      "version": "1.7.0-1build1",
      "purl": "pkg:deb/libglvnd0:i386?arch=i386\u0026distro=noble",
      "source": {
        "source_name": "libglvnd",
        "source_version": "1.7.0-1build1"
      }
    },
    {
      "name": "libglx-dev:amd64",
      "version": "1.7.0-1build1",
      "purl": "pkg:deb/libglx-dev:amd64?arch=amd64\u0026distro=noble",
      "source": {
        "source_name": "libglvnd",
        "source_version": "1.7.0-1build1"
      }
    },
    {
      "name": "libglx-mesa0:amd64",
      "version": "25.2.8-0ubuntu0.24.04.2",
      "purl": "pkg:deb/libglx-mesa0:amd64?arch=amd64\u0026distro=noble",
      "source": {
        "source_name": "mesa",
        "source_version": "25.2.8-0ubuntu0.24.04.2"
      }
    },
    {
      "name": "libglx-mesa0:i386",
      "version": "25.2.8-0ubuntu0.24.04.2",
      "purl": "pkg:deb/libglx-mesa0:i386?arch=i386\u0026distro=noble",
      "source": {
        "source_name": "mesa",
        "source_version": "25.2.8-0ubuntu0.24.04.2"
      }
    },
    {
      "name": "libglx0:amd64",
      "version": "1.7.0-1build1",
      "purl": "pkg:deb/libglx0:amd64?arch=amd64\u0026distro=noble",
      "source": {
        "source_name": "libglvnd",
        "source_version": "1.7.0-1build1"
      }
    },
    {
      "name": "libglx0:i386",
      "version": "1.7.0-1build1",
      "purl": "pkg:deb/libglx0:i386?arch=i386\u0026distro=noble",
      "source": {
        "source_name": "libglvnd",
        "source_version": "1.7.0-1build1"
      }
    },
    {
      "name": "libgme0:amd64",
      "version": "0.6.3-7build1",
      "purl": "pkg:deb/libgme0:amd64?arch=amd64\u0026distro=noble",
      "source": {
        "source_name": "game-music-emu",
        "source_version": "0.6.3-7build1"
      }
    },
    {
      "name": "libgmic1:amd64",
      "version": "2.9.4-4build11",
      "purl": "pkg:deb/libgmic1:amd64?arch=amd64\u0026distro=noble",
      "source": {
        "source_name": "gmic",
        "source_version": "2.9.4-4build11"
      }
    },
    {
      "name": "libgmp10:amd64",
      "version": "2:6.3.0+dfsg-2ubuntu6.1",
      "purl": "pkg:deb/libgmp10:amd64?arch=amd64\u0026distro=noble",
      "source": {
        "source_name": "gmp",
        "source_version": "2:6.3.0+dfsg-2ubuntu6.1"
      }
    },
    {
      "name": "libgmp10:i386",
      "version": "2:6.3.0+dfsg-2ubuntu6.1",
      "purl": "pkg:deb/libgmp10:i386?arch=i386\u0026distro=noble",
      "source": {
        "source_name": "gmp",
        "source_version": "2:6.3.0+dfsg-2ubuntu6.1"
      }
    },
    {
      "name": "libgnome-autoar-0-0:amd64",
      "version": "0.4.4-2build4",
      "purl": "pkg:deb/libgnome-autoar-0-0:amd64?arch=amd64\u0026distro=noble",
      "source": {
        "source_name": "gnome-autoar",
        "source_version": "0.4.4-2build4"
      }
    },
    {
      "name": "libgnome-bg-4-2t64:amd64",
      "version": "44.0-5build2",
      "purl": "pkg:deb/libgnome-bg-4-2t64:amd64?arch=amd64\u0026distro=noble",
      "source": {
        "source_name": "gnome-desktop",
        "source_version": "44.0-5build2"
      }
    },
    {
      "name": "libgnome-bluetooth-3.0-13:amd64",
      "version": "46.0-1ubuntu1",
      "purl": "pkg:deb/libgnome-bluetooth-3.0-13:amd64?arch=amd64\u0026distro=noble",
      "source": {
        "source_name": "gnome-bluetooth3",
        "source_version": "46.0-1ubuntu1"
      }
    },
    {
      "name": "libgnome-bluetooth-ui-3.0-13:amd64",
      "version": "46.0-1ubuntu1",
      "purl": "pkg:deb/libgnome-bluetooth-ui-3.0-13:amd64?arch=amd64\u0026distro=noble",
      "source": {
        "source_name": "gnome-bluetooth3",
        "source_version": "46.0-1ubuntu1"
      }
    },
    {
      "name": "libgnome-desktop-3-20t64:amd64",
      "version": "44.0-5build2",
      "purl": "pkg:deb/libgnome-desktop-3-20t64:amd64?arch=amd64\u0026distro=noble",
      "source": {
        "source_name": "gnome-desktop",
        "source_version": "44.0-5build2"
      }
    },
    {
      "name": "libgnome-desktop-4-2t64:amd64",
      "version": "44.0-5build2",
      "purl": "pkg:deb/libgnome-desktop-4-2t64:amd64?arch=amd64\u0026distro=noble",
      "source": {
        "source_name": "gnome-desktop",
        "source_version": "44.0-5build2"
      }
    },
    {
      "name": "libgnome-rr-4-2t64:amd64",
      "version": "44.0-5build2",
      "purl": "pkg:deb/libgnome-rr-4-2t64:amd64?arch=amd64\u0026distro=noble",
      "source": {
        "source_name": "gnome-desktop",
        "source_version": "44.0-5build2"
      }
    },
    {
      "name": "libgnomekbd-common",
      "version": "3.28.1-1build3",
      "purl": "pkg:deb/libgnomekbd-common?arch=all\u0026distro=noble",
      "source": {
        "source_name": "libgnomekbd",
        "source_version": "3.28.1-1build3"
      }
    },
    {
      "name": "libgnomekbd8:amd64",
      "version": "3.28.1-1build3",
      "purl": "pkg:deb/libgnomekbd8:amd64?arch=amd64\u0026distro=noble",
      "source": {
        "source_name": "libgnomekbd",
        "source_version": "3.28.1-1build3"
      }
    },
    {
      "name": "libgnustep-base1.29",
      "version": "1.29.0-7ubuntu4",
      "purl": "pkg:deb/libgnustep-base1.29?arch=amd64\u0026distro=noble",
      "source": {
        "source_name": "gnustep-base",
        "source_version": "1.29.0-7ubuntu4"
      }
    },
    {
      "name": "libgnutls-dane0t64:amd64",
      "version": "3.8.3-1.1ubuntu3.6",
      "purl": "pkg:deb/libgnutls-dane0t64:amd64?arch=amd64\u0026distro=noble",
      "source": {
        "source_name": "gnutls28",
        "source_version": "3.8.3-1.1ubuntu3.6"
      }
    },
    {
      "name": "libgnutls30t64:amd64",
      "version": "3.8.3-1.1ubuntu3.6",
      "purl": "pkg:deb/libgnutls30t64:amd64?arch=amd64\u0026distro=noble",
      "source": {
        "source_name": "gnutls28",
        "source_version": "3.8.3-1.1ubuntu3.6"
      }
    },
    {
      "name": "libgnutls30t64:i386",
      "version": "3.8.3-1.1ubuntu3.6",
      "purl": "pkg:deb/libgnutls30t64:i386?arch=i386\u0026distro=noble",
      "source": {
        "source_name": "gnutls28",
        "source_version": "3.8.3-1.1ubuntu3.6"
      }
    },
    {
      "name": "libgoa-1.0-0b:amd64",
      "version": "3.50.4-0ubuntu2",
      "purl": "pkg:deb/libgoa-1.0-0b:amd64?arch=amd64\u0026distro=noble",
      "source": {
        "source_name": "gnome-online-accounts",
        "source_version": "3.50.4-0ubuntu2"
      }
    },
    {
      "name": "libgoa-1.0-common",
      "version": "3.50.4-0ubuntu2",
      "purl": "pkg:deb/libgoa-1.0-common?arch=all\u0026distro=noble",
      "source": {
        "source_name": "gnome-online-accounts",
        "source_version": "3.50.4-0ubuntu2"
      }
    },
    {
      "name": "libgoa-backend-1.0-2:amd64",
      "version": "3.50.4-0ubuntu2",
      "purl": "pkg:deb/libgoa-backend-1.0-2:amd64?arch=amd64\u0026distro=noble",
      "source": {
        "source_name": "gnome-online-accounts",
        "source_version": "3.50.4-0ubuntu2"
      }
    },
    {
      "name": "libgomp1:amd64",
      "version": "14.2.0-4ubuntu2~24.04.1",
      "purl": "pkg:deb/libgomp1:amd64?arch=amd64\u0026distro=noble",
      "source": {
        "source_name": "gcc-14",
        "source_version": "14.2.0-4ubuntu2~24.04.1"
      }
    },
    {
      "name": "libgomp1:i386",
      "version": "14.2.0-4ubuntu2~24.04.1",
      "purl": "pkg:deb/libgomp1:i386?arch=i386\u0026distro=noble",
      "source": {
        "source_name": "gcc-14",
        "source_version": "14.2.0-4ubuntu2~24.04.1"
      }
    },
    {
      "name": "libgpg-error-l10n",
      "version": "1.47-3build2.1",
      "purl": "pkg:deb/libgpg-error-l10n?arch=all\u0026distro=noble",
      "source": {
        "source_name": "libgpg-error",
        "source_version": "1.47-3build2.1"
      }
    },
    {
      "name": "libgpg-error0:amd64",
      "version": "1.47-3build2.1",
      "purl": "pkg:deb/libgpg-error0:amd64?arch=amd64\u0026distro=noble",
      "source": {
        "source_name": "libgpg-error",
        "source_version": "1.47-3build2.1"
      }
    },
    {
      "name": "libgpg-error0:i386",
      "version": "1.47-3build2.1",
      "purl": "pkg:deb/libgpg-error0:i386?arch=i386\u0026distro=noble",
      "source": {
        "source_name": "libgpg-error",
        "source_version": "1.47-3build2.1"
      }
    },
    {
      "name": "libgpgme11t64:amd64",
      "version": "1.18.0-4.1ubuntu4",
      "purl": "pkg:deb/libgpgme11t64:amd64?arch=amd64\u0026distro=noble",
      "source": {
        "source_name": "gpgme1.0",
        "source_version": "1.18.0-4.1ubuntu4"
      }
    },
    {
      "name": "libgpgmepp6t64:amd64",
      "version": "1.18.0-4.1ubuntu4",
      "purl": "pkg:deb/libgpgmepp6t64:amd64?arch=amd64\u0026distro=noble",
      "source": {
        "source_name": "gpgme1.0",
        "source_version": "1.18.0-4.1ubuntu4"
      }
    },
    {
      "name": "libgphoto2-6t64:amd64",
      "version": "2.5.31-2.1ubuntu1.1",
      "purl": "pkg:deb/libgphoto2-6t64:amd64?arch=amd64\u0026distro=noble",
      "source": {
        "source_name": "libgphoto2",
        "source_version": "2.5.31-2.1ubuntu1.1"
      }
    },
    {
      "name": "libgphoto2-6t64:i386",
      "version": "2.5.31-2.1ubuntu1.1",
      "purl": "pkg:deb/libgphoto2-6t64:i386?arch=i386\u0026distro=noble",
      "source": {
        "source_name": "libgphoto2",
        "source_version": "2.5.31-2.1ubuntu1.1"
      }
    },
    {
      "name": "libgphoto2-l10n",
      "version": "2.5.31-2.1ubuntu1.1",
      "purl": "pkg:deb/libgphoto2-l10n?arch=all\u0026distro=noble",
      "source": {
        "source_name": "libgphoto2",
        "source_version": "2.5.31-2.1ubuntu1.1"
      }
    },
    {
      "name": "libgphoto2-port12t64:amd64",
      "version": "2.5.31-2.1ubuntu1.1",
      "purl": "pkg:deb/libgphoto2-port12t64:amd64?arch=amd64\u0026distro=noble",
      "source": {
        "source_name": "libgphoto2",
        "source_version": "2.5.31-2.1ubuntu1.1"
      }
    },
    {
      "name": "libgphoto2-port12t64:i386",
      "version": "2.5.31-2.1ubuntu1.1",
      "purl": "pkg:deb/libgphoto2-port12t64:i386?arch=i386\u0026distro=noble",
      "source": {
        "source_name": "libgphoto2",
        "source_version": "2.5.31-2.1ubuntu1.1"
      }
    },
    {
      "name": "libgpm2:amd64",
      "version": "1.20.7-11",
      "purl": "pkg:deb/libgpm2:amd64?arch=amd64\u0026distro=noble",
      "source": {
        "source_name": "gpm",
        "source_version": "1.20.7-11"
      }
    },
    {
      "name": "libgpm2:i386",
      "version": "1.20.7-11",
      "purl": "pkg:deb/libgpm2:i386?arch=i386\u0026distro=noble",
      "source": {
        "source_name": "gpm",
        "source_version": "1.20.7-11"
      }
    },
    {
      "name": "libgprofng0:amd64",
      "version": "2.42-4ubuntu2.10",
      "purl": "pkg:deb/libgprofng0:amd64?arch=amd64\u0026distro=noble",
      "source": {
        "source_name": "binutils",
        "source_version": "2.42-4ubuntu2.10"
      }
    },
    {
      "name": "libgps30t64:amd64",
      "version": "3.25-3ubuntu3.2",
      "purl": "pkg:deb/libgps30t64:amd64?arch=amd64\u0026distro=noble",
      "source": {
        "source_name": "gpsd",
        "source_version": "3.25-3ubuntu3.2"
      }
    },
    {
      "name": "libgrantlee-templates5:amd64",
      "version": "5.3.1-3build2",
      "purl": "pkg:deb/libgrantlee-templates5:amd64?arch=amd64\u0026distro=noble",
      "source": {
        "source_name": "grantlee5",
        "source_version": "5.3.1-3build2"
      }
    },
    {
      "name": "libgraphene-1.0-0:amd64",
      "version": "1.10.8-3build2",
      "purl": "pkg:deb/libgraphene-1.0-0:amd64?arch=amd64\u0026distro=noble",
      "source": {
        "source_name": "graphene",
        "source_version": "1.10.8-3build2"
      }
    },
    {
      "name": "libgraphicsmagick++-q16-12t64",
      "version": "1.4+really1.3.42-1.1build3",
      "purl": "pkg:deb/libgraphicsmagick++-q16-12t64?arch=amd64\u0026distro=noble",
      "source": {
        "source_name": "graphicsmagick",
        "source_version": "1.4+really1.3.42-1.1build3"
      }
    },
    {
      "name": "libgraphicsmagick-q16-3t64",
      "version": "1.4+really1.3.42-1.1build3",
      "purl": "pkg:deb/libgraphicsmagick-q16-3t64?arch=amd64\u0026distro=noble",
      "source": {
        "source_name": "graphicsmagick",
        "source_version": "1.4+really1.3.42-1.1build3"
      }
    },
    {
      "name": "libgraphite2-3:amd64",
      "version": "1.3.14-2ubuntu0.24.04.1",
      "purl": "pkg:deb/libgraphite2-3:amd64?arch=amd64\u0026distro=noble",
      "source": {
        "source_name": "graphite2",
        "source_version": "1.3.14-2ubuntu0.24.04.1"
      }
    },
    {
      "name": "libgraphite2-3:i386",
      "version": "1.3.14-2ubuntu0.24.04.1",
      "purl": "pkg:deb/libgraphite2-3:i386?arch=i386\u0026distro=noble",
      "source": {
        "source_name": "graphite2",
        "source_version": "1.3.14-2ubuntu0.24.04.1"
      }
    },
    {
      "name": "libgs-common",
      "version": "10.02.1~dfsg1-0ubuntu7.9",
      "purl": "pkg:deb/libgs-common?arch=all\u0026distro=noble",
      "source": {
        "source_name": "ghostscript",
        "source_version": "10.02.1~dfsg1-0ubuntu7.9"
      }
    },
    {
      "name": "libgs10:amd64",
      "version": "10.02.1~dfsg1-0ubuntu7.9",
      "purl": "pkg:deb/libgs10:amd64?arch=amd64\u0026distro=noble",
      "source": {
        "source_name": "ghostscript",
        "source_version": "10.02.1~dfsg1-0ubuntu7.9"
      }
    },
    {
      "name": "libgs10-common",
      "version": "10.02.1~dfsg1-0ubuntu7.9",
      "purl": "pkg:deb/libgs10-common?arch=all\u0026distro=noble",
      "source": {
        "source_name": "ghostscript",
        "source_version": "10.02.1~dfsg1-0ubuntu7.9"
      }
    },
    {
      "name": "libgsettings-qt1:amd64",
      "version": "0.2-5build3",
      "purl": "pkg:deb/libgsettings-qt1:amd64?arch=amd64\u0026distro=noble",
      "source": {
        "source_name": "gsettings-qt",
        "source_version": "0.2-5build3"
      }
    },
    {
      "name": "libgsm1:amd64",
      "version": "1.0.22-1build1",
      "purl": "pkg:deb/libgsm1:amd64?arch=amd64\u0026distro=noble",
      "source": {
        "source_name": "libgsm",
        "source_version": "1.0.22-1build1"
      }
    },
    {
      "name": "libgsm1:i386",
      "version": "1.0.22-1build1",
      "purl": "pkg:deb/libgsm1:i386?arch=i386\u0026distro=noble",
      "source": {
        "source_name": "libgsm",
        "source_version": "1.0.22-1build1"
      }
    },
    {
      "name": "libgsound0t64:amd64",
      "version": "1.0.3-3.2build2",
      "purl": "pkg:deb/libgsound0t64:amd64?arch=amd64\u0026distro=noble",
      "source": {
        "source_name": "gsound",
        "source_version": "1.0.3-3.2build2"
      }
    },
    {
      "name": "libgssapi-krb5-2:amd64",
      "version": "1.20.1-6ubuntu2.8",
      "purl": "pkg:deb/libgssapi-krb5-2:amd64?arch=amd64\u0026distro=noble",
      "source": {
        "source_name": "krb5",
        "source_version": "1.20.1-6ubuntu2.8"
      }
    },
    {
      "name": "libgssapi-krb5-2:i386",
      "version": "1.20.1-6ubuntu2.8",
      "purl": "pkg:deb/libgssapi-krb5-2:i386?arch=i386\u0026distro=noble",
      "source": {
        "source_name": "krb5",
        "source_version": "1.20.1-6ubuntu2.8"
      }
    },
    {
      "name": "libgssdp-1.6-0:amd64",
      "version": "1.6.3-1build3",
      "purl": "pkg:deb/libgssdp-1.6-0:amd64?arch=amd64\u0026distro=noble",
      "source": {
        "source_name": "gssdp",
        "source_version": "1.6.3-1build3"
      }
    },
    {
      "name": "libgstreamer-gl1.0-0:amd64",
      "version": "1.24.2-1ubuntu0.5",
      "purl": "pkg:deb/libgstreamer-gl1.0-0:amd64?arch=amd64\u0026distro=noble",
      "source": {
        "source_name": "gst-plugins-base1.0",
        "source_version": "1.24.2-1ubuntu0.5"
      }
    },
    {
      "name": "libgstreamer-plugins-bad1.0-0:amd64",
      "version": "1.24.2-1ubuntu4",
      "purl": "pkg:deb/libgstreamer-plugins-bad1.0-0:amd64?arch=amd64\u0026distro=noble",
      "source": {
        "source_name": "gst-plugins-bad1.0",
        "source_version": "1.24.2-1ubuntu4"
      }
    },
    {
      "name": "libgstreamer-plugins-base1.0-0:amd64",
      "version": "1.24.2-1ubuntu0.5",
      "purl": "pkg:deb/libgstreamer-plugins-base1.0-0:amd64?arch=amd64\u0026distro=noble",
      "source": {
        "source_name": "gst-plugins-base1.0",
        "source_version": "1.24.2-1ubuntu0.5"
      }
    },
    {
      "name": "libgstreamer-plugins-base1.0-0:i386",
      "version": "1.24.2-1ubuntu0.5",
      "purl": "pkg:deb/libgstreamer-plugins-base1.0-0:i386?arch=i386\u0026distro=noble",
      "source": {
        "source_name": "gst-plugins-base1.0",
        "source_version": "1.24.2-1ubuntu0.5"
      }
    },
    {
      "name": "libgstreamer-plugins-good1.0-0:amd64",
      "version": "1.24.2-1ubuntu1.8",
      "purl": "pkg:deb/libgstreamer-plugins-good1.0-0:amd64?arch=amd64\u0026distro=noble",
      "source": {
        "source_name": "gst-plugins-good1.0",
        "source_version": "1.24.2-1ubuntu1.8"
      }
    },
    {
      "name": "libgstreamer-plugins-good1.0-0:i386",
      "version": "1.24.2-1ubuntu1.8",
      "purl": "pkg:deb/libgstreamer-plugins-good1.0-0:i386?arch=i386\u0026distro=noble",
      "source": {
        "source_name": "gst-plugins-good1.0",
        "source_version": "1.24.2-1ubuntu1.8"
      }
    },
    {
      "name": "libgstreamer1.0-0:amd64",
      "version": "1.24.2-1ubuntu0.1",
      "purl": "pkg:deb/libgstreamer1.0-0:amd64?arch=amd64\u0026distro=noble",
      "source": {
        "source_name": "gstreamer1.0",
        "source_version": "1.24.2-1ubuntu0.1"
      }
    },
    {
      "name": "libgstreamer1.0-0:i386",
      "version": "1.24.2-1ubuntu0.1",
      "purl": "pkg:deb/libgstreamer1.0-0:i386?arch=i386\u0026distro=noble",
      "source": {
        "source_name": "gstreamer1.0",
        "source_version": "1.24.2-1ubuntu0.1"
      }
    },
    {
      "name": "libgtk-3-0t64:amd64",
      "version": "3.24.41-4ubuntu1.3",
      "purl": "pkg:deb/libgtk-3-0t64:amd64?arch=amd64\u0026distro=noble",
      "source": {
        "source_name": "gtk+3.0",
        "source_version": "3.24.41-4ubuntu1.3"
      }
    },
    {
      "name": "libgtk-3-0t64:i386",
      "version": "3.24.41-4ubuntu1.3",
      "purl": "pkg:deb/libgtk-3-0t64:i386?arch=i386\u0026distro=noble",
      "source": {
        "source_name": "gtk+3.0",
        "source_version": "3.24.41-4ubuntu1.3"
      }
    },
    {
      "name": "libgtk-3-bin",
      "version": "3.24.41-4ubuntu1.3",
      "purl": "pkg:deb/libgtk-3-bin?arch=amd64\u0026distro=noble",
      "source": {
        "source_name": "gtk+3.0",
        "source_version": "3.24.41-4ubuntu1.3"
      }
    },
    {
      "name": "libgtk-3-common",
      "version": "3.24.41-4ubuntu1.3",
      "purl": "pkg:deb/libgtk-3-common?arch=all\u0026distro=noble",
      "source": {
        "source_name": "gtk+3.0",
        "source_version": "3.24.41-4ubuntu1.3"
      }
    },
    {
      "name": "libgtk-4-1:amd64",
      "version": "4.14.5+ds-0ubuntu0.10",
      "purl": "pkg:deb/libgtk-4-1:amd64?arch=amd64\u0026distro=noble",
      "source": {
        "source_name": "gtk4",
        "source_version": "4.14.5+ds-0ubuntu0.10"
      }
    },
    {
      "name": "libgtk-4-bin",
      "version": "4.14.5+ds-0ubuntu0.10",
      "purl": "pkg:deb/libgtk-4-bin?arch=amd64\u0026distro=noble",
      "source": {
        "source_name": "gtk4",
        "source_version": "4.14.5+ds-0ubuntu0.10"
      }
    },
    {
      "name": "libgtk-4-common",
      "version": "4.14.5+ds-0ubuntu0.10",
      "purl": "pkg:deb/libgtk-4-common?arch=all\u0026distro=noble",
      "source": {
        "source_name": "gtk4",
        "source_version": "4.14.5+ds-0ubuntu0.10"
      }
    },
    {
      "name": "libgtk-4-media-gstreamer",
      "version": "4.14.5+ds-0ubuntu0.10",
      "purl": "pkg:deb/libgtk-4-media-gstreamer?arch=amd64\u0026distro=noble",
      "source": {
        "source_name": "gtk4",
        "source_version": "4.14.5+ds-0ubuntu0.10"
      }
    },
    {
      "name": "libgtk-vnc-2.0-0:amd64",
      "version": "1.3.1-1build2",
      "purl": "pkg:deb/libgtk-vnc-2.0-0:amd64?arch=amd64\u0026distro=noble",
      "source": {
        "source_name": "gtk-vnc",
        "source_version": "1.3.1-1build2"
      }
    },
    {
      "name": "libgtk2.0-0t64:amd64",
      "version": "2.24.33-4ubuntu1.1",
      "purl": "pkg:deb/libgtk2.0-0t64:amd64?arch=amd64\u0026distro=noble",
      "source": {
        "source_name": "gtk+2.0",
        "source_version": "2.24.33-4ubuntu1.1"
      }
    },
    {
      "name": "libgtk2.0-bin",
      "version": "2.24.33-4ubuntu1.1",
      "purl": "pkg:deb/libgtk2.0-bin?arch=amd64\u0026distro=noble",
      "source": {
        "source_name": "gtk+2.0",
        "source_version": "2.24.33-4ubuntu1.1"
      }
    },
    {
      "name": "libgtk2.0-common",
      "version": "2.24.33-4ubuntu1.1",
      "purl": "pkg:deb/libgtk2.0-common?arch=all\u0026distro=noble",
      "source": {
        "source_name": "gtk+2.0",
        "source_version": "2.24.33-4ubuntu1.1"
      }
    },
    {
      "name": "libgtkmm-3.0-1t64:amd64",
      "version": "3.24.9-1",
      "purl": "pkg:deb/libgtkmm-3.0-1t64:amd64?arch=amd64\u0026distro=noble",
      "source": {
        "source_name": "gtkmm3.0",
        "source_version": "3.24.9-1"
      }
    },
    {
      "name": "libgtksourceview-3.0-1:amd64",
      "version": "3.24.11-2build4",
      "purl": "pkg:deb/libgtksourceview-3.0-1:amd64?arch=amd64\u0026distro=noble",
      "source": {
        "source_name": "gtksourceview3",
        "source_version": "3.24.11-2build4"
      }
    },
    {
      "name": "libgtksourceview-3.0-common",
      "version": "3.24.11-2build4",
      "purl": "pkg:deb/libgtksourceview-3.0-common?arch=all\u0026distro=noble",
      "source": {
        "source_name": "gtksourceview3",
        "source_version": "3.24.11-2build4"
      }
    },
    {
      "name": "libgtksourceview-4-0:amd64",
      "version": "4.8.4-5build4",
      "purl": "pkg:deb/libgtksourceview-4-0:amd64?arch=amd64\u0026distro=noble",
      "source": {
        "source_name": "gtksourceview4",
        "source_version": "4.8.4-5build4"
      }
    },
    {
      "name": "libgtksourceview-4-common",
      "version": "4.8.4-5build4",
      "purl": "pkg:deb/libgtksourceview-4-common?arch=all\u0026distro=noble",
      "source": {
        "source_name": "gtksourceview4",
        "source_version": "4.8.4-5build4"
      }
    },
    {
      "name": "libgtop-2.0-11:amd64",
      "version": "2.41.3-1ubuntu0.24.04.1",
      "purl": "pkg:deb/libgtop-2.0-11:amd64?arch=amd64\u0026distro=noble",
      "source": {
        "source_name": "libgtop2",
        "source_version": "2.41.3-1ubuntu0.24.04.1"
      }
    },
    {
      "name": "libgtop2-common",
      "version": "2.41.3-1ubuntu0.24.04.1",
      "purl": "pkg:deb/libgtop2-common?arch=all\u0026distro=noble",
      "source": {
        "source_name": "libgtop2",
        "source_version": "2.41.3-1ubuntu0.24.04.1"
      }
    },
    {
      "name": "libgudev-1.0-0:amd64",
      "version": "1:238-5ubuntu1",
      "purl": "pkg:deb/libgudev-1.0-0:amd64?arch=amd64\u0026distro=noble",
      "source": {
        "source_name": "libgudev",
        "source_version": "238-5ubuntu1"
      }
    },
    {
      "name": "libgudev-1.0-0:i386",
      "version": "1:238-5ubuntu1",
      "purl": "pkg:deb/libgudev-1.0-0:i386?arch=i386\u0026distro=noble",
      "source": {
        "source_name": "libgudev",
        "source_version": "238-5ubuntu1"
      }
    },
    {
      "name": "libgupnp-1.6-0:amd64",
      "version": "1.6.6-1build3",
      "purl": "pkg:deb/libgupnp-1.6-0:amd64?arch=amd64\u0026distro=noble",
      "source": {
        "source_name": "gupnp",
        "source_version": "1.6.6-1build3"
      }
    },
    {
      "name": "libgupnp-av-1.0-3:amd64",
      "version": "0.14.1-2build2",
      "purl": "pkg:deb/libgupnp-av-1.0-3:amd64?arch=amd64\u0026distro=noble",
      "source": {
        "source_name": "gupnp-av",
        "source_version": "0.14.1-2build2"
      }
    },
    {
      "name": "libgupnp-dlna-2.0-4:amd64",
      "version": "0.12.0-4build2",
      "purl": "pkg:deb/libgupnp-dlna-2.0-4:amd64?arch=amd64\u0026distro=noble",
      "source": {
        "source_name": "gupnp-dlna",
        "source_version": "0.12.0-4build2"
      }
    },
    {
      "name": "libgupnp-igd-1.6-0:amd64",
      "version": "1.6.0-3build3",
      "purl": "pkg:deb/libgupnp-igd-1.6-0:amd64?arch=amd64\u0026distro=noble",
      "source": {
        "source_name": "gupnp-igd",
        "source_version": "1.6.0-3build3"
      }
    },
    {
      "name": "libgusb2:amd64",
      "version": "0.4.8-1build2",
      "purl": "pkg:deb/libgusb2:amd64?arch=amd64\u0026distro=noble",
      "source": {
        "source_name": "libgusb",
        "source_version": "0.4.8-1build2"
      }
    },
    {
      "name": "libgutenprint-common",
      "version": "5.3.4.20220624T01008808d602-1build4",
      "purl": "pkg:deb/libgutenprint-common?arch=all\u0026distro=noble",
      "source": {
        "source_name": "gutenprint",
        "source_version": "5.3.4.20220624T01008808d602-1build4"
      }
    },
    {
      "name": "libgutenprint9",
      "version": "5.3.4.20220624T01008808d602-1build4",
      "purl": "pkg:deb/libgutenprint9?arch=amd64\u0026distro=noble",
      "source": {
        "source_name": "gutenprint",
        "source_version": "5.3.4.20220624T01008808d602-1build4"
      }
    },
    {
      "name": "libgvnc-1.0-0:amd64",
      "version": "1.3.1-1build2",
      "purl": "pkg:deb/libgvnc-1.0-0:amd64?arch=amd64\u0026distro=noble",
      "source": {
        "source_name": "gtk-vnc",
        "source_version": "1.3.1-1build2"
      }
    },
    {
      "name": "libgweather-4-0t64:amd64",
      "version": "4.4.2-1build1",
      "purl": "pkg:deb/libgweather-4-0t64:amd64?arch=amd64\u0026distro=noble",
      "source": {
        "source_name": "libgweather4",
        "source_version": "4.4.2-1build1"
      }
    },
    {
      "name": "libgweather-4-common",
      "version": "4.4.2-1build1",
      "purl": "pkg:deb/libgweather-4-common?arch=all\u0026distro=noble",
      "source": {
        "source_name": "libgweather4",
        "source_version": "4.4.2-1build1"
      }
    },
    {
      "name": "libhandy-1-0:amd64",
      "version": "1.8.3-1build2",
      "purl": "pkg:deb/libhandy-1-0:amd64?arch=amd64\u0026distro=noble",
      "source": {
        "source_name": "libhandy-1",
        "source_version": "1.8.3-1build2"
      }
    },
    {
      "name": "libharfbuzz-gobject0:amd64",
      "version": "8.3.0-2build2",
      "purl": "pkg:deb/libharfbuzz-gobject0:amd64?arch=amd64\u0026distro=noble",
      "source": {
        "source_name": "harfbuzz",
        "source_version": "8.3.0-2build2"
      }
    },
    {
      "name": "libharfbuzz-icu0:amd64",
      "version": "8.3.0-2build2",
      "purl": "pkg:deb/libharfbuzz-icu0:amd64?arch=amd64\u0026distro=noble",
      "source": {
        "source_name": "harfbuzz",
        "source_version": "8.3.0-2build2"
      }
    },
    {
      "name": "libharfbuzz-subset0:amd64",
      "version": "8.3.0-2build2",
      "purl": "pkg:deb/libharfbuzz-subset0:amd64?arch=amd64\u0026distro=noble",
      "source": {
        "source_name": "harfbuzz",
        "source_version": "8.3.0-2build2"
      }
    },
    {
      "name": "libharfbuzz0b:amd64",
      "version": "8.3.0-2build2",
      "purl": "pkg:deb/libharfbuzz0b:amd64?arch=amd64\u0026distro=noble",
      "source": {
        "source_name": "harfbuzz",
        "source_version": "8.3.0-2build2"
      }
    },
    {
      "name": "libharfbuzz0b:i386",
      "version": "8.3.0-2build2",
      "purl": "pkg:deb/libharfbuzz0b:i386?arch=i386\u0026distro=noble",
      "source": {
        "source_name": "harfbuzz",
        "source_version": "8.3.0-2build2"
      }
    },
    {
      "name": "libhdf4-0-alt:amd64",
      "version": "4.2.16-4build1",
      "purl": "pkg:deb/libhdf4-0-alt:amd64?arch=amd64\u0026distro=noble",
      "source": {
        "source_name": "libhdf4",
        "source_version": "4.2.16-4build1"
      }
    },
    {
      "name": "libhdf5-103-1t64:amd64",
      "version": "1.10.10+repack-3.1ubuntu4",
      "purl": "pkg:deb/libhdf5-103-1t64:amd64?arch=amd64\u0026distro=noble",
      "source": {
        "source_name": "hdf5",
        "source_version": "1.10.10+repack-3.1ubuntu4"
      }
    },
    {
      "name": "libhdf5-hl-100t64:amd64",
      "version": "1.10.10+repack-3.1ubuntu4",
      "purl": "pkg:deb/libhdf5-hl-100t64:amd64?arch=amd64\u0026distro=noble",
      "source": {
        "source_name": "hdf5",
        "source_version": "1.10.10+repack-3.1ubuntu4"
      }
    },
    {
      "name": "libheif-plugin-aomdec:amd64",
      "version": "1.17.6-1ubuntu4.9",
      "purl": "pkg:deb/libheif-plugin-aomdec:amd64?arch=amd64\u0026distro=noble",
      "source": {
        "source_name": "libheif",
        "source_version": "1.17.6-1ubuntu4.9"
      }
    },
    {
      "name": "libheif-plugin-aomdec:i386",
      "version": "1.17.6-1ubuntu4.9",
      "purl": "pkg:deb/libheif-plugin-aomdec:i386?arch=i386\u0026distro=noble",
      "source": {
        "source_name": "libheif",
        "source_version": "1.17.6-1ubuntu4.9"
      }
    },
    {
      "name": "libheif-plugin-aomenc:amd64",
      "version": "1.17.6-1ubuntu4.9",
      "purl": "pkg:deb/libheif-plugin-aomenc:amd64?arch=amd64\u0026distro=noble",
      "source": {
        "source_name": "libheif",
        "source_version": "1.17.6-1ubuntu4.9"
      }
    },
    {
      "name": "libheif-plugin-aomenc:i386",
      "version": "1.17.6-1ubuntu4.9",
      "purl": "pkg:deb/libheif-plugin-aomenc:i386?arch=i386\u0026distro=noble",
      "source": {
        "source_name": "libheif",
        "source_version": "1.17.6-1ubuntu4.9"
      }
    },
    {
      "name": "libheif-plugin-libde265:amd64",
      "version": "1.17.6-1ubuntu4.9",
      "purl": "pkg:deb/libheif-plugin-libde265:amd64?arch=amd64\u0026distro=noble",
      "source": {
        "source_name": "libheif",
        "source_version": "1.17.6-1ubuntu4.9"
      }
    },
    {
      "name": "libheif-plugin-libde265:i386",
      "version": "1.17.6-1ubuntu4.9",
      "purl": "pkg:deb/libheif-plugin-libde265:i386?arch=i386\u0026distro=noble",
      "source": {
        "source_name": "libheif",
        "source_version": "1.17.6-1ubuntu4.9"
      }
    },
    {
      "name": "libheif-plugin-x265:amd64",
      "version": "1.17.6-1ubuntu4.9",
      "purl": "pkg:deb/libheif-plugin-x265:amd64?arch=amd64\u0026distro=noble",
      "source": {
        "source_name": "libheif",
        "source_version": "1.17.6-1ubuntu4.9"
      }
    },
    {
      "name": "libheif1:amd64",
      "version": "1.17.6-1ubuntu4.9",
      "purl": "pkg:deb/libheif1:amd64?arch=amd64\u0026distro=noble",
      "source": {
        "source_name": "libheif",
        "source_version": "1.17.6-1ubuntu4.9"
      }
    },
    {
      "name": "libheif1:i386",
      "version": "1.17.6-1ubuntu4.9",
      "purl": "pkg:deb/libheif1:i386?arch=i386\u0026distro=noble",
      "source": {
        "source_name": "libheif",
        "source_version": "1.17.6-1ubuntu4.9"
      }
    },
    {
      "name": "libhfstospell11:amd64",
      "version": "0.5.4-1build3",
      "purl": "pkg:deb/libhfstospell11:amd64?arch=amd64\u0026distro=noble",
      "source": {
        "source_name": "hfst-ospell",
        "source_version": "0.5.4-1build3"
      }
    },
    {
      "name": "libhiredis1.1.0:amd64",
      "version": "1.2.0-6ubuntu3",
      "purl": "pkg:deb/libhiredis1.1.0:amd64?arch=amd64\u0026distro=noble",
      "source": {
        "source_name": "hiredis",
        "source_version": "1.2.0-6ubuntu3"
      }
    },
    {
      "name": "libhogweed6t64:amd64",
      "version": "3.9.1-2.2build1.1",
      "purl": "pkg:deb/libhogweed6t64:amd64?arch=amd64\u0026distro=noble",
      "source": {
        "source_name": "nettle",
        "source_version": "3.9.1-2.2build1.1"
      }
    },
    {
      "name": "libhogweed6t64:i386",
      "version": "3.9.1-2.2build1.1",
      "purl": "pkg:deb/libhogweed6t64:i386?arch=i386\u0026distro=noble",
      "source": {
        "source_name": "nettle",
        "source_version": "3.9.1-2.2build1.1"
      }
    },
    {
      "name": "libhpmud0:amd64",
      "version": "3.23.12+dfsg0-0ubuntu5.1",
      "purl": "pkg:deb/libhpmud0:amd64?arch=amd64\u0026distro=noble",
      "source": {
        "source_name": "hplip",
        "source_version": "3.23.12+dfsg0-0ubuntu5.1"
      }
    },
    {
      "name": "libhsa-runtime64-1",
      "version": "5.7.1-2build1",
      "purl": "pkg:deb/libhsa-runtime64-1?arch=amd64\u0026distro=noble",
      "source": {
        "source_name": "rocr-runtime",
        "source_version": "5.7.1-2build1"
      }
    },
    {
      "name": "libhsakmt1:amd64",
      "version": "5.7.0-1build1",
      "purl": "pkg:deb/libhsakmt1:amd64?arch=amd64\u0026distro=noble",
      "source": {
        "source_name": "roct-thunk-interface",
        "source_version": "5.7.0-1build1"
      }
    },
    {
      "name": "libhtml-form-perl",
      "version": "6.11-1",
      "purl": "pkg:deb/libhtml-form-perl?arch=all\u0026distro=noble",
      "source": {
        "source_name": "",
        "source_version": ""
      }
    },
    {
      "name": "libhtml-format-perl",
      "version": "2.16-2",
      "purl": "pkg:deb/libhtml-format-perl?arch=all\u0026distro=noble",
      "source": {
        "source_name": "",
        "source_version": ""
      }
    },
    {
      "name": "libhtml-parser-perl:amd64",
      "version": "3.81-1ubuntu0.1",
      "purl": "pkg:deb/libhtml-parser-perl:amd64?arch=amd64\u0026distro=noble",
      "source": {
        "source_name": "",
        "source_version": ""
      }
    },
    {
      "name": "libhtml-tagset-perl",
      "version": "3.20-6",
      "purl": "pkg:deb/libhtml-tagset-perl?arch=all\u0026distro=noble",
      "source": {
        "source_name": "",
        "source_version": ""
      }
    },
    {
      "name": "libhtml-tree-perl",
      "version": "5.07-3",
      "purl": "pkg:deb/libhtml-tree-perl?arch=all\u0026distro=noble",
      "source": {
        "source_name": "",
        "source_version": ""
      }
    },
    {
      "name": "libhttp-cookies-perl",
      "version": "6.11-1",
      "purl": "pkg:deb/libhttp-cookies-perl?arch=all\u0026distro=noble",
      "source": {
        "source_name": "",
        "source_version": ""
      }
    },
    {
      "name": "libhttp-daemon-perl",
      "version": "6.16-1ubuntu0.24.04.1",
      "purl": "pkg:deb/libhttp-daemon-perl?arch=all\u0026distro=noble",
      "source": {
        "source_name": "",
        "source_version": ""
      }
    },
    {
      "name": "libhttp-date-perl",
      "version": "6.06-1ubuntu0.24.04.1",
      "purl": "pkg:deb/libhttp-date-perl?arch=all\u0026distro=noble",
      "source": {
        "source_name": "",
        "source_version": ""
      }
    },
    {
      "name": "libhttp-message-perl",
      "version": "6.45-1ubuntu1",
      "purl": "pkg:deb/libhttp-message-perl?arch=all\u0026distro=noble",
      "source": {
        "source_name": "",
        "source_version": ""
      }
    },
    {
      "name": "libhttp-negotiate-perl",
      "version": "6.01-2",
      "purl": "pkg:deb/libhttp-negotiate-perl?arch=all\u0026distro=noble",
      "source": {
        "source_name": "",
        "source_version": ""
      }
    },
    {
      "name": "libhttp-parser2.9:amd64",
      "version": "2.9.4-6build1",
      "purl": "pkg:deb/libhttp-parser2.9:amd64?arch=amd64\u0026distro=noble",
      "source": {
        "source_name": "http-parser",
        "source_version": "2.9.4-6build1"
      }
    },
    {
      "name": "libhunspell-1.7-0:amd64",
      "version": "1.7.2+really1.7.2-10build3",
      "purl": "pkg:deb/libhunspell-1.7-0:amd64?arch=amd64\u0026distro=noble",
      "source": {
        "source_name": "hunspell",
        "source_version": "1.7.2+really1.7.2-10build3"
      }
    },
    {
      "name": "libhwasan0:amd64",
      "version": "14.2.0-4ubuntu2~24.04.1",
      "purl": "pkg:deb/libhwasan0:amd64?arch=amd64\u0026distro=noble",
      "source": {
        "source_name": "gcc-14",
        "source_version": "14.2.0-4ubuntu2~24.04.1"
      }
    },
    {
      "name": "libhwloc-plugins:amd64",
      "version": "2.10.0-1build1",
      "purl": "pkg:deb/libhwloc-plugins:amd64?arch=amd64\u0026distro=noble",
      "source": {
        "source_name": "hwloc",
        "source_version": "2.10.0-1build1"
      }
    },
    {
      "name": "libhwloc15:amd64",
      "version": "2.10.0-1build1",
      "purl": "pkg:deb/libhwloc15:amd64?arch=amd64\u0026distro=noble",
      "source": {
        "source_name": "hwloc",
        "source_version": "2.10.0-1build1"
      }
    },
    {
      "name": "libhwy1t64:amd64",
      "version": "1.0.7-8.1build1",
      "purl": "pkg:deb/libhwy1t64:amd64?arch=amd64\u0026distro=noble",
      "source": {
        "source_name": "highway",
        "source_version": "1.0.7-8.1build1"
      }
    },
    {
      "name": "libhyphen0:amd64",
      "version": "2.8.8-7build3",
      "purl": "pkg:deb/libhyphen0:amd64?arch=amd64\u0026distro=noble",
      "source": {
        "source_name": "hyphen",
        "source_version": "2.8.8-7build3"
      }
    },
    {
      "name": "libibus-1.0-5:amd64",
      "version": "1.5.29-2",
      "purl": "pkg:deb/libibus-1.0-5:amd64?arch=amd64\u0026distro=noble",
      "source": {
        "source_name": "ibus",
        "source_version": "1.5.29-2"
      }
    },
    {
      "name": "libibverbs1:amd64",
      "version": "50.0-2ubuntu0.2",
      "purl": "pkg:deb/libibverbs1:amd64?arch=amd64\u0026distro=noble",
      "source": {
        "source_name": "rdma-core",
        "source_version": "50.0-2ubuntu0.2"
      }
    },
    {
      "name": "libical3t64:amd64",
      "version": "3.0.17-1.1build3",
      "purl": "pkg:deb/libical3t64:amd64?arch=amd64\u0026distro=noble",
      "source": {
        "source_name": "libical3",
        "source_version": "3.0.17-1.1build3"
      }
    },
    {
      "name": "libice-dev:amd64",
      "version": "2:1.0.10-1build3",
      "purl": "pkg:deb/libice-dev:amd64?arch=amd64\u0026distro=noble",
      "source": {
        "source_name": "libice",
        "source_version": "2:1.0.10-1build3"
      }
    },
    {
      "name": "libice6:amd64",
      "version": "2:1.0.10-1build3",
      "purl": "pkg:deb/libice6:amd64?arch=amd64\u0026distro=noble",
      "source": {
        "source_name": "libice",
        "source_version": "2:1.0.10-1build3"
      }
    },
    {
      "name": "libicu-dev:amd64",
      "version": "74.2-1ubuntu3.1",
      "purl": "pkg:deb/libicu-dev:amd64?arch=amd64\u0026distro=noble",
      "source": {
        "source_name": "icu",
        "source_version": "74.2-1ubuntu3.1"
      }
    },
    {
      "name": "libicu74:amd64",
      "version": "74.2-1ubuntu3.1",
      "purl": "pkg:deb/libicu74:amd64?arch=amd64\u0026distro=noble",
      "source": {
        "source_name": "icu",
        "source_version": "74.2-1ubuntu3.1"
      }
    },
    {
      "name": "libicu74:i386",
      "version": "74.2-1ubuntu3.1",
      "purl": "pkg:deb/libicu74:i386?arch=i386\u0026distro=noble",
      "source": {
        "source_name": "icu",
        "source_version": "74.2-1ubuntu3.1"
      }
    },
    {
      "name": "libid3tag0:amd64",
      "version": "0.15.1b-14build1",
      "purl": "pkg:deb/libid3tag0:amd64?arch=amd64\u0026distro=noble",
      "source": {
        "source_name": "libid3tag",
        "source_version": "0.15.1b-14build1"
      }
    },
    {
      "name": "libidn12:amd64",
      "version": "1.42-1ubuntu0.1",
      "purl": "pkg:deb/libidn12:amd64?arch=amd64\u0026distro=noble",
      "source": {
        "source_name": "libidn",
        "source_version": "1.42-1ubuntu0.1"
      }
    },
    {
      "name": "libidn2-0:amd64",
      "version": "2.3.7-2build1.1",
      "purl": "pkg:deb/libidn2-0:amd64?arch=amd64\u0026distro=noble",
      "source": {
        "source_name": "libidn2",
        "source_version": "2.3.7-2build1.1"
      }
    },
    {
      "name": "libidn2-0:i386",
      "version": "2.3.7-2build1.1",
      "purl": "pkg:deb/libidn2-0:i386?arch=i386\u0026distro=noble",
      "source": {
        "source_name": "libidn2",
        "source_version": "2.3.7-2build1.1"
      }
    },
    {
      "name": "libiec61883-0:amd64",
      "version": "1.2.0-6build1",
      "purl": "pkg:deb/libiec61883-0:amd64?arch=amd64\u0026distro=noble",
      "source": {
        "source_name": "libiec61883",
        "source_version": "1.2.0-6build1"
      }
    },
    {
      "name": "libiec61883-0:i386",
      "version": "1.2.0-6build1",
      "purl": "pkg:deb/libiec61883-0:i386?arch=i386\u0026distro=noble",
      "source": {
        "source_name": "libiec61883",
        "source_version": "1.2.0-6build1"
      }
    },
    {
      "name": "libieee1284-3t64:amd64",
      "version": "0.2.11-14.1build1",
      "purl": "pkg:deb/libieee1284-3t64:amd64?arch=amd64\u0026distro=noble",
      "source": {
        "source_name": "libieee1284",
        "source_version": "0.2.11-14.1build1"
      }
    },
    {
      "name": "libigdgmm12:amd64",
      "version": "22.3.17+ds1-1ubuntu1",
      "purl": "pkg:deb/libigdgmm12:amd64?arch=amd64\u0026distro=noble",
      "source": {
        "source_name": "intel-gmmlib",
        "source_version": "22.3.17+ds1-1ubuntu1"
      }
    },
    {
      "name": "libigdgmm12:i386",
      "version": "22.3.17+ds1-1ubuntu1",
      "purl": "pkg:deb/libigdgmm12:i386?arch=i386\u0026distro=noble",
      "source": {
        "source_name": "intel-gmmlib",
        "source_version": "22.3.17+ds1-1ubuntu1"
      }
    },
    {
      "name": "libijs-0.35:amd64",
      "version": "0.35-15.1build1",
      "purl": "pkg:deb/libijs-0.35:amd64?arch=amd64\u0026distro=noble",
      "source": {
        "source_name": "ijs",
        "source_version": "0.35-15.1build1"
      }
    },
    {
      "name": "libimagequant0:amd64",
      "version": "2.18.0-1build1",
      "purl": "pkg:deb/libimagequant0:amd64?arch=amd64\u0026distro=noble",
      "source": {
        "source_name": "libimagequant",
        "source_version": "2.18.0-1build1"
      }
    },
    {
      "name": "libimath-3-1-29t64:amd64",
      "version": "3.1.9-3.1ubuntu2",
      "purl": "pkg:deb/libimath-3-1-29t64:amd64?arch=amd64\u0026distro=noble",
      "source": {
        "source_name": "imath",
        "source_version": "3.1.9-3.1ubuntu2"
      }
    },
    {
      "name": "libime-bin",
      "version": "1.1.5-1",
      "purl": "pkg:deb/libime-bin?arch=amd64\u0026distro=noble",
      "source": {
        "source_name": "libime",
        "source_version": "1.1.5-1"
      }
    },
    {
      "name": "libime-data",
      "version": "1.1.5-1",
      "purl": "pkg:deb/libime-data?arch=all\u0026distro=noble",
      "source": {
        "source_name": "libime",
        "source_version": "1.1.5-1"
      }
    },
    {
      "name": "libime-data-language-model:amd64",
      "version": "1.1.5-1",
      "purl": "pkg:deb/libime-data-language-model:amd64?arch=amd64\u0026distro=noble",
      "source": {
        "source_name": "libime",
        "source_version": "1.1.5-1"
      }
    },
    {
      "name": "libimecore0:amd64",
      "version": "1.1.5-1",
      "purl": "pkg:deb/libimecore0:amd64?arch=amd64\u0026distro=noble",
      "source": {
        "source_name": "libime",
        "source_version": "1.1.5-1"
      }
    },
    {
      "name": "libimepinyin0:amd64",
      "version": "1.1.5-1",
      "purl": "pkg:deb/libimepinyin0:amd64?arch=amd64\u0026distro=noble",
      "source": {
        "source_name": "libime",
        "source_version": "1.1.5-1"
      }
    },
    {
      "name": "libimetable0:amd64",
      "version": "1.1.5-1",
      "purl": "pkg:deb/libimetable0:amd64?arch=amd64\u0026distro=noble",
      "source": {
        "source_name": "libime",
        "source_version": "1.1.5-1"
      }
    },
    {
      "name": "libimobiledevice6:amd64",
      "version": "1.3.0-8.1build3",
      "purl": "pkg:deb/libimobiledevice6:amd64?arch=amd64\u0026distro=noble",
      "source": {
        "source_name": "libimobiledevice",
        "source_version": "1.3.0-8.1build3"
      }
    },
    {
      "name": "libinih1:amd64",
      "version": "55-1ubuntu2",
      "purl": "pkg:deb/libinih1:amd64?arch=amd64\u0026distro=noble",
      "source": {
        "source_name": "libinih",
        "source_version": "55-1ubuntu2"
      }
    },
    {
      "name": "libiniparser1:amd64",
      "version": "4.1-7ubuntu0.1",
      "purl": "pkg:deb/libiniparser1:amd64?arch=amd64\u0026distro=noble",
      "source": {
        "source_name": "iniparser",
        "source_version": "4.1-7ubuntu0.1"
      }
    },
    {
      "name": "libinput-bin",
      "version": "1.25.0-1ubuntu3.7",
      "purl": "pkg:deb/libinput-bin?arch=amd64\u0026distro=noble",
      "source": {
        "source_name": "libinput",
        "source_version": "1.25.0-1ubuntu3.7"
      }
    },
    {
      "name": "libinput-tools",
      "version": "1.25.0-1ubuntu3.7",
      "purl": "pkg:deb/libinput-tools?arch=amd64\u0026distro=noble",
      "source": {
        "source_name": "libinput",
        "source_version": "1.25.0-1ubuntu3.7"
      }
    },
    {
      "name": "libinput10:amd64",
      "version": "1.25.0-1ubuntu3.7",
      "purl": "pkg:deb/libinput10:amd64?arch=amd64\u0026distro=noble",
      "source": {
        "source_name": "libinput",
        "source_version": "1.25.0-1ubuntu3.7"
      }
    },
    {
      "name": "libinstpatch-1.0-2:amd64",
      "version": "1.1.6-1build2",
      "purl": "pkg:deb/libinstpatch-1.0-2:amd64?arch=amd64\u0026distro=noble",
      "source": {
        "source_name": "libinstpatch",
        "source_version": "1.1.6-1build2"
      }
    },
    {
      "name": "libio-html-perl",
      "version": "1.004-3",
      "purl": "pkg:deb/libio-html-perl?arch=all\u0026distro=noble",
      "source": {
        "source_name": "",
        "source_version": ""
      }
    },
    {
      "name": "libio-socket-ssl-perl",
      "version": "2.085-1",
      "purl": "pkg:deb/libio-socket-ssl-perl?arch=all\u0026distro=noble",
      "source": {
        "source_name": "",
        "source_version": ""
      }
    },
    {
      "name": "libio-stringy-perl",
      "version": "2.111-3",
      "purl": "pkg:deb/libio-stringy-perl?arch=all\u0026distro=noble",
      "source": {
        "source_name": "io-stringy",
        "source_version": "2.111-3"
      }
    },
    {
      "name": "libip4tc2:amd64",
      "version": "1.8.10-3ubuntu2",
      "purl": "pkg:deb/libip4tc2:amd64?arch=amd64\u0026distro=noble",
      "source": {
        "source_name": "iptables",
        "source_version": "1.8.10-3ubuntu2"
      }
    },
    {
      "name": "libip6tc2:amd64",
      "version": "1.8.10-3ubuntu2",
      "purl": "pkg:deb/libip6tc2:amd64?arch=amd64\u0026distro=noble",
      "source": {
        "source_name": "iptables",
        "source_version": "1.8.10-3ubuntu2"
      }
    },
    {
      "name": "libipc-system-simple-perl",
      "version": "1.30-2",
      "purl": "pkg:deb/libipc-system-simple-perl?arch=all\u0026distro=noble",
      "source": {
        "source_name": "",
        "source_version": ""
      }
    },
    {
      "name": "libipsec-mb1",
      "version": "1.5-1build1",
      "purl": "pkg:deb/libipsec-mb1?arch=amd64\u0026distro=noble",
      "source": {
        "source_name": "intel-ipsec-mb",
        "source_version": "1.5-1build1"
      }
    },
    {
      "name": "libipt2",
      "version": "2.0.6-1build1",
      "purl": "pkg:deb/libipt2?arch=amd64\u0026distro=noble",
      "source": {
        "source_name": "intel-processor-trace",
        "source_version": "2.0.6-1build1"
      }
    },
    {
      "name": "libiscsi7:amd64",
      "version": "1.19.0-3build4",
      "purl": "pkg:deb/libiscsi7:amd64?arch=amd64\u0026distro=noble",
      "source": {
        "source_name": "libiscsi",
        "source_version": "1.19.0-3build4"
      }
    },
    {
      "name": "libisl23:amd64",
      "version": "0.26-3build1.1",
      "purl": "pkg:deb/libisl23:amd64?arch=amd64\u0026distro=noble",
      "source": {
        "source_name": "isl",
        "source_version": "0.26-3build1.1"
      }
    },
    {
      "name": "libisoburn1t64:amd64",
      "version": "1:1.5.6-1.1ubuntu3",
      "purl": "pkg:deb/libisoburn1t64:amd64?arch=amd64\u0026distro=noble",
      "source": {
        "source_name": "libisoburn",
        "source_version": "1:1.5.6-1.1ubuntu3"
      }
    },
    {
      "name": "libisofs6t64:amd64",
      "version": "1.5.6.pl01-1.1ubuntu2",
      "purl": "pkg:deb/libisofs6t64:amd64?arch=amd64\u0026distro=noble",
      "source": {
        "source_name": "libisofs",
        "source_version": "1.5.6.pl01-1.1ubuntu2"
      }
    },
    {
      "name": "libitm1:amd64",
      "version": "14.2.0-4ubuntu2~24.04.1",
      "purl": "pkg:deb/libitm1:amd64?arch=amd64\u0026distro=noble",
      "source": {
        "source_name": "gcc-14",
        "source_version": "14.2.0-4ubuntu2~24.04.1"
      }
    },
    {
      "name": "libiw30t64:amd64",
      "version": "30~pre9-16.1ubuntu2",
      "purl": "pkg:deb/libiw30t64:amd64?arch=amd64\u0026distro=noble",
      "source": {
        "source_name": "wireless-tools",
        "source_version": "30~pre9-16.1ubuntu2"
      }
    },
    {
      "name": "libixml11t64:amd64",
      "version": "1:1.14.18-1.1ubuntu2",
      "purl": "pkg:deb/libixml11t64:amd64?arch=amd64\u0026distro=noble",
      "source": {
        "source_name": "pupnp",
        "source_version": "1:1.14.18-1.1ubuntu2"
      }
    },
    {
      "name": "libjack-jackd2-0:amd64",
      "version": "1.9.21~dfsg-3ubuntu3",
      "purl": "pkg:deb/libjack-jackd2-0:amd64?arch=amd64\u0026distro=noble",
      "source": {
        "source_name": "jackd2",
        "source_version": "1.9.21~dfsg-3ubuntu3"
      }
    },
    {
      "name": "libjack-jackd2-0:i386",
      "version": "1.9.21~dfsg-3ubuntu3",
      "purl": "pkg:deb/libjack-jackd2-0:i386?arch=i386\u0026distro=noble",
      "source": {
        "source_name": "jackd2",
        "source_version": "1.9.21~dfsg-3ubuntu3"
      }
    },
    {
      "name": "libjansson4:amd64",
      "version": "2.14-2build2",
      "purl": "pkg:deb/libjansson4:amd64?arch=amd64\u0026distro=noble",
      "source": {
        "source_name": "jansson",
        "source_version": "2.14-2build2"
      }
    },
    {
      "name": "libjavascriptcoregtk-4.1-0:amd64",
      "version": "2.52.6-0ubuntu0.24.04.1",
      "purl": "pkg:deb/libjavascriptcoregtk-4.1-0:amd64?arch=amd64\u0026distro=noble",
      "source": {
        "source_name": "webkit2gtk",
        "source_version": "2.52.6-0ubuntu0.24.04.1"
      }
    },
    {
      "name": "libjavascriptcoregtk-6.0-1:amd64",
      "version": "2.52.6-0ubuntu0.24.04.1",
      "purl": "pkg:deb/libjavascriptcoregtk-6.0-1:amd64?arch=amd64\u0026distro=noble",
      "source": {
        "source_name": "webkit2gtk",
        "source_version": "2.52.6-0ubuntu0.24.04.1"
      }
    },
    {
      "name": "libjbig0:amd64",
      "version": "2.1-6.1ubuntu2",
      "purl": "pkg:deb/libjbig0:amd64?arch=amd64\u0026distro=noble",
      "source": {
        "source_name": "jbigkit",
        "source_version": "2.1-6.1ubuntu2"
      }
    },
    {
      "name": "libjbig0:i386",
      "version": "2.1-6.1ubuntu2",
      "purl": "pkg:deb/libjbig0:i386?arch=i386\u0026distro=noble",
      "source": {
        "source_name": "jbigkit",
        "source_version": "2.1-6.1ubuntu2"
      }
    },
    {
      "name": "libjbig2dec0:amd64",
      "version": "0.20-1ubuntu0.24.04.1",
      "purl": "pkg:deb/libjbig2dec0:amd64?arch=amd64\u0026distro=noble",
      "source": {
        "source_name": "jbig2dec",
        "source_version": "0.20-1ubuntu0.24.04.1"
      }
    },
    {
      "name": "libjcat1:amd64",
      "version": "0.2.3-1~ubuntu0.24.04.1",
      "purl": "pkg:deb/libjcat1:amd64?arch=amd64\u0026distro=noble",
      "source": {
        "source_name": "libjcat",
        "source_version": "0.2.3-1~ubuntu0.24.04.1"
      }
    },
    {
      "name": "libjemalloc2:amd64",
      "version": "5.3.0-2build1",
      "purl": "pkg:deb/libjemalloc2:amd64?arch=amd64\u0026distro=noble",
      "source": {
        "source_name": "jemalloc",
        "source_version": "5.3.0-2build1"
      }
    },
    {
      "name": "libjpeg-turbo8:amd64",
      "version": "2.1.5-2ubuntu2",
      "purl": "pkg:deb/libjpeg-turbo8:amd64?arch=amd64\u0026distro=noble",
      "source": {
        "source_name": "libjpeg-turbo",
        "source_version": "2.1.5-2ubuntu2"
      }
    },
    {
      "name": "libjpeg-turbo8:i386",
      "version": "2.1.5-2ubuntu2",
      "purl": "pkg:deb/libjpeg-turbo8:i386?arch=i386\u0026distro=noble",
      "source": {
        "source_name": "libjpeg-turbo",
        "source_version": "2.1.5-2ubuntu2"
      }
    },
    {
      "name": "libjpeg-turbo8-dev:amd64",
      "version": "2.1.5-2ubuntu2",
      "purl": "pkg:deb/libjpeg-turbo8-dev:amd64?arch=amd64\u0026distro=noble",
      "source": {
        "source_name": "libjpeg-turbo",
        "source_version": "2.1.5-2ubuntu2"
      }
    },
    {
      "name": "libjpeg8:amd64",
      "version": "8c-2ubuntu11",
      "purl": "pkg:deb/libjpeg8:amd64?arch=amd64\u0026distro=noble",
      "source": {
        "source_name": "libjpeg8-empty",
        "source_version": "8c-2ubuntu11"
      }
    },
    {
      "name": "libjpeg8:i386",
      "version": "8c-2ubuntu11",
      "purl": "pkg:deb/libjpeg8:i386?arch=i386\u0026distro=noble",
      "source": {
        "source_name": "libjpeg8-empty",
        "source_version": "8c-2ubuntu11"
      }
    },
    {
      "name": "libjpeg8-dev:amd64",
      "version": "8c-2ubuntu11",
      "purl": "pkg:deb/libjpeg8-dev:amd64?arch=amd64\u0026distro=noble",
      "source": {
        "source_name": "libjpeg8-empty",
        "source_version": "8c-2ubuntu11"
      }
    },
    {
      "name": "libjq1:amd64",
      "version": "1.7.1-3ubuntu0.24.04.2",
      "purl": "pkg:deb/libjq1:amd64?arch=amd64\u0026distro=noble",
      "source": {
        "source_name": "jq",
        "source_version": "1.7.1-3ubuntu0.24.04.2"
      }
    },
    {
      "name": "libjs-excanvas",
      "version": "0.r4~git20200903.44ac99f-1",
      "purl": "pkg:deb/libjs-excanvas?arch=all\u0026distro=noble",
      "source": {
        "source_name": "explorercanvas",
        "source_version": "0.r4~git20200903.44ac99f-1"
      }
    },
    {
      "name": "libjs-jquery",
      "version": "3.6.1+dfsg+~3.5.14-1",
      "purl": "pkg:deb/libjs-jquery?arch=all\u0026distro=noble",
      "source": {
        "source_name": "node-jquery",
        "source_version": "3.6.1+dfsg+~3.5.14-1"
      }
    },
    {
      "name": "libjs-jquery-flot",
      "version": "4.2.1+dfsg-6",
      "purl": "pkg:deb/libjs-jquery-flot?arch=all\u0026distro=noble",
      "source": {
        "source_name": "flot",
        "source_version": "4.2.1+dfsg-6"
      }
    },
    {
      "name": "libjs-jquery-ui",
      "version": "1.13.2+dfsg-1",
      "purl": "pkg:deb/libjs-jquery-ui?arch=all\u0026distro=noble",
      "source": {
        "source_name": "jqueryui",
        "source_version": "1.13.2+dfsg-1"
      }
    },
    {
      "name": "libjs-katex",
      "version": "0.16.10+~cs6.1.0-2",
      "purl": "pkg:deb/libjs-katex?arch=all\u0026distro=noble",
      "source": {
        "source_name": "node-katex",
        "source_version": "0.16.10+~cs6.1.0-2"
      }
    },
    {
      "name": "libjs-mathjax",
      "version": "2.7.9+dfsg-1",
      "purl": "pkg:deb/libjs-mathjax?arch=all\u0026distro=noble",
      "source": {
        "source_name": "mathjax",
        "source_version": "2.7.9+dfsg-1"
      }
    },
    {
      "name": "libjs-sphinxdoc",
      "version": "7.2.6-6",
      "purl": "pkg:deb/libjs-sphinxdoc?arch=all\u0026distro=noble",
      "source": {
        "source_name": "sphinx",
        "source_version": "7.2.6-6"
      }
    },
    {
      "name": "libjs-underscore",
      "version": "1.13.4~dfsg+~1.11.4-3",
      "purl": "pkg:deb/libjs-underscore?arch=all\u0026distro=noble",
      "source": {
        "source_name": "underscore",
        "source_version": "1.13.4~dfsg+~1.11.4-3"
      }
    },
    {
      "name": "libjson-c5:amd64",
      "version": "0.17-1build1",
      "purl": "pkg:deb/libjson-c5:amd64?arch=amd64\u0026distro=noble",
      "source": {
        "source_name": "json-c",
        "source_version": "0.17-1build1"
      }
    },
    {
      "name": "libjson-glib-1.0-0:amd64",
      "version": "1.8.0-2build2",
      "purl": "pkg:deb/libjson-glib-1.0-0:amd64?arch=amd64\u0026distro=noble",
      "source": {
        "source_name": "json-glib",
        "source_version": "1.8.0-2build2"
      }
    },
    {
      "name": "libjson-glib-1.0-common",
      "version": "1.8.0-2build2",
      "purl": "pkg:deb/libjson-glib-1.0-common?arch=all\u0026distro=noble",
      "source": {
        "source_name": "json-glib",
        "source_version": "1.8.0-2build2"
      }
    },
    {
      "name": "libjsoncpp25:amd64",
      "version": "1.9.5-6build1",
      "purl": "pkg:deb/libjsoncpp25:amd64?arch=amd64\u0026distro=noble",
      "source": {
        "source_name": "libjsoncpp",
        "source_version": "1.9.5-6build1"
      }
    },
    {
      "name": "libjudydebian1",
      "version": "1.0.5-5.1build1",
      "purl": "pkg:deb/libjudydebian1?arch=amd64\u0026distro=noble",
      "source": {
        "source_name": "judy",
        "source_version": "1.0.5-5.1build1"
      }
    },
    {
      "name": "libjxl0.7:amd64",
      "version": "0.7.0-10.2ubuntu6.1",
      "purl": "pkg:deb/libjxl0.7:amd64?arch=amd64\u0026distro=noble",
      "source": {
        "source_name": "jpeg-xl",
        "source_version": "0.7.0-10.2ubuntu6.1"
      }
    },
    {
      "name": "libjxr-tools",
      "version": "1.2~git20170615.f752187-5.1ubuntu2",
      "purl": "pkg:deb/libjxr-tools?arch=amd64\u0026distro=noble",
      "source": {
        "source_name": "jxrlib",
        "source_version": "1.2~git20170615.f752187-5.1ubuntu2"
      }
    },
    {
      "name": "libjxr0t64:amd64",
      "version": "1.2~git20170615.f752187-5.1ubuntu2",
      "purl": "pkg:deb/libjxr0t64:amd64?arch=amd64\u0026distro=noble",
      "source": {
        "source_name": "jxrlib",
        "source_version": "1.2~git20170615.f752187-5.1ubuntu2"
      }
    },
    {
      "name": "libk5crypto3:amd64",
      "version": "1.20.1-6ubuntu2.8",
      "purl": "pkg:deb/libk5crypto3:amd64?arch=amd64\u0026distro=noble",
      "source": {
        "source_name": "krb5",
        "source_version": "1.20.1-6ubuntu2.8"
      }
    },
    {
      "name": "libk5crypto3:i386",
      "version": "1.20.1-6ubuntu2.8",
      "purl": "pkg:deb/libk5crypto3:i386?arch=i386\u0026distro=noble",
      "source": {
        "source_name": "krb5",
        "source_version": "1.20.1-6ubuntu2.8"
      }
    },
    {
      "name": "libkaccounts2:amd64",
      "version": "4:23.08.5-0ubuntu4",
      "purl": "pkg:deb/libkaccounts2:amd64?arch=amd64\u0026distro=noble",
      "source": {
        "source_name": "kaccounts-integration",
        "source_version": "4:23.08.5-0ubuntu4"
      }
    },
    {
      "name": "libkate1:amd64",
      "version": "0.4.1-11build2",
      "purl": "pkg:deb/libkate1:amd64?arch=amd64\u0026distro=noble",
      "source": {
        "source_name": "libkate",
        "source_version": "0.4.1-11build2"
      }
    },
    {
      "name": "libkcolorpicker0:amd64",
      "version": "0.2.0-1build3",
      "purl": "pkg:deb/libkcolorpicker0:amd64?arch=amd64\u0026distro=noble",
      "source": {
        "source_name": "kcolorpicker",
        "source_version": "0.2.0-1build3"
      }
    },
    {
      "name": "libkdecorations2-5v5:amd64",
      "version": "4:5.27.11-0ubuntu2",
      "purl": "pkg:deb/libkdecorations2-5v5:amd64?arch=amd64\u0026distro=noble",
      "source": {
        "source_name": "kdecoration",
        "source_version": "4:5.27.11-0ubuntu2"
      }
    },
    {
      "name": "libkdecorations2private10:amd64",
      "version": "4:5.27.11-0ubuntu2",
      "purl": "pkg:deb/libkdecorations2private10:amd64?arch=amd64\u0026distro=noble",
      "source": {
        "source_name": "kdecoration",
        "source_version": "4:5.27.11-0ubuntu2"
      }
    },
    {
      "name": "libkdsoap1:amd64",
      "version": "1.9.1+dfsg-5ubuntu3",
      "purl": "pkg:deb/libkdsoap1:amd64?arch=amd64\u0026distro=noble",
      "source": {
        "source_name": "kdsoap",
        "source_version": "1.9.1+dfsg-5ubuntu3"
      }
    },
    {
      "name": "libkeyutils1:amd64",
      "version": "1.6.3-3build1",
      "purl": "pkg:deb/libkeyutils1:amd64?arch=amd64\u0026distro=noble",
      "source": {
        "source_name": "keyutils",
        "source_version": "1.6.3-3build1"
      }
    },
    {
      "name": "libkeyutils1:i386",
      "version": "1.6.3-3build1",
      "purl": "pkg:deb/libkeyutils1:i386?arch=i386\u0026distro=noble",
      "source": {
        "source_name": "keyutils",
        "source_version": "1.6.3-3build1"
      }
    },
    {
      "name": "libkf5activities5:amd64",
      "version": "5.115.0-0ubuntu3",
      "purl": "pkg:deb/libkf5activities5:amd64?arch=amd64\u0026distro=noble",
      "source": {
        "source_name": "kactivities-kf5",
        "source_version": "5.115.0-0ubuntu3"
      }
    },
    {
      "name": "libkf5activitiesstats1:amd64",
      "version": "5.115.0-0ubuntu5",
      "purl": "pkg:deb/libkf5activitiesstats1:amd64?arch=amd64\u0026distro=noble",
      "source": {
        "source_name": "kactivities-stats",
        "source_version": "5.115.0-0ubuntu5"
      }
    },
    {
      "name": "libkf5archive-data",
      "version": "5.115.0-0ubuntu5",
      "purl": "pkg:deb/libkf5archive-data?arch=all\u0026distro=noble",
      "source": {
        "source_name": "karchive",
        "source_version": "5.115.0-0ubuntu5"
      }
    },
    {
      "name": "libkf5archive5:amd64",
      "version": "5.115.0-0ubuntu5",
      "purl": "pkg:deb/libkf5archive5:amd64?arch=amd64\u0026distro=noble",
      "source": {
        "source_name": "karchive",
        "source_version": "5.115.0-0ubuntu5"
      }
    },
    {
      "name": "libkf5attica5:amd64",
      "version": "5.115.0-0ubuntu5",
      "purl": "pkg:deb/libkf5attica5:amd64?arch=amd64\u0026distro=noble",
      "source": {
        "source_name": "attica-kf5",
        "source_version": "5.115.0-0ubuntu5"
      }
    },
    {
      "name": "libkf5auth-data",
      "version": "5.115.0-0ubuntu5",
      "purl": "pkg:deb/libkf5auth-data?arch=all\u0026distro=noble",
      "source": {
        "source_name": "kauth",
        "source_version": "5.115.0-0ubuntu5"
      }
    },
    {
      "name": "libkf5auth5:amd64",
      "version": "5.115.0-0ubuntu5",
      "purl": "pkg:deb/libkf5auth5:amd64?arch=amd64\u0026distro=noble",
      "source": {
        "source_name": "kauth",
        "source_version": "5.115.0-0ubuntu5"
      }
    },
    {
      "name": "libkf5authcore5:amd64",
      "version": "5.115.0-0ubuntu5",
      "purl": "pkg:deb/libkf5authcore5:amd64?arch=amd64\u0026distro=noble",
      "source": {
        "source_name": "kauth",
        "source_version": "5.115.0-0ubuntu5"
      }
    },
    {
      "name": "libkf5baloo5",
      "version": "5.115.0-0ubuntu5",
      "purl": "pkg:deb/libkf5baloo5?arch=amd64\u0026distro=noble",
      "source": {
        "source_name": "baloo-kf5",
        "source_version": "5.115.0-0ubuntu5"
      }
    },
    {
      "name": "libkf5balooengine5",
      "version": "5.115.0-0ubuntu5",
      "purl": "pkg:deb/libkf5balooengine5?arch=amd64\u0026distro=noble",
      "source": {
        "source_name": "baloo-kf5",
        "source_version": "5.115.0-0ubuntu5"
      }
    },
    {
      "name": "libkf5baloowidgets-bin",
      "version": "4:23.08.5-0ubuntu3",
      "purl": "pkg:deb/libkf5baloowidgets-bin?arch=amd64\u0026distro=noble",
      "source": {
        "source_name": "baloo-widgets5",
        "source_version": "4:23.08.5-0ubuntu3"
      }
    },
    {
      "name": "libkf5baloowidgets-data",
      "version": "4:23.08.5-0ubuntu3",
      "purl": "pkg:deb/libkf5baloowidgets-data?arch=all\u0026distro=noble",
      "source": {
        "source_name": "baloo-widgets5",
        "source_version": "4:23.08.5-0ubuntu3"
      }
    },
    {
      "name": "libkf5baloowidgets5:amd64",
      "version": "4:23.08.5-0ubuntu3",
      "purl": "pkg:deb/libkf5baloowidgets5:amd64?arch=amd64\u0026distro=noble",
      "source": {
        "source_name": "baloo-widgets5",
        "source_version": "4:23.08.5-0ubuntu3"
      }
    },
    {
      "name": "libkf5bluezqt-data",
      "version": "5.115.0-0ubuntu6",
      "purl": "pkg:deb/libkf5bluezqt-data?arch=all\u0026distro=noble",
      "source": {
        "source_name": "bluez-qt",
        "source_version": "5.115.0-0ubuntu6"
      }
    },
    {
      "name": "libkf5bluezqt6:amd64",
      "version": "5.115.0-0ubuntu6",
      "purl": "pkg:deb/libkf5bluezqt6:amd64?arch=amd64\u0026distro=noble",
      "source": {
        "source_name": "bluez-qt",
        "source_version": "5.115.0-0ubuntu6"
      }
    },
    {
      "name": "libkf5bookmarks-data",
      "version": "5.115.0-0ubuntu5",
      "purl": "pkg:deb/libkf5bookmarks-data?arch=all\u0026distro=noble",
      "source": {
        "source_name": "kbookmarks",
        "source_version": "5.115.0-0ubuntu5"
      }
    },
    {
      "name": "libkf5bookmarks5:amd64",
      "version": "5.115.0-0ubuntu5",
      "purl": "pkg:deb/libkf5bookmarks5:amd64?arch=amd64\u0026distro=noble",
      "source": {
        "source_name": "kbookmarks",
        "source_version": "5.115.0-0ubuntu5"
      }
    },
    {
      "name": "libkf5calendarevents5:amd64",
      "version": "5.115.0-0ubuntu5",
      "purl": "pkg:deb/libkf5calendarevents5:amd64?arch=amd64\u0026distro=noble",
      "source": {
        "source_name": "kdeclarative",
        "source_version": "5.115.0-0ubuntu5"
      }
    },
    {
      "name": "libkf5cddb5:amd64",
      "version": "4:23.08.5-0ubuntu3",
      "purl": "pkg:deb/libkf5cddb5:amd64?arch=amd64\u0026distro=noble",
      "source": {
        "source_name": "libkcddb",
        "source_version": "4:23.08.5-0ubuntu3"
      }
    },
    {
      "name": "libkf5codecs-data",
      "version": "5.115.0-0ubuntu5",
      "purl": "pkg:deb/libkf5codecs-data?arch=all\u0026distro=noble",
      "source": {
        "source_name": "kcodecs",
        "source_version": "5.115.0-0ubuntu5"
      }
    },
    {
      "name": "libkf5codecs5:amd64",
      "version": "5.115.0-0ubuntu5",
      "purl": "pkg:deb/libkf5codecs5:amd64?arch=amd64\u0026distro=noble",
      "source": {
        "source_name": "kcodecs",
        "source_version": "5.115.0-0ubuntu5"
      }
    },
    {
      "name": "libkf5compactdisc5:amd64",
      "version": "4:23.08.5-0ubuntu5",
      "purl": "pkg:deb/libkf5compactdisc5:amd64?arch=amd64\u0026distro=noble",
      "source": {
        "source_name": "libkcompactdisc",
        "source_version": "4:23.08.5-0ubuntu5"
      }
    },
    {
      "name": "libkf5completion-data",
      "version": "5.115.0-0ubuntu5",
      "purl": "pkg:deb/libkf5completion-data?arch=all\u0026distro=noble",
      "source": {
        "source_name": "kcompletion",
        "source_version": "5.115.0-0ubuntu5"
      }
    },
    {
      "name": "libkf5completion5:amd64",
      "version": "5.115.0-0ubuntu5",
      "purl": "pkg:deb/libkf5completion5:amd64?arch=amd64\u0026distro=noble",
      "source": {
        "source_name": "kcompletion",
        "source_version": "5.115.0-0ubuntu5"
      }
    },
    {
      "name": "libkf5config-bin",
      "version": "5.115.0-0ubuntu5",
      "purl": "pkg:deb/libkf5config-bin?arch=amd64\u0026distro=noble",
      "source": {
        "source_name": "kconfig",
        "source_version": "5.115.0-0ubuntu5"
      }
    },
    {
      "name": "libkf5config-data",
      "version": "5.115.0-0ubuntu5",
      "purl": "pkg:deb/libkf5config-data?arch=all\u0026distro=noble",
      "source": {
        "source_name": "kconfig",
        "source_version": "5.115.0-0ubuntu5"
      }
    },
    {
      "name": "libkf5configcore5:amd64",
      "version": "5.115.0-0ubuntu5",
      "purl": "pkg:deb/libkf5configcore5:amd64?arch=amd64\u0026distro=noble",
      "source": {
        "source_name": "kconfig",
        "source_version": "5.115.0-0ubuntu5"
      }
    },
    {
      "name": "libkf5configgui5:amd64",
      "version": "5.115.0-0ubuntu5",
      "purl": "pkg:deb/libkf5configgui5:amd64?arch=amd64\u0026distro=noble",
      "source": {
        "source_name": "kconfig",
        "source_version": "5.115.0-0ubuntu5"
      }
    },
    {
      "name": "libkf5configqml5:amd64",
      "version": "5.115.0-0ubuntu5",
      "purl": "pkg:deb/libkf5configqml5:amd64?arch=amd64\u0026distro=noble",
      "source": {
        "source_name": "kconfig",
        "source_version": "5.115.0-0ubuntu5"
      }
    },
    {
      "name": "libkf5configwidgets-data",
      "version": "5.115.0-0ubuntu5",
      "purl": "pkg:deb/libkf5configwidgets-data?arch=all\u0026distro=noble",
      "source": {
        "source_name": "kconfigwidgets",
        "source_version": "5.115.0-0ubuntu5"
      }
    },
    {
      "name": "libkf5configwidgets5:amd64",
      "version": "5.115.0-0ubuntu5",
      "purl": "pkg:deb/libkf5configwidgets5:amd64?arch=amd64\u0026distro=noble",
      "source": {
        "source_name": "kconfigwidgets",
        "source_version": "5.115.0-0ubuntu5"
      }
    },
    {
      "name": "libkf5contacts-data",
      "version": "5:5.115.0-0ubuntu5",
      "purl": "pkg:deb/libkf5contacts-data?arch=all\u0026distro=noble",
      "source": {
        "source_name": "kcontacts",
        "source_version": "5:5.115.0-0ubuntu5"
      }
    },
    {
      "name": "libkf5contacts5:amd64",
      "version": "5:5.115.0-0ubuntu5",
      "purl": "pkg:deb/libkf5contacts5:amd64?arch=amd64\u0026distro=noble",
      "source": {
        "source_name": "kcontacts",
        "source_version": "5:5.115.0-0ubuntu5"
      }
    },
    {
      "name": "libkf5coreaddons-data",
      "version": "5.115.0-0ubuntu5",
      "purl": "pkg:deb/libkf5coreaddons-data?arch=all\u0026distro=noble",
      "source": {
        "source_name": "kcoreaddons",
        "source_version": "5.115.0-0ubuntu5"
      }
    },
    {
      "name": "libkf5coreaddons5:amd64",
      "version": "5.115.0-0ubuntu5",
      "purl": "pkg:deb/libkf5coreaddons5:amd64?arch=amd64\u0026distro=noble",
      "source": {
        "source_name": "kcoreaddons",
        "source_version": "5.115.0-0ubuntu5"
      }
    },
    {
      "name": "libkf5crash5:amd64",
      "version": "5.115.0-0ubuntu5",
      "purl": "pkg:deb/libkf5crash5:amd64?arch=amd64\u0026distro=noble",
      "source": {
        "source_name": "kcrash",
        "source_version": "5.115.0-0ubuntu5"
      }
    },
    {
      "name": "libkf5dbusaddons-bin",
      "version": "5.115.0-0ubuntu5",
      "purl": "pkg:deb/libkf5dbusaddons-bin?arch=amd64\u0026distro=noble",
      "source": {
        "source_name": "kdbusaddons",
        "source_version": "5.115.0-0ubuntu5"
      }
    },
    {
      "name": "libkf5dbusaddons-data",
      "version": "5.115.0-0ubuntu5",
      "purl": "pkg:deb/libkf5dbusaddons-data?arch=all\u0026distro=noble",
      "source": {
        "source_name": "kdbusaddons",
        "source_version": "5.115.0-0ubuntu5"
      }
    },
    {
      "name": "libkf5dbusaddons5:amd64",
      "version": "5.115.0-0ubuntu5",
      "purl": "pkg:deb/libkf5dbusaddons5:amd64?arch=amd64\u0026distro=noble",
      "source": {
        "source_name": "kdbusaddons",
        "source_version": "5.115.0-0ubuntu5"
      }
    },
    {
      "name": "libkf5declarative-data",
      "version": "5.115.0-0ubuntu5",
      "purl": "pkg:deb/libkf5declarative-data?arch=all\u0026distro=noble",
      "source": {
        "source_name": "kdeclarative",
        "source_version": "5.115.0-0ubuntu5"
      }
    },
    {
      "name": "libkf5declarative5:amd64",
      "version": "5.115.0-0ubuntu5",
      "purl": "pkg:deb/libkf5declarative5:amd64?arch=amd64\u0026distro=noble",
      "source": {
        "source_name": "kdeclarative",
        "source_version": "5.115.0-0ubuntu5"
      }
    },
    {
      "name": "libkf5dnssd-data",
      "version": "5.115.0-0ubuntu3",
      "purl": "pkg:deb/libkf5dnssd-data?arch=all\u0026distro=noble",
      "source": {
        "source_name": "kdnssd-kf5",
        "source_version": "5.115.0-0ubuntu3"
      }
    },
    {
      "name": "libkf5dnssd5:amd64",
      "version": "5.115.0-0ubuntu3",
      "purl": "pkg:deb/libkf5dnssd5:amd64?arch=amd64\u0026distro=noble",
      "source": {
        "source_name": "kdnssd-kf5",
        "source_version": "5.115.0-0ubuntu3"
      }
    },
    {
      "name": "libkf5doctools5:amd64",
      "version": "5.115.0-0ubuntu5",
      "purl": "pkg:deb/libkf5doctools5:amd64?arch=amd64\u0026distro=noble",
      "source": {
        "source_name": "kdoctools",
        "source_version": "5.115.0-0ubuntu5"
      }
    },
    {
      "name": "libkf5filemetadata-bin:amd64",
      "version": "5.115.0-0ubuntu4",
      "purl": "pkg:deb/libkf5filemetadata-bin:amd64?arch=amd64\u0026distro=noble",
      "source": {
        "source_name": "kfilemetadata-kf5",
        "source_version": "5.115.0-0ubuntu4"
      }
    },
    {
      "name": "libkf5filemetadata-data",
      "version": "5.115.0-0ubuntu4",
      "purl": "pkg:deb/libkf5filemetadata-data?arch=all\u0026distro=noble",
      "source": {
        "source_name": "kfilemetadata-kf5",
        "source_version": "5.115.0-0ubuntu4"
      }
    },
    {
      "name": "libkf5filemetadata3:amd64",
      "version": "5.115.0-0ubuntu4",
      "purl": "pkg:deb/libkf5filemetadata3:amd64?arch=amd64\u0026distro=noble",
      "source": {
        "source_name": "kfilemetadata-kf5",
        "source_version": "5.115.0-0ubuntu4"
      }
    },
    {
      "name": "libkf5globalaccel-bin",
      "version": "5.115.0-0ubuntu5",
      "purl": "pkg:deb/libkf5globalaccel-bin?arch=amd64\u0026distro=noble",
      "source": {
        "source_name": "kglobalaccel",
        "source_version": "5.115.0-0ubuntu5"
      }
    },
    {
      "name": "libkf5globalaccel-data",
      "version": "5.115.0-0ubuntu5",
      "purl": "pkg:deb/libkf5globalaccel-data?arch=all\u0026distro=noble",
      "source": {
        "source_name": "kglobalaccel",
        "source_version": "5.115.0-0ubuntu5"
      }
    },
    {
      "name": "libkf5globalaccel5:amd64",
      "version": "5.115.0-0ubuntu5",
      "purl": "pkg:deb/libkf5globalaccel5:amd64?arch=amd64\u0026distro=noble",
      "source": {
        "source_name": "kglobalaccel",
        "source_version": "5.115.0-0ubuntu5"
      }
    },
    {
      "name": "libkf5globalaccelprivate5:amd64",
      "version": "5.115.0-0ubuntu5",
      "purl": "pkg:deb/libkf5globalaccelprivate5:amd64?arch=amd64\u0026distro=noble",
      "source": {
        "source_name": "kglobalaccel",
        "source_version": "5.115.0-0ubuntu5"
      }
    },
    {
      "name": "libkf5guiaddons-bin",
      "version": "5.115.0-0ubuntu5",
      "purl": "pkg:deb/libkf5guiaddons-bin?arch=amd64\u0026distro=noble",
      "source": {
        "source_name": "kguiaddons",
        "source_version": "5.115.0-0ubuntu5"
      }
    },
    {
      "name": "libkf5guiaddons-data",
      "version": "5.115.0-0ubuntu5",
      "purl": "pkg:deb/libkf5guiaddons-data?arch=all\u0026distro=noble",
      "source": {
        "source_name": "kguiaddons",
        "source_version": "5.115.0-0ubuntu5"
      }
    },
    {
      "name": "libkf5guiaddons5:amd64",
      "version": "5.115.0-0ubuntu5",
      "purl": "pkg:deb/libkf5guiaddons5:amd64?arch=amd64\u0026distro=noble",
      "source": {
        "source_name": "kguiaddons",
        "source_version": "5.115.0-0ubuntu5"
      }
    },
    {
      "name": "libkf5holidays-data",
      "version": "1:5.115.0-0ubuntu5",
      "purl": "pkg:deb/libkf5holidays-data?arch=all\u0026distro=noble",
      "source": {
        "source_name": "kholidays",
        "source_version": "1:5.115.0-0ubuntu5"
      }
    },
    {
      "name": "libkf5holidays5:amd64",
      "version": "1:5.115.0-0ubuntu5",
      "purl": "pkg:deb/libkf5holidays5:amd64?arch=amd64\u0026distro=noble",
      "source": {
        "source_name": "kholidays",
        "source_version": "1:5.115.0-0ubuntu5"
      }
    },
    {
      "name": "libkf5i18n-data",
      "version": "5.115.0-0ubuntu6",
      "purl": "pkg:deb/libkf5i18n-data?arch=all\u0026distro=noble",
      "source": {
        "source_name": "ki18n",
        "source_version": "5.115.0-0ubuntu6"
      }
    },
    {
      "name": "libkf5i18n5:amd64",
      "version": "5.115.0-0ubuntu6",
      "purl": "pkg:deb/libkf5i18n5:amd64?arch=amd64\u0026distro=noble",
      "source": {
        "source_name": "ki18n",
        "source_version": "5.115.0-0ubuntu6"
      }
    },
    {
      "name": "libkf5i18nlocaledata5:amd64",
      "version": "5.115.0-0ubuntu6",
      "purl": "pkg:deb/libkf5i18nlocaledata5:amd64?arch=amd64\u0026distro=noble",
      "source": {
        "source_name": "ki18n",
        "source_version": "5.115.0-0ubuntu6"
      }
    },
    {
      "name": "libkf5iconthemes-bin",
      "version": "5.115.0-0ubuntu6",
      "purl": "pkg:deb/libkf5iconthemes-bin?arch=amd64\u0026distro=noble",
      "source": {
        "source_name": "kiconthemes",
        "source_version": "5.115.0-0ubuntu6"
      }
    },
    {
      "name": "libkf5iconthemes-data",
      "version": "5.115.0-0ubuntu6",
      "purl": "pkg:deb/libkf5iconthemes-data?arch=all\u0026distro=noble",
      "source": {
        "source_name": "kiconthemes",
        "source_version": "5.115.0-0ubuntu6"
      }
    },
    {
      "name": "libkf5iconthemes5:amd64",
      "version": "5.115.0-0ubuntu6",
      "purl": "pkg:deb/libkf5iconthemes5:amd64?arch=amd64\u0026distro=noble",
      "source": {
        "source_name": "kiconthemes",
        "source_version": "5.115.0-0ubuntu6"
      }
    },
    {
      "name": "libkf5idletime5:amd64",
      "version": "5.115.0-0ubuntu5",
      "purl": "pkg:deb/libkf5idletime5:amd64?arch=amd64\u0026distro=noble",
      "source": {
        "source_name": "kidletime",
        "source_version": "5.115.0-0ubuntu5"
      }
    },
    {
      "name": "libkf5itemmodels5:amd64",
      "version": "5.115.0-0ubuntu5",
      "purl": "pkg:deb/libkf5itemmodels5:amd64?arch=amd64\u0026distro=noble",
      "source": {
        "source_name": "kitemmodels",
        "source_version": "5.115.0-0ubuntu5"
      }
    },
    {
      "name": "libkf5itemviews-data",
      "version": "5.115.0-0ubuntu5",
      "purl": "pkg:deb/libkf5itemviews-data?arch=all\u0026distro=noble",
      "source": {
        "source_name": "kitemviews",
        "source_version": "5.115.0-0ubuntu5"
      }
    },
    {
      "name": "libkf5itemviews5:amd64",
      "version": "5.115.0-0ubuntu5",
      "purl": "pkg:deb/libkf5itemviews5:amd64?arch=amd64\u0026distro=noble",
      "source": {
        "source_name": "kitemviews",
        "source_version": "5.115.0-0ubuntu5"
      }
    },
    {
      "name": "libkf5jobwidgets-data",
      "version": "5.115.0-0ubuntu5",
      "purl": "pkg:deb/libkf5jobwidgets-data?arch=all\u0026distro=noble",
      "source": {
        "source_name": "kjobwidgets",
        "source_version": "5.115.0-0ubuntu5"
      }
    },
    {
      "name": "libkf5jobwidgets5:amd64",
      "version": "5.115.0-0ubuntu5",
      "purl": "pkg:deb/libkf5jobwidgets5:amd64?arch=amd64\u0026distro=noble",
      "source": {
        "source_name": "kjobwidgets",
        "source_version": "5.115.0-0ubuntu5"
      }
    },
    {
      "name": "libkf5js5t64:amd64",
      "version": "5.115.0-0ubuntu8",
      "purl": "pkg:deb/libkf5js5t64:amd64?arch=amd64\u0026distro=noble",
      "source": {
        "source_name": "kjs",
        "source_version": "5.115.0-0ubuntu8"
      }
    },
    {
      "name": "libkf5kcmutils-data",
      "version": "5.115.0-0ubuntu5",
      "purl": "pkg:deb/libkf5kcmutils-data?arch=all\u0026distro=noble",
      "source": {
        "source_name": "kcmutils",
        "source_version": "5.115.0-0ubuntu5"
      }
    },
    {
      "name": "libkf5kcmutils5:amd64",
      "version": "5.115.0-0ubuntu5",
      "purl": "pkg:deb/libkf5kcmutils5:amd64?arch=amd64\u0026distro=noble",
      "source": {
        "source_name": "kcmutils",
        "source_version": "5.115.0-0ubuntu5"
      }
    },
    {
      "name": "libkf5kcmutilscore5:amd64",
      "version": "5.115.0-0ubuntu5",
      "purl": "pkg:deb/libkf5kcmutilscore5:amd64?arch=amd64\u0026distro=noble",
      "source": {
        "source_name": "kcmutils",
        "source_version": "5.115.0-0ubuntu5"
      }
    },
    {
      "name": "libkf5kdcraw5:amd64",
      "version": "23.08.5-0ubuntu3",
      "purl": "pkg:deb/libkf5kdcraw5:amd64?arch=amd64\u0026distro=noble",
      "source": {
        "source_name": "libkf5kdcraw",
        "source_version": "23.08.5-0ubuntu3"
      }
    },
    {
      "name": "libkf5kdegames-data",
      "version": "4:23.08.5-0ubuntu3",
      "purl": "pkg:deb/libkf5kdegames-data?arch=all\u0026distro=noble",
      "source": {
        "source_name": "libkdegames",
        "source_version": "4:23.08.5-0ubuntu3"
      }
    },
    {
      "name": "libkf5kdegames7:amd64",
      "version": "4:23.08.5-0ubuntu3",
      "purl": "pkg:deb/libkf5kdegames7:amd64?arch=amd64\u0026distro=noble",
      "source": {
        "source_name": "libkdegames",
        "source_version": "4:23.08.5-0ubuntu3"
      }
    },
    {
      "name": "libkf5kdelibs4support-data",
      "version": "5.115.0-0ubuntu6",
      "purl": "pkg:deb/libkf5kdelibs4support-data?arch=all\u0026distro=noble",
      "source": {
        "source_name": "kdelibs4support",
        "source_version": "5.115.0-0ubuntu6"
      }
    },
    {
      "name": "libkf5kdelibs4support5:amd64",
      "version": "5.115.0-0ubuntu6",
      "purl": "pkg:deb/libkf5kdelibs4support5:amd64?arch=amd64\u0026distro=noble",
      "source": {
        "source_name": "kdelibs4support",
        "source_version": "5.115.0-0ubuntu6"
      }
    },
    {
      "name": "libkf5kdelibs4support5-bin",
      "version": "5.115.0-0ubuntu6",
      "purl": "pkg:deb/libkf5kdelibs4support5-bin?arch=amd64\u0026distro=noble",
      "source": {
        "source_name": "kdelibs4support",
        "source_version": "5.115.0-0ubuntu6"
      }
    },
    {
      "name": "libkf5kexiv2-15.0.0:amd64",
      "version": "23.08.5-0ubuntu3",
      "purl": "pkg:deb/libkf5kexiv2-15.0.0:amd64?arch=amd64\u0026distro=noble",
      "source": {
        "source_name": "libkf5kexiv2",
        "source_version": "23.08.5-0ubuntu3"
      }
    },
    {
      "name": "libkf5khtml-bin",
      "version": "5.115.0-0ubuntu7",
      "purl": "pkg:deb/libkf5khtml-bin?arch=amd64\u0026distro=noble",
      "source": {
        "source_name": "khtml",
        "source_version": "5.115.0-0ubuntu7"
      }
    },
    {
      "name": "libkf5khtml-data",
      "version": "5.115.0-0ubuntu7",
      "purl": "pkg:deb/libkf5khtml-data?arch=all\u0026distro=noble",
      "source": {
        "source_name": "khtml",
        "source_version": "5.115.0-0ubuntu7"
      }
    },
    {
      "name": "libkf5khtml5:amd64",
      "version": "5.115.0-0ubuntu7",
      "purl": "pkg:deb/libkf5khtml5:amd64?arch=amd64\u0026distro=noble",
      "source": {
        "source_name": "khtml",
        "source_version": "5.115.0-0ubuntu7"
      }
    },
    {
      "name": "libkf5kiocore5:amd64",
      "version": "5.115.0-0ubuntu6",
      "purl": "pkg:deb/libkf5kiocore5:amd64?arch=amd64\u0026distro=noble",
      "source": {
        "source_name": "kio",
        "source_version": "5.115.0-0ubuntu6"
      }
    },
    {
      "name": "libkf5kiofilewidgets5:amd64",
      "version": "5.115.0-0ubuntu6",
      "purl": "pkg:deb/libkf5kiofilewidgets5:amd64?arch=amd64\u0026distro=noble",
      "source": {
        "source_name": "kio",
        "source_version": "5.115.0-0ubuntu6"
      }
    },
    {
      "name": "libkf5kiogui5:amd64",
      "version": "5.115.0-0ubuntu6",
      "purl": "pkg:deb/libkf5kiogui5:amd64?arch=amd64\u0026distro=noble",
      "source": {
        "source_name": "kio",
        "source_version": "5.115.0-0ubuntu6"
      }
    },
    {
      "name": "libkf5kiontlm5:amd64",
      "version": "5.115.0-0ubuntu6",
      "purl": "pkg:deb/libkf5kiontlm5:amd64?arch=amd64\u0026distro=noble",
      "source": {
        "source_name": "kio",
        "source_version": "5.115.0-0ubuntu6"
      }
    },
    {
      "name": "libkf5kiowidgets5:amd64",
      "version": "5.115.0-0ubuntu6",
      "purl": "pkg:deb/libkf5kiowidgets5:amd64?arch=amd64\u0026distro=noble",
      "source": {
        "source_name": "kio",
        "source_version": "5.115.0-0ubuntu6"
      }
    },
    {
      "name": "libkf5kirigami2-5",
      "version": "5.115.0-0ubuntu6",
      "purl": "pkg:deb/libkf5kirigami2-5?arch=amd64\u0026distro=noble",
      "source": {
        "source_name": "kirigami2",
        "source_version": "5.115.0-0ubuntu6"
      }
    },
    {
      "name": "libkf5kmahjongglib5",
      "version": "4:23.08.5-0ubuntu3",
      "purl": "pkg:deb/libkf5kmahjongglib5?arch=amd64\u0026distro=noble",
      "source": {
        "source_name": "libkf5kmahjongg",
        "source_version": "4:23.08.5-0ubuntu3"
      }
    },
    {
      "name": "libkf5modemmanagerqt6:amd64",
      "version": "5.115.0-0ubuntu4",
      "purl": "pkg:deb/libkf5modemmanagerqt6:amd64?arch=amd64\u0026distro=noble",
      "source": {
        "source_name": "modemmanager-qt",
        "source_version": "5.115.0-0ubuntu4"
      }
    },
    {
      "name": "libkf5networkmanagerqt6",
      "version": "5.115.0-0ubuntu4",
      "purl": "pkg:deb/libkf5networkmanagerqt6?arch=amd64\u0026distro=noble",
      "source": {
        "source_name": "networkmanager-qt",
        "source_version": "5.115.0-0ubuntu4"
      }
    },
    {
      "name": "libkf5newstuff-data",
      "version": "5.115.0-0ubuntu5",
      "purl": "pkg:deb/libkf5newstuff-data?arch=all\u0026distro=noble",
      "source": {
        "source_name": "knewstuff",
        "source_version": "5.115.0-0ubuntu5"
      }
    },
    {
      "name": "libkf5newstuff5:amd64",
      "version": "5.115.0-0ubuntu5",
      "purl": "pkg:deb/libkf5newstuff5:amd64?arch=amd64\u0026distro=noble",
      "source": {
        "source_name": "knewstuff",
        "source_version": "5.115.0-0ubuntu5"
      }
    },
    {
      "name": "libkf5newstuffcore5:amd64",
      "version": "5.115.0-0ubuntu5",
      "purl": "pkg:deb/libkf5newstuffcore5:amd64?arch=amd64\u0026distro=noble",
      "source": {
        "source_name": "knewstuff",
        "source_version": "5.115.0-0ubuntu5"
      }
    },
    {
      "name": "libkf5newstuffwidgets5:amd64",
      "version": "5.115.0-0ubuntu5",
      "purl": "pkg:deb/libkf5newstuffwidgets5:amd64?arch=amd64\u0026distro=noble",
      "source": {
        "source_name": "knewstuff",
        "source_version": "5.115.0-0ubuntu5"
      }
    },
    {
      "name": "libkf5notifications-data",
      "version": "5.115.0-0ubuntu6",
      "purl": "pkg:deb/libkf5notifications-data?arch=all\u0026distro=noble",
      "source": {
        "source_name": "knotifications",
        "source_version": "5.115.0-0ubuntu6"
      }
    },
    {
      "name": "libkf5notifications5:amd64",
      "version": "5.115.0-0ubuntu6",
      "purl": "pkg:deb/libkf5notifications5:amd64?arch=amd64\u0026distro=noble",
      "source": {
        "source_name": "knotifications",
        "source_version": "5.115.0-0ubuntu6"
      }
    },
    {
      "name": "libkf5notifyconfig-data",
      "version": "5.115.0-0ubuntu6",
      "purl": "pkg:deb/libkf5notifyconfig-data?arch=all\u0026distro=noble",
      "source": {
        "source_name": "knotifyconfig",
        "source_version": "5.115.0-0ubuntu6"
      }
    },
    {
      "name": "libkf5notifyconfig5:amd64",
      "version": "5.115.0-0ubuntu6",
      "purl": "pkg:deb/libkf5notifyconfig5:amd64?arch=amd64\u0026distro=noble",
      "source": {
        "source_name": "knotifyconfig",
        "source_version": "5.115.0-0ubuntu6"
      }
    },
    {
      "name": "libkf5package-data",
      "version": "5.115.0-0ubuntu5",
      "purl": "pkg:deb/libkf5package-data?arch=all\u0026distro=noble",
      "source": {
        "source_name": "kpackage",
        "source_version": "5.115.0-0ubuntu5"
      }
    },
    {
      "name": "libkf5package5:amd64",
      "version": "5.115.0-0ubuntu5",
      "purl": "pkg:deb/libkf5package5:amd64?arch=amd64\u0026distro=noble",
      "source": {
        "source_name": "kpackage",
        "source_version": "5.115.0-0ubuntu5"
      }
    },
    {
      "name": "libkf5parts-data",
      "version": "5.115.0-0ubuntu5",
      "purl": "pkg:deb/libkf5parts-data?arch=all\u0026distro=noble",
      "source": {
        "source_name": "kparts",
        "source_version": "5.115.0-0ubuntu5"
      }
    },
    {
      "name": "libkf5parts-plugins:amd64",
      "version": "5.115.0-0ubuntu5",
      "purl": "pkg:deb/libkf5parts-plugins:amd64?arch=amd64\u0026distro=noble",
      "source": {
        "source_name": "kparts",
        "source_version": "5.115.0-0ubuntu5"
      }
    },
    {
      "name": "libkf5parts5:amd64",
      "version": "5.115.0-0ubuntu5",
      "purl": "pkg:deb/libkf5parts5:amd64?arch=amd64\u0026distro=noble",
      "source": {
        "source_name": "kparts",
        "source_version": "5.115.0-0ubuntu5"
      }
    },
    {
      "name": "libkf5people-data",
      "version": "5.115.0-0ubuntu4",
      "purl": "pkg:deb/libkf5people-data?arch=all\u0026distro=noble",
      "source": {
        "source_name": "kpeople",
        "source_version": "5.115.0-0ubuntu4"
      }
    },
    {
      "name": "libkf5people5:amd64",
      "version": "5.115.0-0ubuntu4",
      "purl": "pkg:deb/libkf5people5:amd64?arch=amd64\u0026distro=noble",
      "source": {
        "source_name": "kpeople",
        "source_version": "5.115.0-0ubuntu4"
      }
    },
    {
      "name": "libkf5peoplebackend5:amd64",
      "version": "5.115.0-0ubuntu4",
      "purl": "pkg:deb/libkf5peoplebackend5:amd64?arch=amd64\u0026distro=noble",
      "source": {
        "source_name": "kpeople",
        "source_version": "5.115.0-0ubuntu4"
      }
    },
    {
      "name": "libkf5peoplewidgets5:amd64",
      "version": "5.115.0-0ubuntu4",
      "purl": "pkg:deb/libkf5peoplewidgets5:amd64?arch=amd64\u0026distro=noble",
      "source": {
        "source_name": "kpeople",
        "source_version": "5.115.0-0ubuntu4"
      }
    },
    {
      "name": "libkf5plasma5:amd64",
      "version": "5.115.0-0ubuntu4",
      "purl": "pkg:deb/libkf5plasma5:amd64?arch=amd64\u0026distro=noble",
      "source": {
        "source_name": "plasma-framework",
        "source_version": "5.115.0-0ubuntu4"
      }
    },
    {
      "name": "libkf5plasmaquick5:amd64",
      "version": "5.115.0-0ubuntu4",
      "purl": "pkg:deb/libkf5plasmaquick5:amd64?arch=amd64\u0026distro=noble",
      "source": {
        "source_name": "plasma-framework",
        "source_version": "5.115.0-0ubuntu4"
      }
    },
    {
      "name": "libkf5prison5:amd64",
      "version": "5.115.0-0ubuntu5",
      "purl": "pkg:deb/libkf5prison5:amd64?arch=amd64\u0026distro=noble",
      "source": {
        "source_name": "prison-kf5",
        "source_version": "5.115.0-0ubuntu5"
      }
    },
    {
      "name": "libkf5pty-data",
      "version": "5.115.0-0ubuntu4",
      "purl": "pkg:deb/libkf5pty-data?arch=all\u0026distro=noble",
      "source": {
        "source_name": "kpty",
        "source_version": "5.115.0-0ubuntu4"
      }
    },
    {
      "name": "libkf5pty5:amd64",
      "version": "5.115.0-0ubuntu4",
      "purl": "pkg:deb/libkf5pty5:amd64?arch=amd64\u0026distro=noble",
      "source": {
        "source_name": "kpty",
        "source_version": "5.115.0-0ubuntu4"
      }
    },
    {
      "name": "libkf5pulseaudioqt3:amd64",
      "version": "1.3-2build2",
      "purl": "pkg:deb/libkf5pulseaudioqt3:amd64?arch=amd64\u0026distro=noble",
      "source": {
        "source_name": "pulseaudio-qt",
        "source_version": "1.3-2build2"
      }
    },
    {
      "name": "libkf5purpose-bin:amd64",
      "version": "5.115.0-0ubuntu4",
      "purl": "pkg:deb/libkf5purpose-bin:amd64?arch=amd64\u0026distro=noble",
      "source": {
        "source_name": "purpose",
        "source_version": "5.115.0-0ubuntu4"
      }
    },
    {
      "name": "libkf5purpose5:amd64",
      "version": "5.115.0-0ubuntu4",
      "purl": "pkg:deb/libkf5purpose5:amd64?arch=amd64\u0026distro=noble",
      "source": {
        "source_name": "purpose",
        "source_version": "5.115.0-0ubuntu4"
      }
    },
    {
      "name": "libkf5quickaddons5:amd64",
      "version": "5.115.0-0ubuntu5",
      "purl": "pkg:deb/libkf5quickaddons5:amd64?arch=amd64\u0026distro=noble",
      "source": {
        "source_name": "kdeclarative",
        "source_version": "5.115.0-0ubuntu5"
      }
    },
    {
      "name": "libkf5runner5:amd64",
      "version": "5.115.0-0ubuntu4",
      "purl": "pkg:deb/libkf5runner5:amd64?arch=amd64\u0026distro=noble",
      "source": {
        "source_name": "krunner",
        "source_version": "5.115.0-0ubuntu4"
      }
    },
    {
      "name": "libkf5sane-data",
      "version": "23.08.5-0ubuntu3",
      "purl": "pkg:deb/libkf5sane-data?arch=all\u0026distro=noble",
      "source": {
        "source_name": "libkf5sane",
        "source_version": "23.08.5-0ubuntu3"
      }
    },
    {
      "name": "libkf5sane5:amd64",
      "version": "23.08.5-0ubuntu3",
      "purl": "pkg:deb/libkf5sane5:amd64?arch=amd64\u0026distro=noble",
      "source": {
        "source_name": "libkf5sane",
        "source_version": "23.08.5-0ubuntu3"
      }
    },
    {
      "name": "libkf5screen-bin",
      "version": "4:5.27.11-0ubuntu2",
      "purl": "pkg:deb/libkf5screen-bin?arch=amd64\u0026distro=noble",
      "source": {
        "source_name": "libkscreen",
        "source_version": "4:5.27.11-0ubuntu2"
      }
    },
    {
      "name": "libkf5screen-data",
      "version": "4:5.27.11-0ubuntu2",
      "purl": "pkg:deb/libkf5screen-data?arch=all\u0026distro=noble",
      "source": {
        "source_name": "libkscreen",
        "source_version": "4:5.27.11-0ubuntu2"
      }
    },
    {
      "name": "libkf5screen8:amd64",
      "version": "4:5.27.11-0ubuntu2",
      "purl": "pkg:deb/libkf5screen8:amd64?arch=amd64\u0026distro=noble",
      "source": {
        "source_name": "libkscreen",
        "source_version": "4:5.27.11-0ubuntu2"
      }
    },
    {
      "name": "libkf5screendpms8:amd64",
      "version": "4:5.27.11-0ubuntu2",
      "purl": "pkg:deb/libkf5screendpms8:amd64?arch=amd64\u0026distro=noble",
      "source": {
        "source_name": "libkscreen",
        "source_version": "4:5.27.11-0ubuntu2"
      }
    },
    {
      "name": "libkf5service-bin",
      "version": "5.115.0-0ubuntu4",
      "purl": "pkg:deb/libkf5service-bin?arch=amd64\u0026distro=noble",
      "source": {
        "source_name": "kservice",
        "source_version": "5.115.0-0ubuntu4"
      }
    },
    {
      "name": "libkf5service-data",
      "version": "5.115.0-0ubuntu4",
      "purl": "pkg:deb/libkf5service-data?arch=all\u0026distro=noble",
      "source": {
        "source_name": "kservice",
        "source_version": "5.115.0-0ubuntu4"
      }
    },
    {
      "name": "libkf5service5:amd64",
      "version": "5.115.0-0ubuntu4",
      "purl": "pkg:deb/libkf5service5:amd64?arch=amd64\u0026distro=noble",
      "source": {
        "source_name": "kservice",
        "source_version": "5.115.0-0ubuntu4"
      }
    },
    {
      "name": "libkf5solid5:amd64",
      "version": "5.115.0-0ubuntu5",
      "purl": "pkg:deb/libkf5solid5:amd64?arch=amd64\u0026distro=noble",
      "source": {
        "source_name": "solid",
        "source_version": "5.115.0-0ubuntu5"
      }
    },
    {
      "name": "libkf5solid5-data",
      "version": "5.115.0-0ubuntu5",
      "purl": "pkg:deb/libkf5solid5-data?arch=all\u0026distro=noble",
      "source": {
        "source_name": "solid",
        "source_version": "5.115.0-0ubuntu5"
      }
    },
    {
      "name": "libkf5sonnet5-data",
      "version": "5.115.0-0ubuntu5",
      "purl": "pkg:deb/libkf5sonnet5-data?arch=all\u0026distro=noble",
      "source": {
        "source_name": "sonnet",
        "source_version": "5.115.0-0ubuntu5"
      }
    },
    {
      "name": "libkf5sonnetcore5:amd64",
      "version": "5.115.0-0ubuntu5",
      "purl": "pkg:deb/libkf5sonnetcore5:amd64?arch=amd64\u0026distro=noble",
      "source": {
        "source_name": "sonnet",
        "source_version": "5.115.0-0ubuntu5"
      }
    },
    {
      "name": "libkf5sonnetui5:amd64",
      "version": "5.115.0-0ubuntu5",
      "purl": "pkg:deb/libkf5sonnetui5:amd64?arch=amd64\u0026distro=noble",
      "source": {
        "source_name": "sonnet",
        "source_version": "5.115.0-0ubuntu5"
      }
    },
    {
      "name": "libkf5style5:amd64",
      "version": "5.115.0-0ubuntu7",
      "purl": "pkg:deb/libkf5style5:amd64?arch=amd64\u0026distro=noble",
      "source": {
        "source_name": "frameworkintegration",
        "source_version": "5.115.0-0ubuntu7"
      }
    },
    {
      "name": "libkf5su-bin",
      "version": "5.115.0-0ubuntu5",
      "purl": "pkg:deb/libkf5su-bin?arch=amd64\u0026distro=noble",
      "source": {
        "source_name": "kdesu",
        "source_version": "5.115.0-0ubuntu5"
      }
    },
    {
      "name": "libkf5su-data",
      "version": "5.115.0-0ubuntu5",
      "purl": "pkg:deb/libkf5su-data?arch=all\u0026distro=noble",
      "source": {
        "source_name": "kdesu",
        "source_version": "5.115.0-0ubuntu5"
      }
    },
    {
      "name": "libkf5su5:amd64",
      "version": "5.115.0-0ubuntu5",
      "purl": "pkg:deb/libkf5su5:amd64?arch=amd64\u0026distro=noble",
      "source": {
        "source_name": "kdesu",
        "source_version": "5.115.0-0ubuntu5"
      }
    },
    {
      "name": "libkf5syndication5abi1:amd64",
      "version": "1:5.115.0-0ubuntu5",
      "purl": "pkg:deb/libkf5syndication5abi1:amd64?arch=amd64\u0026distro=noble",
      "source": {
        "source_name": "syndication",
        "source_version": "1:5.115.0-0ubuntu5"
      }
    },
    {
      "name": "libkf5syntaxhighlighting-data",
      "version": "5.115.0-0ubuntu3",
      "purl": "pkg:deb/libkf5syntaxhighlighting-data?arch=all\u0026distro=noble",
      "source": {
        "source_name": "ksyntax-highlighting",
        "source_version": "5.115.0-0ubuntu3"
      }
    },
    {
      "name": "libkf5syntaxhighlighting5:amd64",
      "version": "5.115.0-0ubuntu3",
      "purl": "pkg:deb/libkf5syntaxhighlighting5:amd64?arch=amd64\u0026distro=noble",
      "source": {
        "source_name": "ksyntax-highlighting",
        "source_version": "5.115.0-0ubuntu3"
      }
    },
    {
      "name": "libkf5sysguard-bin",
      "version": "4:5.27.11-0ubuntu3",
      "purl": "pkg:deb/libkf5sysguard-bin?arch=amd64\u0026distro=noble",
      "source": {
        "source_name": "libksysguard",
        "source_version": "4:5.27.11-0ubuntu3"
      }
    },
    {
      "name": "libkf5sysguard-data",
      "version": "4:5.27.11-0ubuntu3",
      "purl": "pkg:deb/libkf5sysguard-data?arch=all\u0026distro=noble",
      "source": {
        "source_name": "libksysguard",
        "source_version": "4:5.27.11-0ubuntu3"
      }
    },
    {
      "name": "libkf5texteditor-bin",
      "version": "5.115.0-0ubuntu4",
      "purl": "pkg:deb/libkf5texteditor-bin?arch=amd64\u0026distro=noble",
      "source": {
        "source_name": "ktexteditor",
        "source_version": "5.115.0-0ubuntu4"
      }
    },
    {
      "name": "libkf5texteditor5:amd64",
      "version": "5.115.0-0ubuntu4",
      "purl": "pkg:deb/libkf5texteditor5:amd64?arch=amd64\u0026distro=noble",
      "source": {
        "source_name": "ktexteditor",
        "source_version": "5.115.0-0ubuntu4"
      }
    },
    {
      "name": "libkf5textwidgets-data",
      "version": "5.115.0-0ubuntu4",
      "purl": "pkg:deb/libkf5textwidgets-data?arch=all\u0026distro=noble",
      "source": {
        "source_name": "ktextwidgets",
        "source_version": "5.115.0-0ubuntu4"
      }
    },
    {
      "name": "libkf5textwidgets5:amd64",
      "version": "5.115.0-0ubuntu4",
      "purl": "pkg:deb/libkf5textwidgets5:amd64?arch=amd64\u0026distro=noble",
      "source": {
        "source_name": "ktextwidgets",
        "source_version": "5.115.0-0ubuntu4"
      }
    },
    {
      "name": "libkf5threadweaver5:amd64",
      "version": "5.115.0-0ubuntu4",
      "purl": "pkg:deb/libkf5threadweaver5:amd64?arch=amd64\u0026distro=noble",
      "source": {
        "source_name": "threadweaver",
        "source_version": "5.115.0-0ubuntu4"
      }
    },
    {
      "name": "libkf5unitconversion-data",
      "version": "5.115.0-0ubuntu4",
      "purl": "pkg:deb/libkf5unitconversion-data?arch=all\u0026distro=noble",
      "source": {
        "source_name": "kunitconversion",
        "source_version": "5.115.0-0ubuntu4"
      }
    },
    {
      "name": "libkf5unitconversion5:amd64",
      "version": "5.115.0-0ubuntu4",
      "purl": "pkg:deb/libkf5unitconversion5:amd64?arch=amd64\u0026distro=noble",
      "source": {
        "source_name": "kunitconversion",
        "source_version": "5.115.0-0ubuntu4"
      }
    },
    {
      "name": "libkf5wallet-bin",
      "version": "5.115.0-0ubuntu3",
      "purl": "pkg:deb/libkf5wallet-bin?arch=amd64\u0026distro=noble",
      "source": {
        "source_name": "kwallet-kf5",
        "source_version": "5.115.0-0ubuntu3"
      }
    },
    {
      "name": "libkf5wallet-data",
      "version": "5.115.0-0ubuntu3",
      "purl": "pkg:deb/libkf5wallet-data?arch=all\u0026distro=noble",
      "source": {
        "source_name": "kwallet-kf5",
        "source_version": "5.115.0-0ubuntu3"
      }
    },
    {
      "name": "libkf5wallet5:amd64",
      "version": "5.115.0-0ubuntu3",
      "purl": "pkg:deb/libkf5wallet5:amd64?arch=amd64\u0026distro=noble",
      "source": {
        "source_name": "kwallet-kf5",
        "source_version": "5.115.0-0ubuntu3"
      }
    },
    {
      "name": "libkf5waylandclient5:amd64",
      "version": "4:5.115.0-0ubuntu5",
      "purl": "pkg:deb/libkf5waylandclient5:amd64?arch=amd64\u0026distro=noble",
      "source": {
        "source_name": "kwayland",
        "source_version": "4:5.115.0-0ubuntu5"
      }
    },
    {
      "name": "libkf5widgetsaddons-data",
      "version": "5.115.0-0ubuntu4",
      "purl": "pkg:deb/libkf5widgetsaddons-data?arch=all\u0026distro=noble",
      "source": {
        "source_name": "kwidgetsaddons",
        "source_version": "5.115.0-0ubuntu4"
      }
    },
    {
      "name": "libkf5widgetsaddons5:amd64",
      "version": "5.115.0-0ubuntu4",
      "purl": "pkg:deb/libkf5widgetsaddons5:amd64?arch=amd64\u0026distro=noble",
      "source": {
        "source_name": "kwidgetsaddons",
        "source_version": "5.115.0-0ubuntu4"
      }
    },
    {
      "name": "libkf5windowsystem-data",
      "version": "5.115.0-0ubuntu4",
      "purl": "pkg:deb/libkf5windowsystem-data?arch=all\u0026distro=noble",
      "source": {
        "source_name": "kwindowsystem",
        "source_version": "5.115.0-0ubuntu4"
      }
    },
    {
      "name": "libkf5windowsystem5:amd64",
      "version": "5.115.0-0ubuntu4",
      "purl": "pkg:deb/libkf5windowsystem5:amd64?arch=amd64\u0026distro=noble",
      "source": {
        "source_name": "kwindowsystem",
        "source_version": "5.115.0-0ubuntu4"
      }
    },
    {
      "name": "libkf5xmlgui-bin:amd64",
      "version": "5.115.0-0ubuntu5",
      "purl": "pkg:deb/libkf5xmlgui-bin:amd64?arch=amd64\u0026distro=noble",
      "source": {
        "source_name": "kxmlgui",
        "source_version": "5.115.0-0ubuntu5"
      }
    },
    {
      "name": "libkf5xmlgui-data",
      "version": "5.115.0-0ubuntu5",
      "purl": "pkg:deb/libkf5xmlgui-data?arch=all\u0026distro=noble",
      "source": {
        "source_name": "kxmlgui",
        "source_version": "5.115.0-0ubuntu5"
      }
    },
    {
      "name": "libkf5xmlgui5:amd64",
      "version": "5.115.0-0ubuntu5",
      "purl": "pkg:deb/libkf5xmlgui5:amd64?arch=amd64\u0026distro=noble",
      "source": {
        "source_name": "kxmlgui",
        "source_version": "5.115.0-0ubuntu5"
      }
    },
    {
      "name": "libkfontinst5",
      "version": "4:5.27.12-0ubuntu0.1",
      "purl": "pkg:deb/libkfontinst5?arch=amd64\u0026distro=noble",
      "source": {
        "source_name": "plasma-workspace",
        "source_version": "4:5.27.12-0ubuntu0.1"
      }
    },
    {
      "name": "libkfontinstui5",
      "version": "4:5.27.12-0ubuntu0.1",
      "purl": "pkg:deb/libkfontinstui5?arch=amd64\u0026distro=noble",
      "source": {
        "source_name": "plasma-workspace",
        "source_version": "4:5.27.12-0ubuntu0.1"
      }
    },
    {
      "name": "libkimageannotator-common",
      "version": "0.6.1-1build2",
      "purl": "pkg:deb/libkimageannotator-common?arch=all\u0026distro=noble",
      "source": {
        "source_name": "kimageannotator",
        "source_version": "0.6.1-1build2"
      }
    },
    {
      "name": "libkimageannotator0:amd64",
      "version": "0.6.1-1build2",
      "purl": "pkg:deb/libkimageannotator0:amd64?arch=amd64\u0026distro=noble",
      "source": {
        "source_name": "kimageannotator",
        "source_version": "0.6.1-1build2"
      }
    },
    {
      "name": "libklibc:amd64",
      "version": "2.0.13-4ubuntu0.2",
      "purl": "pkg:deb/libklibc:amd64?arch=amd64\u0026distro=noble",
      "source": {
        "source_name": "klibc",
        "source_version": "2.0.13-4ubuntu0.2"
      }
    },
    {
      "name": "libkmlbase1t64:amd64",
      "version": "1.3.0-12build1",
      "purl": "pkg:deb/libkmlbase1t64:amd64?arch=amd64\u0026distro=noble",
      "source": {
        "source_name": "libkml",
        "source_version": "1.3.0-12build1"
      }
    },
    {
      "name": "libkmldom1t64:amd64",
      "version": "1.3.0-12build1",
      "purl": "pkg:deb/libkmldom1t64:amd64?arch=amd64\u0026distro=noble",
      "source": {
        "source_name": "libkml",
        "source_version": "1.3.0-12build1"
      }
    },
    {
      "name": "libkmlengine1t64:amd64",
      "version": "1.3.0-12build1",
      "purl": "pkg:deb/libkmlengine1t64:amd64?arch=amd64\u0026distro=noble",
      "source": {
        "source_name": "libkml",
        "source_version": "1.3.0-12build1"
      }
    },
    {
      "name": "libkmod2:amd64",
      "version": "31+20240202-2ubuntu7.2",
      "purl": "pkg:deb/libkmod2:amd64?arch=amd64\u0026distro=noble",
      "source": {
        "source_name": "kmod",
        "source_version": "31+20240202-2ubuntu7.2"
      }
    },
    {
      "name": "libkpim5gapi-data",
      "version": "23.08.5-0ubuntu3",
      "purl": "pkg:deb/libkpim5gapi-data?arch=all\u0026distro=noble",
      "source": {
        "source_name": "libkgapi",
        "source_version": "23.08.5-0ubuntu3"
      }
    },
    {
      "name": "libkpim5gapicore5:amd64",
      "version": "23.08.5-0ubuntu3",
      "purl": "pkg:deb/libkpim5gapicore5:amd64?arch=amd64\u0026distro=noble",
      "source": {
        "source_name": "libkgapi",
        "source_version": "23.08.5-0ubuntu3"
      }
    },
    {
      "name": "libkpim5gapidrive5:amd64",
      "version": "23.08.5-0ubuntu3",
      "purl": "pkg:deb/libkpim5gapidrive5:amd64?arch=amd64\u0026distro=noble",
      "source": {
        "source_name": "libkgapi",
        "source_version": "23.08.5-0ubuntu3"
      }
    },
    {
      "name": "libkpipewire5",
      "version": "5.27.11-0ubuntu2",
      "purl": "pkg:deb/libkpipewire5?arch=amd64\u0026distro=noble",
      "source": {
        "source_name": "kpipewire",
        "source_version": "5.27.11-0ubuntu2"
      }
    },
    {
      "name": "libkpipewiredmabuf5",
      "version": "5.27.11-0ubuntu2",
      "purl": "pkg:deb/libkpipewiredmabuf5?arch=amd64\u0026distro=noble",
      "source": {
        "source_name": "kpipewire",
        "source_version": "5.27.11-0ubuntu2"
      }
    },
    {
      "name": "libkpipewirerecord5",
      "version": "5.27.11-0ubuntu2",
      "purl": "pkg:deb/libkpipewirerecord5?arch=amd64\u0026distro=noble",
      "source": {
        "source_name": "kpipewire",
        "source_version": "5.27.11-0ubuntu2"
      }
    },
    {
      "name": "libkpmcore12",
      "version": "23.08.5-0ubuntu3",
      "purl": "pkg:deb/libkpmcore12?arch=amd64\u0026distro=noble",
      "source": {
        "source_name": "kpmcore",
        "source_version": "23.08.5-0ubuntu3"
      }
    },
    {
      "name": "libkrb5-3:amd64",
      "version": "1.20.1-6ubuntu2.8",
      "purl": "pkg:deb/libkrb5-3:amd64?arch=amd64\u0026distro=noble",
      "source": {
        "source_name": "krb5",
        "source_version": "1.20.1-6ubuntu2.8"
      }
    },
    {
      "name": "libkrb5-3:i386",
      "version": "1.20.1-6ubuntu2.8",
      "purl": "pkg:deb/libkrb5-3:i386?arch=i386\u0026distro=noble",
      "source": {
        "source_name": "krb5",
        "source_version": "1.20.1-6ubuntu2.8"
      }
    },
    {
      "name": "libkrb5support0:amd64",
      "version": "1.20.1-6ubuntu2.8",
      "purl": "pkg:deb/libkrb5support0:amd64?arch=amd64\u0026distro=noble",
      "source": {
        "source_name": "krb5",
        "source_version": "1.20.1-6ubuntu2.8"
      }
    },
    {
      "name": "libkrb5support0:i386",
      "version": "1.20.1-6ubuntu2.8",
      "purl": "pkg:deb/libkrb5support0:i386?arch=i386\u0026distro=noble",
      "source": {
        "source_name": "krb5",
        "source_version": "1.20.1-6ubuntu2.8"
      }
    },
    {
      "name": "libksanecore1",
      "version": "23.08.5-0ubuntu3",
      "purl": "pkg:deb/libksanecore1?arch=amd64\u0026distro=noble",
      "source": {
        "source_name": "ksanecore",
        "source_version": "23.08.5-0ubuntu3"
      }
    },
    {
      "name": "libksba8:amd64",
      "version": "1.6.6-1build1",
      "purl": "pkg:deb/libksba8:amd64?arch=amd64\u0026distro=noble",
      "source": {
        "source_name": "libksba",
        "source_version": "1.6.6-1build1"
      }
    },
    {
      "name": "libkscreenlocker5:amd64",
      "version": "5.27.11-0ubuntu2",
      "purl": "pkg:deb/libkscreenlocker5:amd64?arch=amd64\u0026distro=noble",
      "source": {
        "source_name": "kscreenlocker",
        "source_version": "5.27.11-0ubuntu2"
      }
    },
    {
      "name": "libksgrd9",
      "version": "4:5.27.11-0ubuntu3",
      "purl": "pkg:deb/libksgrd9?arch=amd64\u0026distro=noble",
      "source": {
        "source_name": "libksysguard",
        "source_version": "4:5.27.11-0ubuntu3"
      }
    },
    {
      "name": "libksignalplotter9",
      "version": "4:5.27.11-0ubuntu3",
      "purl": "pkg:deb/libksignalplotter9?arch=amd64\u0026distro=noble",
      "source": {
        "source_name": "libksysguard",
        "source_version": "4:5.27.11-0ubuntu3"
      }
    },
    {
      "name": "libksysguardformatter1",
      "version": "4:5.27.11-0ubuntu3",
      "purl": "pkg:deb/libksysguardformatter1?arch=amd64\u0026distro=noble",
      "source": {
        "source_name": "libksysguard",
        "source_version": "4:5.27.11-0ubuntu3"
      }
    },
    {
      "name": "libksysguardsensorfaces1",
      "version": "4:5.27.11-0ubuntu3",
      "purl": "pkg:deb/libksysguardsensorfaces1?arch=amd64\u0026distro=noble",
      "source": {
        "source_name": "libksysguard",
        "source_version": "4:5.27.11-0ubuntu3"
      }
    },
    {
      "name": "libksysguardsensors1",
      "version": "4:5.27.11-0ubuntu3",
      "purl": "pkg:deb/libksysguardsensors1?arch=amd64\u0026distro=noble",
      "source": {
        "source_name": "libksysguard",
        "source_version": "4:5.27.11-0ubuntu3"
      }
    },
    {
      "name": "libksysguardsystemstats1",
      "version": "4:5.27.11-0ubuntu3",
      "purl": "pkg:deb/libksysguardsystemstats1?arch=amd64\u0026distro=noble",
      "source": {
        "source_name": "libksysguard",
        "source_version": "4:5.27.11-0ubuntu3"
      }
    },
    {
      "name": "libkubuntu1",
      "version": "18.04ubuntu4",
      "purl": "pkg:deb/libkubuntu1?arch=amd64\u0026distro=noble",
      "source": {
        "source_name": "libkubuntu",
        "source_version": "18.04ubuntu4"
      }
    },
    {
      "name": "libkuserfeedback-l10n",
      "version": "1.3.0-3build3",
      "purl": "pkg:deb/libkuserfeedback-l10n?arch=all\u0026distro=noble",
      "source": {
        "source_name": "kuserfeedback",
        "source_version": "1.3.0-3build3"
      }
    },
    {
      "name": "libkuserfeedbackcore1:amd64",
      "version": "1.3.0-3build3",
      "purl": "pkg:deb/libkuserfeedbackcore1:amd64?arch=amd64\u0026distro=noble",
      "source": {
        "source_name": "kuserfeedback",
        "source_version": "1.3.0-3build3"
      }
    },
    {
      "name": "libkuserfeedbackwidgets1:amd64",
      "version": "1.3.0-3build3",
      "purl": "pkg:deb/libkuserfeedbackwidgets1:amd64?arch=amd64\u0026distro=noble",
      "source": {
        "source_name": "kuserfeedback",
        "source_version": "1.3.0-3build3"
      }
    },
    {
      "name": "libkwalletbackend5-5:amd64",
      "version": "5.115.0-0ubuntu3",
      "purl": "pkg:deb/libkwalletbackend5-5:amd64?arch=amd64\u0026distro=noble",
      "source": {
        "source_name": "kwallet-kf5",
        "source_version": "5.115.0-0ubuntu3"
      }
    },
    {
      "name": "libkwineffects14",
      "version": "4:5.27.11-0ubuntu3",
      "purl": "pkg:deb/libkwineffects14?arch=amd64\u0026distro=noble",
      "source": {
        "source_name": "kwin",
        "source_version": "4:5.27.11-0ubuntu3"
      }
    },
    {
      "name": "libkwinglutils14",
      "version": "4:5.27.11-0ubuntu3",
      "purl": "pkg:deb/libkwinglutils14?arch=amd64\u0026distro=noble",
      "source": {
        "source_name": "kwin",
        "source_version": "4:5.27.11-0ubuntu3"
      }
    },
    {
      "name": "libkworkspace5-5",
      "version": "4:5.27.12-0ubuntu0.1",
      "purl": "pkg:deb/libkworkspace5-5?arch=amd64\u0026distro=noble",
      "source": {
        "source_name": "plasma-workspace",
        "source_version": "4:5.27.12-0ubuntu0.1"
      }
    },
    {
      "name": "liblangtag-common",
      "version": "0.6.7-1build2",
      "purl": "pkg:deb/liblangtag-common?arch=all\u0026distro=noble",
      "source": {
        "source_name": "liblangtag",
        "source_version": "0.6.7-1build2"
      }
    },
    {
      "name": "liblangtag1:amd64",
      "version": "0.6.7-1build2",
      "purl": "pkg:deb/liblangtag1:amd64?arch=amd64\u0026distro=noble",
      "source": {
        "source_name": "liblangtag",
        "source_version": "0.6.7-1build2"
      }
    },
    {
      "name": "liblapack3:amd64",
      "version": "3.12.0-3build1.1",
      "purl": "pkg:deb/liblapack3:amd64?arch=amd64\u0026distro=noble",
      "source": {
        "source_name": "lapack",
        "source_version": "3.12.0-3build1.1"
      }
    },
    {
      "name": "liblayershellqtinterface5",
      "version": "5.27.11-0ubuntu3",
      "purl": "pkg:deb/liblayershellqtinterface5?arch=amd64\u0026distro=noble",
      "source": {
        "source_name": "layer-shell-qt",
        "source_version": "5.27.11-0ubuntu3"
      }
    },
    {
      "name": "liblbfgsb0:amd64",
      "version": "3.0+dfsg.4-1build1",
      "purl": "pkg:deb/liblbfgsb0:amd64?arch=amd64\u0026distro=noble",
      "source": {
        "source_name": "lbfgsb",
        "source_version": "3.0+dfsg.4-1build1"
      }
    },
    {
      "name": "liblc3-1:amd64",
      "version": "1.0.4-3build1",
      "purl": "pkg:deb/liblc3-1:amd64?arch=amd64\u0026distro=noble",
      "source": {
        "source_name": "liblc3",
        "source_version": "1.0.4-3build1"
      }
    },
    {
      "name": "liblcms2-2:amd64",
      "version": "2.14-2ubuntu0.1",
      "purl": "pkg:deb/liblcms2-2:amd64?arch=amd64\u0026distro=noble",
      "source": {
        "source_name": "lcms2",
        "source_version": "2.14-2ubuntu0.1"
      }
    },
    {
      "name": "liblcms2-2:i386",
      "version": "2.14-2ubuntu0.1",
      "purl": "pkg:deb/liblcms2-2:i386?arch=i386\u0026distro=noble",
      "source": {
        "source_name": "lcms2",
        "source_version": "2.14-2ubuntu0.1"
      }
    },
    {
      "name": "liblcms2-utils",
      "version": "2.14-2ubuntu0.1",
      "purl": "pkg:deb/liblcms2-utils?arch=amd64\u0026distro=noble",
      "source": {
        "source_name": "lcms2",
        "source_version": "2.14-2ubuntu0.1"
      }
    },
    {
      "name": "libldacbt-abr2:amd64",
      "version": "2.0.2.3+git20200429+ed310a0-4ubuntu2",
      "purl": "pkg:deb/libldacbt-abr2:amd64?arch=amd64\u0026distro=noble",
      "source": {
        "source_name": "libldac",
        "source_version": "2.0.2.3+git20200429+ed310a0-4ubuntu2"
      }
    },
    {
      "name": "libldacbt-enc2:amd64",
      "version": "2.0.2.3+git20200429+ed310a0-4ubuntu2",
      "purl": "pkg:deb/libldacbt-enc2:amd64?arch=amd64\u0026distro=noble",
      "source": {
        "source_name": "libldac",
        "source_version": "2.0.2.3+git20200429+ed310a0-4ubuntu2"
      }
    },
    {
      "name": "libldap-common",
      "version": "2.6.10+dfsg-0ubuntu0.24.04.1",
      "purl": "pkg:deb/libldap-common?arch=all\u0026distro=noble",
      "source": {
        "source_name": "openldap",
        "source_version": "2.6.10+dfsg-0ubuntu0.24.04.1"
      }
    },
    {
      "name": "libldap2:amd64",
      "version": "2.6.10+dfsg-0ubuntu0.24.04.1",
      "purl": "pkg:deb/libldap2:amd64?arch=amd64\u0026distro=noble",
      "source": {
        "source_name": "openldap",
        "source_version": "2.6.10+dfsg-0ubuntu0.24.04.1"
      }
    },
    {
      "name": "libldap2:i386",
      "version": "2.6.10+dfsg-0ubuntu0.24.04.1",
      "purl": "pkg:deb/libldap2:i386?arch=i386\u0026distro=noble",
      "source": {
        "source_name": "openldap",
        "source_version": "2.6.10+dfsg-0ubuntu0.24.04.1"
      }
    },
    {
      "name": "libldb2:amd64",
      "version": "2:2.8.0+samba4.19.5+dfsg-4ubuntu9.7",
      "purl": "pkg:deb/libldb2:amd64?arch=amd64\u0026distro=noble",
      "source": {
        "source_name": "samba",
        "source_version": "2:4.19.5+dfsg-4ubuntu9.7"
      }
    },
    {
      "name": "liblept5:amd64",
      "version": "1.82.0-3build4",
      "purl": "pkg:deb/liblept5:amd64?arch=amd64\u0026distro=noble",
      "source": {
        "source_name": "leptonlib",
        "source_version": "1.82.0-3build4"
      }
    },
    {
      "name": "liblerc4:amd64",
      "version": "4.0.0+ds-4ubuntu2",
      "purl": "pkg:deb/liblerc4:amd64?arch=amd64\u0026distro=noble",
      "source": {
        "source_name": "lerc",
        "source_version": "4.0.0+ds-4ubuntu2"
      }
    },
    {
      "name": "liblilv-0-0:amd64",
      "version": "0.24.22-1build1",
      "purl": "pkg:deb/liblilv-0-0:amd64?arch=amd64\u0026distro=noble",
      "source": {
        "source_name": "lilv",
        "source_version": "0.24.22-1build1"
      }
    },
    {
      "name": "liblinear4:amd64",
      "version": "2.3.0+dfsg-5build1",
      "purl": "pkg:deb/liblinear4:amd64?arch=amd64\u0026distro=noble",
      "source": {
        "source_name": "liblinear",
        "source_version": "2.3.0+dfsg-5build1"
      }
    },
    {
      "name": "liblirc-client0t64:amd64",
      "version": "0.10.2-0.8build1",
      "purl": "pkg:deb/liblirc-client0t64:amd64?arch=amd64\u0026distro=noble",
      "source": {
        "source_name": "lirc",
        "source_version": "0.10.2-0.8build1"
      }
    },
    {
      "name": "libllvm17t64:amd64",
      "version": "1:17.0.6-9ubuntu1",
      "purl": "pkg:deb/libllvm17t64:amd64?arch=amd64\u0026distro=noble",
      "source": {
        "source_name": "llvm-toolchain-17",
        "source_version": "1:17.0.6-9ubuntu1"
      }
    },
    {
      "name": "libllvm18:amd64",
      "version": "1:18.1.3-1ubuntu1",
      "purl": "pkg:deb/libllvm18:amd64?arch=amd64\u0026distro=noble",
      "source": {
        "source_name": "llvm-toolchain-18",
        "source_version": "1:18.1.3-1ubuntu1"
      }
    },
    {
      "name": "libllvm19:amd64",
      "version": "1:19.1.1-1ubuntu1~24.04.2",
      "purl": "pkg:deb/libllvm19:amd64?arch=amd64\u0026distro=noble",
      "source": {
        "source_name": "llvm-toolchain-19",
        "source_version": "1:19.1.1-1ubuntu1~24.04.2"
      }
    },
    {
      "name": "libllvm20:amd64",
      "version": "1:20.1.2-0ubuntu1~24.04.3",
      "purl": "pkg:deb/libllvm20:amd64?arch=amd64\u0026distro=noble",
      "source": {
        "source_name": "llvm-toolchain-20",
        "source_version": "1:20.1.2-0ubuntu1~24.04.3"
      }
    },
    {
      "name": "libllvm20:i386",
      "version": "1:20.1.2-0ubuntu1~24.04.3",
      "purl": "pkg:deb/libllvm20:i386?arch=i386\u0026distro=noble",
      "source": {
        "source_name": "llvm-toolchain-20",
        "source_version": "1:20.1.2-0ubuntu1~24.04.3"
      }
    },
    {
      "name": "liblmdb0:amd64",
      "version": "0.9.31-1build1",
      "purl": "pkg:deb/liblmdb0:amd64?arch=amd64\u0026distro=noble",
      "source": {
        "source_name": "lmdb",
        "source_version": "0.9.31-1build1"
      }
    },
    {
      "name": "liblocale-gettext-perl",
      "version": "1.07-6ubuntu5",
      "purl": "pkg:deb/liblocale-gettext-perl?arch=amd64\u0026distro=noble",
      "source": {
        "source_name": "",
        "source_version": ""
      }
    },
    {
      "name": "liblog4cplus-2.0.5t64:amd64",
      "version": "2.0.8-1.1ubuntu3",
      "purl": "pkg:deb/liblog4cplus-2.0.5t64:amd64?arch=amd64\u0026distro=noble",
      "source": {
        "source_name": "log4cplus",
        "source_version": "2.0.8-1.1ubuntu3"
      }
    },
    {
      "name": "liblouis-data",
      "version": "3.29.0-1build1",
      "purl": "pkg:deb/liblouis-data?arch=all\u0026distro=noble",
      "source": {
        "source_name": "liblouis",
        "source_version": "3.29.0-1build1"
      }
    },
    {
      "name": "liblouis20:amd64",
      "version": "3.29.0-1build1",
      "purl": "pkg:deb/liblouis20:amd64?arch=amd64\u0026distro=noble",
      "source": {
        "source_name": "liblouis",
        "source_version": "3.29.0-1build1"
      }
    },
    {
      "name": "liblouisutdml-bin",
      "version": "2.12.0-3.1build1",
      "purl": "pkg:deb/liblouisutdml-bin?arch=amd64\u0026distro=noble",
      "source": {
        "source_name": "liblouisutdml",
        "source_version": "2.12.0-3.1build1"
      }
    },
    {
      "name": "liblouisutdml-data",
      "version": "2.12.0-3.1build1",
      "purl": "pkg:deb/liblouisutdml-data?arch=all\u0026distro=noble",
      "source": {
        "source_name": "liblouisutdml",
        "source_version": "2.12.0-3.1build1"
      }
    },
    {
      "name": "liblouisutdml9t64:amd64",
      "version": "2.12.0-3.1build1",
      "purl": "pkg:deb/liblouisutdml9t64:amd64?arch=amd64\u0026distro=noble",
      "source": {
        "source_name": "liblouisutdml",
        "source_version": "2.12.0-3.1build1"
      }
    },
    {
      "name": "liblqr-1-0:amd64",
      "version": "0.4.2-2.1build2",
      "purl": "pkg:deb/liblqr-1-0:amd64?arch=amd64\u0026distro=noble",
      "source": {
        "source_name": "liblqr",
        "source_version": "0.4.2-2.1build2"
      }
    },
    {
      "name": "liblrdf0:amd64",
      "version": "0.6.1-4build1",
      "purl": "pkg:deb/liblrdf0:amd64?arch=amd64\u0026distro=noble",
      "source": {
        "source_name": "liblrdf",
        "source_version": "0.6.1-4build1"
      }
    },
    {
      "name": "liblsan0:amd64",
      "version": "14.2.0-4ubuntu2~24.04.1",
      "purl": "pkg:deb/liblsan0:amd64?arch=amd64\u0026distro=noble",
      "source": {
        "source_name": "gcc-14",
        "source_version": "14.2.0-4ubuntu2~24.04.1"
      }
    },
    {
      "name": "liblsofui9",
      "version": "4:5.27.11-0ubuntu3",
      "purl": "pkg:deb/liblsofui9?arch=amd64\u0026distro=noble",
      "source": {
        "source_name": "libksysguard",
        "source_version": "4:5.27.11-0ubuntu3"
      }
    },
    {
      "name": "libltc11:amd64",
      "version": "1.3.2-1build1",
      "purl": "pkg:deb/libltc11:amd64?arch=amd64\u0026distro=noble",
      "source": {
        "source_name": "libltc",
        "source_version": "1.3.2-1build1"
      }
    },
    {
      "name": "libltdl7:amd64",
      "version": "2.4.7-7build1",
      "purl": "pkg:deb/libltdl7:amd64?arch=amd64\u0026distro=noble",
      "source": {
        "source_name": "libtool",
        "source_version": "2.4.7-7build1"
      }
    },
    {
      "name": "libltdl7:i386",
      "version": "2.4.7-7build1",
      "purl": "pkg:deb/libltdl7:i386?arch=i386\u0026distro=noble",
      "source": {
        "source_name": "libtool",
        "source_version": "2.4.7-7build1"
      }
    },
    {
      "name": "liblttng-ust-common1t64:amd64",
      "version": "2.13.7-1.1ubuntu2",
      "purl": "pkg:deb/liblttng-ust-common1t64:amd64?arch=amd64\u0026distro=noble",
      "source": {
        "source_name": "ust",
        "source_version": "2.13.7-1.1ubuntu2"
      }
    },
    {
      "name": "liblttng-ust-ctl5t64:amd64",
      "version": "2.13.7-1.1ubuntu2",
      "purl": "pkg:deb/liblttng-ust-ctl5t64:amd64?arch=amd64\u0026distro=noble",
      "source": {
        "source_name": "ust",
        "source_version": "2.13.7-1.1ubuntu2"
      }
    },
    {
      "name": "liblttng-ust1t64:amd64",
      "version": "2.13.7-1.1ubuntu2",
      "purl": "pkg:deb/liblttng-ust1t64:amd64?arch=amd64\u0026distro=noble",
      "source": {
        "source_name": "ust",
        "source_version": "2.13.7-1.1ubuntu2"
      }
    },
    {
      "name": "liblua5.2-0:amd64",
      "version": "5.2.4-3build2",
      "purl": "pkg:deb/liblua5.2-0:amd64?arch=amd64\u0026distro=noble",
      "source": {
        "source_name": "lua5.2",
        "source_version": "5.2.4-3build2"
      }
    },
    {
      "name": "liblua5.3-0:amd64",
      "version": "5.3.6-2build2",
      "purl": "pkg:deb/liblua5.3-0:amd64?arch=amd64\u0026distro=noble",
      "source": {
        "source_name": "lua5.3",
        "source_version": "5.3.6-2build2"
      }
    },
    {
      "name": "liblua5.4-0:amd64",
      "version": "5.4.6-3build2",
      "purl": "pkg:deb/liblua5.4-0:amd64?arch=amd64\u0026distro=noble",
      "source": {
        "source_name": "lua5.4",
        "source_version": "5.4.6-3build2"
      }
    },
    {
      "name": "libluajit-5.1-2:amd64",
      "version": "2.1.0+git20231223.c525bcb+dfsg-1ubuntu0.1",
      "purl": "pkg:deb/libluajit-5.1-2:amd64?arch=amd64\u0026distro=noble",
      "source": {
        "source_name": "luajit",
        "source_version": "2.1.0+git20231223.c525bcb+dfsg-1ubuntu0.1"
      }
    },
    {
      "name": "libluajit-5.1-common",
      "version": "2.1.0+git20231223.c525bcb+dfsg-1ubuntu0.1",
      "purl": "pkg:deb/libluajit-5.1-common?arch=all\u0026distro=noble",
      "source": {
        "source_name": "luajit",
        "source_version": "2.1.0+git20231223.c525bcb+dfsg-1ubuntu0.1"
      }
    },
    {
      "name": "liblvm2cmd2.03:amd64",
      "version": "2.03.16-3ubuntu3.2",
      "purl": "pkg:deb/liblvm2cmd2.03:amd64?arch=amd64\u0026distro=noble",
      "source": {
        "source_name": "lvm2",
        "source_version": "2.03.16-3ubuntu3.2"
      }
    },
    {
      "name": "liblwp-mediatypes-perl",
      "version": "6.04-2",
      "purl": "pkg:deb/liblwp-mediatypes-perl?arch=all\u0026distro=noble",
      "source": {
        "source_name": "",
        "source_version": ""
      }
    },
    {
      "name": "liblwp-protocol-https-perl",
      "version": "6.13-1",
      "purl": "pkg:deb/liblwp-protocol-https-perl?arch=all\u0026distro=noble",
      "source": {
        "source_name": "",
        "source_version": ""
      }
    },
    {
      "name": "liblz4-1:amd64",
      "version": "1.9.4-1build1.1",
      "purl": "pkg:deb/liblz4-1:amd64?arch=amd64\u0026distro=noble",
      "source": {
        "source_name": "lz4",
        "source_version": "1.9.4-1build1.1"
      }
    },
    {
      "name": "liblz4-1:i386",
      "version": "1.9.4-1build1.1",
      "purl": "pkg:deb/liblz4-1:i386?arch=i386\u0026distro=noble",
      "source": {
        "source_name": "lz4",
        "source_version": "1.9.4-1build1.1"
      }
    },
    {
      "name": "liblzf1:amd64",
      "version": "3.6-4",
      "purl": "pkg:deb/liblzf1:amd64?arch=amd64\u0026distro=noble",
      "source": {
        "source_name": "liblzf",
        "source_version": "3.6-4"
      }
    },
    {
      "name": "liblzma5:amd64",
      "version": "5.6.1+really5.4.5-1ubuntu0.3",
      "purl": "pkg:deb/liblzma5:amd64?arch=amd64\u0026distro=noble",
      "source": {
        "source_name": "xz-utils",
        "source_version": "5.6.1+really5.4.5-1ubuntu0.3"
      }
    },
    {
      "name": "liblzma5:i386",
      "version": "5.6.1+really5.4.5-1ubuntu0.3",
      "purl": "pkg:deb/liblzma5:i386?arch=i386\u0026distro=noble",
      "source": {
        "source_name": "xz-utils",
        "source_version": "5.6.1+really5.4.5-1ubuntu0.3"
      }
    },
    {
      "name": "liblzo2-2:amd64",
      "version": "2.10-2build4",
      "purl": "pkg:deb/liblzo2-2:amd64?arch=amd64\u0026distro=noble",
      "source": {
        "source_name": "lzo2",
        "source_version": "2.10-2build4"
      }
    },
    {
      "name": "libmad0:amd64",
      "version": "0.15.1b-10.2ubuntu1",
      "purl": "pkg:deb/libmad0:amd64?arch=amd64\u0026distro=noble",
      "source": {
        "source_name": "libmad",
        "source_version": "0.15.1b-10.2ubuntu1"
      }
    },
    {
      "name": "libmagic-mgc",
      "version": "1:5.45-3build1",
      "purl": "pkg:deb/libmagic-mgc?arch=amd64\u0026distro=noble",
      "source": {
        "source_name": "file",
        "source_version": "1:5.45-3build1"
      }
    },
    {
      "name": "libmagic1t64:amd64",
      "version": "1:5.45-3build1",
      "purl": "pkg:deb/libmagic1t64:amd64?arch=amd64\u0026distro=noble",
      "source": {
        "source_name": "file",
        "source_version": "1:5.45-3build1"
      }
    },
    {
      "name": "libmagickcore-6.q16-7-extra:amd64",
      "version": "8:6.9.12.98+dfsg1-5.2build2",
      "purl": "pkg:deb/libmagickcore-6.q16-7-extra:amd64?arch=amd64\u0026distro=noble",
      "source": {
        "source_name": "imagemagick",
        "source_version": "8:6.9.12.98+dfsg1-5.2build2"
      }
    },
    {
      "name": "libmagickcore-6.q16-7t64:amd64",
      "version": "8:6.9.12.98+dfsg1-5.2build2",
      "purl": "pkg:deb/libmagickcore-6.q16-7t64:amd64?arch=amd64\u0026distro=noble",
      "source": {
        "source_name": "imagemagick",
        "source_version": "8:6.9.12.98+dfsg1-5.2build2"
      }
    },
    {
      "name": "libmagickwand-6.q16-7t64:amd64",
      "version": "8:6.9.12.98+dfsg1-5.2build2",
      "purl": "pkg:deb/libmagickwand-6.q16-7t64:amd64?arch=amd64\u0026distro=noble",
      "source": {
        "source_name": "imagemagick",
        "source_version": "8:6.9.12.98+dfsg1-5.2build2"
      }
    },
    {
      "name": "libmailtools-perl",
      "version": "2.21-2",
      "purl": "pkg:deb/libmailtools-perl?arch=all\u0026distro=noble",
      "source": {
        "source_name": "",
        "source_version": ""
      }
    },
    {
      "name": "libmalcontent-0-0:amd64",
      "version": "0.11.1-1ubuntu1.3",
      "purl": "pkg:deb/libmalcontent-0-0:amd64?arch=amd64\u0026distro=noble",
      "source": {
        "source_name": "malcontent",
        "source_version": "0.11.1-1ubuntu1.3"
      }
    },
    {
      "name": "libmanette-0.2-0:amd64",
      "version": "0.2.7-1build2",
      "purl": "pkg:deb/libmanette-0.2-0:amd64?arch=amd64\u0026distro=noble",
      "source": {
        "source_name": "libmanette",
        "source_version": "0.2.7-1build2"
      }
    },
    {
      "name": "libmarisa0:amd64",
      "version": "0.2.6-14ubuntu4",
      "purl": "pkg:deb/libmarisa0:amd64?arch=amd64\u0026distro=noble",
      "source": {
        "source_name": "marisa",
        "source_version": "0.2.6-14ubuntu4"
      }
    },
    {
      "name": "libmarkdown2:amd64",
      "version": "2.2.7-2build1",
      "purl": "pkg:deb/libmarkdown2:amd64?arch=amd64\u0026distro=noble",
      "source": {
        "source_name": "discount",
        "source_version": "2.2.7-2build1"
      }
    },
    {
      "name": "libmatroska7:amd64",
      "version": "1.7.1-1build1",
      "purl": "pkg:deb/libmatroska7:amd64?arch=amd64\u0026distro=noble",
      "source": {
        "source_name": "libmatroska",
        "source_version": "1.7.1-1build1"
      }
    },
    {
      "name": "libmaxminddb0:amd64",
      "version": "1.9.1-1build1",
      "purl": "pkg:deb/libmaxminddb0:amd64?arch=amd64\u0026distro=noble",
      "source": {
        "source_name": "libmaxminddb",
        "source_version": "1.9.1-1build1"
      }
    },
    {
      "name": "libmbedcrypto7t64:amd64",
      "version": "2.28.8-1",
      "purl": "pkg:deb/libmbedcrypto7t64:amd64?arch=amd64\u0026distro=noble",
      "source": {
        "source_name": "mbedtls",
        "source_version": "2.28.8-1"
      }
    },
    {
      "name": "libmbedtls14t64:amd64",
      "version": "2.28.8-1",
      "purl": "pkg:deb/libmbedtls14t64:amd64?arch=amd64\u0026distro=noble",
      "source": {
        "source_name": "mbedtls",
        "source_version": "2.28.8-1"
      }
    },
    {
      "name": "libmbedx509-1t64:amd64",
      "version": "2.28.8-1",
      "purl": "pkg:deb/libmbedx509-1t64:amd64?arch=amd64\u0026distro=noble",
      "source": {
        "source_name": "mbedtls",
        "source_version": "2.28.8-1"
      }
    },
    {
      "name": "libmbim-glib4:amd64",
      "version": "1.31.2-0ubuntu3.1",
      "purl": "pkg:deb/libmbim-glib4:amd64?arch=amd64\u0026distro=noble",
      "source": {
        "source_name": "libmbim",
        "source_version": "1.31.2-0ubuntu3.1"
      }
    },
    {
      "name": "libmbim-proxy",
      "version": "1.31.2-0ubuntu3.1",
      "purl": "pkg:deb/libmbim-proxy?arch=amd64\u0026distro=noble",
      "source": {
        "source_name": "libmbim",
        "source_version": "1.31.2-0ubuntu3.1"
      }
    },
    {
      "name": "libmbim-utils",
      "version": "1.31.2-0ubuntu3.1",
      "purl": "pkg:deb/libmbim-utils?arch=amd64\u0026distro=noble",
      "source": {
        "source_name": "libmbim",
        "source_version": "1.31.2-0ubuntu3.1"
      }
    },
    {
      "name": "libmd0:amd64",
      "version": "1.1.0-2build1.1",
      "purl": "pkg:deb/libmd0:amd64?arch=amd64\u0026distro=noble",
      "source": {
        "source_name": "libmd",
        "source_version": "1.1.0-2build1.1"
      }
    },
    {
      "name": "libmd0:i386",
      "version": "1.1.0-2build1.1",
      "purl": "pkg:deb/libmd0:i386?arch=i386\u0026distro=noble",
      "source": {
        "source_name": "libmd",
        "source_version": "1.1.0-2build1.1"
      }
    },
    {
      "name": "libmd4c0:amd64",
      "version": "0.4.8-1build1",
      "purl": "pkg:deb/libmd4c0:amd64?arch=amd64\u0026distro=noble",
      "source": {
        "source_name": "md4c",
        "source_version": "0.4.8-1build1"
      }
    },
    {
      "name": "libmediaart-2.0-0:amd64",
      "version": "1.9.6-1build2",
      "purl": "pkg:deb/libmediaart-2.0-0:amd64?arch=amd64\u0026distro=noble",
      "source": {
        "source_name": "libmediaart",
        "source_version": "1.9.6-1build2"
      }
    },
    {
      "name": "libmfx1:amd64",
      "version": "22.5.4-1",
      "purl": "pkg:deb/libmfx1:amd64?arch=amd64\u0026distro=noble",
      "source": {
        "source_name": "intel-mediasdk",
        "source_version": "22.5.4-1"
      }
    },
    {
      "name": "libmhash2:amd64",
      "version": "0.9.9.9-9build3",
      "purl": "pkg:deb/libmhash2:amd64?arch=amd64\u0026distro=noble",
      "source": {
        "source_name": "mhash",
        "source_version": "0.9.9.9-9build3"
      }
    },
    {
      "name": "libminizip1t64:amd64",
      "version": "1:1.3.dfsg-3.1ubuntu2.2",
      "purl": "pkg:deb/libminizip1t64:amd64?arch=amd64\u0026distro=noble",
      "source": {
        "source_name": "zlib",
        "source_version": "1:1.3.dfsg-3.1ubuntu2.2"
      }
    },
    {
      "name": "libmjpegutils-2.1-0t64:amd64",
      "version": "1:2.1.0+debian-8.1build1",
      "purl": "pkg:deb/libmjpegutils-2.1-0t64:amd64?arch=amd64\u0026distro=noble",
      "source": {
        "source_name": "mjpegtools",
        "source_version": "1:2.1.0+debian-8.1build1"
      }
    },
    {
      "name": "libmlt++7:amd64",
      "version": "7.22.0-1build6",
      "purl": "pkg:deb/libmlt++7:amd64?arch=amd64\u0026distro=noble",
      "source": {
        "source_name": "mlt",
        "source_version": "7.22.0-1build6"
      }
    },
    {
      "name": "libmlt-data",
      "version": "7.22.0-1build6",
      "purl": "pkg:deb/libmlt-data?arch=all\u0026distro=noble",
      "source": {
        "source_name": "mlt",
        "source_version": "7.22.0-1build6"
      }
    },
    {
      "name": "libmlt7:amd64",
      "version": "7.22.0-1build6",
      "purl": "pkg:deb/libmlt7:amd64?arch=amd64\u0026distro=noble",
      "source": {
        "source_name": "mlt",
        "source_version": "7.22.0-1build6"
      }
    },
    {
      "name": "libmm-glib0:amd64",
      "version": "1.23.4-0ubuntu2",
      "purl": "pkg:deb/libmm-glib0:amd64?arch=amd64\u0026distro=noble",
      "source": {
        "source_name": "modemmanager",
        "source_version": "1.23.4-0ubuntu2"
      }
    },
    {
      "name": "libmng2:amd64",
      "version": "2.0.3+dfsg-4build1",
      "purl": "pkg:deb/libmng2:amd64?arch=amd64\u0026distro=noble",
      "source": {
        "source_name": "libmng",
        "source_version": "2.0.3+dfsg-4build1"
      }
    },
    {
      "name": "libmnl0:amd64",
      "version": "1.0.5-2build1",
      "purl": "pkg:deb/libmnl0:amd64?arch=amd64\u0026distro=noble",
      "source": {
        "source_name": "libmnl",
        "source_version": "1.0.5-2build1"
      }
    },
    {
      "name": "libmodplug1:amd64",
      "version": "1:0.8.9.0-3build1",
      "purl": "pkg:deb/libmodplug1:amd64?arch=amd64\u0026distro=noble",
      "source": {
        "source_name": "libmodplug",
        "source_version": "1:0.8.9.0-3build1"
      }
    },
    {
      "name": "libmount1:amd64",
      "version": "2.39.3-9ubuntu6.6",
      "purl": "pkg:deb/libmount1:amd64?arch=amd64\u0026distro=noble",
      "source": {
        "source_name": "util-linux",
        "source_version": "2.39.3-9ubuntu6.6"
      }
    },
    {
      "name": "libmount1:i386",
      "version": "2.39.3-9ubuntu6.6",
      "purl": "pkg:deb/libmount1:i386?arch=i386\u0026distro=noble",
      "source": {
        "source_name": "util-linux",
        "source_version": "2.39.3-9ubuntu6.6"
      }
    },
    {
      "name": "libmovit8:amd64",
      "version": "1.7.1-1build1",
      "purl": "pkg:deb/libmovit8:amd64?arch=amd64\u0026distro=noble",
      "source": {
        "source_name": "movit",
        "source_version": "1.7.1-1build1"
      }
    },
    {
      "name": "libmozjs-115-0t64:amd64",
      "version": "115.10.0-1",
      "purl": "pkg:deb/libmozjs-115-0t64:amd64?arch=amd64\u0026distro=noble",
      "source": {
        "source_name": "mozjs115",
        "source_version": "115.10.0-1"
      }
    },
    {
      "name": "libmp3lame0:amd64",
      "version": "3.100-6build1",
      "purl": "pkg:deb/libmp3lame0:amd64?arch=amd64\u0026distro=noble",
      "source": {
        "source_name": "lame",
        "source_version": "3.100-6build1"
      }
    },
    {
      "name": "libmp3lame0:i386",
      "version": "3.100-6build1",
      "purl": "pkg:deb/libmp3lame0:i386?arch=i386\u0026distro=noble",
      "source": {
        "source_name": "lame",
        "source_version": "3.100-6build1"
      }
    },
    {
      "name": "libmpc3:amd64",
      "version": "1.3.1-1build1.1",
      "purl": "pkg:deb/libmpc3:amd64?arch=amd64\u0026distro=noble",
      "source": {
        "source_name": "mpclib3",
        "source_version": "1.3.1-1build1.1"
      }
    },
    {
      "name": "libmpcdec6:amd64",
      "version": "2:0.1~r495-2build1",
      "purl": "pkg:deb/libmpcdec6:amd64?arch=amd64\u0026distro=noble",
      "source": {
        "source_name": "libmpc",
        "source_version": "2:0.1~r495-2build1"
      }
    },
    {
      "name": "libmpeg2-4:amd64",
      "version": "0.5.1-9build1",
      "purl": "pkg:deb/libmpeg2-4:amd64?arch=amd64\u0026distro=noble",
      "source": {
        "source_name": "mpeg2dec",
        "source_version": "0.5.1-9build1"
      }
    },
    {
      "name": "libmpeg2encpp-2.1-0t64:amd64",
      "version": "1:2.1.0+debian-8.1build1",
      "purl": "pkg:deb/libmpeg2encpp-2.1-0t64:amd64?arch=amd64\u0026distro=noble",
      "source": {
        "source_name": "mjpegtools",
        "source_version": "1:2.1.0+debian-8.1build1"
      }
    },
    {
      "name": "libmpfr6:amd64",
      "version": "4.2.1-1build1.1",
      "purl": "pkg:deb/libmpfr6:amd64?arch=amd64\u0026distro=noble",
      "source": {
        "source_name": "mpfr4",
        "source_version": "4.2.1-1build1.1"
      }
    },
    {
      "name": "libmpg123-0t64:amd64",
      "version": "1.32.5-1ubuntu1.1",
      "purl": "pkg:deb/libmpg123-0t64:amd64?arch=amd64\u0026distro=noble",
      "source": {
        "source_name": "mpg123",
        "source_version": "1.32.5-1ubuntu1.1"
      }
    },
    {
      "name": "libmpg123-0t64:i386",
      "version": "1.32.5-1ubuntu1.1",
      "purl": "pkg:deb/libmpg123-0t64:i386?arch=i386\u0026distro=noble",
      "source": {
        "source_name": "mpg123",
        "source_version": "1.32.5-1ubuntu1.1"
      }
    },
    {
      "name": "libmplex2-2.1-0t64:amd64",
      "version": "1:2.1.0+debian-8.1build1",
      "purl": "pkg:deb/libmplex2-2.1-0t64:amd64?arch=amd64\u0026distro=noble",
      "source": {
        "source_name": "mjpegtools",
        "source_version": "1:2.1.0+debian-8.1build1"
      }
    },
    {
      "name": "libmpv2:amd64",
      "version": "0.37.0-1ubuntu4",
      "purl": "pkg:deb/libmpv2:amd64?arch=amd64\u0026distro=noble",
      "source": {
        "source_name": "mpv",
        "source_version": "0.37.0-1ubuntu4"
      }
    },
    {
      "name": "libmsgraph-0-1:amd64",
      "version": "0.2.1-0ubuntu3",
      "purl": "pkg:deb/libmsgraph-0-1:amd64?arch=amd64\u0026distro=noble",
      "source": {
        "source_name": "msgraph",
        "source_version": "0.2.1-0ubuntu3"
      }
    },
    {
      "name": "libmspack0t64:amd64",
      "version": "0.11-1.1build1",
      "purl": "pkg:deb/libmspack0t64:amd64?arch=amd64\u0026distro=noble",
      "source": {
        "source_name": "libmspack",
        "source_version": "0.11-1.1build1"
      }
    },
    {
      "name": "libmspub-0.1-1:amd64",
      "version": "0.1.4-3build7",
      "purl": "pkg:deb/libmspub-0.1-1:amd64?arch=amd64\u0026distro=noble",
      "source": {
        "source_name": "libmspub",
        "source_version": "0.1.4-3build7"
      }
    },
    {
      "name": "libmtdev1t64:amd64",
      "version": "1.1.6-1.1build1",
      "purl": "pkg:deb/libmtdev1t64:amd64?arch=amd64\u0026distro=noble",
      "source": {
        "source_name": "mtdev",
        "source_version": "1.1.6-1.1build1"
      }
    },
    {
      "name": "libmtp-common",
      "version": "1.1.21-3.1ubuntu1",
      "purl": "pkg:deb/libmtp-common?arch=all\u0026distro=noble",
      "source": {
        "source_name": "libmtp",
        "source_version": "1.1.21-3.1ubuntu1"
      }
    },
    {
      "name": "libmtp-runtime",
      "version": "1.1.21-3.1ubuntu1",
      "purl": "pkg:deb/libmtp-runtime?arch=amd64\u0026distro=noble",
      "source": {
        "source_name": "libmtp",
        "source_version": "1.1.21-3.1ubuntu1"
      }
    },
    {
      "name": "libmtp9t64:amd64",
      "version": "1.1.21-3.1ubuntu1",
      "purl": "pkg:deb/libmtp9t64:amd64?arch=amd64\u0026distro=noble",
      "source": {
        "source_name": "libmtp",
        "source_version": "1.1.21-3.1ubuntu1"
      }
    },
    {
      "name": "libmujs3:amd64",
      "version": "1.3.3-3build2",
      "purl": "pkg:deb/libmujs3:amd64?arch=amd64\u0026distro=noble",
      "source": {
        "source_name": "mujs",
        "source_version": "1.3.3-3build2"
      }
    },
    {
      "name": "libmunge2:amd64",
      "version": "0.5.15-4ubuntu0.1",
      "purl": "pkg:deb/libmunge2:amd64?arch=amd64\u0026distro=noble",
      "source": {
        "source_name": "munge",
        "source_version": "0.5.15-4ubuntu0.1"
      }
    },
    {
      "name": "libmusicbrainz5cc2v5:amd64",
      "version": "5.1.0+git20150707-10build2",
      "purl": "pkg:deb/libmusicbrainz5cc2v5:amd64?arch=amd64\u0026distro=noble",
      "source": {
        "source_name": "libmusicbrainz5",
        "source_version": "5.1.0+git20150707-10build2"
      }
    },
    {
      "name": "libmutter-14-0:amd64",
      "version": "46.2-1ubuntu0.24.04.16",
      "purl": "pkg:deb/libmutter-14-0:amd64?arch=amd64\u0026distro=noble",
      "source": {
        "source_name": "mutter",
        "source_version": "46.2-1ubuntu0.24.04.16"
      }
    },
    {
      "name": "libmwaw-0.3-3:amd64",
      "version": "0.3.22-1build1",
      "purl": "pkg:deb/libmwaw-0.3-3:amd64?arch=amd64\u0026distro=noble",
      "source": {
        "source_name": "libmwaw",
        "source_version": "0.3.22-1build1"
      }
    },
    {
      "name": "libmysofa1:amd64",
      "version": "1.3.2+dfsg-2ubuntu2",
      "purl": "pkg:deb/libmysofa1:amd64?arch=amd64\u0026distro=noble",
      "source": {
        "source_name": "libmysofa",
        "source_version": "1.3.2+dfsg-2ubuntu2"
      }
    },
    {
      "name": "libmysqlclient21:amd64",
      "version": "8.0.46-0ubuntu0.24.04.4",
      "purl": "pkg:deb/libmysqlclient21:amd64?arch=amd64\u0026distro=noble",
      "source": {
        "source_name": "mysql-8.0",
        "source_version": "8.0.46-0ubuntu0.24.04.4"
      }
    },
    {
      "name": "libmythes-1.2-0:amd64",
      "version": "2:1.2.5-1build1",
      "purl": "pkg:deb/libmythes-1.2-0:amd64?arch=amd64\u0026distro=noble",
      "source": {
        "source_name": "mythes",
        "source_version": "2:1.2.5-1build1"
      }
    },
    {
      "name": "libncurses-dev:amd64",
      "version": "6.4+20240113-1ubuntu2.2",
      "purl": "pkg:deb/libncurses-dev:amd64?arch=amd64\u0026distro=noble",
      "source": {
        "source_name": "ncurses",
        "source_version": "6.4+20240113-1ubuntu2.2"
      }
    },
    {
      "name": "libncurses6:amd64",
      "version": "6.4+20240113-1ubuntu2.2",
      "purl": "pkg:deb/libncurses6:amd64?arch=amd64\u0026distro=noble",
      "source": {
        "source_name": "ncurses",
        "source_version": "6.4+20240113-1ubuntu2.2"
      }
    },
    {
      "name": "libncurses6:i386",
      "version": "6.4+20240113-1ubuntu2.2",
      "purl": "pkg:deb/libncurses6:i386?arch=i386\u0026distro=noble",
      "source": {
        "source_name": "ncurses",
        "source_version": "6.4+20240113-1ubuntu2.2"
      }
    },
    {
      "name": "libncursesw6:amd64",
      "version": "6.4+20240113-1ubuntu2.2",
      "purl": "pkg:deb/libncursesw6:amd64?arch=amd64\u0026distro=noble",
      "source": {
        "source_name": "ncurses",
        "source_version": "6.4+20240113-1ubuntu2.2"
      }
    },
    {
      "name": "libncursesw6:i386",
      "version": "6.4+20240113-1ubuntu2.2",
      "purl": "pkg:deb/libncursesw6:i386?arch=i386\u0026distro=noble",
      "source": {
        "source_name": "ncurses",
        "source_version": "6.4+20240113-1ubuntu2.2"
      }
    },
    {
      "name": "libndctl6:amd64",
      "version": "77-2ubuntu2",
      "purl": "pkg:deb/libndctl6:amd64?arch=amd64\u0026distro=noble",
      "source": {
        "source_name": "ndctl",
        "source_version": "77-2ubuntu2"
      }
    },
    {
      "name": "libndp0:amd64",
      "version": "1.8-1fakesync1ubuntu0.24.04.1",
      "purl": "pkg:deb/libndp0:amd64?arch=amd64\u0026distro=noble",
      "source": {
        "source_name": "libndp",
        "source_version": "1.8-1fakesync1ubuntu0.24.04.1"
      }
    },
    {
      "name": "libneon27t64:amd64",
      "version": "0.33.0-1.1build3",
      "purl": "pkg:deb/libneon27t64:amd64?arch=amd64\u0026distro=noble",
      "source": {
        "source_name": "neon27",
        "source_version": "0.33.0-1.1build3"
      }
    },
    {
      "name": "libneon27t64-gnutls:amd64",
      "version": "0.33.0-1.1build3",
      "purl": "pkg:deb/libneon27t64-gnutls:amd64?arch=amd64\u0026distro=noble",
      "source": {
        "source_name": "neon27",
        "source_version": "0.33.0-1.1build3"
      }
    },
    {
      "name": "libnet-dbus-perl",
      "version": "1.2.0-2build3",
      "purl": "pkg:deb/libnet-dbus-perl?arch=amd64\u0026distro=noble",
      "source": {
        "source_name": "",
        "source_version": ""
      }
    },
    {
      "name": "libnet-http-perl",
      "version": "6.23-1",
      "purl": "pkg:deb/libnet-http-perl?arch=all\u0026distro=noble",
      "source": {
        "source_name": "",
        "source_version": ""
      }
    },
    {
      "name": "libnet-smtp-ssl-perl",
      "version": "1.04-2",
      "purl": "pkg:deb/libnet-smtp-ssl-perl?arch=all\u0026distro=noble",
      "source": {
        "source_name": "",
        "source_version": ""
      }
    },
    {
      "name": "libnet-ssleay-perl:amd64",
      "version": "1.94-1build4",
      "purl": "pkg:deb/libnet-ssleay-perl:amd64?arch=amd64\u0026distro=noble",
      "source": {
        "source_name": "",
        "source_version": ""
      }
    },
    {
      "name": "libnetcdf19t64:amd64",
      "version": "1:4.9.2-5ubuntu4",
      "purl": "pkg:deb/libnetcdf19t64:amd64?arch=amd64\u0026distro=noble",
      "source": {
        "source_name": "netcdf",
        "source_version": "1:4.9.2-5ubuntu4"
      }
    },
    {
      "name": "libnetfilter-conntrack3:amd64",
      "version": "1.0.9-6build1",
      "purl": "pkg:deb/libnetfilter-conntrack3:amd64?arch=amd64\u0026distro=noble",
      "source": {
        "source_name": "libnetfilter-conntrack",
        "source_version": "1.0.9-6build1"
      }
    },
    {
      "name": "libnetpbm11t64:amd64",
      "version": "2:11.05.02-1.1build1",
      "purl": "pkg:deb/libnetpbm11t64:amd64?arch=amd64\u0026distro=noble",
      "source": {
        "source_name": "netpbm-free",
        "source_version": "2:11.05.02-1.1build1"
      }
    },
    {
      "name": "libnetplan1:amd64",
      "version": "1.1.2-8ubuntu1~24.04.2",
      "purl": "pkg:deb/libnetplan1:amd64?arch=amd64\u0026distro=noble",
      "source": {
        "source_name": "netplan.io",
        "source_version": "1.1.2-8ubuntu1~24.04.2"
      }
    },
    {
      "name": "libnettle8t64:amd64",
      "version": "3.9.1-2.2build1.1",
      "purl": "pkg:deb/libnettle8t64:amd64?arch=amd64\u0026distro=noble",
      "source": {
        "source_name": "nettle",
        "source_version": "3.9.1-2.2build1.1"
      }
    },
    {
      "name": "libnettle8t64:i386",
      "version": "3.9.1-2.2build1.1",
      "purl": "pkg:deb/libnettle8t64:i386?arch=i386\u0026distro=noble",
      "source": {
        "source_name": "nettle",
        "source_version": "3.9.1-2.2build1.1"
      }
    },
    {
      "name": "libnewt0.52:amd64",
      "version": "0.52.24-2ubuntu2",
      "purl": "pkg:deb/libnewt0.52:amd64?arch=amd64\u0026distro=noble",
      "source": {
        "source_name": "newt",
        "source_version": "0.52.24-2ubuntu2"
      }
    },
    {
      "name": "libnfnetlink0:amd64",
      "version": "1.0.2-2build1",
      "purl": "pkg:deb/libnfnetlink0:amd64?arch=amd64\u0026distro=noble",
      "source": {
        "source_name": "libnfnetlink",
        "source_version": "1.0.2-2build1"
      }
    },
    {
      "name": "libnfs14:amd64",
      "version": "5.0.2-1ubuntu0.24.04.1",
      "purl": "pkg:deb/libnfs14:amd64?arch=amd64\u0026distro=noble",
      "source": {
        "source_name": "libnfs",
        "source_version": "5.0.2-1ubuntu0.24.04.1"
      }
    },
    {
      "name": "libnftables1:amd64",
      "version": "1.0.9-1ubuntu0.1",
      "purl": "pkg:deb/libnftables1:amd64?arch=amd64\u0026distro=noble",
      "source": {
        "source_name": "nftables",
        "source_version": "1.0.9-1ubuntu0.1"
      }
    },
    {
      "name": "libnftnl11:amd64",
      "version": "1.2.6-2build1",
      "purl": "pkg:deb/libnftnl11:amd64?arch=amd64\u0026distro=noble",
      "source": {
        "source_name": "libnftnl",
        "source_version": "1.2.6-2build1"
      }
    },
    {
      "name": "libnghttp2-14:amd64",
      "version": "1.59.0-1ubuntu0.4",
      "purl": "pkg:deb/libnghttp2-14:amd64?arch=amd64\u0026distro=noble",
      "source": {
        "source_name": "nghttp2",
        "source_version": "1.59.0-1ubuntu0.4"
      }
    },
    {
      "name": "libnghttp2-14:i386",
      "version": "1.59.0-1ubuntu0.4",
      "purl": "pkg:deb/libnghttp2-14:i386?arch=i386\u0026distro=noble",
      "source": {
        "source_name": "nghttp2",
        "source_version": "1.59.0-1ubuntu0.4"
      }
    },
    {
      "name": "libnice10:amd64",
      "version": "0.1.21-2build3",
      "purl": "pkg:deb/libnice10:amd64?arch=amd64\u0026distro=noble",
      "source": {
        "source_name": "libnice",
        "source_version": "0.1.21-2build3"
      }
    },
    {
      "name": "libnl-3-200:amd64",
      "version": "3.7.0-0.3build1.1",
      "purl": "pkg:deb/libnl-3-200:amd64?arch=amd64\u0026distro=noble",
      "source": {
        "source_name": "libnl3",
        "source_version": "3.7.0-0.3build1.1"
      }
    },
    {
      "name": "libnl-genl-3-200:amd64",
      "version": "3.7.0-0.3build1.1",
      "purl": "pkg:deb/libnl-genl-3-200:amd64?arch=amd64\u0026distro=noble",
      "source": {
        "source_name": "libnl3",
        "source_version": "3.7.0-0.3build1.1"
      }
    },
    {
      "name": "libnl-route-3-200:amd64",
      "version": "3.7.0-0.3build1.1",
      "purl": "pkg:deb/libnl-route-3-200:amd64?arch=amd64\u0026distro=noble",
      "source": {
        "source_name": "libnl3",
        "source_version": "3.7.0-0.3build1.1"
      }
    },
    {
      "name": "libnm0:amd64",
      "version": "1.46.0-1ubuntu2.8",
      "purl": "pkg:deb/libnm0:amd64?arch=amd64\u0026distro=noble",
      "source": {
        "source_name": "network-manager",
        "source_version": "1.46.0-1ubuntu2.8"
      }
    },
    {
      "name": "libnm0:i386",
      "version": "1.46.0-1ubuntu2.8",
      "purl": "pkg:deb/libnm0:i386?arch=i386\u0026distro=noble",
      "source": {
        "source_name": "network-manager",
        "source_version": "1.46.0-1ubuntu2.8"
      }
    },
    {
      "name": "libnma-common",
      "version": "1.10.6-3build2",
      "purl": "pkg:deb/libnma-common?arch=all\u0026distro=noble",
      "source": {
        "source_name": "libnma",
        "source_version": "1.10.6-3build2"
      }
    },
    {
      "name": "libnma-gtk4-0:amd64",
      "version": "1.10.6-3build2",
      "purl": "pkg:deb/libnma-gtk4-0:amd64?arch=amd64\u0026distro=noble",
      "source": {
        "source_name": "libnma",
        "source_version": "1.10.6-3build2"
      }
    },
    {
      "name": "libnma0:amd64",
      "version": "1.10.6-3build2",
      "purl": "pkg:deb/libnma0:amd64?arch=amd64\u0026distro=noble",
      "source": {
        "source_name": "libnma",
        "source_version": "1.10.6-3build2"
      }
    },
    {
      "name": "libnorm1t64:amd64",
      "version": "1.5.9+dfsg-3.1build1",
      "purl": "pkg:deb/libnorm1t64:amd64?arch=amd64\u0026distro=noble",
      "source": {
        "source_name": "norm",
        "source_version": "1.5.9+dfsg-3.1build1"
      }
    },
    {
      "name": "libnotificationmanager1",
      "version": "4:5.27.12-0ubuntu0.1",
      "purl": "pkg:deb/libnotificationmanager1?arch=amd64\u0026distro=noble",
      "source": {
        "source_name": "plasma-workspace",
        "source_version": "4:5.27.12-0ubuntu0.1"
      }
    },
    {
      "name": "libnotify-bin",
      "version": "0.8.3-1build2",
      "purl": "pkg:deb/libnotify-bin?arch=amd64\u0026distro=noble",
      "source": {
        "source_name": "libnotify",
        "source_version": "0.8.3-1build2"
      }
    },
    {
      "name": "libnotify4:amd64",
      "version": "0.8.3-1build2",
      "purl": "pkg:deb/libnotify4:amd64?arch=amd64\u0026distro=noble",
      "source": {
        "source_name": "libnotify",
        "source_version": "0.8.3-1build2"
      }
    },
    {
      "name": "libnpth0t64:amd64",
      "version": "1.6-3.1build1",
      "purl": "pkg:deb/libnpth0t64:amd64?arch=amd64\u0026distro=noble",
      "source": {
        "source_name": "npth",
        "source_version": "1.6-3.1build1"
      }
    },
    {
      "name": "libnspr4:amd64",
      "version": "2:4.35-1.1build1",
      "purl": "pkg:deb/libnspr4:amd64?arch=amd64\u0026distro=noble",
      "source": {
        "source_name": "nspr",
        "source_version": "2:4.35-1.1build1"
      }
    },
    {
      "name": "libnss-mdns:amd64",
      "version": "0.15.1-4build1",
      "purl": "pkg:deb/libnss-mdns:amd64?arch=amd64\u0026distro=noble",
      "source": {
        "source_name": "nss-mdns",
        "source_version": "0.15.1-4build1"
      }
    },
    {
      "name": "libnss-mymachines:amd64",
      "version": "255.4-1ubuntu8.17",
      "purl": "pkg:deb/libnss-mymachines:amd64?arch=amd64\u0026distro=noble",
      "source": {
        "source_name": "systemd",
        "source_version": "255.4-1ubuntu8.17"
      }
    },
    {
      "name": "libnss-systemd:amd64",
      "version": "255.4-1ubuntu8.17",
      "purl": "pkg:deb/libnss-systemd:amd64?arch=amd64\u0026distro=noble",
      "source": {
        "source_name": "systemd",
        "source_version": "255.4-1ubuntu8.17"
      }
    },
    {
      "name": "libnss3:amd64",
      "version": "2:3.98-1ubuntu0.2",
      "purl": "pkg:deb/libnss3:amd64?arch=amd64\u0026distro=noble",
      "source": {
        "source_name": "nss",
        "source_version": "2:3.98-1ubuntu0.2"
      }
    },
    {
      "name": "libntfs-3g89t64:amd64",
      "version": "1:2022.10.3-1.2ubuntu3.2",
      "purl": "pkg:deb/libntfs-3g89t64:amd64?arch=amd64\u0026distro=noble",
      "source": {
        "source_name": "ntfs-3g",
        "source_version": "1:2022.10.3-1.2ubuntu3.2"
      }
    },
    {
      "name": "libnuma1:amd64",
      "version": "2.0.18-1ubuntu0.24.04.1",
      "purl": "pkg:deb/libnuma1:amd64?arch=amd64\u0026distro=noble",
      "source": {
        "source_name": "numactl",
        "source_version": "2.0.18-1ubuntu0.24.04.1"
      }
    },
    {
      "name": "libnuma1:i386",
      "version": "2.0.18-1ubuntu0.24.04.1",
      "purl": "pkg:deb/libnuma1:i386?arch=i386\u0026distro=noble",
      "source": {
        "source_name": "numactl",
        "source_version": "2.0.18-1ubuntu0.24.04.1"
      }
    },
    {
      "name": "libnvme1t64",
      "version": "1.8-3ubuntu1",
      "purl": "pkg:deb/libnvme1t64?arch=amd64\u0026distro=noble",
      "source": {
        "source_name": "libnvme",
        "source_version": "1.8-3ubuntu1"
      }
    },
    {
      "name": "libobjc-13-dev:amd64",
      "version": "13.3.0-6ubuntu2~24.04.1",
      "purl": "pkg:deb/libobjc-13-dev:amd64?arch=amd64\u0026distro=noble",
      "source": {
        "source_name": "gcc-13",
        "source_version": "13.3.0-6ubuntu2~24.04.1"
      }
    },
    {
      "name": "libobjc4:amd64",
      "version": "14.2.0-4ubuntu2~24.04.1",
      "purl": "pkg:deb/libobjc4:amd64?arch=amd64\u0026distro=noble",
      "source": {
        "source_name": "gcc-14",
        "source_version": "14.2.0-4ubuntu2~24.04.1"
      }
    },
    {
      "name": "libodbc2:amd64",
      "version": "2.3.12-1ubuntu0.24.04.1",
      "purl": "pkg:deb/libodbc2:amd64?arch=amd64\u0026distro=noble",
      "source": {
        "source_name": "unixodbc",
        "source_version": "2.3.12-1ubuntu0.24.04.1"
      }
    },
    {
      "name": "libodbc2:i386",
      "version": "2.3.12-1ubuntu0.24.04.1",
      "purl": "pkg:deb/libodbc2:i386?arch=i386\u0026distro=noble",
      "source": {
        "source_name": "unixodbc",
        "source_version": "2.3.12-1ubuntu0.24.04.1"
      }
    },
    {
      "name": "libodbcinst2:amd64",
      "version": "2.3.12-1ubuntu0.24.04.1",
      "purl": "pkg:deb/libodbcinst2:amd64?arch=amd64\u0026distro=noble",
      "source": {
        "source_name": "unixodbc",
        "source_version": "2.3.12-1ubuntu0.24.04.1"
      }
    },
    {
      "name": "libodfgen-0.1-1:amd64",
      "version": "0.1.8-2build3",
      "purl": "pkg:deb/libodfgen-0.1-1:amd64?arch=amd64\u0026distro=noble",
      "source": {
        "source_name": "libodfgen",
        "source_version": "0.1.8-2build3"
      }
    },
    {
      "name": "libogdi4.1:amd64",
      "version": "4.1.1+ds-3build1",
      "purl": "pkg:deb/libogdi4.1:amd64?arch=amd64\u0026distro=noble",
      "source": {
        "source_name": "ogdi-dfsg",
        "source_version": "4.1.1+ds-3build1"
      }
    },
    {
      "name": "libogg0:amd64",
      "version": "1.3.5-3build1",
      "purl": "pkg:deb/libogg0:amd64?arch=amd64\u0026distro=noble",
      "source": {
        "source_name": "libogg",
        "source_version": "1.3.5-3build1"
      }
    },
    {
      "name": "libogg0:i386",
      "version": "1.3.5-3build1",
      "purl": "pkg:deb/libogg0:i386?arch=i386\u0026distro=noble",
      "source": {
        "source_name": "libogg",
        "source_version": "1.3.5-3build1"
      }
    },
    {
      "name": "libokular5core11",
      "version": "4:23.08.5-0ubuntu5",
      "purl": "pkg:deb/libokular5core11?arch=amd64\u0026distro=noble",
      "source": {
        "source_name": "okular",
        "source_version": "4:23.08.5-0ubuntu5"
      }
    },
    {
      "name": "libolm-dev:amd64",
      "version": "3.2.16+dfsg-2",
      "purl": "pkg:deb/libolm-dev:amd64?arch=amd64\u0026distro=noble",
      "source": {
        "source_name": "olm",
        "source_version": "3.2.16+dfsg-2"
      }
    },
    {
      "name": "libolm3:amd64",
      "version": "3.2.16+dfsg-2",
      "purl": "pkg:deb/libolm3:amd64?arch=amd64\u0026distro=noble",
      "source": {
        "source_name": "olm",
        "source_version": "3.2.16+dfsg-2"
      }
    },
    {
      "name": "libonig5:amd64",
      "version": "6.9.9-1build1",
      "purl": "pkg:deb/libonig5:amd64?arch=amd64\u0026distro=noble",
      "source": {
        "source_name": "libonig",
        "source_version": "6.9.9-1build1"
      }
    },
    {
      "name": "libopen-trace-format1:amd64",
      "version": "1.12.5+dfsg-8build2",
      "purl": "pkg:deb/libopen-trace-format1:amd64?arch=amd64\u0026distro=noble",
      "source": {
        "source_name": "otf",
        "source_version": "1.12.5+dfsg-8build2"
      }
    },
    {
      "name": "libopen-trace-format2-10t64:amd64",
      "version": "3.0.3-3.1build1",
      "purl": "pkg:deb/libopen-trace-format2-10t64:amd64?arch=amd64\u0026distro=noble",
      "source": {
        "source_name": "otf2",
        "source_version": "3.0.3-3.1build1"
      }
    },
    {
      "name": "libopenal-data",
      "version": "1:1.23.1-4build1",
      "purl": "pkg:deb/libopenal-data?arch=all\u0026distro=noble",
      "source": {
        "source_name": "openal-soft",
        "source_version": "1:1.23.1-4build1"
      }
    },
    {
      "name": "libopenal1:amd64",
      "version": "1:1.23.1-4build1",
      "purl": "pkg:deb/libopenal1:amd64?arch=amd64\u0026distro=noble",
      "source": {
        "source_name": "openal-soft",
        "source_version": "1:1.23.1-4build1"
      }
    },
    {
      "name": "libopencc-data",
      "version": "1.1.7+ds1-1ubuntu0.1",
      "purl": "pkg:deb/libopencc-data?arch=all\u0026distro=noble",
      "source": {
        "source_name": "opencc",
        "source_version": "1.1.7+ds1-1ubuntu0.1"
      }
    },
    {
      "name": "libopencc1.1",
      "version": "1.1.7+ds1-1ubuntu0.1",
      "purl": "pkg:deb/libopencc1.1?arch=amd64\u0026distro=noble",
      "source": {
        "source_name": "opencc",
        "source_version": "1.1.7+ds1-1ubuntu0.1"
      }
    },
    {
      "name": "libopencolorio2.1t64:amd64",
      "version": "2.1.3+dfsg-1.1build3",
      "purl": "pkg:deb/libopencolorio2.1t64:amd64?arch=amd64\u0026distro=noble",
      "source": {
        "source_name": "opencolorio",
        "source_version": "2.1.3+dfsg-1.1build3"
      }
    },
    {
      "name": "libopenconnect5:amd64",
      "version": "9.12-1ubuntu1.24.04.1",
      "purl": "pkg:deb/libopenconnect5:amd64?arch=amd64\u0026distro=noble",
      "source": {
        "source_name": "openconnect",
        "source_version": "9.12-1ubuntu1.24.04.1"
      }
    },
    {
      "name": "libopencore-amrnb0:amd64",
      "version": "0.1.6-1build1",
      "purl": "pkg:deb/libopencore-amrnb0:amd64?arch=amd64\u0026distro=noble",
      "source": {
        "source_name": "opencore-amr",
        "source_version": "0.1.6-1build1"
      }
    },
    {
      "name": "libopencore-amrwb0:amd64",
      "version": "0.1.6-1build1",
      "purl": "pkg:deb/libopencore-amrwb0:amd64?arch=amd64\u0026distro=noble",
      "source": {
        "source_name": "opencore-amr",
        "source_version": "0.1.6-1build1"
      }
    },
    {
      "name": "libopencv-calib3d406t64:amd64",
      "version": "4.6.0+dfsg-13.1ubuntu1",
      "purl": "pkg:deb/libopencv-calib3d406t64:amd64?arch=amd64\u0026distro=noble",
      "source": {
        "source_name": "opencv",
        "source_version": "4.6.0+dfsg-13.1ubuntu1"
      }
    },
    {
      "name": "libopencv-contrib406t64:amd64",
      "version": "4.6.0+dfsg-13.1ubuntu1",
      "purl": "pkg:deb/libopencv-contrib406t64:amd64?arch=amd64\u0026distro=noble",
      "source": {
        "source_name": "opencv",
        "source_version": "4.6.0+dfsg-13.1ubuntu1"
      }
    },
    {
      "name": "libopencv-core406t64:amd64",
      "version": "4.6.0+dfsg-13.1ubuntu1",
      "purl": "pkg:deb/libopencv-core406t64:amd64?arch=amd64\u0026distro=noble",
      "source": {
        "source_name": "opencv",
        "source_version": "4.6.0+dfsg-13.1ubuntu1"
      }
    },
    {
      "name": "libopencv-dnn406t64:amd64",
      "version": "4.6.0+dfsg-13.1ubuntu1",
      "purl": "pkg:deb/libopencv-dnn406t64:amd64?arch=amd64\u0026distro=noble",
      "source": {
        "source_name": "opencv",
        "source_version": "4.6.0+dfsg-13.1ubuntu1"
      }
    },
    {
      "name": "libopencv-features2d406t64:amd64",
      "version": "4.6.0+dfsg-13.1ubuntu1",
      "purl": "pkg:deb/libopencv-features2d406t64:amd64?arch=amd64\u0026distro=noble",
      "source": {
        "source_name": "opencv",
        "source_version": "4.6.0+dfsg-13.1ubuntu1"
      }
    },
    {
      "name": "libopencv-flann406t64:amd64",
      "version": "4.6.0+dfsg-13.1ubuntu1",
      "purl": "pkg:deb/libopencv-flann406t64:amd64?arch=amd64\u0026distro=noble",
      "source": {
        "source_name": "opencv",
        "source_version": "4.6.0+dfsg-13.1ubuntu1"
      }
    },
    {
      "name": "libopencv-highgui406t64:amd64",
      "version": "4.6.0+dfsg-13.1ubuntu1",
      "purl": "pkg:deb/libopencv-highgui406t64:amd64?arch=amd64\u0026distro=noble",
      "source": {
        "source_name": "opencv",
        "source_version": "4.6.0+dfsg-13.1ubuntu1"
      }
    },
    {
      "name": "libopencv-imgcodecs406t64:amd64",
      "version": "4.6.0+dfsg-13.1ubuntu1",
      "purl": "pkg:deb/libopencv-imgcodecs406t64:amd64?arch=amd64\u0026distro=noble",
      "source": {
        "source_name": "opencv",
        "source_version": "4.6.0+dfsg-13.1ubuntu1"
      }
    },
    {
      "name": "libopencv-imgproc406t64:amd64",
      "version": "4.6.0+dfsg-13.1ubuntu1",
      "purl": "pkg:deb/libopencv-imgproc406t64:amd64?arch=amd64\u0026distro=noble",
      "source": {
        "source_name": "opencv",
        "source_version": "4.6.0+dfsg-13.1ubuntu1"
      }
    },
    {
      "name": "libopencv-ml406t64:amd64",
      "version": "4.6.0+dfsg-13.1ubuntu1",
      "purl": "pkg:deb/libopencv-ml406t64:amd64?arch=amd64\u0026distro=noble",
      "source": {
        "source_name": "opencv",
        "source_version": "4.6.0+dfsg-13.1ubuntu1"
      }
    },
    {
      "name": "libopencv-objdetect406t64:amd64",
      "version": "4.6.0+dfsg-13.1ubuntu1",
      "purl": "pkg:deb/libopencv-objdetect406t64:amd64?arch=amd64\u0026distro=noble",
      "source": {
        "source_name": "opencv",
        "source_version": "4.6.0+dfsg-13.1ubuntu1"
      }
    },
    {
      "name": "libopencv-photo406t64:amd64",
      "version": "4.6.0+dfsg-13.1ubuntu1",
      "purl": "pkg:deb/libopencv-photo406t64:amd64?arch=amd64\u0026distro=noble",
      "source": {
        "source_name": "opencv",
        "source_version": "4.6.0+dfsg-13.1ubuntu1"
      }
    },
    {
      "name": "libopencv-shape406t64:amd64",
      "version": "4.6.0+dfsg-13.1ubuntu1",
      "purl": "pkg:deb/libopencv-shape406t64:amd64?arch=amd64\u0026distro=noble",
      "source": {
        "source_name": "opencv",
        "source_version": "4.6.0+dfsg-13.1ubuntu1"
      }
    },
    {
      "name": "libopencv-stitching406t64:amd64",
      "version": "4.6.0+dfsg-13.1ubuntu1",
      "purl": "pkg:deb/libopencv-stitching406t64:amd64?arch=amd64\u0026distro=noble",
      "source": {
        "source_name": "opencv",
        "source_version": "4.6.0+dfsg-13.1ubuntu1"
      }
    },
    {
      "name": "libopencv-video406t64:amd64",
      "version": "4.6.0+dfsg-13.1ubuntu1",
      "purl": "pkg:deb/libopencv-video406t64:amd64?arch=amd64\u0026distro=noble",
      "source": {
        "source_name": "opencv",
        "source_version": "4.6.0+dfsg-13.1ubuntu1"
      }
    },
    {
      "name": "libopencv-videoio406t64:amd64",
      "version": "4.6.0+dfsg-13.1ubuntu1",
      "purl": "pkg:deb/libopencv-videoio406t64:amd64?arch=amd64\u0026distro=noble",
      "source": {
        "source_name": "opencv",
        "source_version": "4.6.0+dfsg-13.1ubuntu1"
      }
    },
    {
      "name": "libopencv-viz406t64:amd64",
      "version": "4.6.0+dfsg-13.1ubuntu1",
      "purl": "pkg:deb/libopencv-viz406t64:amd64?arch=amd64\u0026distro=noble",
      "source": {
        "source_name": "opencv",
        "source_version": "4.6.0+dfsg-13.1ubuntu1"
      }
    },
    {
      "name": "libopenexr-3-1-30:amd64",
      "version": "3.1.5-5.1build3",
      "purl": "pkg:deb/libopenexr-3-1-30:amd64?arch=amd64\u0026distro=noble",
      "source": {
        "source_name": "openexr",
        "source_version": "3.1.5-5.1build3"
      }
    },
    {
      "name": "libopengl-dev:amd64",
      "version": "1.7.0-1build1",
      "purl": "pkg:deb/libopengl-dev:amd64?arch=amd64\u0026distro=noble",
      "source": {
        "source_name": "libglvnd",
        "source_version": "1.7.0-1build1"
      }
    },
    {
      "name": "libopengl0:amd64",
      "version": "1.7.0-1build1",
      "purl": "pkg:deb/libopengl0:amd64?arch=amd64\u0026distro=noble",
      "source": {
        "source_name": "libglvnd",
        "source_version": "1.7.0-1build1"
      }
    },
    {
      "name": "libopenh264-7:amd64",
      "version": "2.4.1+dfsg-1",
      "purl": "pkg:deb/libopenh264-7:amd64?arch=amd64\u0026distro=noble",
      "source": {
        "source_name": "openh264",
        "source_version": "2.4.1+dfsg-1"
      }
    },
    {
      "name": "libopenimageio2.4t64:amd64",
      "version": "2.4.17.0+dfsg-1.1build4",
      "purl": "pkg:deb/libopenimageio2.4t64:amd64?arch=amd64\u0026distro=noble",
      "source": {
        "source_name": "openimageio",
        "source_version": "2.4.17.0+dfsg-1.1build4"
      }
    },
    {
      "name": "libopenjp2-7:amd64",
      "version": "2.5.0-2ubuntu0.5",
      "purl": "pkg:deb/libopenjp2-7:amd64?arch=amd64\u0026distro=noble",
      "source": {
        "source_name": "openjpeg2",
        "source_version": "2.5.0-2ubuntu0.5"
      }
    },
    {
      "name": "libopenjp2-7:i386",
      "version": "2.5.0-2ubuntu0.5",
      "purl": "pkg:deb/libopenjp2-7:i386?arch=i386\u0026distro=noble",
      "source": {
        "source_name": "openjpeg2",
        "source_version": "2.5.0-2ubuntu0.5"
      }
    },
    {
      "name": "libopenmpi3t64:amd64",
      "version": "4.1.6-7ubuntu2",
      "purl": "pkg:deb/libopenmpi3t64:amd64?arch=amd64\u0026distro=noble",
      "source": {
        "source_name": "openmpi",
        "source_version": "4.1.6-7ubuntu2"
      }
    },
    {
      "name": "libopenmpt-modplug1:amd64",
      "version": "0.8.9.0-openmpt1-2build2",
      "purl": "pkg:deb/libopenmpt-modplug1:amd64?arch=amd64\u0026distro=noble",
      "source": {
        "source_name": "libopenmpt-modplug",
        "source_version": "0.8.9.0-openmpt1-2build2"
      }
    },
    {
      "name": "libopenmpt0t64:amd64",
      "version": "0.7.3-1.1build3",
      "purl": "pkg:deb/libopenmpt0t64:amd64?arch=amd64\u0026distro=noble",
      "source": {
        "source_name": "libopenmpt",
        "source_version": "0.7.3-1.1build3"
      }
    },
    {
      "name": "libopenni2-0:amd64",
      "version": "2.2.0.33+dfsg-18",
      "purl": "pkg:deb/libopenni2-0:amd64?arch=amd64\u0026distro=noble",
      "source": {
        "source_name": "openni2",
        "source_version": "2.2.0.33+dfsg-18"
      }
    },
    {
      "name": "libopenvdb10.0t64:amd64",
      "version": "10.0.1-2.1build5",
      "purl": "pkg:deb/libopenvdb10.0t64:amd64?arch=amd64\u0026distro=noble",
      "source": {
        "source_name": "openvdb",
        "source_version": "10.0.1-2.1build5"
      }
    },
    {
      "name": "libopus0:amd64",
      "version": "1.4-1build1",
      "purl": "pkg:deb/libopus0:amd64?arch=amd64\u0026distro=noble",
      "source": {
        "source_name": "opus",
        "source_version": "1.4-1build1"
      }
    },
    {
      "name": "libopus0:i386",
      "version": "1.4-1build1",
      "purl": "pkg:deb/libopus0:i386?arch=i386\u0026distro=noble",
      "source": {
        "source_name": "opus",
        "source_version": "1.4-1build1"
      }
    },
    {
      "name": "libopusfile0:amd64",
      "version": "0.12-4build3",
      "purl": "pkg:deb/libopusfile0:amd64?arch=amd64\u0026distro=noble",
      "source": {
        "source_name": "opusfile",
        "source_version": "0.12-4build3"
      }
    },
    {
      "name": "liborc-0.4-0t64:amd64",
      "version": "1:0.4.38-1ubuntu0.1",
      "purl": "pkg:deb/liborc-0.4-0t64:amd64?arch=amd64\u0026distro=noble",
      "source": {
        "source_name": "orc",
        "source_version": "1:0.4.38-1ubuntu0.1"
      }
    },
    {
      "name": "liborc-0.4-0t64:i386",
      "version": "1:0.4.38-1ubuntu0.1",
      "purl": "pkg:deb/liborc-0.4-0t64:i386?arch=i386\u0026distro=noble",
      "source": {
        "source_name": "orc",
        "source_version": "1:0.4.38-1ubuntu0.1"
      }
    },
    {
      "name": "liborcus-0.18-0:amd64",
      "version": "0.19.2-3build3",
      "purl": "pkg:deb/liborcus-0.18-0:amd64?arch=amd64\u0026distro=noble",
      "source": {
        "source_name": "liborcus",
        "source_version": "0.19.2-3build3"
      }
    },
    {
      "name": "liborcus-parser-0.18-0:amd64",
      "version": "0.19.2-3build3",
      "purl": "pkg:deb/liborcus-parser-0.18-0:amd64?arch=amd64\u0026distro=noble",
      "source": {
        "source_name": "liborcus",
        "source_version": "0.19.2-3build3"
      }
    },
    {
      "name": "libosdcpu3.5.0t64:amd64",
      "version": "3.5.0-2.1build1",
      "purl": "pkg:deb/libosdcpu3.5.0t64:amd64?arch=amd64\u0026distro=noble",
      "source": {
        "source_name": "opensubdiv",
        "source_version": "3.5.0-2.1build1"
      }
    },
    {
      "name": "libosdgpu3.5.0t64:amd64",
      "version": "3.5.0-2.1build1",
      "purl": "pkg:deb/libosdgpu3.5.0t64:amd64?arch=amd64\u0026distro=noble",
      "source": {
        "source_name": "opensubdiv",
        "source_version": "3.5.0-2.1build1"
      }
    },
    {
      "name": "libosinfo-1.0-0:amd64",
      "version": "1.11.0-2build3",
      "purl": "pkg:deb/libosinfo-1.0-0:amd64?arch=amd64\u0026distro=noble",
      "source": {
        "source_name": "libosinfo",
        "source_version": "1.11.0-2build3"
      }
    },
    {
      "name": "libosinfo-l10n",
      "version": "1.11.0-2build3",
      "purl": "pkg:deb/libosinfo-l10n?arch=all\u0026distro=noble",
      "source": {
        "source_name": "libosinfo",
        "source_version": "1.11.0-2build3"
      }
    },
    {
      "name": "libosmesa6:amd64",
      "version": "25.1.7-1ubuntu2~24.04.2",
      "purl": "pkg:deb/libosmesa6:amd64?arch=amd64\u0026distro=noble",
      "source": {
        "source_name": "mesa-compat",
        "source_version": "25.1.7-1ubuntu2~24.04.2"
      }
    },
    {
      "name": "libosmesa6:i386",
      "version": "25.1.7-1ubuntu2~24.04.2",
      "purl": "pkg:deb/libosmesa6:i386?arch=i386\u0026distro=noble",
      "source": {
        "source_name": "mesa-compat",
        "source_version": "25.1.7-1ubuntu2~24.04.2"
      }
    },
    {
      "name": "libostree-1-1:amd64",
      "version": "2024.5-1build2",
      "purl": "pkg:deb/libostree-1-1:amd64?arch=amd64\u0026distro=noble",
      "source": {
        "source_name": "ostree",
        "source_version": "2024.5-1build2"
      }
    },
    {
      "name": "liboxygenstyle5-5:amd64",
      "version": "4:5.27.11-0ubuntu2",
      "purl": "pkg:deb/liboxygenstyle5-5:amd64?arch=amd64\u0026distro=noble",
      "source": {
        "source_name": "oxygen",
        "source_version": "4:5.27.11-0ubuntu2"
      }
    },
    {
      "name": "liboxygenstyleconfig5-5:amd64",
      "version": "4:5.27.11-0ubuntu2",
      "purl": "pkg:deb/liboxygenstyleconfig5-5:amd64?arch=amd64\u0026distro=noble",
      "source": {
        "source_name": "oxygen",
        "source_version": "4:5.27.11-0ubuntu2"
      }
    },
    {
      "name": "libp11-kit0:amd64",
      "version": "0.25.3-4ubuntu2.2",
      "purl": "pkg:deb/libp11-kit0:amd64?arch=amd64\u0026distro=noble",
      "source": {
        "source_name": "p11-kit",
        "source_version": "0.25.3-4ubuntu2.2"
      }
    },
    {
      "name": "libp11-kit0:i386",
      "version": "0.25.3-4ubuntu2.2",
      "purl": "pkg:deb/libp11-kit0:i386?arch=i386\u0026distro=noble",
      "source": {
        "source_name": "p11-kit",
        "source_version": "0.25.3-4ubuntu2.2"
      }
    },
    {
      "name": "libpackagekit-glib2-18:amd64",
      "version": "1.2.8-2ubuntu1.5",
      "purl": "pkg:deb/libpackagekit-glib2-18:amd64?arch=amd64\u0026distro=noble",
      "source": {
        "source_name": "packagekit",
        "source_version": "1.2.8-2ubuntu1.5"
      }
    },
    {
      "name": "libpackagekitqt5-1:amd64",
      "version": "1.1.1-1build3",
      "purl": "pkg:deb/libpackagekitqt5-1:amd64?arch=amd64\u0026distro=noble",
      "source": {
        "source_name": "packagekit-qt",
        "source_version": "1.1.1-1build3"
      }
    },
    {
      "name": "libpagemaker-0.0-0:amd64",
      "version": "0.0.4-1build4",
      "purl": "pkg:deb/libpagemaker-0.0-0:amd64?arch=amd64\u0026distro=noble",
      "source": {
        "source_name": "libpagemaker",
        "source_version": "0.0.4-1build4"
      }
    },
    {
      "name": "libpam-cap:amd64",
      "version": "1:2.66-5ubuntu2.4",
      "purl": "pkg:deb/libpam-cap:amd64?arch=amd64\u0026distro=noble",
      "source": {
        "source_name": "libcap2",
        "source_version": "1:2.66-5ubuntu2.4"
      }
    },
    {
      "name": "libpam-gnome-keyring:amd64",
      "version": "46.1-2ubuntu0.2",
      "purl": "pkg:deb/libpam-gnome-keyring:amd64?arch=amd64\u0026distro=noble",
      "source": {
        "source_name": "gnome-keyring",
        "source_version": "46.1-2ubuntu0.2"
      }
    },
    {
      "name": "libpam-kwallet-common",
      "version": "4:5.27.11-0ubuntu2",
      "purl": "pkg:deb/libpam-kwallet-common?arch=all\u0026distro=noble",
      "source": {
        "source_name": "kwallet-pam",
        "source_version": "4:5.27.11-0ubuntu2"
      }
    },
    {
      "name": "libpam-kwallet5",
      "version": "4:5.27.11-0ubuntu2",
      "purl": "pkg:deb/libpam-kwallet5?arch=amd64\u0026distro=noble",
      "source": {
        "source_name": "kwallet-pam",
        "source_version": "4:5.27.11-0ubuntu2"
      }
    },
    {
      "name": "libpam-modules:amd64",
      "version": "1.5.3-5ubuntu5.7",
      "purl": "pkg:deb/libpam-modules:amd64?arch=amd64\u0026distro=noble",
      "source": {
        "source_name": "pam",
        "source_version": "1.5.3-5ubuntu5.7"
      }
    },
    {
      "name": "libpam-modules-bin",
      "version": "1.5.3-5ubuntu5.7",
      "purl": "pkg:deb/libpam-modules-bin?arch=amd64\u0026distro=noble",
      "source": {
        "source_name": "pam",
        "source_version": "1.5.3-5ubuntu5.7"
      }
    },
    {
      "name": "libpam-runtime",
      "version": "1.5.3-5ubuntu5.7",
      "purl": "pkg:deb/libpam-runtime?arch=all\u0026distro=noble",
      "source": {
        "source_name": "pam",
        "source_version": "1.5.3-5ubuntu5.7"
      }
    },
    {
      "name": "libpam-systemd:amd64",
      "version": "255.4-1ubuntu8.17",
      "purl": "pkg:deb/libpam-systemd:amd64?arch=amd64\u0026distro=noble",
      "source": {
        "source_name": "systemd",
        "source_version": "255.4-1ubuntu8.17"
      }
    },
    {
      "name": "libpam0g:amd64",
      "version": "1.5.3-5ubuntu5.7",
      "purl": "pkg:deb/libpam0g:amd64?arch=amd64\u0026distro=noble",
      "source": {
        "source_name": "pam",
        "source_version": "1.5.3-5ubuntu5.7"
      }
    },
    {
      "name": "libpango-1.0-0:amd64",
      "version": "1.52.1+ds-1build1",
      "purl": "pkg:deb/libpango-1.0-0:amd64?arch=amd64\u0026distro=noble",
      "source": {
        "source_name": "pango1.0",
        "source_version": "1.52.1+ds-1build1"
      }
    },
    {
      "name": "libpango-1.0-0:i386",
      "version": "1.52.1+ds-1build1",
      "purl": "pkg:deb/libpango-1.0-0:i386?arch=i386\u0026distro=noble",
      "source": {
        "source_name": "pango1.0",
        "source_version": "1.52.1+ds-1build1"
      }
    },
    {
      "name": "libpangocairo-1.0-0:amd64",
      "version": "1.52.1+ds-1build1",
      "purl": "pkg:deb/libpangocairo-1.0-0:amd64?arch=amd64\u0026distro=noble",
      "source": {
        "source_name": "pango1.0",
        "source_version": "1.52.1+ds-1build1"
      }
    },
    {
      "name": "libpangocairo-1.0-0:i386",
      "version": "1.52.1+ds-1build1",
      "purl": "pkg:deb/libpangocairo-1.0-0:i386?arch=i386\u0026distro=noble",
      "source": {
        "source_name": "pango1.0",
        "source_version": "1.52.1+ds-1build1"
      }
    },
    {
      "name": "libpangoft2-1.0-0:amd64",
      "version": "1.52.1+ds-1build1",
      "purl": "pkg:deb/libpangoft2-1.0-0:amd64?arch=amd64\u0026distro=noble",
      "source": {
        "source_name": "pango1.0",
        "source_version": "1.52.1+ds-1build1"
      }
    },
    {
      "name": "libpangoft2-1.0-0:i386",
      "version": "1.52.1+ds-1build1",
      "purl": "pkg:deb/libpangoft2-1.0-0:i386?arch=i386\u0026distro=noble",
      "source": {
        "source_name": "pango1.0",
        "source_version": "1.52.1+ds-1build1"
      }
    },
    {
      "name": "libpangomm-1.4-1v5:amd64",
      "version": "2.46.4-1build3",
      "purl": "pkg:deb/libpangomm-1.4-1v5:amd64?arch=amd64\u0026distro=noble",
      "source": {
        "source_name": "pangomm",
        "source_version": "2.46.4-1build3"
      }
    },
    {
      "name": "libpangoxft-1.0-0:amd64",
      "version": "1.52.1+ds-1build1",
      "purl": "pkg:deb/libpangoxft-1.0-0:amd64?arch=amd64\u0026distro=noble",
      "source": {
        "source_name": "pango1.0",
        "source_version": "1.52.1+ds-1build1"
      }
    },
    {
      "name": "libpaper-utils",
      "version": "1.1.29build1",
      "purl": "pkg:deb/libpaper-utils?arch=amd64\u0026distro=noble",
      "source": {
        "source_name": "libpaper",
        "source_version": "1.1.29build1"
      }
    },
    {
      "name": "libpaper1:amd64",
      "version": "1.1.29build1",
      "purl": "pkg:deb/libpaper1:amd64?arch=amd64\u0026distro=noble",
      "source": {
        "source_name": "libpaper",
        "source_version": "1.1.29build1"
      }
    },
    {
      "name": "libparted-fs-resize0t64:amd64",
      "version": "3.6-4build1",
      "purl": "pkg:deb/libparted-fs-resize0t64:amd64?arch=amd64\u0026distro=noble",
      "source": {
        "source_name": "parted",
        "source_version": "3.6-4build1"
      }
    },
    {
      "name": "libparted2t64:amd64",
      "version": "3.6-4build1",
      "purl": "pkg:deb/libparted2t64:amd64?arch=amd64\u0026distro=noble",
      "source": {
        "source_name": "parted",
        "source_version": "3.6-4build1"
      }
    },
    {
      "name": "libpcap0.8t64:amd64",
      "version": "1.10.4-4.1ubuntu3.1",
      "purl": "pkg:deb/libpcap0.8t64:amd64?arch=amd64\u0026distro=noble",
      "source": {
        "source_name": "libpcap",
        "source_version": "1.10.4-4.1ubuntu3.1"
      }
    },
    {
      "name": "libpcap0.8t64:i386",
      "version": "1.10.4-4.1ubuntu3.1",
      "purl": "pkg:deb/libpcap0.8t64:i386?arch=i386\u0026distro=noble",
      "source": {
        "source_name": "libpcap",
        "source_version": "1.10.4-4.1ubuntu3.1"
      }
    },
    {
      "name": "libpcaudio0:amd64",
      "version": "1.2-2build3",
      "purl": "pkg:deb/libpcaudio0:amd64?arch=amd64\u0026distro=noble",
      "source": {
        "source_name": "pcaudiolib",
        "source_version": "1.2-2build3"
      }
    },
    {
      "name": "libpci3:amd64",
      "version": "1:3.10.0-2build1",
      "purl": "pkg:deb/libpci3:amd64?arch=amd64\u0026distro=noble",
      "source": {
        "source_name": "pciutils",
        "source_version": "1:3.10.0-2build1"
      }
    },
    {
      "name": "libpciaccess0:amd64",
      "version": "0.17-3ubuntu0.24.04.2",
      "purl": "pkg:deb/libpciaccess0:amd64?arch=amd64\u0026distro=noble",
      "source": {
        "source_name": "libpciaccess",
        "source_version": "0.17-3ubuntu0.24.04.2"
      }
    },
    {
      "name": "libpciaccess0:i386",
      "version": "0.17-3ubuntu0.24.04.2",
      "purl": "pkg:deb/libpciaccess0:i386?arch=i386\u0026distro=noble",
      "source": {
        "source_name": "libpciaccess",
        "source_version": "0.17-3ubuntu0.24.04.2"
      }
    },
    {
      "name": "libpcre2-16-0:amd64",
      "version": "10.42-4ubuntu2.1",
      "purl": "pkg:deb/libpcre2-16-0:amd64?arch=amd64\u0026distro=noble",
      "source": {
        "source_name": "pcre2",
        "source_version": "10.42-4ubuntu2.1"
      }
    },
    {
      "name": "libpcre2-32-0:amd64",
      "version": "10.42-4ubuntu2.1",
      "purl": "pkg:deb/libpcre2-32-0:amd64?arch=amd64\u0026distro=noble",
      "source": {
        "source_name": "pcre2",
        "source_version": "10.42-4ubuntu2.1"
      }
    },
    {
      "name": "libpcre2-8-0:amd64",
      "version": "10.42-4ubuntu2.1",
      "purl": "pkg:deb/libpcre2-8-0:amd64?arch=amd64\u0026distro=noble",
      "source": {
        "source_name": "pcre2",
        "source_version": "10.42-4ubuntu2.1"
      }
    },
    {
      "name": "libpcre2-8-0:i386",
      "version": "10.42-4ubuntu2.1",
      "purl": "pkg:deb/libpcre2-8-0:i386?arch=i386\u0026distro=noble",
      "source": {
        "source_name": "pcre2",
        "source_version": "10.42-4ubuntu2.1"
      }
    },
    {
      "name": "libpcre3:amd64",
      "version": "2:8.39-15build1",
      "purl": "pkg:deb/libpcre3:amd64?arch=amd64\u0026distro=noble",
      "source": {
        "source_name": "pcre3",
        "source_version": "2:8.39-15build1"
      }
    },
    {
      "name": "libpcsclite1:amd64",
      "version": "2.0.3-1build1",
      "purl": "pkg:deb/libpcsclite1:amd64?arch=amd64\u0026distro=noble",
      "source": {
        "source_name": "pcsc-lite",
        "source_version": "2.0.3-1build1"
      }
    },
    {
      "name": "libpcsclite1:i386",
      "version": "2.0.3-1build1",
      "purl": "pkg:deb/libpcsclite1:i386?arch=i386\u0026distro=noble",
      "source": {
        "source_name": "pcsc-lite",
        "source_version": "2.0.3-1build1"
      }
    },
    {
      "name": "libperl5.38t64:amd64",
      "version": "5.38.2-3.2ubuntu0.6",
      "purl": "pkg:deb/libperl5.38t64:amd64?arch=amd64\u0026distro=noble",
      "source": {
        "source_name": "perl",
        "source_version": "5.38.2-3.2ubuntu0.6"
      }
    },
    {
      "name": "libpfm4:amd64",
      "version": "4.13.0+git32-g0d4ed0e-1ubuntu0.1",
      "purl": "pkg:deb/libpfm4:amd64?arch=amd64\u0026distro=noble",
      "source": {
        "source_name": "",
        "source_version": ""
      }
    },
    {
      "name": "libpgm-5.3-0t64:amd64",
      "version": "5.3.128~dfsg-2.1build1",
      "purl": "pkg:deb/libpgm-5.3-0t64:amd64?arch=amd64\u0026distro=noble",
      "source": {
        "source_name": "libpgm",
        "source_version": "5.3.128~dfsg-2.1build1"
      }
    },
    {
      "name": "libphodav-3.0-0:amd64",
      "version": "3.0-8build3",
      "purl": "pkg:deb/libphodav-3.0-0:amd64?arch=amd64\u0026distro=noble",
      "source": {
        "source_name": "phodav",
        "source_version": "3.0-8build3"
      }
    },
    {
      "name": "libphodav-3.0-common",
      "version": "3.0-8build3",
      "purl": "pkg:deb/libphodav-3.0-common?arch=all\u0026distro=noble",
      "source": {
        "source_name": "phodav",
        "source_version": "3.0-8build3"
      }
    },
    {
      "name": "libphonenumber8:amd64",
      "version": "8.12.57+ds-4.2build3",
      "purl": "pkg:deb/libphonenumber8:amd64?arch=amd64\u0026distro=noble",
      "source": {
        "source_name": "libphonenumber",
        "source_version": "8.12.57+ds-4.2build3"
      }
    },
    {
      "name": "libphonon-l10n",
      "version": "4:4.12.0-3.1build3",
      "purl": "pkg:deb/libphonon-l10n?arch=all\u0026distro=noble",
      "source": {
        "source_name": "phonon",
        "source_version": "4:4.12.0-3.1build3"
      }
    },
    {
      "name": "libphonon4qt5-4t64:amd64",
      "version": "4:4.12.0-3.1build3",
      "purl": "pkg:deb/libphonon4qt5-4t64:amd64?arch=amd64\u0026distro=noble",
      "source": {
        "source_name": "phonon",
        "source_version": "4:4.12.0-3.1build3"
      }
    },
    {
      "name": "libphysfs1:amd64",
      "version": "3.0.2-6build2",
      "purl": "pkg:deb/libphysfs1:amd64?arch=amd64\u0026distro=noble",
      "source": {
        "source_name": "libphysfs",
        "source_version": "3.0.2-6build2"
      }
    },
    {
      "name": "libpipeline1:amd64",
      "version": "1.5.7-2",
      "purl": "pkg:deb/libpipeline1:amd64?arch=amd64\u0026distro=noble",
      "source": {
        "source_name": "libpipeline",
        "source_version": "1.5.7-2"
      }
    },
    {
      "name": "libpipewire-0.3-0t64:amd64",
      "version": "1.0.5-1ubuntu3.3",
      "purl": "pkg:deb/libpipewire-0.3-0t64:amd64?arch=amd64\u0026distro=noble",
      "source": {
        "source_name": "pipewire",
        "source_version": "1.0.5-1ubuntu3.3"
      }
    },
    {
      "name": "libpipewire-0.3-common",
      "version": "1.0.5-1ubuntu3.3",
      "purl": "pkg:deb/libpipewire-0.3-common?arch=all\u0026distro=noble",
      "source": {
        "source_name": "pipewire",
        "source_version": "1.0.5-1ubuntu3.3"
      }
    },
    {
      "name": "libpipewire-0.3-modules:amd64",
      "version": "1.0.5-1ubuntu3.3",
      "purl": "pkg:deb/libpipewire-0.3-modules:amd64?arch=amd64\u0026distro=noble",
      "source": {
        "source_name": "pipewire",
        "source_version": "1.0.5-1ubuntu3.3"
      }
    },
    {
      "name": "libpixman-1-0:amd64",
      "version": "0.42.2-1build1",
      "purl": "pkg:deb/libpixman-1-0:amd64?arch=amd64\u0026distro=noble",
      "source": {
        "source_name": "pixman",
        "source_version": "0.42.2-1build1"
      }
    },
    {
      "name": "libpixman-1-0:i386",
      "version": "0.42.2-1build1",
      "purl": "pkg:deb/libpixman-1-0:i386?arch=i386\u0026distro=noble",
      "source": {
        "source_name": "pixman",
        "source_version": "0.42.2-1build1"
      }
    },
    {
      "name": "libpkcs11-helper1t64:amd64",
      "version": "1.29.0-2.1build2",
      "purl": "pkg:deb/libpkcs11-helper1t64:amd64?arch=amd64\u0026distro=noble",
      "source": {
        "source_name": "pkcs11-helper",
        "source_version": "1.29.0-2.1build2"
      }
    },
    {
      "name": "libpkgconf3:amd64",
      "version": "1.8.1-2build1",
      "purl": "pkg:deb/libpkgconf3:amd64?arch=amd64\u0026distro=noble",
      "source": {
        "source_name": "pkgconf",
        "source_version": "1.8.1-2build1"
      }
    },
    {
      "name": "libplacebo338:amd64",
      "version": "6.338.2-2build1",
      "purl": "pkg:deb/libplacebo338:amd64?arch=amd64\u0026distro=noble",
      "source": {
        "source_name": "libplacebo",
        "source_version": "6.338.2-2build1"
      }
    },
    {
      "name": "libplasma-geolocation-interface5",
      "version": "4:5.27.12-0ubuntu0.1",
      "purl": "pkg:deb/libplasma-geolocation-interface5?arch=amd64\u0026distro=noble",
      "source": {
        "source_name": "plasma-workspace",
        "source_version": "4:5.27.12-0ubuntu0.1"
      }
    },
    {
      "name": "libplist-2.0-4:amd64",
      "version": "2.3.0-1~exp2build2",
      "purl": "pkg:deb/libplist-2.0-4:amd64?arch=amd64\u0026distro=noble",
      "source": {
        "source_name": "libplist",
        "source_version": "2.3.0-1~exp2build2"
      }
    },
    {
      "name": "libplymouth5:amd64",
      "version": "24.004.60-1ubuntu7.2",
      "purl": "pkg:deb/libplymouth5:amd64?arch=amd64\u0026distro=noble",
      "source": {
        "source_name": "plymouth",
        "source_version": "24.004.60-1ubuntu7.2"
      }
    },
    {
      "name": "libpmem1:amd64",
      "version": "1.13.1-1.1ubuntu2",
      "purl": "pkg:deb/libpmem1:amd64?arch=amd64\u0026distro=noble",
      "source": {
        "source_name": "pmdk",
        "source_version": "1.13.1-1.1ubuntu2"
      }
    },
    {
      "name": "libpmemobj1:amd64",
      "version": "1.13.1-1.1ubuntu2",
      "purl": "pkg:deb/libpmemobj1:amd64?arch=amd64\u0026distro=noble",
      "source": {
        "source_name": "pmdk",
        "source_version": "1.13.1-1.1ubuntu2"
      }
    },
    {
      "name": "libpmix2t64:amd64",
      "version": "5.0.1-4.1build1",
      "purl": "pkg:deb/libpmix2t64:amd64?arch=amd64\u0026distro=noble",
      "source": {
        "source_name": "pmix",
        "source_version": "5.0.1-4.1build1"
      }
    },
    {
      "name": "libpng16-16t64:amd64",
      "version": "1.6.43-5ubuntu0.6",
      "purl": "pkg:deb/libpng16-16t64:amd64?arch=amd64\u0026distro=noble",
      "source": {
        "source_name": "libpng1.6",
        "source_version": "1.6.43-5ubuntu0.6"
      }
    },
    {
      "name": "libpng16-16t64:i386",
      "version": "1.6.43-5ubuntu0.6",
      "purl": "pkg:deb/libpng16-16t64:i386?arch=i386\u0026distro=noble",
      "source": {
        "source_name": "libpng1.6",
        "source_version": "1.6.43-5ubuntu0.6"
      }
    },
    {
      "name": "libpocketsphinx3:amd64",
      "version": "0.8.0+real5prealpha+1-15ubuntu5",
      "purl": "pkg:deb/libpocketsphinx3:amd64?arch=amd64\u0026distro=noble",
      "source": {
        "source_name": "pocketsphinx",
        "source_version": "0.8.0+real5prealpha+1-15ubuntu5"
      }
    },
    {
      "name": "libpolkit-agent-1-0:amd64",
      "version": "124-2ubuntu1.24.04.4",
      "purl": "pkg:deb/libpolkit-agent-1-0:amd64?arch=amd64\u0026distro=noble",
      "source": {
        "source_name": "policykit-1",
        "source_version": "124-2ubuntu1.24.04.4"
      }
    },
    {
      "name": "libpolkit-gobject-1-0:amd64",
      "version": "124-2ubuntu1.24.04.4",
      "purl": "pkg:deb/libpolkit-gobject-1-0:amd64?arch=amd64\u0026distro=noble",
      "source": {
        "source_name": "policykit-1",
        "source_version": "124-2ubuntu1.24.04.4"
      }
    },
    {
      "name": "libpolkit-qt5-1-1:amd64",
      "version": "0.200.0-1build4",
      "purl": "pkg:deb/libpolkit-qt5-1-1:amd64?arch=amd64\u0026distro=noble",
      "source": {
        "source_name": "polkit-qt-1",
        "source_version": "0.200.0-1build4"
      }
    },
    {
      "name": "libpoppler-cpp0t64:amd64",
      "version": "24.02.0-1ubuntu9.9",
      "purl": "pkg:deb/libpoppler-cpp0t64:amd64?arch=amd64\u0026distro=noble",
      "source": {
        "source_name": "poppler",
        "source_version": "24.02.0-1ubuntu9.9"
      }
    },
    {
      "name": "libpoppler-glib8t64:amd64",
      "version": "24.02.0-1ubuntu9.9",
      "purl": "pkg:deb/libpoppler-glib8t64:amd64?arch=amd64\u0026distro=noble",
      "source": {
        "source_name": "poppler",
        "source_version": "24.02.0-1ubuntu9.9"
      }
    },
    {
      "name": "libpoppler-qt5-1t64:amd64",
      "version": "24.02.0-1ubuntu9.9",
      "purl": "pkg:deb/libpoppler-qt5-1t64:amd64?arch=amd64\u0026distro=noble",
      "source": {
        "source_name": "poppler",
        "source_version": "24.02.0-1ubuntu9.9"
      }
    },
    {
      "name": "libpoppler134:amd64",
      "version": "24.02.0-1ubuntu9.9",
      "purl": "pkg:deb/libpoppler134:amd64?arch=amd64\u0026distro=noble",
      "source": {
        "source_name": "poppler",
        "source_version": "24.02.0-1ubuntu9.9"
      }
    },
    {
      "name": "libpopt0:amd64",
      "version": "1.19+dfsg-1build1",
      "purl": "pkg:deb/libpopt0:amd64?arch=amd64\u0026distro=noble",
      "source": {
        "source_name": "popt",
        "source_version": "1.19+dfsg-1build1"
      }
    },
    {
      "name": "libportaudio2:amd64",
      "version": "19.6.0-1.2build3",
      "purl": "pkg:deb/libportaudio2:amd64?arch=amd64\u0026distro=noble",
      "source": {
        "source_name": "portaudio19",
        "source_version": "19.6.0-1.2build3"
      }
    },
    {
      "name": "libportmidi0:amd64",
      "version": "1:217-6.1build3",
      "purl": "pkg:deb/libportmidi0:amd64?arch=amd64\u0026distro=noble",
      "source": {
        "source_name": "portmidi",
        "source_version": "1:217-6.1build3"
      }
    },
    {
      "name": "libportsmf0t64:amd64",
      "version": "0.1~svn20101010-7build1",
      "purl": "pkg:deb/libportsmf0t64:amd64?arch=amd64\u0026distro=noble",
      "source": {
        "source_name": "portsmf",
        "source_version": "0.1~svn20101010-7build1"
      }
    },
    {
      "name": "libpostproc57:amd64",
      "version": "7:6.1.1-3ubuntu5",
      "purl": "pkg:deb/libpostproc57:amd64?arch=amd64\u0026distro=noble",
      "source": {
        "source_name": "ffmpeg",
        "source_version": "7:6.1.1-3ubuntu5"
      }
    },
    {
      "name": "libpotrace0:amd64",
      "version": "1.16-2build1",
      "purl": "pkg:deb/libpotrace0:amd64?arch=amd64\u0026distro=noble",
      "source": {
        "source_name": "potrace",
        "source_version": "1.16-2build1"
      }
    },
    {
      "name": "libpowerdevilcore2:amd64",
      "version": "4:5.27.11-0ubuntu2",
      "purl": "pkg:deb/libpowerdevilcore2:amd64?arch=amd64\u0026distro=noble",
      "source": {
        "source_name": "powerdevil",
        "source_version": "4:5.27.11-0ubuntu2"
      }
    },
    {
      "name": "libpowerdevilui5:amd64",
      "version": "4:5.27.11-0ubuntu2",
      "purl": "pkg:deb/libpowerdevilui5:amd64?arch=amd64\u0026distro=noble",
      "source": {
        "source_name": "powerdevil",
        "source_version": "4:5.27.11-0ubuntu2"
      }
    },
    {
      "name": "libppd2:amd64",
      "version": "2:2.0.0-0ubuntu4.1",
      "purl": "pkg:deb/libppd2:amd64?arch=amd64\u0026distro=noble",
      "source": {
        "source_name": "libppd",
        "source_version": "2:2.0.0-0ubuntu4.1"
      }
    },
    {
      "name": "libppd2-common",
      "version": "2:2.0.0-0ubuntu4.1",
      "purl": "pkg:deb/libppd2-common?arch=all\u0026distro=noble",
      "source": {
        "source_name": "libppd",
        "source_version": "2:2.0.0-0ubuntu4.1"
      }
    },
    {
      "name": "libpq5:amd64",
      "version": "16.15-0ubuntu0.24.04.1",
      "purl": "pkg:deb/libpq5:amd64?arch=amd64\u0026distro=noble",
      "source": {
        "source_name": "postgresql-16",
        "source_version": "16.15-0ubuntu0.24.04.1"
      }
    },
    {
      "name": "libproc2-0:amd64",
      "version": "2:4.0.4-4ubuntu3.3",
      "purl": "pkg:deb/libproc2-0:amd64?arch=amd64\u0026distro=noble",
      "source": {
        "source_name": "procps",
        "source_version": "2:4.0.4-4ubuntu3.3"
      }
    },
    {
      "name": "libprocesscore9",
      "version": "4:5.27.11-0ubuntu3",
      "purl": "pkg:deb/libprocesscore9?arch=amd64\u0026distro=noble",
      "source": {
        "source_name": "libksysguard",
        "source_version": "4:5.27.11-0ubuntu3"
      }
    },
    {
      "name": "libprocessui9",
      "version": "4:5.27.11-0ubuntu3",
      "purl": "pkg:deb/libprocessui9?arch=amd64\u0026distro=noble",
      "source": {
        "source_name": "libksysguard",
        "source_version": "4:5.27.11-0ubuntu3"
      }
    },
    {
      "name": "libproj25:amd64",
      "version": "9.4.0-1build2",
      "purl": "pkg:deb/libproj25:amd64?arch=amd64\u0026distro=noble",
      "source": {
        "source_name": "proj",
        "source_version": "9.4.0-1build2"
      }
    },
    {
      "name": "libprotobuf-c1:amd64",
      "version": "1.4.1-1ubuntu4",
      "purl": "pkg:deb/libprotobuf-c1:amd64?arch=amd64\u0026distro=noble",
      "source": {
        "source_name": "protobuf-c",
        "source_version": "1.4.1-1ubuntu4"
      }
    },
    {
      "name": "libprotobuf-lite32t64:amd64",
      "version": "3.21.12-8.2ubuntu0.3",
      "purl": "pkg:deb/libprotobuf-lite32t64:amd64?arch=amd64\u0026distro=noble",
      "source": {
        "source_name": "protobuf",
        "source_version": "3.21.12-8.2ubuntu0.3"
      }
    },
    {
      "name": "libprotobuf32t64:amd64",
      "version": "3.21.12-8.2ubuntu0.3",
      "purl": "pkg:deb/libprotobuf32t64:amd64?arch=amd64\u0026distro=noble",
      "source": {
        "source_name": "protobuf",
        "source_version": "3.21.12-8.2ubuntu0.3"
      }
    },
    {
      "name": "libproxy-tools",
      "version": "0.5.4-4build1",
      "purl": "pkg:deb/libproxy-tools?arch=amd64\u0026distro=noble",
      "source": {
        "source_name": "libproxy",
        "source_version": "0.5.4-4build1"
      }
    },
    {
      "name": "libproxy1v5:amd64",
      "version": "0.5.4-4build1",
      "purl": "pkg:deb/libproxy1v5:amd64?arch=amd64\u0026distro=noble",
      "source": {
        "source_name": "libproxy",
        "source_version": "0.5.4-4build1"
      }
    },
    {
      "name": "libproxy1v5:i386",
      "version": "0.5.4-4build1",
      "purl": "pkg:deb/libproxy1v5:i386?arch=i386\u0026distro=noble",
      "source": {
        "source_name": "libproxy",
        "source_version": "0.5.4-4build1"
      }
    },
    {
      "name": "libpskc0t64:amd64",
      "version": "2.6.11-2.1ubuntu0.1",
      "purl": "pkg:deb/libpskc0t64:amd64?arch=amd64\u0026distro=noble",
      "source": {
        "source_name": "oath-toolkit",
        "source_version": "2.6.11-2.1ubuntu0.1"
      }
    },
    {
      "name": "libpsl5t64:amd64",
      "version": "0.21.2-1.1build1",
      "purl": "pkg:deb/libpsl5t64:amd64?arch=amd64\u0026distro=noble",
      "source": {
        "source_name": "libpsl",
        "source_version": "0.21.2-1.1build1"
      }
    },
    {
      "name": "libpsl5t64:i386",
      "version": "0.21.2-1.1build1",
      "purl": "pkg:deb/libpsl5t64:i386?arch=i386\u0026distro=noble",
      "source": {
        "source_name": "libpsl",
        "source_version": "0.21.2-1.1build1"
      }
    },
    {
      "name": "libpsm-infinipath1",
      "version": "3.3+20.604758e7-6.3build1",
      "purl": "pkg:deb/libpsm-infinipath1?arch=amd64\u0026distro=noble",
      "source": {
        "source_name": "infinipath-psm",
        "source_version": "3.3+20.604758e7-6.3build1"
      }
    },
    {
      "name": "libpsm2-2",
      "version": "11.2.185-2build1",
      "purl": "pkg:deb/libpsm2-2?arch=amd64\u0026distro=noble",
      "source": {
        "source_name": "libpsm2",
        "source_version": "11.2.185-2build1"
      }
    },
    {
      "name": "libpthread-stubs0-dev:amd64",
      "version": "0.4-1build3",
      "purl": "pkg:deb/libpthread-stubs0-dev:amd64?arch=amd64\u0026distro=noble",
      "source": {
        "source_name": "libpthread-stubs",
        "source_version": "0.4-1build3"
      }
    },
    {
      "name": "libpugixml1v5:amd64",
      "version": "1.14-0.1build1",
      "purl": "pkg:deb/libpugixml1v5:amd64?arch=amd64\u0026distro=noble",
      "source": {
        "source_name": "pugixml",
        "source_version": "1.14-0.1build1"
      }
    },
    {
      "name": "libpulse-mainloop-glib0:amd64",
      "version": "1:16.1+dfsg1-2ubuntu10.1",
      "purl": "pkg:deb/libpulse-mainloop-glib0:amd64?arch=amd64\u0026distro=noble",
      "source": {
        "source_name": "pulseaudio",
        "source_version": "1:16.1+dfsg1-2ubuntu10.1"
      }
    },
    {
      "name": "libpulse0:amd64",
      "version": "1:16.1+dfsg1-2ubuntu10.1",
      "purl": "pkg:deb/libpulse0:amd64?arch=amd64\u0026distro=noble",
      "source": {
        "source_name": "pulseaudio",
        "source_version": "1:16.1+dfsg1-2ubuntu10.1"
      }
    },
    {
      "name": "libpulse0:i386",
      "version": "1:16.1+dfsg1-2ubuntu10.1",
      "purl": "pkg:deb/libpulse0:i386?arch=i386\u0026distro=noble",
      "source": {
        "source_name": "pulseaudio",
        "source_version": "1:16.1+dfsg1-2ubuntu10.1"
      }
    },
    {
      "name": "libpwquality-common",
      "version": "1.4.5-3build1",
      "purl": "pkg:deb/libpwquality-common?arch=all\u0026distro=noble",
      "source": {
        "source_name": "libpwquality",
        "source_version": "1.4.5-3build1"
      }
    },
    {
      "name": "libpwquality1:amd64",
      "version": "1.4.5-3build1",
      "purl": "pkg:deb/libpwquality1:amd64?arch=amd64\u0026distro=noble",
      "source": {
        "source_name": "libpwquality",
        "source_version": "1.4.5-3build1"
      }
    },
    {
      "name": "libpystring0:amd64",
      "version": "1.1.4-1build1",
      "purl": "pkg:deb/libpystring0:amd64?arch=amd64\u0026distro=noble",
      "source": {
        "source_name": "pystring",
        "source_version": "1.1.4-1build1"
      }
    },
    {
      "name": "libpython3-dev:amd64",
      "version": "3.12.3-0ubuntu2.1",
      "purl": "pkg:deb/libpython3-dev:amd64?arch=amd64\u0026distro=noble",
      "source": {
        "source_name": "python3-defaults",
        "source_version": "3.12.3-0ubuntu2.1"
      }
    },
    {
      "name": "libpython3-stdlib:amd64",
      "version": "3.12.3-0ubuntu2.1",
      "purl": "pkg:deb/libpython3-stdlib:amd64?arch=amd64\u0026distro=noble",
      "source": {
        "source_name": "python3-defaults",
        "source_version": "3.12.3-0ubuntu2.1"
      }
    },
    {
      "name": "libpython3.12-dev:amd64",
      "version": "3.12.3-1ubuntu0.17",
      "purl": "pkg:deb/libpython3.12-dev:amd64?arch=amd64\u0026distro=noble",
      "source": {
        "source_name": "python3.12",
        "source_version": "3.12.3-1ubuntu0.17"
      }
    },
    {
      "name": "libpython3.12-minimal:amd64",
      "version": "3.12.3-1ubuntu0.17",
      "purl": "pkg:deb/libpython3.12-minimal:amd64?arch=amd64\u0026distro=noble",
      "source": {
        "source_name": "python3.12",
        "source_version": "3.12.3-1ubuntu0.17"
      }
    },
    {
      "name": "libpython3.12-stdlib:amd64",
      "version": "3.12.3-1ubuntu0.17",
      "purl": "pkg:deb/libpython3.12-stdlib:amd64?arch=amd64\u0026distro=noble",
      "source": {
        "source_name": "python3.12",
        "source_version": "3.12.3-1ubuntu0.17"
      }
    },
    {
      "name": "libpython3.12t64:amd64",
      "version": "3.12.3-1ubuntu0.17",
      "purl": "pkg:deb/libpython3.12t64:amd64?arch=amd64\u0026distro=noble",
      "source": {
        "source_name": "python3.12",
        "source_version": "3.12.3-1ubuntu0.17"
      }
    },
    {
      "name": "libqaccessibilityclient-qt5-0:amd64",
      "version": "0.6.0-1build2",
      "purl": "pkg:deb/libqaccessibilityclient-qt5-0:amd64?arch=amd64\u0026distro=noble",
      "source": {
        "source_name": "libqaccessibilityclient",
        "source_version": "0.6.0-1build2"
      }
    },
    {
      "name": "libqalculate-data",
      "version": "4.9.0-1.1build2",
      "purl": "pkg:deb/libqalculate-data?arch=all\u0026distro=noble",
      "source": {
        "source_name": "libqalculate",
        "source_version": "4.9.0-1.1build2"
      }
    },
    {
      "name": "libqalculate22t64:amd64",
      "version": "4.9.0-1.1build2",
      "purl": "pkg:deb/libqalculate22t64:amd64?arch=amd64\u0026distro=noble",
      "source": {
        "source_name": "libqalculate",
        "source_version": "4.9.0-1.1build2"
      }
    },
    {
      "name": "libqapt3:amd64",
      "version": "3.0.5-2build3",
      "purl": "pkg:deb/libqapt3:amd64?arch=amd64\u0026distro=noble",
      "source": {
        "source_name": "libqapt",
        "source_version": "3.0.5-2build3"
      }
    },
    {
      "name": "libqapt3-runtime",
      "version": "3.0.5-2build3",
      "purl": "pkg:deb/libqapt3-runtime?arch=amd64\u0026distro=noble",
      "source": {
        "source_name": "libqapt",
        "source_version": "3.0.5-2build3"
      }
    },
    {
      "name": "libqca-qt5-2:amd64",
      "version": "2.3.8-1build3",
      "purl": "pkg:deb/libqca-qt5-2:amd64?arch=amd64\u0026distro=noble",
      "source": {
        "source_name": "qca2",
        "source_version": "2.3.8-1build3"
      }
    },
    {
      "name": "libqca-qt5-2-plugins:amd64",
      "version": "2.3.8-1build3",
      "purl": "pkg:deb/libqca-qt5-2-plugins:amd64?arch=amd64\u0026distro=noble",
      "source": {
        "source_name": "qca2",
        "source_version": "2.3.8-1build3"
      }
    },
    {
      "name": "libqhull-r8.0:amd64",
      "version": "2020.2-6build1",
      "purl": "pkg:deb/libqhull-r8.0:amd64?arch=amd64\u0026distro=noble",
      "source": {
        "source_name": "qhull",
        "source_version": "2020.2-6build1"
      }
    },
    {
      "name": "libqmi-glib5:amd64",
      "version": "1.35.2-0ubuntu2",
      "purl": "pkg:deb/libqmi-glib5:amd64?arch=amd64\u0026distro=noble",
      "source": {
        "source_name": "libqmi",
        "source_version": "1.35.2-0ubuntu2"
      }
    },
    {
      "name": "libqmi-proxy",
      "version": "1.35.2-0ubuntu2",
      "purl": "pkg:deb/libqmi-proxy?arch=amd64\u0026distro=noble",
      "source": {
        "source_name": "libqmi",
        "source_version": "1.35.2-0ubuntu2"
      }
    },
    {
      "name": "libqmi-utils",
      "version": "1.35.2-0ubuntu2",
      "purl": "pkg:deb/libqmi-utils?arch=amd64\u0026distro=noble",
      "source": {
        "source_name": "libqmi",
        "source_version": "1.35.2-0ubuntu2"
      }
    },
    {
      "name": "libqmobipocket2:amd64",
      "version": "4:23.08.5-0ubuntu3",
      "purl": "pkg:deb/libqmobipocket2:amd64?arch=amd64\u0026distro=noble",
      "source": {
        "source_name": "kdegraphics-mobipocket",
        "source_version": "4:23.08.5-0ubuntu3"
      }
    },
    {
      "name": "libqpdf29t64:amd64",
      "version": "11.9.0-1.1ubuntu0.1",
      "purl": "pkg:deb/libqpdf29t64:amd64?arch=amd64\u0026distro=noble",
      "source": {
        "source_name": "qpdf",
        "source_version": "11.9.0-1.1ubuntu0.1"
      }
    },
    {
      "name": "libqrcodegencpp1:amd64",
      "version": "1.8.0-1.2build1",
      "purl": "pkg:deb/libqrcodegencpp1:amd64?arch=amd64\u0026distro=noble",
      "source": {
        "source_name": "qr-code-generator",
        "source_version": "1.8.0-1.2build1"
      }
    },
    {
      "name": "libqrencode4:amd64",
      "version": "4.1.1-1build2",
      "purl": "pkg:deb/libqrencode4:amd64?arch=amd64\u0026distro=noble",
      "source": {
        "source_name": "qrencode",
        "source_version": "4.1.1-1build2"
      }
    },
    {
      "name": "libqrtr-glib0:amd64",
      "version": "1.2.2-1ubuntu4",
      "purl": "pkg:deb/libqrtr-glib0:amd64?arch=amd64\u0026distro=noble",
      "source": {
        "source_name": "libqrtr-glib",
        "source_version": "1.2.2-1ubuntu4"
      }
    },
    {
      "name": "libqscintilla2-qt5-15:amd64",
      "version": "2.14.1+dfsg-1build3",
      "purl": "pkg:deb/libqscintilla2-qt5-15:amd64?arch=amd64\u0026distro=noble",
      "source": {
        "source_name": "qscintilla2",
        "source_version": "2.14.1+dfsg-1build3"
      }
    },
    {
      "name": "libqscintilla2-qt5-l10n",
      "version": "2.14.1+dfsg-1build3",
      "purl": "pkg:deb/libqscintilla2-qt5-l10n?arch=all\u0026distro=noble",
      "source": {
        "source_name": "qscintilla2",
        "source_version": "2.14.1+dfsg-1build3"
      }
    },
    {
      "name": "libqt5charts5:amd64",
      "version": "5.15.13-1",
      "purl": "pkg:deb/libqt5charts5:amd64?arch=amd64\u0026distro=noble",
      "source": {
        "source_name": "qtcharts-opensource-src",
        "source_version": "5.15.13-1"
      }
    },
    {
      "name": "libqt5concurrent5t64:amd64",
      "version": "5.15.13+dfsg-1ubuntu1",
      "purl": "pkg:deb/libqt5concurrent5t64:amd64?arch=amd64\u0026distro=noble",
      "source": {
        "source_name": "qtbase-opensource-src",
        "source_version": "5.15.13+dfsg-1ubuntu1"
      }
    },
    {
      "name": "libqt5core5t64:amd64",
      "version": "5.15.13+dfsg-1ubuntu1",
      "purl": "pkg:deb/libqt5core5t64:amd64?arch=amd64\u0026distro=noble",
      "source": {
        "source_name": "qtbase-opensource-src",
        "source_version": "5.15.13+dfsg-1ubuntu1"
      }
    },
    {
      "name": "libqt5dbus5t64:amd64",
      "version": "5.15.13+dfsg-1ubuntu1",
      "purl": "pkg:deb/libqt5dbus5t64:amd64?arch=amd64\u0026distro=noble",
      "source": {
        "source_name": "qtbase-opensource-src",
        "source_version": "5.15.13+dfsg-1ubuntu1"
      }
    },
    {
      "name": "libqt5designer5:amd64",
      "version": "5.15.13-1",
      "purl": "pkg:deb/libqt5designer5:amd64?arch=amd64\u0026distro=noble",
      "source": {
        "source_name": "qttools-opensource-src",
        "source_version": "5.15.13-1"
      }
    },
    {
      "name": "libqt5gui5t64:amd64",
      "version": "5.15.13+dfsg-1ubuntu1",
      "purl": "pkg:deb/libqt5gui5t64:amd64?arch=amd64\u0026distro=noble",
      "source": {
        "source_name": "qtbase-opensource-src",
        "source_version": "5.15.13+dfsg-1ubuntu1"
      }
    },
    {
      "name": "libqt5help5:amd64",
      "version": "5.15.13-1",
      "purl": "pkg:deb/libqt5help5:amd64?arch=amd64\u0026distro=noble",
      "source": {
        "source_name": "qttools-opensource-src",
        "source_version": "5.15.13-1"
      }
    },
    {
      "name": "libqt5hunspellinputmethod5:amd64",
      "version": "5.15.13+dfsg-1",
      "purl": "pkg:deb/libqt5hunspellinputmethod5:amd64?arch=amd64\u0026distro=noble",
      "source": {
        "source_name": "qtvirtualkeyboard-opensource-src",
        "source_version": "5.15.13+dfsg-1"
      }
    },
    {
      "name": "libqt5keychain1:amd64",
      "version": "0.14.2-1build5",
      "purl": "pkg:deb/libqt5keychain1:amd64?arch=amd64\u0026distro=noble",
      "source": {
        "source_name": "qtkeychain",
        "source_version": "0.14.2-1build5"
      }
    },
    {
      "name": "libqt5location5:amd64",
      "version": "5.15.13+dfsg-1",
      "purl": "pkg:deb/libqt5location5:amd64?arch=amd64\u0026distro=noble",
      "source": {
        "source_name": "qtlocation-opensource-src",
        "source_version": "5.15.13+dfsg-1"
      }
    },
    {
      "name": "libqt5location5-plugins:amd64",
      "version": "5.15.13+dfsg-1",
      "purl": "pkg:deb/libqt5location5-plugins:amd64?arch=amd64\u0026distro=noble",
      "source": {
        "source_name": "qtlocation-opensource-src",
        "source_version": "5.15.13+dfsg-1"
      }
    },
    {
      "name": "libqt5multimedia5:amd64",
      "version": "5.15.13-1",
      "purl": "pkg:deb/libqt5multimedia5:amd64?arch=amd64\u0026distro=noble",
      "source": {
        "source_name": "qtmultimedia-opensource-src",
        "source_version": "5.15.13-1"
      }
    },
    {
      "name": "libqt5multimedia5-plugins:amd64",
      "version": "5.15.13-1",
      "purl": "pkg:deb/libqt5multimedia5-plugins:amd64?arch=amd64\u0026distro=noble",
      "source": {
        "source_name": "qtmultimedia-opensource-src",
        "source_version": "5.15.13-1"
      }
    },
    {
      "name": "libqt5multimediagsttools5:amd64",
      "version": "5.15.13-1",
      "purl": "pkg:deb/libqt5multimediagsttools5:amd64?arch=amd64\u0026distro=noble",
      "source": {
        "source_name": "qtmultimedia-opensource-src",
        "source_version": "5.15.13-1"
      }
    },
    {
      "name": "libqt5multimediaquick5:amd64",
      "version": "5.15.13-1",
      "purl": "pkg:deb/libqt5multimediaquick5:amd64?arch=amd64\u0026distro=noble",
      "source": {
        "source_name": "qtmultimedia-opensource-src",
        "source_version": "5.15.13-1"
      }
    },
    {
      "name": "libqt5multimediawidgets5:amd64",
      "version": "5.15.13-1",
      "purl": "pkg:deb/libqt5multimediawidgets5:amd64?arch=amd64\u0026distro=noble",
      "source": {
        "source_name": "qtmultimedia-opensource-src",
        "source_version": "5.15.13-1"
      }
    },
    {
      "name": "libqt5network5t64:amd64",
      "version": "5.15.13+dfsg-1ubuntu1",
      "purl": "pkg:deb/libqt5network5t64:amd64?arch=amd64\u0026distro=noble",
      "source": {
        "source_name": "qtbase-opensource-src",
        "source_version": "5.15.13+dfsg-1ubuntu1"
      }
    },
    {
      "name": "libqt5opengl5t64:amd64",
      "version": "5.15.13+dfsg-1ubuntu1",
      "purl": "pkg:deb/libqt5opengl5t64:amd64?arch=amd64\u0026distro=noble",
      "source": {
        "source_name": "qtbase-opensource-src",
        "source_version": "5.15.13+dfsg-1ubuntu1"
      }
    },
    {
      "name": "libqt5positioning5:amd64",
      "version": "5.15.13+dfsg-1",
      "purl": "pkg:deb/libqt5positioning5:amd64?arch=amd64\u0026distro=noble",
      "source": {
        "source_name": "qtlocation-opensource-src",
        "source_version": "5.15.13+dfsg-1"
      }
    },
    {
      "name": "libqt5positioning5-plugins:amd64",
      "version": "5.15.13+dfsg-1",
      "purl": "pkg:deb/libqt5positioning5-plugins:amd64?arch=amd64\u0026distro=noble",
      "source": {
        "source_name": "qtlocation-opensource-src",
        "source_version": "5.15.13+dfsg-1"
      }
    },
    {
      "name": "libqt5positioningquick5:amd64",
      "version": "5.15.13+dfsg-1",
      "purl": "pkg:deb/libqt5positioningquick5:amd64?arch=amd64\u0026distro=noble",
      "source": {
        "source_name": "qtlocation-opensource-src",
        "source_version": "5.15.13+dfsg-1"
      }
    },
    {
      "name": "libqt5printsupport5t64:amd64",
      "version": "5.15.13+dfsg-1ubuntu1",
      "purl": "pkg:deb/libqt5printsupport5t64:amd64?arch=amd64\u0026distro=noble",
      "source": {
        "source_name": "qtbase-opensource-src",
        "source_version": "5.15.13+dfsg-1ubuntu1"
      }
    },
    {
      "name": "libqt5qml5:amd64",
      "version": "5.15.13+dfsg-1ubuntu0.1",
      "purl": "pkg:deb/libqt5qml5:amd64?arch=amd64\u0026distro=noble",
      "source": {
        "source_name": "qtdeclarative-opensource-src",
        "source_version": "5.15.13+dfsg-1ubuntu0.1"
      }
    },
    {
      "name": "libqt5qmlmodels5:amd64",
      "version": "5.15.13+dfsg-1ubuntu0.1",
      "purl": "pkg:deb/libqt5qmlmodels5:amd64?arch=amd64\u0026distro=noble",
      "source": {
        "source_name": "qtdeclarative-opensource-src",
        "source_version": "5.15.13+dfsg-1ubuntu0.1"
      }
    },
    {
      "name": "libqt5qmlworkerscript5:amd64",
      "version": "5.15.13+dfsg-1ubuntu0.1",
      "purl": "pkg:deb/libqt5qmlworkerscript5:amd64?arch=amd64\u0026distro=noble",
      "source": {
        "source_name": "qtdeclarative-opensource-src",
        "source_version": "5.15.13+dfsg-1ubuntu0.1"
      }
    },
    {
      "name": "libqt5quick5:amd64",
      "version": "5.15.13+dfsg-1ubuntu0.1",
      "purl": "pkg:deb/libqt5quick5:amd64?arch=amd64\u0026distro=noble",
      "source": {
        "source_name": "qtdeclarative-opensource-src",
        "source_version": "5.15.13+dfsg-1ubuntu0.1"
      }
    },
    {
      "name": "libqt5quickcontrols2-5:amd64",
      "version": "5.15.13+dfsg-1",
      "purl": "pkg:deb/libqt5quickcontrols2-5:amd64?arch=amd64\u0026distro=noble",
      "source": {
        "source_name": "qtquickcontrols2-opensource-src",
        "source_version": "5.15.13+dfsg-1"
      }
    },
    {
      "name": "libqt5quickparticles5:amd64",
      "version": "5.15.13+dfsg-1ubuntu0.1",
      "purl": "pkg:deb/libqt5quickparticles5:amd64?arch=amd64\u0026distro=noble",
      "source": {
        "source_name": "qtdeclarative-opensource-src",
        "source_version": "5.15.13+dfsg-1ubuntu0.1"
      }
    },
    {
      "name": "libqt5quickshapes5:amd64",
      "version": "5.15.13+dfsg-1ubuntu0.1",
      "purl": "pkg:deb/libqt5quickshapes5:amd64?arch=amd64\u0026distro=noble",
      "source": {
        "source_name": "qtdeclarative-opensource-src",
        "source_version": "5.15.13+dfsg-1ubuntu0.1"
      }
    },
    {
      "name": "libqt5quicktemplates2-5:amd64",
      "version": "5.15.13+dfsg-1",
      "purl": "pkg:deb/libqt5quicktemplates2-5:amd64?arch=amd64\u0026distro=noble",
      "source": {
        "source_name": "qtquickcontrols2-opensource-src",
        "source_version": "5.15.13+dfsg-1"
      }
    },
    {
      "name": "libqt5quickwidgets5:amd64",
      "version": "5.15.13+dfsg-1ubuntu0.1",
      "purl": "pkg:deb/libqt5quickwidgets5:amd64?arch=amd64\u0026distro=noble",
      "source": {
        "source_name": "qtdeclarative-opensource-src",
        "source_version": "5.15.13+dfsg-1ubuntu0.1"
      }
    },
    {
      "name": "libqt5sensors5:amd64",
      "version": "5.15.13-1",
      "purl": "pkg:deb/libqt5sensors5:amd64?arch=amd64\u0026distro=noble",
      "source": {
        "source_name": "qtsensors-opensource-src",
        "source_version": "5.15.13-1"
      }
    },
    {
      "name": "libqt5serialport5:amd64",
      "version": "5.15.13-1",
      "purl": "pkg:deb/libqt5serialport5:amd64?arch=amd64\u0026distro=noble",
      "source": {
        "source_name": "qtserialport-opensource-src",
        "source_version": "5.15.13-1"
      }
    },
    {
      "name": "libqt5sql5-sqlite:amd64",
      "version": "5.15.13+dfsg-1ubuntu1",
      "purl": "pkg:deb/libqt5sql5-sqlite:amd64?arch=amd64\u0026distro=noble",
      "source": {
        "source_name": "qtbase-opensource-src",
        "source_version": "5.15.13+dfsg-1ubuntu1"
      }
    },
    {
      "name": "libqt5sql5t64:amd64",
      "version": "5.15.13+dfsg-1ubuntu1",
      "purl": "pkg:deb/libqt5sql5t64:amd64?arch=amd64\u0026distro=noble",
      "source": {
        "source_name": "qtbase-opensource-src",
        "source_version": "5.15.13+dfsg-1ubuntu1"
      }
    },
    {
      "name": "libqt5svg5:amd64",
      "version": "5.15.13-1",
      "purl": "pkg:deb/libqt5svg5:amd64?arch=amd64\u0026distro=noble",
      "source": {
        "source_name": "qtsvg-opensource-src",
        "source_version": "5.15.13-1"
      }
    },
    {
      "name": "libqt5test5t64:amd64",
      "version": "5.15.13+dfsg-1ubuntu1",
      "purl": "pkg:deb/libqt5test5t64:amd64?arch=amd64\u0026distro=noble",
      "source": {
        "source_name": "qtbase-opensource-src",
        "source_version": "5.15.13+dfsg-1ubuntu1"
      }
    },
    {
      "name": "libqt5texttospeech5:amd64",
      "version": "5.15.13-1",
      "purl": "pkg:deb/libqt5texttospeech5:amd64?arch=amd64\u0026distro=noble",
      "source": {
        "source_name": "qtspeech-opensource-src",
        "source_version": "5.15.13-1"
      }
    },
    {
      "name": "libqt5virtualkeyboard5:amd64",
      "version": "5.15.13+dfsg-1",
      "purl": "pkg:deb/libqt5virtualkeyboard5:amd64?arch=amd64\u0026distro=noble",
      "source": {
        "source_name": "qtvirtualkeyboard-opensource-src",
        "source_version": "5.15.13+dfsg-1"
      }
    },
    {
      "name": "libqt5waylandclient5:amd64",
      "version": "5.15.13-1",
      "purl": "pkg:deb/libqt5waylandclient5:amd64?arch=amd64\u0026distro=noble",
      "source": {
        "source_name": "qtwayland-opensource-src",
        "source_version": "5.15.13-1"
      }
    },
    {
      "name": "libqt5waylandcompositor5:amd64",
      "version": "5.15.13-1",
      "purl": "pkg:deb/libqt5waylandcompositor5:amd64?arch=amd64\u0026distro=noble",
      "source": {
        "source_name": "qtwayland-opensource-src",
        "source_version": "5.15.13-1"
      }
    },
    {
      "name": "libqt5webchannel5:amd64",
      "version": "5.15.13-1",
      "purl": "pkg:deb/libqt5webchannel5:amd64?arch=amd64\u0026distro=noble",
      "source": {
        "source_name": "qtwebchannel-opensource-src",
        "source_version": "5.15.13-1"
      }
    },
    {
      "name": "libqt5webengine-data",
      "version": "5.15.16+dfsg-3",
      "purl": "pkg:deb/libqt5webengine-data?arch=all\u0026distro=noble",
      "source": {
        "source_name": "qtwebengine-opensource-src",
        "source_version": "5.15.16+dfsg-3"
      }
    },
    {
      "name": "libqt5webengine5:amd64",
      "version": "5.15.16+dfsg-3",
      "purl": "pkg:deb/libqt5webengine5:amd64?arch=amd64\u0026distro=noble",
      "source": {
        "source_name": "qtwebengine-opensource-src",
        "source_version": "5.15.16+dfsg-3"
      }
    },
    {
      "name": "libqt5webenginecore5:amd64",
      "version": "5.15.16+dfsg-3",
      "purl": "pkg:deb/libqt5webenginecore5:amd64?arch=amd64\u0026distro=noble",
      "source": {
        "source_name": "qtwebengine-opensource-src",
        "source_version": "5.15.16+dfsg-3"
      }
    },
    {
      "name": "libqt5webenginewidgets5:amd64",
      "version": "5.15.16+dfsg-3",
      "purl": "pkg:deb/libqt5webenginewidgets5:amd64?arch=amd64\u0026distro=noble",
      "source": {
        "source_name": "qtwebengine-opensource-src",
        "source_version": "5.15.16+dfsg-3"
      }
    },
    {
      "name": "libqt5webkit5:amd64",
      "version": "5.212.0~alpha4-36",
      "purl": "pkg:deb/libqt5webkit5:amd64?arch=amd64\u0026distro=noble",
      "source": {
        "source_name": "qtwebkit-opensource-src",
        "source_version": "5.212.0~alpha4-36"
      }
    },
    {
      "name": "libqt5webview5:amd64",
      "version": "5.15.13-1",
      "purl": "pkg:deb/libqt5webview5:amd64?arch=amd64\u0026distro=noble",
      "source": {
        "source_name": "qtwebview-opensource-src",
        "source_version": "5.15.13-1"
      }
    },
    {
      "name": "libqt5widgets5t64:amd64",
      "version": "5.15.13+dfsg-1ubuntu1",
      "purl": "pkg:deb/libqt5widgets5t64:amd64?arch=amd64\u0026distro=noble",
      "source": {
        "source_name": "qtbase-opensource-src",
        "source_version": "5.15.13+dfsg-1ubuntu1"
      }
    },
    {
      "name": "libqt5x11extras5:amd64",
      "version": "5.15.13-1",
      "purl": "pkg:deb/libqt5x11extras5:amd64?arch=amd64\u0026distro=noble",
      "source": {
        "source_name": "qtx11extras-opensource-src",
        "source_version": "5.15.13-1"
      }
    },
    {
      "name": "libqt5xml5t64:amd64",
      "version": "5.15.13+dfsg-1ubuntu1",
      "purl": "pkg:deb/libqt5xml5t64:amd64?arch=amd64\u0026distro=noble",
      "source": {
        "source_name": "qtbase-opensource-src",
        "source_version": "5.15.13+dfsg-1ubuntu1"
      }
    },
    {
      "name": "libqt5xmlpatterns5:amd64",
      "version": "5.15.13-1",
      "purl": "pkg:deb/libqt5xmlpatterns5:amd64?arch=amd64\u0026distro=noble",
      "source": {
        "source_name": "qtxmlpatterns-opensource-src",
        "source_version": "5.15.13-1"
      }
    },
    {
      "name": "libqt6core6t64:amd64",
      "version": "6.4.2+dfsg-21.1build5",
      "purl": "pkg:deb/libqt6core6t64:amd64?arch=amd64\u0026distro=noble",
      "source": {
        "source_name": "qt6-base",
        "source_version": "6.4.2+dfsg-21.1build5"
      }
    },
    {
      "name": "libqt6dbus6t64:amd64",
      "version": "6.4.2+dfsg-21.1build5",
      "purl": "pkg:deb/libqt6dbus6t64:amd64?arch=amd64\u0026distro=noble",
      "source": {
        "source_name": "qt6-base",
        "source_version": "6.4.2+dfsg-21.1build5"
      }
    },
    {
      "name": "libqt6gui6t64:amd64",
      "version": "6.4.2+dfsg-21.1build5",
      "purl": "pkg:deb/libqt6gui6t64:amd64?arch=amd64\u0026distro=noble",
      "source": {
        "source_name": "qt6-base",
        "source_version": "6.4.2+dfsg-21.1build5"
      }
    },
    {
      "name": "libqt6network6t64:amd64",
      "version": "6.4.2+dfsg-21.1build5",
      "purl": "pkg:deb/libqt6network6t64:amd64?arch=amd64\u0026distro=noble",
      "source": {
        "source_name": "qt6-base",
        "source_version": "6.4.2+dfsg-21.1build5"
      }
    },
    {
      "name": "libqt6opengl6t64:amd64",
      "version": "6.4.2+dfsg-21.1build5",
      "purl": "pkg:deb/libqt6opengl6t64:amd64?arch=amd64\u0026distro=noble",
      "source": {
        "source_name": "qt6-base",
        "source_version": "6.4.2+dfsg-21.1build5"
      }
    },
    {
      "name": "libqt6openglwidgets6t64:amd64",
      "version": "6.4.2+dfsg-21.1build5",
      "purl": "pkg:deb/libqt6openglwidgets6t64:amd64?arch=amd64\u0026distro=noble",
      "source": {
        "source_name": "qt6-base",
        "source_version": "6.4.2+dfsg-21.1build5"
      }
    },
    {
      "name": "libqt6printsupport6t64:amd64",
      "version": "6.4.2+dfsg-21.1build5",
      "purl": "pkg:deb/libqt6printsupport6t64:amd64?arch=amd64\u0026distro=noble",
      "source": {
        "source_name": "qt6-base",
        "source_version": "6.4.2+dfsg-21.1build5"
      }
    },
    {
      "name": "libqt6qml6:amd64",
      "version": "6.4.2+dfsg-4build3",
      "purl": "pkg:deb/libqt6qml6:amd64?arch=amd64\u0026distro=noble",
      "source": {
        "source_name": "qt6-declarative",
        "source_version": "6.4.2+dfsg-4build3"
      }
    },
    {
      "name": "libqt6qmlmodels6:amd64",
      "version": "6.4.2+dfsg-4build3",
      "purl": "pkg:deb/libqt6qmlmodels6:amd64?arch=amd64\u0026distro=noble",
      "source": {
        "source_name": "qt6-declarative",
        "source_version": "6.4.2+dfsg-4build3"
      }
    },
    {
      "name": "libqt6quick6:amd64",
      "version": "6.4.2+dfsg-4build3",
      "purl": "pkg:deb/libqt6quick6:amd64?arch=amd64\u0026distro=noble",
      "source": {
        "source_name": "qt6-declarative",
        "source_version": "6.4.2+dfsg-4build3"
      }
    },
    {
      "name": "libqt6sql6-sqlite:amd64",
      "version": "6.4.2+dfsg-21.1build5",
      "purl": "pkg:deb/libqt6sql6-sqlite:amd64?arch=amd64\u0026distro=noble",
      "source": {
        "source_name": "qt6-base",
        "source_version": "6.4.2+dfsg-21.1build5"
      }
    },
    {
      "name": "libqt6sql6t64:amd64",
      "version": "6.4.2+dfsg-21.1build5",
      "purl": "pkg:deb/libqt6sql6t64:amd64?arch=amd64\u0026distro=noble",
      "source": {
        "source_name": "qt6-base",
        "source_version": "6.4.2+dfsg-21.1build5"
      }
    },
    {
      "name": "libqt6svg6:amd64",
      "version": "6.4.2-4ubuntu3",
      "purl": "pkg:deb/libqt6svg6:amd64?arch=amd64\u0026distro=noble",
      "source": {
        "source_name": "qt6-svg",
        "source_version": "6.4.2-4ubuntu3"
      }
    },
    {
      "name": "libqt6test6t64:amd64",
      "version": "6.4.2+dfsg-21.1build5",
      "purl": "pkg:deb/libqt6test6t64:amd64?arch=amd64\u0026distro=noble",
      "source": {
        "source_name": "qt6-base",
        "source_version": "6.4.2+dfsg-21.1build5"
      }
    },
    {
      "name": "libqt6waylandclient6:amd64",
      "version": "6.4.2-5build3",
      "purl": "pkg:deb/libqt6waylandclient6:amd64?arch=amd64\u0026distro=noble",
      "source": {
        "source_name": "qt6-wayland",
        "source_version": "6.4.2-5build3"
      }
    },
    {
      "name": "libqt6waylandcompositor6:amd64",
      "version": "6.4.2-5build3",
      "purl": "pkg:deb/libqt6waylandcompositor6:amd64?arch=amd64\u0026distro=noble",
      "source": {
        "source_name": "qt6-wayland",
        "source_version": "6.4.2-5build3"
      }
    },
    {
      "name": "libqt6waylandeglclienthwintegration6:amd64",
      "version": "6.4.2-5build3",
      "purl": "pkg:deb/libqt6waylandeglclienthwintegration6:amd64?arch=amd64\u0026distro=noble",
      "source": {
        "source_name": "qt6-wayland",
        "source_version": "6.4.2-5build3"
      }
    },
    {
      "name": "libqt6waylandeglcompositorhwintegration6:amd64",
      "version": "6.4.2-5build3",
      "purl": "pkg:deb/libqt6waylandeglcompositorhwintegration6:amd64?arch=amd64\u0026distro=noble",
      "source": {
        "source_name": "qt6-wayland",
        "source_version": "6.4.2-5build3"
      }
    },
    {
      "name": "libqt6widgets6t64:amd64",
      "version": "6.4.2+dfsg-21.1build5",
      "purl": "pkg:deb/libqt6widgets6t64:amd64?arch=amd64\u0026distro=noble",
      "source": {
        "source_name": "qt6-base",
        "source_version": "6.4.2+dfsg-21.1build5"
      }
    },
    {
      "name": "libqt6wlshellintegration6:amd64",
      "version": "6.4.2-5build3",
      "purl": "pkg:deb/libqt6wlshellintegration6:amd64?arch=amd64\u0026distro=noble",
      "source": {
        "source_name": "qt6-wayland",
        "source_version": "6.4.2-5build3"
      }
    },
    {
      "name": "libqt6xml6t64:amd64",
      "version": "6.4.2+dfsg-21.1build5",
      "purl": "pkg:deb/libqt6xml6t64:amd64?arch=amd64\u0026distro=noble",
      "source": {
        "source_name": "qt6-base",
        "source_version": "6.4.2+dfsg-21.1build5"
      }
    },
    {
      "name": "libquadmath0:amd64",
      "version": "14.2.0-4ubuntu2~24.04.1",
      "purl": "pkg:deb/libquadmath0:amd64?arch=amd64\u0026distro=noble",
      "source": {
        "source_name": "gcc-14",
        "source_version": "14.2.0-4ubuntu2~24.04.1"
      }
    },
    {
      "name": "libquotient0.7",
      "version": "0.7.2-0ubuntu5",
      "purl": "pkg:deb/libquotient0.7?arch=amd64\u0026distro=noble",
      "source": {
        "source_name": "libquotient",
        "source_version": "0.7.2-0ubuntu5"
      }
    },
    {
      "name": "librabbitmq4:amd64",
      "version": "0.11.0-1ubuntu0.2",
      "purl": "pkg:deb/librabbitmq4:amd64?arch=amd64\u0026distro=noble",
      "source": {
        "source_name": "librabbitmq",
        "source_version": "0.11.0-1ubuntu0.2"
      }
    },
    {
      "name": "librados2",
      "version": "19.2.3-0ubuntu0.24.04.3",
      "purl": "pkg:deb/librados2?arch=amd64\u0026distro=noble",
      "source": {
        "source_name": "ceph",
        "source_version": "19.2.3-0ubuntu0.24.04.3"
      }
    },
    {
      "name": "libraptor2-0:amd64",
      "version": "2.0.16-3ubuntu0.1",
      "purl": "pkg:deb/libraptor2-0:amd64?arch=amd64\u0026distro=noble",
      "source": {
        "source_name": "raptor2",
        "source_version": "2.0.16-3ubuntu0.1"
      }
    },
    {
      "name": "libraqm0:amd64",
      "version": "0.10.1-1build1",
      "purl": "pkg:deb/libraqm0:amd64?arch=amd64\u0026distro=noble",
      "source": {
        "source_name": "raqm",
        "source_version": "0.10.1-1build1"
      }
    },
    {
      "name": "librasqal3t64:amd64",
      "version": "0.9.33-2.1build1",
      "purl": "pkg:deb/librasqal3t64:amd64?arch=amd64\u0026distro=noble",
      "source": {
        "source_name": "rasqal",
        "source_version": "0.9.33-2.1build1"
      }
    },
    {
      "name": "librav1e0:amd64",
      "version": "0.7.1-2",
      "purl": "pkg:deb/librav1e0:amd64?arch=amd64\u0026distro=noble",
      "source": {
        "source_name": "rust-rav1e",
        "source_version": "0.7.1-2"
      }
    },
    {
      "name": "libraw1394-11:amd64",
      "version": "2.1.2-2build3",
      "purl": "pkg:deb/libraw1394-11:amd64?arch=amd64\u0026distro=noble",
      "source": {
        "source_name": "libraw1394",
        "source_version": "2.1.2-2build3"
      }
    },
    {
      "name": "libraw1394-11:i386",
      "version": "2.1.2-2build3",
      "purl": "pkg:deb/libraw1394-11:i386?arch=i386\u0026distro=noble",
      "source": {
        "source_name": "libraw1394",
        "source_version": "2.1.2-2build3"
      }
    },
    {
      "name": "libraw23t64:amd64",
      "version": "0.21.2-2.1ubuntu0.24.04.2",
      "purl": "pkg:deb/libraw23t64:amd64?arch=amd64\u0026distro=noble",
      "source": {
        "source_name": "libraw",
        "source_version": "0.21.2-2.1ubuntu0.24.04.2"
      }
    },
    {
      "name": "libraylib5-dev",
      "version": "5.5.0+noble-1",
      "purl": "pkg:deb/libraylib5-dev?arch=amd64\u0026distro=noble",
      "source": {
        "source_name": "raylib5",
        "source_version": "5.5.0+noble-1"
      }
    },
    {
      "name": "librbd1",
      "version": "19.2.3-0ubuntu0.24.04.3",
      "purl": "pkg:deb/librbd1?arch=amd64\u0026distro=noble",
      "source": {
        "source_name": "ceph",
        "source_version": "19.2.3-0ubuntu0.24.04.3"
      }
    },
    {
      "name": "librdf0t64:amd64",
      "version": "1.0.17-3.1ubuntu3",
      "purl": "pkg:deb/librdf0t64:amd64?arch=amd64\u0026distro=noble",
      "source": {
        "source_name": "redland",
        "source_version": "1.0.17-3.1ubuntu3"
      }
    },
    {
      "name": "librdmacm1t64:amd64",
      "version": "50.0-2ubuntu0.2",
      "purl": "pkg:deb/librdmacm1t64:amd64?arch=amd64\u0026distro=noble",
      "source": {
        "source_name": "rdma-core",
        "source_version": "50.0-2ubuntu0.2"
      }
    },
    {
      "name": "libre2-10:amd64",
      "version": "20230301-3build1",
      "purl": "pkg:deb/libre2-10:amd64?arch=amd64\u0026distro=noble",
      "source": {
        "source_name": "re2",
        "source_version": "20230301-3build1"
      }
    },
    {
      "name": "libreadline8t64:amd64",
      "version": "8.2-4build1",
      "purl": "pkg:deb/libreadline8t64:amd64?arch=amd64\u0026distro=noble",
      "source": {
        "source_name": "readline",
        "source_version": "8.2-4build1"
      }
    },
    {
      "name": "libreiserfscore0t64",
      "version": "1:3.6.27-7.1build1",
      "purl": "pkg:deb/libreiserfscore0t64?arch=amd64\u0026distro=noble",
      "source": {
        "source_name": "reiserfsprogs",
        "source_version": "1:3.6.27-7.1build1"
      }
    },
    {
      "name": "libreoffice-base-core",
      "version": "4:24.2.7-0ubuntu0.24.04.6",
      "purl": "pkg:deb/libreoffice-base-core?arch=amd64\u0026distro=noble",
      "source": {
        "source_name": "libreoffice",
        "source_version": "4:24.2.7-0ubuntu0.24.04.6"
      }
    },
    {
      "name": "libreoffice-calc",
      "version": "4:24.2.7-0ubuntu0.24.04.6",
      "purl": "pkg:deb/libreoffice-calc?arch=amd64\u0026distro=noble",
      "source": {
        "source_name": "libreoffice",
        "source_version": "4:24.2.7-0ubuntu0.24.04.6"
      }
    },
    {
      "name": "libreoffice-common",
      "version": "4:24.2.7-0ubuntu0.24.04.6",
      "purl": "pkg:deb/libreoffice-common?arch=all\u0026distro=noble",
      "source": {
        "source_name": "libreoffice",
        "source_version": "4:24.2.7-0ubuntu0.24.04.6"
      }
    },
    {
      "name": "libreoffice-core",
      "version": "4:24.2.7-0ubuntu0.24.04.6",
      "purl": "pkg:deb/libreoffice-core?arch=amd64\u0026distro=noble",
      "source": {
        "source_name": "libreoffice",
        "source_version": "4:24.2.7-0ubuntu0.24.04.6"
      }
    },
    {
      "name": "libreoffice-draw",
      "version": "4:24.2.7-0ubuntu0.24.04.6",
      "purl": "pkg:deb/libreoffice-draw?arch=amd64\u0026distro=noble",
      "source": {
        "source_name": "libreoffice",
        "source_version": "4:24.2.7-0ubuntu0.24.04.6"
      }
    },
    {
      "name": "libreoffice-impress",
      "version": "4:24.2.7-0ubuntu0.24.04.6",
      "purl": "pkg:deb/libreoffice-impress?arch=amd64\u0026distro=noble",
      "source": {
        "source_name": "libreoffice",
        "source_version": "4:24.2.7-0ubuntu0.24.04.6"
      }
    },
    {
      "name": "libreoffice-kf5",
      "version": "4:24.2.7-0ubuntu0.24.04.6",
      "purl": "pkg:deb/libreoffice-kf5?arch=amd64\u0026distro=noble",
      "source": {
        "source_name": "libreoffice",
        "source_version": "4:24.2.7-0ubuntu0.24.04.6"
      }
    },
    {
      "name": "libreoffice-math",
      "version": "4:24.2.7-0ubuntu0.24.04.6",
      "purl": "pkg:deb/libreoffice-math?arch=amd64\u0026distro=noble",
      "source": {
        "source_name": "libreoffice",
        "source_version": "4:24.2.7-0ubuntu0.24.04.6"
      }
    },
    {
      "name": "libreoffice-plasma",
      "version": "4:24.2.7-0ubuntu0.24.04.6",
      "purl": "pkg:deb/libreoffice-plasma?arch=amd64\u0026distro=noble",
      "source": {
        "source_name": "libreoffice",
        "source_version": "4:24.2.7-0ubuntu0.24.04.6"
      }
    },
    {
      "name": "libreoffice-qt5",
      "version": "4:24.2.7-0ubuntu0.24.04.6",
      "purl": "pkg:deb/libreoffice-qt5?arch=amd64\u0026distro=noble",
      "source": {
        "source_name": "libreoffice",
        "source_version": "4:24.2.7-0ubuntu0.24.04.6"
      }
    },
    {
      "name": "libreoffice-style-breeze",
      "version": "4:24.2.7-0ubuntu0.24.04.6",
      "purl": "pkg:deb/libreoffice-style-breeze?arch=all\u0026distro=noble",
      "source": {
        "source_name": "libreoffice",
        "source_version": "4:24.2.7-0ubuntu0.24.04.6"
      }
    },
    {
      "name": "libreoffice-style-colibre",
      "version": "4:24.2.7-0ubuntu0.24.04.6",
      "purl": "pkg:deb/libreoffice-style-colibre?arch=all\u0026distro=noble",
      "source": {
        "source_name": "libreoffice",
        "source_version": "4:24.2.7-0ubuntu0.24.04.6"
      }
    },
    {
      "name": "libreoffice-uiconfig-calc",
      "version": "4:24.2.7-0ubuntu0.24.04.6",
      "purl": "pkg:deb/libreoffice-uiconfig-calc?arch=all\u0026distro=noble",
      "source": {
        "source_name": "libreoffice",
        "source_version": "4:24.2.7-0ubuntu0.24.04.6"
      }
    },
    {
      "name": "libreoffice-uiconfig-common",
      "version": "4:24.2.7-0ubuntu0.24.04.6",
      "purl": "pkg:deb/libreoffice-uiconfig-common?arch=all\u0026distro=noble",
      "source": {
        "source_name": "libreoffice",
        "source_version": "4:24.2.7-0ubuntu0.24.04.6"
      }
    },
    {
      "name": "libreoffice-uiconfig-draw",
      "version": "4:24.2.7-0ubuntu0.24.04.6",
      "purl": "pkg:deb/libreoffice-uiconfig-draw?arch=all\u0026distro=noble",
      "source": {
        "source_name": "libreoffice",
        "source_version": "4:24.2.7-0ubuntu0.24.04.6"
      }
    },
    {
      "name": "libreoffice-uiconfig-impress",
      "version": "4:24.2.7-0ubuntu0.24.04.6",
      "purl": "pkg:deb/libreoffice-uiconfig-impress?arch=all\u0026distro=noble",
      "source": {
        "source_name": "libreoffice",
        "source_version": "4:24.2.7-0ubuntu0.24.04.6"
      }
    },
    {
      "name": "libreoffice-uiconfig-math",
      "version": "4:24.2.7-0ubuntu0.24.04.6",
      "purl": "pkg:deb/libreoffice-uiconfig-math?arch=all\u0026distro=noble",
      "source": {
        "source_name": "libreoffice",
        "source_version": "4:24.2.7-0ubuntu0.24.04.6"
      }
    },
    {
      "name": "libreoffice-uiconfig-writer",
      "version": "4:24.2.7-0ubuntu0.24.04.6",
      "purl": "pkg:deb/libreoffice-uiconfig-writer?arch=all\u0026distro=noble",
      "source": {
        "source_name": "libreoffice",
        "source_version": "4:24.2.7-0ubuntu0.24.04.6"
      }
    },
    {
      "name": "libreoffice-writer",
      "version": "4:24.2.7-0ubuntu0.24.04.6",
      "purl": "pkg:deb/libreoffice-writer?arch=amd64\u0026distro=noble",
      "source": {
        "source_name": "libreoffice",
        "source_version": "4:24.2.7-0ubuntu0.24.04.6"
      }
    },
    {
      "name": "libresid-builder0c2a",
      "version": "2.1.1-15ubuntu3",
      "purl": "pkg:deb/libresid-builder0c2a?arch=amd64\u0026distro=noble",
      "source": {
        "source_name": "sidplay-libs",
        "source_version": "2.1.1-15ubuntu3"
      }
    },
    {
      "name": "librest-1.0-0:amd64",
      "version": "0.9.1-6build3",
      "purl": "pkg:deb/librest-1.0-0:amd64?arch=amd64\u0026distro=noble",
      "source": {
        "source_name": "librest",
        "source_version": "0.9.1-6build3"
      }
    },
    {
      "name": "librevenge-0.0-0:amd64",
      "version": "0.0.5-3build1",
      "purl": "pkg:deb/librevenge-0.0-0:amd64?arch=amd64\u0026distro=noble",
      "source": {
        "source_name": "librevenge",
        "source_version": "0.0.5-3build1"
      }
    },
    {
      "name": "librhash0:amd64",
      "version": "1.4.3-3build1",
      "purl": "pkg:deb/librhash0:amd64?arch=amd64\u0026distro=noble",
      "source": {
        "source_name": "rhash",
        "source_version": "1.4.3-3build1"
      }
    },
    {
      "name": "librist4:amd64",
      "version": "0.2.10+dfsg-2",
      "purl": "pkg:deb/librist4:amd64?arch=amd64\u0026distro=noble",
      "source": {
        "source_name": "librist",
        "source_version": "0.2.10+dfsg-2"
      }
    },
    {
      "name": "libroc0.3:amd64",
      "version": "0.3.0+dfsg-7ubuntu2",
      "purl": "pkg:deb/libroc0.3:amd64?arch=amd64\u0026distro=noble",
      "source": {
        "source_name": "roc-toolkit",
        "source_version": "0.3.0+dfsg-7ubuntu2"
      }
    },
    {
      "name": "librsvg2-2:amd64",
      "version": "2.58.0+dfsg-1build1",
      "purl": "pkg:deb/librsvg2-2:amd64?arch=amd64\u0026distro=noble",
      "source": {
        "source_name": "librsvg",
        "source_version": "2.58.0+dfsg-1build1"
      }
    },
    {
      "name": "librsvg2-2:i386",
      "version": "2.58.0+dfsg-1build1",
      "purl": "pkg:deb/librsvg2-2:i386?arch=i386\u0026distro=noble",
      "source": {
        "source_name": "librsvg",
        "source_version": "2.58.0+dfsg-1build1"
      }
    },
    {
      "name": "librsvg2-common:amd64",
      "version": "2.58.0+dfsg-1build1",
      "purl": "pkg:deb/librsvg2-common:amd64?arch=amd64\u0026distro=noble",
      "source": {
        "source_name": "librsvg",
        "source_version": "2.58.0+dfsg-1build1"
      }
    },
    {
      "name": "librsvg2-common:i386",
      "version": "2.58.0+dfsg-1build1",
      "purl": "pkg:deb/librsvg2-common:i386?arch=i386\u0026distro=noble",
      "source": {
        "source_name": "librsvg",
        "source_version": "2.58.0+dfsg-1build1"
      }
    },
    {
      "name": "librsync2t64:amd64",
      "version": "2.3.4-1.1ubuntu2",
      "purl": "pkg:deb/librsync2t64:amd64?arch=amd64\u0026distro=noble",
      "source": {
        "source_name": "librsync",
        "source_version": "2.3.4-1.1ubuntu2"
      }
    },
    {
      "name": "librtaudio6:amd64",
      "version": "5.2.0~ds1-2build3",
      "purl": "pkg:deb/librtaudio6:amd64?arch=amd64\u0026distro=noble",
      "source": {
        "source_name": "rtaudio",
        "source_version": "5.2.0~ds1-2build3"
      }
    },
    {
      "name": "librtmp1:amd64",
      "version": "2.4+20151223.gitfa8646d.1-2build7",
      "purl": "pkg:deb/librtmp1:amd64?arch=amd64\u0026distro=noble",
      "source": {
        "source_name": "rtmpdump",
        "source_version": "2.4+20151223.gitfa8646d.1-2build7"
      }
    },
    {
      "name": "librtmp1:i386",
      "version": "2.4+20151223.gitfa8646d.1-2build7",
      "purl": "pkg:deb/librtmp1:i386?arch=i386\u0026distro=noble",
      "source": {
        "source_name": "rtmpdump",
        "source_version": "2.4+20151223.gitfa8646d.1-2build7"
      }
    },
    {
      "name": "librttopo1:amd64",
      "version": "1.1.0-3build2",
      "purl": "pkg:deb/librttopo1:amd64?arch=amd64\u0026distro=noble",
      "source": {
        "source_name": "librttopo",
        "source_version": "1.1.0-3build2"
      }
    },
    {
      "name": "librubberband2:amd64",
      "version": "3.3.0+dfsg-2build1",
      "purl": "pkg:deb/librubberband2:amd64?arch=amd64\u0026distro=noble",
      "source": {
        "source_name": "rubberband",
        "source_version": "3.3.0+dfsg-2build1"
      }
    },
    {
      "name": "libruby:amd64",
      "version": "1:3.2~ubuntu1",
      "purl": "pkg:deb/libruby:amd64?arch=amd64\u0026distro=noble",
      "source": {
        "source_name": "ruby-defaults",
        "source_version": "1:3.2~ubuntu1"
      }
    },
    {
      "name": "libruby3.2:amd64",
      "version": "3.2.3-1ubuntu0.24.04.8",
      "purl": "pkg:deb/libruby3.2:amd64?arch=amd64\u0026distro=noble",
      "source": {
        "source_name": "ruby3.2",
        "source_version": "3.2.3-1ubuntu0.24.04.8"
      }
    },
    {
      "name": "librygel-core-2.8-0:amd64",
      "version": "0.42.5-1ubuntu3",
      "purl": "pkg:deb/librygel-core-2.8-0:amd64?arch=amd64\u0026distro=noble",
      "source": {
        "source_name": "rygel",
        "source_version": "0.42.5-1ubuntu3"
      }
    },
    {
      "name": "librygel-db-2.8-0:amd64",
      "version": "0.42.5-1ubuntu3",
      "purl": "pkg:deb/librygel-db-2.8-0:amd64?arch=amd64\u0026distro=noble",
      "source": {
        "source_name": "rygel",
        "source_version": "0.42.5-1ubuntu3"
      }
    },
    {
      "name": "librygel-renderer-2.8-0:amd64",
      "version": "0.42.5-1ubuntu3",
      "purl": "pkg:deb/librygel-renderer-2.8-0:amd64?arch=amd64\u0026distro=noble",
      "source": {
        "source_name": "rygel",
        "source_version": "0.42.5-1ubuntu3"
      }
    },
    {
      "name": "librygel-server-2.8-0:amd64",
      "version": "0.42.5-1ubuntu3",
      "purl": "pkg:deb/librygel-server-2.8-0:amd64?arch=amd64\u0026distro=noble",
      "source": {
        "source_name": "rygel",
        "source_version": "0.42.5-1ubuntu3"
      }
    },
    {
      "name": "libsamplerate0:amd64",
      "version": "0.2.2-4build1",
      "purl": "pkg:deb/libsamplerate0:amd64?arch=amd64\u0026distro=noble",
      "source": {
        "source_name": "libsamplerate",
        "source_version": "0.2.2-4build1"
      }
    },
    {
      "name": "libsamplerate0:i386",
      "version": "0.2.2-4build1",
      "purl": "pkg:deb/libsamplerate0:i386?arch=i386\u0026distro=noble",
      "source": {
        "source_name": "libsamplerate",
        "source_version": "0.2.2-4build1"
      }
    },
    {
      "name": "libsane-common",
      "version": "1.2.1-7build4",
      "purl": "pkg:deb/libsane-common?arch=all\u0026distro=noble",
      "source": {
        "source_name": "sane-backends",
        "source_version": "1.2.1-7build4"
      }
    },
    {
      "name": "libsane-hpaio:amd64",
      "version": "3.23.12+dfsg0-0ubuntu5.1",
      "purl": "pkg:deb/libsane-hpaio:amd64?arch=amd64\u0026distro=noble",
      "source": {
        "source_name": "hplip",
        "source_version": "3.23.12+dfsg0-0ubuntu5.1"
      }
    },
    {
      "name": "libsane1:amd64",
      "version": "1.2.1-7build4",
      "purl": "pkg:deb/libsane1:amd64?arch=amd64\u0026distro=noble",
      "source": {
        "source_name": "sane-backends",
        "source_version": "1.2.1-7build4"
      }
    },
    {
      "name": "libsasl2-2:amd64",
      "version": "2.1.28+dfsg1-5ubuntu3.1",
      "purl": "pkg:deb/libsasl2-2:amd64?arch=amd64\u0026distro=noble",
      "source": {
        "source_name": "cyrus-sasl2",
        "source_version": "2.1.28+dfsg1-5ubuntu3.1"
      }
    },
    {
      "name": "libsasl2-2:i386",
      "version": "2.1.28+dfsg1-5ubuntu3.1",
      "purl": "pkg:deb/libsasl2-2:i386?arch=i386\u0026distro=noble",
      "source": {
        "source_name": "cyrus-sasl2",
        "source_version": "2.1.28+dfsg1-5ubuntu3.1"
      }
    },
    {
      "name": "libsasl2-modules:amd64",
      "version": "2.1.28+dfsg1-5ubuntu3.1",
      "purl": "pkg:deb/libsasl2-modules:amd64?arch=amd64\u0026distro=noble",
      "source": {
        "source_name": "cyrus-sasl2",
        "source_version": "2.1.28+dfsg1-5ubuntu3.1"
      }
    },
    {
      "name": "libsasl2-modules:i386",
      "version": "2.1.28+dfsg1-5ubuntu3.1",
      "purl": "pkg:deb/libsasl2-modules:i386?arch=i386\u0026distro=noble",
      "source": {
        "source_name": "cyrus-sasl2",
        "source_version": "2.1.28+dfsg1-5ubuntu3.1"
      }
    },
    {
      "name": "libsasl2-modules-db:amd64",
      "version": "2.1.28+dfsg1-5ubuntu3.1",
      "purl": "pkg:deb/libsasl2-modules-db:amd64?arch=amd64\u0026distro=noble",
      "source": {
        "source_name": "cyrus-sasl2",
        "source_version": "2.1.28+dfsg1-5ubuntu3.1"
      }
    },
    {
      "name": "libsasl2-modules-db:i386",
      "version": "2.1.28+dfsg1-5ubuntu3.1",
      "purl": "pkg:deb/libsasl2-modules-db:i386?arch=i386\u0026distro=noble",
      "source": {
        "source_name": "cyrus-sasl2",
        "source_version": "2.1.28+dfsg1-5ubuntu3.1"
      }
    },
    {
      "name": "libsbc1:amd64",
      "version": "2.0-1build1",
      "purl": "pkg:deb/libsbc1:amd64?arch=amd64\u0026distro=noble",
      "source": {
        "source_name": "sbc",
        "source_version": "2.0-1build1"
      }
    },
    {
      "name": "libsbsms10:amd64",
      "version": "2.3.0-1build1",
      "purl": "pkg:deb/libsbsms10:amd64?arch=amd64\u0026distro=noble",
      "source": {
        "source_name": "libsbsms",
        "source_version": "2.3.0-1build1"
      }
    },
    {
      "name": "libscim8v5:amd64",
      "version": "1.4.18+git20211204-0.2build3",
      "purl": "pkg:deb/libscim8v5:amd64?arch=amd64\u0026distro=noble",
      "source": {
        "source_name": "scim",
        "source_version": "1.4.18+git20211204-0.2build3"
      }
    },
    {
      "name": "libsctp1:amd64",
      "version": "1.0.19+dfsg-2build1",
      "purl": "pkg:deb/libsctp1:amd64?arch=amd64\u0026distro=noble",
      "source": {
        "source_name": "lksctp-tools",
        "source_version": "1.0.19+dfsg-2build1"
      }
    },
    {
      "name": "libsdl-ttf2.0-0:amd64",
      "version": "2.0.11-6",
      "purl": "pkg:deb/libsdl-ttf2.0-0:amd64?arch=amd64\u0026distro=noble",
      "source": {
        "source_name": "sdl-ttf2.0",
        "source_version": "2.0.11-6"
      }
    },
    {
      "name": "libsdl1.2debian:amd64",
      "version": "1.2.68-2",
      "purl": "pkg:deb/libsdl1.2debian:amd64?arch=amd64\u0026distro=noble",
      "source": {
        "source_name": "sdl12-compat",
        "source_version": "1.2.68-2"
      }
    },
    {
      "name": "libsdl2-2.0-0:amd64",
      "version": "2.30.0+dfsg-1ubuntu3.1",
      "purl": "pkg:deb/libsdl2-2.0-0:amd64?arch=amd64\u0026distro=noble",
      "source": {
        "source_name": "libsdl2",
        "source_version": "2.30.0+dfsg-1ubuntu3.1"
      }
    },
    {
      "name": "libsdl2-2.0-0:i386",
      "version": "2.30.0+dfsg-1ubuntu3.1",
      "purl": "pkg:deb/libsdl2-2.0-0:i386?arch=i386\u0026distro=noble",
      "source": {
        "source_name": "libsdl2",
        "source_version": "2.30.0+dfsg-1ubuntu3.1"
      }
    },
    {
      "name": "libsdl2-image-2.0-0:amd64",
      "version": "2.8.2+dfsg-1build2",
      "purl": "pkg:deb/libsdl2-image-2.0-0:amd64?arch=amd64\u0026distro=noble",
      "source": {
        "source_name": "libsdl2-image",
        "source_version": "2.8.2+dfsg-1build2"
      }
    },
    {
      "name": "libsdl2-mixer-2.0-0:amd64",
      "version": "2.8.0+dfsg-1build3",
      "purl": "pkg:deb/libsdl2-mixer-2.0-0:amd64?arch=amd64\u0026distro=noble",
      "source": {
        "source_name": "libsdl2-mixer",
        "source_version": "2.8.0+dfsg-1build3"
      }
    },
    {
      "name": "libsdl2-ttf-2.0-0:amd64",
      "version": "2.22.0+dfsg-1",
      "purl": "pkg:deb/libsdl2-ttf-2.0-0:amd64?arch=amd64\u0026distro=noble",
      "source": {
        "source_name": "libsdl2-ttf",
        "source_version": "2.22.0+dfsg-1"
      }
    },
    {
      "name": "libseccomp2:amd64",
      "version": "2.5.5-1ubuntu3.1",
      "purl": "pkg:deb/libseccomp2:amd64?arch=amd64\u0026distro=noble",
      "source": {
        "source_name": "libseccomp",
        "source_version": "2.5.5-1ubuntu3.1"
      }
    },
    {
      "name": "libsecret-1-0:amd64",
      "version": "0.21.4-1build3",
      "purl": "pkg:deb/libsecret-1-0:amd64?arch=amd64\u0026distro=noble",
      "source": {
        "source_name": "libsecret",
        "source_version": "0.21.4-1build3"
      }
    },
    {
      "name": "libsecret-common",
      "version": "0.21.4-1build3",
      "purl": "pkg:deb/libsecret-common?arch=all\u0026distro=noble",
      "source": {
        "source_name": "libsecret",
        "source_version": "0.21.4-1build3"
      }
    },
    {
      "name": "libselinux1:amd64",
      "version": "3.5-2ubuntu2.1",
      "purl": "pkg:deb/libselinux1:amd64?arch=amd64\u0026distro=noble",
      "source": {
        "source_name": "libselinux",
        "source_version": "3.5-2ubuntu2.1"
      }
    },
    {
      "name": "libselinux1:i386",
      "version": "3.5-2ubuntu2.1",
      "purl": "pkg:deb/libselinux1:i386?arch=i386\u0026distro=noble",
      "source": {
        "source_name": "libselinux",
        "source_version": "3.5-2ubuntu2.1"
      }
    },
    {
      "name": "libsemanage-common",
      "version": "3.5-1build5",
      "purl": "pkg:deb/libsemanage-common?arch=all\u0026distro=noble",
      "source": {
        "source_name": "libsemanage",
        "source_version": "3.5-1build5"
      }
    },
    {
      "name": "libsemanage2:amd64",
      "version": "3.5-1build5",
      "purl": "pkg:deb/libsemanage2:amd64?arch=amd64\u0026distro=noble",
      "source": {
        "source_name": "libsemanage",
        "source_version": "3.5-1build5"
      }
    },
    {
      "name": "libsensors-config",
      "version": "1:3.6.0-9build1",
      "purl": "pkg:deb/libsensors-config?arch=all\u0026distro=noble",
      "source": {
        "source_name": "lm-sensors",
        "source_version": "1:3.6.0-9build1"
      }
    },
    {
      "name": "libsensors5:amd64",
      "version": "1:3.6.0-9build1",
      "purl": "pkg:deb/libsensors5:amd64?arch=amd64\u0026distro=noble",
      "source": {
        "source_name": "lm-sensors",
        "source_version": "1:3.6.0-9build1"
      }
    },
    {
      "name": "libsensors5:i386",
      "version": "1:3.6.0-9build1",
      "purl": "pkg:deb/libsensors5:i386?arch=i386\u0026distro=noble",
      "source": {
        "source_name": "lm-sensors",
        "source_version": "1:3.6.0-9build1"
      }
    },
    {
      "name": "libsepol2:amd64",
      "version": "3.5-2build1",
      "purl": "pkg:deb/libsepol2:amd64?arch=amd64\u0026distro=noble",
      "source": {
        "source_name": "libsepol",
        "source_version": "3.5-2build1"
      }
    },
    {
      "name": "libserd-0-0:amd64",
      "version": "0.32.2-1",
      "purl": "pkg:deb/libserd-0-0:amd64?arch=amd64\u0026distro=noble",
      "source": {
        "source_name": "serd",
        "source_version": "0.32.2-1"
      }
    },
    {
      "name": "libsframe1:amd64",
      "version": "2.42-4ubuntu2.10",
      "purl": "pkg:deb/libsframe1:amd64?arch=amd64\u0026distro=noble",
      "source": {
        "source_name": "binutils",
        "source_version": "2.42-4ubuntu2.10"
      }
    },
    {
      "name": "libshaderc1:amd64",
      "version": "2023.8-1build1",
      "purl": "pkg:deb/libshaderc1:amd64?arch=amd64\u0026distro=noble",
      "source": {
        "source_name": "shaderc",
        "source_version": "2023.8-1build1"
      }
    },
    {
      "name": "libsharpyuv0:amd64",
      "version": "1.3.2-0.4build3",
      "purl": "pkg:deb/libsharpyuv0:amd64?arch=amd64\u0026distro=noble",
      "source": {
        "source_name": "libwebp",
        "source_version": "1.3.2-0.4build3"
      }
    },
    {
      "name": "libsharpyuv0:i386",
      "version": "1.3.2-0.4build3",
      "purl": "pkg:deb/libsharpyuv0:i386?arch=i386\u0026distro=noble",
      "source": {
        "source_name": "libwebp",
        "source_version": "1.3.2-0.4build3"
      }
    },
    {
      "name": "libshine3:amd64",
      "version": "3.1.1-2build1",
      "purl": "pkg:deb/libshine3:amd64?arch=amd64\u0026distro=noble",
      "source": {
        "source_name": "shine",
        "source_version": "3.1.1-2build1"
      }
    },
    {
      "name": "libshine3:i386",
      "version": "3.1.1-2build1",
      "purl": "pkg:deb/libshine3:i386?arch=i386\u0026distro=noble",
      "source": {
        "source_name": "shine",
        "source_version": "3.1.1-2build1"
      }
    },
    {
      "name": "libshout3:amd64",
      "version": "2.4.6-1build2",
      "purl": "pkg:deb/libshout3:amd64?arch=amd64\u0026distro=noble",
      "source": {
        "source_name": "libshout",
        "source_version": "2.4.6-1build2"
      }
    },
    {
      "name": "libshout3:i386",
      "version": "2.4.6-1build2",
      "purl": "pkg:deb/libshout3:i386?arch=i386\u0026distro=noble",
      "source": {
        "source_name": "libshout",
        "source_version": "2.4.6-1build2"
      }
    },
    {
      "name": "libsidplay2",
      "version": "2.1.1-15ubuntu3",
      "purl": "pkg:deb/libsidplay2?arch=amd64\u0026distro=noble",
      "source": {
        "source_name": "sidplay-libs",
        "source_version": "2.1.1-15ubuntu3"
      }
    },
    {
      "name": "libsigc++-2.0-0v5:amd64",
      "version": "2.12.1-2",
      "purl": "pkg:deb/libsigc++-2.0-0v5:amd64?arch=amd64\u0026distro=noble",
      "source": {
        "source_name": "libsigc++-2.0",
        "source_version": "2.12.1-2"
      }
    },
    {
      "name": "libsignon-extension1:amd64",
      "version": "8.61-1ubuntu5",
      "purl": "pkg:deb/libsignon-extension1:amd64?arch=amd64\u0026distro=noble",
      "source": {
        "source_name": "signond",
        "source_version": "8.61-1ubuntu5"
      }
    },
    {
      "name": "libsignon-plugins-common1:amd64",
      "version": "8.61-1ubuntu5",
      "purl": "pkg:deb/libsignon-plugins-common1:amd64?arch=amd64\u0026distro=noble",
      "source": {
        "source_name": "signond",
        "source_version": "8.61-1ubuntu5"
      }
    },
    {
      "name": "libsignon-qt5-1:amd64",
      "version": "8.61-1ubuntu5",
      "purl": "pkg:deb/libsignon-qt5-1:amd64?arch=amd64\u0026distro=noble",
      "source": {
        "source_name": "signond",
        "source_version": "8.61-1ubuntu5"
      }
    },
    {
      "name": "libsigsegv2:amd64",
      "version": "2.14-1ubuntu2",
      "purl": "pkg:deb/libsigsegv2:amd64?arch=amd64\u0026distro=noble",
      "source": {
        "source_name": "libsigsegv",
        "source_version": "2.14-1ubuntu2"
      }
    },
    {
      "name": "libsixel1:amd64",
      "version": "1.10.3-3build1",
      "purl": "pkg:deb/libsixel1:amd64?arch=amd64\u0026distro=noble",
      "source": {
        "source_name": "libsixel",
        "source_version": "1.10.3-3build1"
      }
    },
    {
      "name": "libslang2:amd64",
      "version": "2.3.3-3build2",
      "purl": "pkg:deb/libslang2:amd64?arch=amd64\u0026distro=noble",
      "source": {
        "source_name": "slang2",
        "source_version": "2.3.3-3build2"
      }
    },
    {
      "name": "libslang2:i386",
      "version": "2.3.3-3build2",
      "purl": "pkg:deb/libslang2:i386?arch=i386\u0026distro=noble",
      "source": {
        "source_name": "slang2",
        "source_version": "2.3.3-3build2"
      }
    },
    {
      "name": "libslirp0:amd64",
      "version": "4.7.0-1ubuntu3.1",
      "purl": "pkg:deb/libslirp0:amd64?arch=amd64\u0026distro=noble",
      "source": {
        "source_name": "libslirp",
        "source_version": "4.7.0-1ubuntu3.1"
      }
    },
    {
      "name": "libsm-dev:amd64",
      "version": "2:1.2.3-1build3",
      "purl": "pkg:deb/libsm-dev:amd64?arch=amd64\u0026distro=noble",
      "source": {
        "source_name": "libsm",
        "source_version": "2:1.2.3-1build3"
      }
    },
    {
      "name": "libsm6:amd64",
      "version": "2:1.2.3-1build3",
      "purl": "pkg:deb/libsm6:amd64?arch=amd64\u0026distro=noble",
      "source": {
        "source_name": "libsm",
        "source_version": "2:1.2.3-1build3"
      }
    },
    {
      "name": "libsmartcols1:amd64",
      "version": "2.39.3-9ubuntu6.6",
      "purl": "pkg:deb/libsmartcols1:amd64?arch=amd64\u0026distro=noble",
      "source": {
        "source_name": "util-linux",
        "source_version": "2.39.3-9ubuntu6.6"
      }
    },
    {
      "name": "libsmbclient0:amd64",
      "version": "2:4.19.5+dfsg-4ubuntu9.7",
      "purl": "pkg:deb/libsmbclient0:amd64?arch=amd64\u0026distro=noble",
      "source": {
        "source_name": "samba",
        "source_version": "2:4.19.5+dfsg-4ubuntu9.7"
      }
    },
    {
      "name": "libsnapd-glib-2-1:amd64",
      "version": "1.64-0ubuntu5",
      "purl": "pkg:deb/libsnapd-glib-2-1:amd64?arch=amd64\u0026distro=noble",
      "source": {
        "source_name": "snapd-glib",
        "source_version": "1.64-0ubuntu5"
      }
    },
    {
      "name": "libsnapd-qt-2-1:amd64",
      "version": "1.64-0ubuntu5",
      "purl": "pkg:deb/libsnapd-qt-2-1:amd64?arch=amd64\u0026distro=noble",
      "source": {
        "source_name": "snapd-glib",
        "source_version": "1.64-0ubuntu5"
      }
    },
    {
      "name": "libsnappy1v5:amd64",
      "version": "1.1.10-1build1",
      "purl": "pkg:deb/libsnappy1v5:amd64?arch=amd64\u0026distro=noble",
      "source": {
        "source_name": "snappy",
        "source_version": "1.1.10-1build1"
      }
    },
    {
      "name": "libsnappy1v5:i386",
      "version": "1.1.10-1build1",
      "purl": "pkg:deb/libsnappy1v5:i386?arch=i386\u0026distro=noble",
      "source": {
        "source_name": "snappy",
        "source_version": "1.1.10-1build1"
      }
    },
    {
      "name": "libsndfile1:amd64",
      "version": "1.2.2-1ubuntu5.24.04.1",
      "purl": "pkg:deb/libsndfile1:amd64?arch=amd64\u0026distro=noble",
      "source": {
        "source_name": "libsndfile",
        "source_version": "1.2.2-1ubuntu5.24.04.1"
      }
    },
    {
      "name": "libsndfile1:i386",
      "version": "1.2.2-1ubuntu5.24.04.1",
      "purl": "pkg:deb/libsndfile1:i386?arch=i386\u0026distro=noble",
      "source": {
        "source_name": "libsndfile",
        "source_version": "1.2.2-1ubuntu5.24.04.1"
      }
    },
    {
      "name": "libsndio7.0:amd64",
      "version": "1.9.0-0.3build3",
      "purl": "pkg:deb/libsndio7.0:amd64?arch=amd64\u0026distro=noble",
      "source": {
        "source_name": "sndio",
        "source_version": "1.9.0-0.3build3"
      }
    },
    {
      "name": "libsnmp-base",
      "version": "5.9.4+dfsg-1.1ubuntu3.2",
      "purl": "pkg:deb/libsnmp-base?arch=all\u0026distro=noble",
      "source": {
        "source_name": "net-snmp",
        "source_version": "5.9.4+dfsg-1.1ubuntu3.2"
      }
    },
    {
      "name": "libsnmp40t64:amd64",
      "version": "5.9.4+dfsg-1.1ubuntu3.2",
      "purl": "pkg:deb/libsnmp40t64:amd64?arch=amd64\u0026distro=noble",
      "source": {
        "source_name": "net-snmp",
        "source_version": "5.9.4+dfsg-1.1ubuntu3.2"
      }
    },
    {
      "name": "libsocket++1:amd64",
      "version": "1.12.13+git20131030.5d039ba-1build1",
      "purl": "pkg:deb/libsocket++1:amd64?arch=amd64\u0026distro=noble",
      "source": {
        "source_name": "socket++",
        "source_version": "1.12.13+git20131030.5d039ba-1build1"
      }
    },
    {
      "name": "libsodium23:amd64",
      "version": "1.0.18-1ubuntu0.24.04.1",
      "purl": "pkg:deb/libsodium23:amd64?arch=amd64\u0026distro=noble",
      "source": {
        "source_name": "libsodium",
        "source_version": "1.0.18-1ubuntu0.24.04.1"
      }
    },
    {
      "name": "libsonic0:amd64",
      "version": "0.2.0-13build1",
      "purl": "pkg:deb/libsonic0:amd64?arch=amd64\u0026distro=noble",
      "source": {
        "source_name": "sonic",
        "source_version": "0.2.0-13build1"
      }
    },
    {
      "name": "libsord-0-0:amd64",
      "version": "0.16.16-2build1",
      "purl": "pkg:deb/libsord-0-0:amd64?arch=amd64\u0026distro=noble",
      "source": {
        "source_name": "sord",
        "source_version": "0.16.16-2build1"
      }
    },
    {
      "name": "libsoundtouch1:amd64",
      "version": "2.3.2+ds1-1build1",
      "purl": "pkg:deb/libsoundtouch1:amd64?arch=amd64\u0026distro=noble",
      "source": {
        "source_name": "soundtouch",
        "source_version": "2.3.2+ds1-1build1"
      }
    },
    {
      "name": "libsoup-2.4-1:amd64",
      "version": "2.74.3-6ubuntu1.8",
      "purl": "pkg:deb/libsoup-2.4-1:amd64?arch=amd64\u0026distro=noble",
      "source": {
        "source_name": "libsoup2.4",
        "source_version": "2.74.3-6ubuntu1.8"
      }
    },
    {
      "name": "libsoup-3.0-0:amd64",
      "version": "3.4.4-5ubuntu0.8",
      "purl": "pkg:deb/libsoup-3.0-0:amd64?arch=amd64\u0026distro=noble",
      "source": {
        "source_name": "libsoup3",
        "source_version": "3.4.4-5ubuntu0.8"
      }
    },
    {
      "name": "libsoup-3.0-0:i386",
      "version": "3.4.4-5ubuntu0.8",
      "purl": "pkg:deb/libsoup-3.0-0:i386?arch=i386\u0026distro=noble",
      "source": {
        "source_name": "libsoup3",
        "source_version": "3.4.4-5ubuntu0.8"
      }
    },
    {
      "name": "libsoup-3.0-common",
      "version": "3.4.4-5ubuntu0.8",
      "purl": "pkg:deb/libsoup-3.0-common?arch=all\u0026distro=noble",
      "source": {
        "source_name": "libsoup3",
        "source_version": "3.4.4-5ubuntu0.8"
      }
    },
    {
      "name": "libsoup2.4-common",
      "version": "2.74.3-6ubuntu1.8",
      "purl": "pkg:deb/libsoup2.4-common?arch=all\u0026distro=noble",
      "source": {
        "source_name": "libsoup2.4",
        "source_version": "2.74.3-6ubuntu1.8"
      }
    },
    {
      "name": "libsource-highlight-common",
      "version": "3.1.9-4.3build1",
      "purl": "pkg:deb/libsource-highlight-common?arch=all\u0026distro=noble",
      "source": {
        "source_name": "source-highlight",
        "source_version": "3.1.9-4.3build1"
      }
    },
    {
      "name": "libsource-highlight4t64:amd64",
      "version": "3.1.9-4.3build1",
      "purl": "pkg:deb/libsource-highlight4t64:amd64?arch=amd64\u0026distro=noble",
      "source": {
        "source_name": "source-highlight",
        "source_version": "3.1.9-4.3build1"
      }
    },
    {
      "name": "libsox-fmt-alsa:amd64",
      "version": "14.4.2+git20190427-4build4",
      "purl": "pkg:deb/libsox-fmt-alsa:amd64?arch=amd64\u0026distro=noble",
      "source": {
        "source_name": "sox",
        "source_version": "14.4.2+git20190427-4build4"
      }
    },
    {
      "name": "libsox-fmt-base:amd64",
      "version": "14.4.2+git20190427-4build4",
      "purl": "pkg:deb/libsox-fmt-base:amd64?arch=amd64\u0026distro=noble",
      "source": {
        "source_name": "sox",
        "source_version": "14.4.2+git20190427-4build4"
      }
    },
    {
      "name": "libsox3:amd64",
      "version": "14.4.2+git20190427-4build4",
      "purl": "pkg:deb/libsox3:amd64?arch=amd64\u0026distro=noble",
      "source": {
        "source_name": "sox",
        "source_version": "14.4.2+git20190427-4build4"
      }
    },
    {
      "name": "libsoxr0:amd64",
      "version": "0.1.3-4build3",
      "purl": "pkg:deb/libsoxr0:amd64?arch=amd64\u0026distro=noble",
      "source": {
        "source_name": "libsoxr",
        "source_version": "0.1.3-4build3"
      }
    },
    {
      "name": "libsoxr0:i386",
      "version": "0.1.3-4build3",
      "purl": "pkg:deb/libsoxr0:i386?arch=i386\u0026distro=noble",
      "source": {
        "source_name": "libsoxr",
        "source_version": "0.1.3-4build3"
      }
    },
    {
      "name": "libspa-0.2-bluetooth:amd64",
      "version": "1.0.5-1ubuntu3.3",
      "purl": "pkg:deb/libspa-0.2-bluetooth:amd64?arch=amd64\u0026distro=noble",
      "source": {
        "source_name": "pipewire",
        "source_version": "1.0.5-1ubuntu3.3"
      }
    },
    {
      "name": "libspa-0.2-modules:amd64",
      "version": "1.0.5-1ubuntu3.3",
      "purl": "pkg:deb/libspa-0.2-modules:amd64?arch=amd64\u0026distro=noble",
      "source": {
        "source_name": "pipewire",
        "source_version": "1.0.5-1ubuntu3.3"
      }
    },
    {
      "name": "libspandsp2t64:amd64",
      "version": "0.0.6+dfsg-2.1build1",
      "purl": "pkg:deb/libspandsp2t64:amd64?arch=amd64\u0026distro=noble",
      "source": {
        "source_name": "spandsp",
        "source_version": "0.0.6+dfsg-2.1build1"
      }
    },
    {
      "name": "libspatialaudio0t64:amd64",
      "version": "0.3.0+git20180730+dfsg1-2.1build1",
      "purl": "pkg:deb/libspatialaudio0t64:amd64?arch=amd64\u0026distro=noble",
      "source": {
        "source_name": "libspatialaudio",
        "source_version": "0.3.0+git20180730+dfsg1-2.1build1"
      }
    },
    {
      "name": "libspatialite8t64:amd64",
      "version": "5.1.0-3build1",
      "purl": "pkg:deb/libspatialite8t64:amd64?arch=amd64\u0026distro=noble",
      "source": {
        "source_name": "spatialite",
        "source_version": "5.1.0-3build1"
      }
    },
    {
      "name": "libspdlog1.12:amd64",
      "version": "1:1.12.0+ds-2build1",
      "purl": "pkg:deb/libspdlog1.12:amd64?arch=amd64\u0026distro=noble",
      "source": {
        "source_name": "spdlog",
        "source_version": "1:1.12.0+ds-2build1"
      }
    },
    {
      "name": "libspectre1:amd64",
      "version": "0.2.12-1build2",
      "purl": "pkg:deb/libspectre1:amd64?arch=amd64\u0026distro=noble",
      "source": {
        "source_name": "libspectre",
        "source_version": "0.2.12-1build2"
      }
    },
    {
      "name": "libspeechd2:amd64",
      "version": "0.12.0~rc2-2build3",
      "purl": "pkg:deb/libspeechd2:amd64?arch=amd64\u0026distro=noble",
      "source": {
        "source_name": "speech-dispatcher",
        "source_version": "0.12.0~rc2-2build3"
      }
    },
    {
      "name": "libspeex1:amd64",
      "version": "1.2.1-2ubuntu2.24.04.1",
      "purl": "pkg:deb/libspeex1:amd64?arch=amd64\u0026distro=noble",
      "source": {
        "source_name": "speex",
        "source_version": "1.2.1-2ubuntu2.24.04.1"
      }
    },
    {
      "name": "libspeex1:i386",
      "version": "1.2.1-2ubuntu2.24.04.1",
      "purl": "pkg:deb/libspeex1:i386?arch=i386\u0026distro=noble",
      "source": {
        "source_name": "speex",
        "source_version": "1.2.1-2ubuntu2.24.04.1"
      }
    },
    {
      "name": "libspeexdsp1:amd64",
      "version": "1.2.1-1ubuntu3",
      "purl": "pkg:deb/libspeexdsp1:amd64?arch=amd64\u0026distro=noble",
      "source": {
        "source_name": "speexdsp",
        "source_version": "1.2.1-1ubuntu3"
      }
    },
    {
      "name": "libspeexdsp1:i386",
      "version": "1.2.1-1ubuntu3",
      "purl": "pkg:deb/libspeexdsp1:i386?arch=i386\u0026distro=noble",
      "source": {
        "source_name": "speexdsp",
        "source_version": "1.2.1-1ubuntu3"
      }
    },
    {
      "name": "libsphinxbase3t64:amd64",
      "version": "0.8+5prealpha+1-17build2",
      "purl": "pkg:deb/libsphinxbase3t64:amd64?arch=amd64\u0026distro=noble",
      "source": {
        "source_name": "sphinxbase",
        "source_version": "0.8+5prealpha+1-17build2"
      }
    },
    {
      "name": "libspice-client-glib-2.0-8:amd64",
      "version": "0.42-2ubuntu2",
      "purl": "pkg:deb/libspice-client-glib-2.0-8:amd64?arch=amd64\u0026distro=noble",
      "source": {
        "source_name": "spice-gtk",
        "source_version": "0.42-2ubuntu2"
      }
    },
    {
      "name": "libspice-client-gtk-3.0-5:amd64",
      "version": "0.42-2ubuntu2",
      "purl": "pkg:deb/libspice-client-gtk-3.0-5:amd64?arch=amd64\u0026distro=noble",
      "source": {
        "source_name": "spice-gtk",
        "source_version": "0.42-2ubuntu2"
      }
    },
    {
      "name": "libspice-server1:amd64",
      "version": "0.15.1-1build2",
      "purl": "pkg:deb/libspice-server1:amd64?arch=amd64\u0026distro=noble",
      "source": {
        "source_name": "spice",
        "source_version": "0.15.1-1build2"
      }
    },
    {
      "name": "libspnav0",
      "version": "1.1-2",
      "purl": "pkg:deb/libspnav0?arch=amd64\u0026distro=noble",
      "source": {
        "source_name": "libspnav",
        "source_version": "1.1-2"
      }
    },
    {
      "name": "libsqlite3-0:amd64",
      "version": "3.45.1-1ubuntu2.8",
      "purl": "pkg:deb/libsqlite3-0:amd64?arch=amd64\u0026distro=noble",
      "source": {
        "source_name": "sqlite3",
        "source_version": "3.45.1-1ubuntu2.8"
      }
    },
    {
      "name": "libsqlite3-0:i386",
      "version": "3.45.1-1ubuntu2.8",
      "purl": "pkg:deb/libsqlite3-0:i386?arch=i386\u0026distro=noble",
      "source": {
        "source_name": "sqlite3",
        "source_version": "3.45.1-1ubuntu2.8"
      }
    },
    {
      "name": "libsquashfuse0:amd64",
      "version": "0.5.0-2build1",
      "purl": "pkg:deb/libsquashfuse0:amd64?arch=amd64\u0026distro=noble",
      "source": {
        "source_name": "squashfuse",
        "source_version": "0.5.0-2build1"
      }
    },
    {
      "name": "libsratom-0-0:amd64",
      "version": "0.6.16-1build1",
      "purl": "pkg:deb/libsratom-0-0:amd64?arch=amd64\u0026distro=noble",
      "source": {
        "source_name": "sratom",
        "source_version": "0.6.16-1build1"
      }
    },
    {
      "name": "libsrt1.5-gnutls:amd64",
      "version": "1.5.3-1build2",
      "purl": "pkg:deb/libsrt1.5-gnutls:amd64?arch=amd64\u0026distro=noble",
      "source": {
        "source_name": "srt",
        "source_version": "1.5.3-1build2"
      }
    },
    {
      "name": "libsrt1.5-openssl:amd64",
      "version": "1.5.3-1build2",
      "purl": "pkg:deb/libsrt1.5-openssl:amd64?arch=amd64\u0026distro=noble",
      "source": {
        "source_name": "srt",
        "source_version": "1.5.3-1build2"
      }
    },
    {
      "name": "libsrtp2-1:amd64",
      "version": "2.5.0-3build1",
      "purl": "pkg:deb/libsrtp2-1:amd64?arch=amd64\u0026distro=noble",
      "source": {
        "source_name": "libsrtp2",
        "source_version": "2.5.0-3build1"
      }
    },
    {
      "name": "libss2:amd64",
      "version": "1.47.0-2.4~exp1ubuntu4.1",
      "purl": "pkg:deb/libss2:amd64?arch=amd64\u0026distro=noble",
      "source": {
        "source_name": "e2fsprogs",
        "source_version": "1.47.0-2.4~exp1ubuntu4.1"
      }
    },
    {
      "name": "libssh-4:amd64",
      "version": "0.10.6-2ubuntu0.5",
      "purl": "pkg:deb/libssh-4:amd64?arch=amd64\u0026distro=noble",
      "source": {
        "source_name": "libssh",
        "source_version": "0.10.6-2ubuntu0.5"
      }
    },
    {
      "name": "libssh-4:i386",
      "version": "0.10.6-2ubuntu0.5",
      "purl": "pkg:deb/libssh-4:i386?arch=i386\u0026distro=noble",
      "source": {
        "source_name": "libssh",
        "source_version": "0.10.6-2ubuntu0.5"
      }
    },
    {
      "name": "libssh-gcrypt-4:amd64",
      "version": "0.10.6-2ubuntu0.5",
      "purl": "pkg:deb/libssh-gcrypt-4:amd64?arch=amd64\u0026distro=noble",
      "source": {
        "source_name": "libssh",
        "source_version": "0.10.6-2ubuntu0.5"
      }
    },
    {
      "name": "libssh2-1t64:amd64",
      "version": "1.11.0-4.1ubuntu0.24.04.4",
      "purl": "pkg:deb/libssh2-1t64:amd64?arch=amd64\u0026distro=noble",
      "source": {
        "source_name": "libssh2",
        "source_version": "1.11.0-4.1ubuntu0.24.04.4"
      }
    },
    {
      "name": "libssl-dev:amd64",
      "version": "3.0.13-0ubuntu3.16",
      "purl": "pkg:deb/libssl-dev:amd64?arch=amd64\u0026distro=noble",
      "source": {
        "source_name": "openssl",
        "source_version": "3.0.13-0ubuntu3.16"
      }
    },
    {
      "name": "libssl1.1:amd64",
      "version": "1.1.0g-2ubuntu4",
      "purl": "pkg:deb/libssl1.1:amd64?arch=amd64\u0026distro=noble",
      "source": {
        "source_name": "openssl",
        "source_version": "1.1.0g-2ubuntu4"
      }
    },
    {
      "name": "libssl3t64:amd64",
      "version": "3.0.13-0ubuntu3.16",
      "purl": "pkg:deb/libssl3t64:amd64?arch=amd64\u0026distro=noble",
      "source": {
        "source_name": "openssl",
        "source_version": "3.0.13-0ubuntu3.16"
      }
    },
    {
      "name": "libssl3t64:i386",
      "version": "3.0.13-0ubuntu3.16",
      "purl": "pkg:deb/libssl3t64:i386?arch=i386\u0026distro=noble",
      "source": {
        "source_name": "openssl",
        "source_version": "3.0.13-0ubuntu3.16"
      }
    },
    {
      "name": "libstartup-notification0:amd64",
      "version": "0.12-6build3",
      "purl": "pkg:deb/libstartup-notification0:amd64?arch=amd64\u0026distro=noble",
      "source": {
        "source_name": "startup-notification",
        "source_version": "0.12-6build3"
      }
    },
    {
      "name": "libstdc++-13-dev:amd64",
      "version": "13.3.0-6ubuntu2~24.04.1",
      "purl": "pkg:deb/libstdc++-13-dev:amd64?arch=amd64\u0026distro=noble",
      "source": {
        "source_name": "gcc-13",
        "source_version": "13.3.0-6ubuntu2~24.04.1"
      }
    },
    {
      "name": "libstdc++6:amd64",
      "version": "14.2.0-4ubuntu2~24.04.1",
      "purl": "pkg:deb/libstdc++6:amd64?arch=amd64\u0026distro=noble",
      "source": {
        "source_name": "gcc-14",
        "source_version": "14.2.0-4ubuntu2~24.04.1"
      }
    },
    {
      "name": "libstdc++6:i386",
      "version": "14.2.0-4ubuntu2~24.04.1",
      "purl": "pkg:deb/libstdc++6:i386?arch=i386\u0026distro=noble",
      "source": {
        "source_name": "gcc-14",
        "source_version": "14.2.0-4ubuntu2~24.04.1"
      }
    },
    {
      "name": "libstemmer0d:amd64",
      "version": "2.2.0-4build1",
      "purl": "pkg:deb/libstemmer0d:amd64?arch=amd64\u0026distro=noble",
      "source": {
        "source_name": "snowball",
        "source_version": "2.2.0-4build1"
      }
    },
    {
      "name": "libstoken1t64:amd64",
      "version": "0.92-1.1build2",
      "purl": "pkg:deb/libstoken1t64:amd64?arch=amd64\u0026distro=noble",
      "source": {
        "source_name": "stoken",
        "source_version": "0.92-1.1build2"
      }
    },
    {
      "name": "libsuil-0-0:amd64",
      "version": "0.10.20-1build1",
      "purl": "pkg:deb/libsuil-0-0:amd64?arch=amd64\u0026distro=noble",
      "source": {
        "source_name": "suil",
        "source_version": "0.10.20-1build1"
      }
    },
    {
      "name": "libsuitesparseconfig7:amd64",
      "version": "1:7.6.1+dfsg-1build1",
      "purl": "pkg:deb/libsuitesparseconfig7:amd64?arch=amd64\u0026distro=noble",
      "source": {
        "source_name": "suitesparse",
        "source_version": "1:7.6.1+dfsg-1build1"
      }
    },
    {
      "name": "libsuperlu6:amd64",
      "version": "6.0.1+dfsg1-1build1",
      "purl": "pkg:deb/libsuperlu6:amd64?arch=amd64\u0026distro=noble",
      "source": {
        "source_name": "superlu",
        "source_version": "6.0.1+dfsg1-1build1"
      }
    },
    {
      "name": "libsvtav1enc1d1:amd64",
      "version": "1.7.0+dfsg-2build1",
      "purl": "pkg:deb/libsvtav1enc1d1:amd64?arch=amd64\u0026distro=noble",
      "source": {
        "source_name": "svt-av1",
        "source_version": "1.7.0+dfsg-2build1"
      }
    },
    {
      "name": "libsvtav1enc1d1:i386",
      "version": "1.7.0+dfsg-2build1",
      "purl": "pkg:deb/libsvtav1enc1d1:i386?arch=i386\u0026distro=noble",
      "source": {
        "source_name": "svt-av1",
        "source_version": "1.7.0+dfsg-2build1"
      }
    },
    {
      "name": "libswresample4:amd64",
      "version": "7:6.1.1-3ubuntu5",
      "purl": "pkg:deb/libswresample4:amd64?arch=amd64\u0026distro=noble",
      "source": {
        "source_name": "ffmpeg",
        "source_version": "7:6.1.1-3ubuntu5"
      }
    },
    {
      "name": "libswresample4:i386",
      "version": "7:6.1.1-3ubuntu5",
      "purl": "pkg:deb/libswresample4:i386?arch=i386\u0026distro=noble",
      "source": {
        "source_name": "ffmpeg",
        "source_version": "7:6.1.1-3ubuntu5"
      }
    },
    {
      "name": "libswscale7:amd64",
      "version": "7:6.1.1-3ubuntu5",
      "purl": "pkg:deb/libswscale7:amd64?arch=amd64\u0026distro=noble",
      "source": {
        "source_name": "ffmpeg",
        "source_version": "7:6.1.1-3ubuntu5"
      }
    },
    {
      "name": "libsystemd-shared:amd64",
      "version": "255.4-1ubuntu8.17",
      "purl": "pkg:deb/libsystemd-shared:amd64?arch=amd64\u0026distro=noble",
      "source": {
        "source_name": "systemd",
        "source_version": "255.4-1ubuntu8.17"
      }
    },
    {
      "name": "libsystemd0:amd64",
      "version": "255.4-1ubuntu8.17",
      "purl": "pkg:deb/libsystemd0:amd64?arch=amd64\u0026distro=noble",
      "source": {
        "source_name": "systemd",
        "source_version": "255.4-1ubuntu8.17"
      }
    },
    {
      "name": "libsystemd0:i386",
      "version": "255.4-1ubuntu8.17",
      "purl": "pkg:deb/libsystemd0:i386?arch=i386\u0026distro=noble",
      "source": {
        "source_name": "systemd",
        "source_version": "255.4-1ubuntu8.17"
      }
    },
    {
      "name": "libsz2:amd64",
      "version": "1.1.2-1build1",
      "purl": "pkg:deb/libsz2:amd64?arch=amd64\u0026distro=noble",
      "source": {
        "source_name": "libaec",
        "source_version": "1.1.2-1build1"
      }
    },
    {
      "name": "libtag1v5:amd64",
      "version": "1.13.1-1build1",
      "purl": "pkg:deb/libtag1v5:amd64?arch=amd64\u0026distro=noble",
      "source": {
        "source_name": "taglib",
        "source_version": "1.13.1-1build1"
      }
    },
    {
      "name": "libtag1v5:i386",
      "version": "1.13.1-1build1",
      "purl": "pkg:deb/libtag1v5:i386?arch=i386\u0026distro=noble",
      "source": {
        "source_name": "taglib",
        "source_version": "1.13.1-1build1"
      }
    },
    {
      "name": "libtag1v5-vanilla:amd64",
      "version": "1.13.1-1build1",
      "purl": "pkg:deb/libtag1v5-vanilla:amd64?arch=amd64\u0026distro=noble",
      "source": {
        "source_name": "taglib",
        "source_version": "1.13.1-1build1"
      }
    },
    {
      "name": "libtag1v5-vanilla:i386",
      "version": "1.13.1-1build1",
      "purl": "pkg:deb/libtag1v5-vanilla:i386?arch=i386\u0026distro=noble",
      "source": {
        "source_name": "taglib",
        "source_version": "1.13.1-1build1"
      }
    },
    {
      "name": "libtalloc2:amd64",
      "version": "2.4.2-1build2",
      "purl": "pkg:deb/libtalloc2:amd64?arch=amd64\u0026distro=noble",
      "source": {
        "source_name": "talloc",
        "source_version": "2.4.2-1build2"
      }
    },
    {
      "name": "libtaskmanager6",
      "version": "4:5.27.12-0ubuntu0.1",
      "purl": "pkg:deb/libtaskmanager6?arch=amd64\u0026distro=noble",
      "source": {
        "source_name": "plasma-workspace",
        "source_version": "4:5.27.12-0ubuntu0.1"
      }
    },
    {
      "name": "libtasn1-6:amd64",
      "version": "4.19.0-3ubuntu0.24.04.2",
      "purl": "pkg:deb/libtasn1-6:amd64?arch=amd64\u0026distro=noble",
      "source": {
        "source_name": "",
        "source_version": ""
      }
    },
    {
      "name": "libtasn1-6:i386",
      "version": "4.19.0-3ubuntu0.24.04.2",
      "purl": "pkg:deb/libtasn1-6:i386?arch=i386\u0026distro=noble",
      "source": {
        "source_name": "",
        "source_version": ""
      }
    },
    {
      "name": "libtbb12:amd64",
      "version": "2021.11.0-2ubuntu2",
      "purl": "pkg:deb/libtbb12:amd64?arch=amd64\u0026distro=noble",
      "source": {
        "source_name": "onetbb",
        "source_version": "2021.11.0-2ubuntu2"
      }
    },
    {
      "name": "libtbbbind-2-5:amd64",
      "version": "2021.11.0-2ubuntu2",
      "purl": "pkg:deb/libtbbbind-2-5:amd64?arch=amd64\u0026distro=noble",
      "source": {
        "source_name": "onetbb",
        "source_version": "2021.11.0-2ubuntu2"
      }
    },
    {
      "name": "libtbbmalloc2:amd64",
      "version": "2021.11.0-2ubuntu2",
      "purl": "pkg:deb/libtbbmalloc2:amd64?arch=amd64\u0026distro=noble",
      "source": {
        "source_name": "onetbb",
        "source_version": "2021.11.0-2ubuntu2"
      }
    },
    {
      "name": "libtcl8.6:amd64",
      "version": "8.6.14+dfsg-1build1",
      "purl": "pkg:deb/libtcl8.6:amd64?arch=amd64\u0026distro=noble",
      "source": {
        "source_name": "tcl8.6",
        "source_version": "8.6.14+dfsg-1build1"
      }
    },
    {
      "name": "libtdb1:amd64",
      "version": "1.4.10-1build1",
      "purl": "pkg:deb/libtdb1:amd64?arch=amd64\u0026distro=noble",
      "source": {
        "source_name": "tdb",
        "source_version": "1.4.10-1build1"
      }
    },
    {
      "name": "libteamdctl0:amd64",
      "version": "1.31-1build3",
      "purl": "pkg:deb/libteamdctl0:amd64?arch=amd64\u0026distro=noble",
      "source": {
        "source_name": "libteam",
        "source_version": "1.31-1build3"
      }
    },
    {
      "name": "libtesseract5:amd64",
      "version": "5.3.4-1build5",
      "purl": "pkg:deb/libtesseract5:amd64?arch=amd64\u0026distro=noble",
      "source": {
        "source_name": "tesseract",
        "source_version": "5.3.4-1build5"
      }
    },
    {
      "name": "libtevent0t64:amd64",
      "version": "0.16.1-2build1",
      "purl": "pkg:deb/libtevent0t64:amd64?arch=amd64\u0026distro=noble",
      "source": {
        "source_name": "tevent",
        "source_version": "0.16.1-2build1"
      }
    },
    {
      "name": "libtext-charwidth-perl:amd64",
      "version": "0.04-11build3",
      "purl": "pkg:deb/libtext-charwidth-perl:amd64?arch=amd64\u0026distro=noble",
      "source": {
        "source_name": "",
        "source_version": ""
      }
    },
    {
      "name": "libtext-iconv-perl:amd64",
      "version": "1.7-8build3",
      "purl": "pkg:deb/libtext-iconv-perl:amd64?arch=amd64\u0026distro=noble",
      "source": {
        "source_name": "",
        "source_version": ""
      }
    },
    {
      "name": "libtext-wrapi18n-perl",
      "version": "0.06-10",
      "purl": "pkg:deb/libtext-wrapi18n-perl?arch=all\u0026distro=noble",
      "source": {
        "source_name": "",
        "source_version": ""
      }
    },
    {
      "name": "libthai-data",
      "version": "0.1.29-2build1",
      "purl": "pkg:deb/libthai-data?arch=all\u0026distro=noble",
      "source": {
        "source_name": "libthai",
        "source_version": "0.1.29-2build1"
      }
    },
    {
      "name": "libthai0:amd64",
      "version": "0.1.29-2build1",
      "purl": "pkg:deb/libthai0:amd64?arch=amd64\u0026distro=noble",
      "source": {
        "source_name": "libthai",
        "source_version": "0.1.29-2build1"
      }
    },
    {
      "name": "libthai0:i386",
      "version": "0.1.29-2build1",
      "purl": "pkg:deb/libthai0:i386?arch=i386\u0026distro=noble",
      "source": {
        "source_name": "libthai",
        "source_version": "0.1.29-2build1"
      }
    },
    {
      "name": "libtheora0:amd64",
      "version": "1.1.1+dfsg.1-16.1build3",
      "purl": "pkg:deb/libtheora0:amd64?arch=amd64\u0026distro=noble",
      "source": {
        "source_name": "libtheora",
        "source_version": "1.1.1+dfsg.1-16.1build3"
      }
    },
    {
      "name": "libtheora0:i386",
      "version": "1.1.1+dfsg.1-16.1build3",
      "purl": "pkg:deb/libtheora0:i386?arch=i386\u0026distro=noble",
      "source": {
        "source_name": "libtheora",
        "source_version": "1.1.1+dfsg.1-16.1build3"
      }
    },
    {
      "name": "libtie-ixhash-perl",
      "version": "1.23-4",
      "purl": "pkg:deb/libtie-ixhash-perl?arch=all\u0026distro=noble",
      "source": {
        "source_name": "",
        "source_version": ""
      }
    },
    {
      "name": "libtiff6:amd64",
      "version": "4.5.1+git230720-4ubuntu2.5",
      "purl": "pkg:deb/libtiff6:amd64?arch=amd64\u0026distro=noble",
      "source": {
        "source_name": "tiff",
        "source_version": "4.5.1+git230720-4ubuntu2.5"
      }
    },
    {
      "name": "libtiff6:i386",
      "version": "4.5.1+git230720-4ubuntu2.5",
      "purl": "pkg:deb/libtiff6:i386?arch=i386\u0026distro=noble",
      "source": {
        "source_name": "tiff",
        "source_version": "4.5.1+git230720-4ubuntu2.5"
      }
    },
    {
      "name": "libtimedate-perl",
      "version": "2.3300-2",
      "purl": "pkg:deb/libtimedate-perl?arch=all\u0026distro=noble",
      "source": {
        "source_name": "",
        "source_version": ""
      }
    },
    {
      "name": "libtinfo6:amd64",
      "version": "6.4+20240113-1ubuntu2.2",
      "purl": "pkg:deb/libtinfo6:amd64?arch=amd64\u0026distro=noble",
      "source": {
        "source_name": "ncurses",
        "source_version": "6.4+20240113-1ubuntu2.2"
      }
    },
    {
      "name": "libtinfo6:i386",
      "version": "6.4+20240113-1ubuntu2.2",
      "purl": "pkg:deb/libtinfo6:i386?arch=i386\u0026distro=noble",
      "source": {
        "source_name": "ncurses",
        "source_version": "6.4+20240113-1ubuntu2.2"
      }
    },
    {
      "name": "libtinyxml2.6.2v5:amd64",
      "version": "2.6.2-6.1",
      "purl": "pkg:deb/libtinyxml2.6.2v5:amd64?arch=amd64\u0026distro=noble",
      "source": {
        "source_name": "tinyxml",
        "source_version": "2.6.2-6.1"
      }
    },
    {
      "name": "libtirpc-common",
      "version": "1.3.4+ds-1.1build1",
      "purl": "pkg:deb/libtirpc-common?arch=all\u0026distro=noble",
      "source": {
        "source_name": "libtirpc",
        "source_version": "1.3.4+ds-1.1build1"
      }
    },
    {
      "name": "libtirpc3t64:amd64",
      "version": "1.3.4+ds-1.1build1",
      "purl": "pkg:deb/libtirpc3t64:amd64?arch=amd64\u0026distro=noble",
      "source": {
        "source_name": "libtirpc",
        "source_version": "1.3.4+ds-1.1build1"
      }
    },
    {
      "name": "libtk8.6:amd64",
      "version": "8.6.14-1build1",
      "purl": "pkg:deb/libtk8.6:amd64?arch=amd64\u0026distro=noble",
      "source": {
        "source_name": "tk8.6",
        "source_version": "8.6.14-1build1"
      }
    },
    {
      "name": "libtomcrypt1:amd64",
      "version": "1.18.2+dfsg-7build1",
      "purl": "pkg:deb/libtomcrypt1:amd64?arch=amd64\u0026distro=noble",
      "source": {
        "source_name": "libtomcrypt",
        "source_version": "1.18.2+dfsg-7build1"
      }
    },
    {
      "name": "libtommath1:amd64",
      "version": "1.2.1-2build1",
      "purl": "pkg:deb/libtommath1:amd64?arch=amd64\u0026distro=noble",
      "source": {
        "source_name": "libtommath",
        "source_version": "1.2.1-2build1"
      }
    },
    {
      "name": "libtorrent-rasterbar2.0t64:amd64",
      "version": "2.0.10-1.1build2",
      "purl": "pkg:deb/libtorrent-rasterbar2.0t64:amd64?arch=amd64\u0026distro=noble",
      "source": {
        "source_name": "libtorrent-rasterbar",
        "source_version": "2.0.10-1.1build2"
      }
    },
    {
      "name": "libtpms0:amd64",
      "version": "0.9.3-0ubuntu4.24.04.1",
      "purl": "pkg:deb/libtpms0:amd64?arch=amd64\u0026distro=noble",
      "source": {
        "source_name": "libtpms",
        "source_version": "0.9.3-0ubuntu4.24.04.1"
      }
    },
    {
      "name": "libtraceevent1:amd64",
      "version": "1:1.8.2-1ubuntu2.1",
      "purl": "pkg:deb/libtraceevent1:amd64?arch=amd64\u0026distro=noble",
      "source": {
        "source_name": "libtraceevent",
        "source_version": "1:1.8.2-1ubuntu2.1"
      }
    },
    {
      "name": "libtraceevent1-plugin:amd64",
      "version": "1:1.8.2-1ubuntu2.1",
      "purl": "pkg:deb/libtraceevent1-plugin:amd64?arch=amd64\u0026distro=noble",
      "source": {
        "source_name": "libtraceevent",
        "source_version": "1:1.8.2-1ubuntu2.1"
      }
    },
    {
      "name": "libtracefs1:amd64",
      "version": "1.8.0-1ubuntu1",
      "purl": "pkg:deb/libtracefs1:amd64?arch=amd64\u0026distro=noble",
      "source": {
        "source_name": "libtracefs",
        "source_version": "1.8.0-1ubuntu1"
      }
    },
    {
      "name": "libtry-tiny-perl",
      "version": "0.31-2",
      "purl": "pkg:deb/libtry-tiny-perl?arch=all\u0026distro=noble",
      "source": {
        "source_name": "",
        "source_version": ""
      }
    },
    {
      "name": "libts0t64:amd64",
      "version": "1.22-1.1build1",
      "purl": "pkg:deb/libts0t64:amd64?arch=amd64\u0026distro=noble",
      "source": {
        "source_name": "tslib",
        "source_version": "1.22-1.1build1"
      }
    },
    {
      "name": "libtsan2:amd64",
      "version": "14.2.0-4ubuntu2~24.04.1",
      "purl": "pkg:deb/libtsan2:amd64?arch=amd64\u0026distro=noble",
      "source": {
        "source_name": "gcc-14",
        "source_version": "14.2.0-4ubuntu2~24.04.1"
      }
    },
    {
      "name": "libtsk19t64:amd64",
      "version": "4.12.1+dfsg-1.1ubuntu2",
      "purl": "pkg:deb/libtsk19t64:amd64?arch=amd64\u0026distro=noble",
      "source": {
        "source_name": "sleuthkit",
        "source_version": "4.12.1+dfsg-1.1ubuntu2"
      }
    },
    {
      "name": "libtss2-esys-3.0.2-0t64:amd64",
      "version": "4.0.1-7.1ubuntu5.1",
      "purl": "pkg:deb/libtss2-esys-3.0.2-0t64:amd64?arch=amd64\u0026distro=noble",
      "source": {
        "source_name": "tpm2-tss",
        "source_version": "4.0.1-7.1ubuntu5.1"
      }
    },
    {
      "name": "libtss2-mu-4.0.1-0t64:amd64",
      "version": "4.0.1-7.1ubuntu5.1",
      "purl": "pkg:deb/libtss2-mu-4.0.1-0t64:amd64?arch=amd64\u0026distro=noble",
      "source": {
        "source_name": "tpm2-tss",
        "source_version": "4.0.1-7.1ubuntu5.1"
      }
    },
    {
      "name": "libtss2-rc0t64:amd64",
      "version": "4.0.1-7.1ubuntu5.1",
      "purl": "pkg:deb/libtss2-rc0t64:amd64?arch=amd64\u0026distro=noble",
      "source": {
        "source_name": "tpm2-tss",
        "source_version": "4.0.1-7.1ubuntu5.1"
      }
    },
    {
      "name": "libtss2-sys1t64:amd64",
      "version": "4.0.1-7.1ubuntu5.1",
      "purl": "pkg:deb/libtss2-sys1t64:amd64?arch=amd64\u0026distro=noble",
      "source": {
        "source_name": "tpm2-tss",
        "source_version": "4.0.1-7.1ubuntu5.1"
      }
    },
    {
      "name": "libtss2-tcti-cmd0t64:amd64",
      "version": "4.0.1-7.1ubuntu5.1",
      "purl": "pkg:deb/libtss2-tcti-cmd0t64:amd64?arch=amd64\u0026distro=noble",
      "source": {
        "source_name": "tpm2-tss",
        "source_version": "4.0.1-7.1ubuntu5.1"
      }
    },
    {
      "name": "libtss2-tcti-device0t64:amd64",
      "version": "4.0.1-7.1ubuntu5.1",
      "purl": "pkg:deb/libtss2-tcti-device0t64:amd64?arch=amd64\u0026distro=noble",
      "source": {
        "source_name": "tpm2-tss",
        "source_version": "4.0.1-7.1ubuntu5.1"
      }
    },
    {
      "name": "libtss2-tcti-libtpms0t64:amd64",
      "version": "4.0.1-7.1ubuntu5.1",
      "purl": "pkg:deb/libtss2-tcti-libtpms0t64:amd64?arch=amd64\u0026distro=noble",
      "source": {
        "source_name": "tpm2-tss",
        "source_version": "4.0.1-7.1ubuntu5.1"
      }
    },
    {
      "name": "libtss2-tcti-mssim0t64:amd64",
      "version": "4.0.1-7.1ubuntu5.1",
      "purl": "pkg:deb/libtss2-tcti-mssim0t64:amd64?arch=amd64\u0026distro=noble",
      "source": {
        "source_name": "tpm2-tss",
        "source_version": "4.0.1-7.1ubuntu5.1"
      }
    },
    {
      "name": "libtss2-tcti-spi-helper0t64:amd64",
      "version": "4.0.1-7.1ubuntu5.1",
      "purl": "pkg:deb/libtss2-tcti-spi-helper0t64:amd64?arch=amd64\u0026distro=noble",
      "source": {
        "source_name": "tpm2-tss",
        "source_version": "4.0.1-7.1ubuntu5.1"
      }
    },
    {
      "name": "libtss2-tcti-swtpm0t64:amd64",
      "version": "4.0.1-7.1ubuntu5.1",
      "purl": "pkg:deb/libtss2-tcti-swtpm0t64:amd64?arch=amd64\u0026distro=noble",
      "source": {
        "source_name": "tpm2-tss",
        "source_version": "4.0.1-7.1ubuntu5.1"
      }
    },
    {
      "name": "libtss2-tctildr0t64:amd64",
      "version": "4.0.1-7.1ubuntu5.1",
      "purl": "pkg:deb/libtss2-tctildr0t64:amd64?arch=amd64\u0026distro=noble",
      "source": {
        "source_name": "tpm2-tss",
        "source_version": "4.0.1-7.1ubuntu5.1"
      }
    },
    {
      "name": "libtwolame0:amd64",
      "version": "0.4.0-2build3",
      "purl": "pkg:deb/libtwolame0:amd64?arch=amd64\u0026distro=noble",
      "source": {
        "source_name": "twolame",
        "source_version": "0.4.0-2build3"
      }
    },
    {
      "name": "libtwolame0:i386",
      "version": "0.4.0-2build3",
      "purl": "pkg:deb/libtwolame0:i386?arch=i386\u0026distro=noble",
      "source": {
        "source_name": "twolame",
        "source_version": "0.4.0-2build3"
      }
    },
    {
      "name": "libu2f-udev",
      "version": "1.1.10-3build3",
      "purl": "pkg:deb/libu2f-udev?arch=all\u0026distro=noble",
      "source": {
        "source_name": "libu2f-host",
        "source_version": "1.1.10-3build3"
      }
    },
    {
      "name": "libubsan1:amd64",
      "version": "14.2.0-4ubuntu2~24.04.1",
      "purl": "pkg:deb/libubsan1:amd64?arch=amd64\u0026distro=noble",
      "source": {
        "source_name": "gcc-14",
        "source_version": "14.2.0-4ubuntu2~24.04.1"
      }
    },
    {
      "name": "libuchardet0:amd64",
      "version": "0.0.8-1build1",
      "purl": "pkg:deb/libuchardet0:amd64?arch=amd64\u0026distro=noble",
      "source": {
        "source_name": "uchardet",
        "source_version": "0.0.8-1build1"
      }
    },
    {
      "name": "libucx0:amd64",
      "version": "1.16.0+ds-5ubuntu1",
      "purl": "pkg:deb/libucx0:amd64?arch=amd64\u0026distro=noble",
      "source": {
        "source_name": "ucx",
        "source_version": "1.16.0+ds-5ubuntu1"
      }
    },
    {
      "name": "libudev1:amd64",
      "version": "255.4-1ubuntu8.17",
      "purl": "pkg:deb/libudev1:amd64?arch=amd64\u0026distro=noble",
      "source": {
        "source_name": "systemd",
        "source_version": "255.4-1ubuntu8.17"
      }
    },
    {
      "name": "libudev1:i386",
      "version": "255.4-1ubuntu8.17",
      "purl": "pkg:deb/libudev1:i386?arch=i386\u0026distro=noble",
      "source": {
        "source_name": "systemd",
        "source_version": "255.4-1ubuntu8.17"
      }
    },
    {
      "name": "libudfread0:amd64",
      "version": "1.1.2-1build1",
      "purl": "pkg:deb/libudfread0:amd64?arch=amd64\u0026distro=noble",
      "source": {
        "source_name": "libudfread",
        "source_version": "1.1.2-1build1"
      }
    },
    {
      "name": "libudisks2-0:amd64",
      "version": "2.10.1-6ubuntu1.5",
      "purl": "pkg:deb/libudisks2-0:amd64?arch=amd64\u0026distro=noble",
      "source": {
        "source_name": "udisks2",
        "source_version": "2.10.1-6ubuntu1.5"
      }
    },
    {
      "name": "libunbound8:amd64",
      "version": "1.19.2-1ubuntu3.9",
      "purl": "pkg:deb/libunbound8:amd64?arch=amd64\u0026distro=noble",
      "source": {
        "source_name": "unbound",
        "source_version": "1.19.2-1ubuntu3.9"
      }
    },
    {
      "name": "libunibreak5:amd64",
      "version": "5.1-2build1",
      "purl": "pkg:deb/libunibreak5:amd64?arch=amd64\u0026distro=noble",
      "source": {
        "source_name": "libunibreak",
        "source_version": "5.1-2build1"
      }
    },
    {
      "name": "libuniconf4.6t64",
      "version": "4.6.1-17.1build2",
      "purl": "pkg:deb/libuniconf4.6t64?arch=amd64\u0026distro=noble",
      "source": {
        "source_name": "wvstreams",
        "source_version": "4.6.1-17.1build2"
      }
    },
    {
      "name": "libunistring5:amd64",
      "version": "1.1-2build1.1",
      "purl": "pkg:deb/libunistring5:amd64?arch=amd64\u0026distro=noble",
      "source": {
        "source_name": "libunistring",
        "source_version": "1.1-2build1.1"
      }
    },
    {
      "name": "libunistring5:i386",
      "version": "1.1-2build1.1",
      "purl": "pkg:deb/libunistring5:i386?arch=i386\u0026distro=noble",
      "source": {
        "source_name": "libunistring",
        "source_version": "1.1-2build1.1"
      }
    },
    {
      "name": "libuno-cppu3t64",
      "version": "4:24.2.7-0ubuntu0.24.04.6",
      "purl": "pkg:deb/libuno-cppu3t64?arch=amd64\u0026distro=noble",
      "source": {
        "source_name": "libreoffice",
        "source_version": "4:24.2.7-0ubuntu0.24.04.6"
      }
    },
    {
      "name": "libuno-cppuhelpergcc3-3t64",
      "version": "4:24.2.7-0ubuntu0.24.04.6",
      "purl": "pkg:deb/libuno-cppuhelpergcc3-3t64?arch=amd64\u0026distro=noble",
      "source": {
        "source_name": "libreoffice",
        "source_version": "4:24.2.7-0ubuntu0.24.04.6"
      }
    },
    {
      "name": "libuno-purpenvhelpergcc3-3t64",
      "version": "4:24.2.7-0ubuntu0.24.04.6",
      "purl": "pkg:deb/libuno-purpenvhelpergcc3-3t64?arch=amd64\u0026distro=noble",
      "source": {
        "source_name": "libreoffice",
        "source_version": "4:24.2.7-0ubuntu0.24.04.6"
      }
    },
    {
      "name": "libuno-sal3t64",
      "version": "4:24.2.7-0ubuntu0.24.04.6",
      "purl": "pkg:deb/libuno-sal3t64?arch=amd64\u0026distro=noble",
      "source": {
        "source_name": "libreoffice",
        "source_version": "4:24.2.7-0ubuntu0.24.04.6"
      }
    },
    {
      "name": "libuno-salhelpergcc3-3t64",
      "version": "4:24.2.7-0ubuntu0.24.04.6",
      "purl": "pkg:deb/libuno-salhelpergcc3-3t64?arch=amd64\u0026distro=noble",
      "source": {
        "source_name": "libreoffice",
        "source_version": "4:24.2.7-0ubuntu0.24.04.6"
      }
    },
    {
      "name": "libunwind8:amd64",
      "version": "1.6.2-3build1.1",
      "purl": "pkg:deb/libunwind8:amd64?arch=amd64\u0026distro=noble",
      "source": {
        "source_name": "libunwind",
        "source_version": "1.6.2-3build1.1"
      }
    },
    {
      "name": "libunwind8:i386",
      "version": "1.6.2-3build1.1",
      "purl": "pkg:deb/libunwind8:i386?arch=i386\u0026distro=noble",
      "source": {
        "source_name": "libunwind",
        "source_version": "1.6.2-3build1.1"
      }
    },
    {
      "name": "libupnp17t64:amd64",
      "version": "1:1.14.18-1.1ubuntu2",
      "purl": "pkg:deb/libupnp17t64:amd64?arch=amd64\u0026distro=noble",
      "source": {
        "source_name": "pupnp",
        "source_version": "1:1.14.18-1.1ubuntu2"
      }
    },
    {
      "name": "libupower-glib3:amd64",
      "version": "1.90.3-1",
      "purl": "pkg:deb/libupower-glib3:amd64?arch=amd64\u0026distro=noble",
      "source": {
        "source_name": "upower",
        "source_version": "1.90.3-1"
      }
    },
    {
      "name": "liburcu8t64:amd64",
      "version": "0.14.0-3.1build1",
      "purl": "pkg:deb/liburcu8t64:amd64?arch=amd64\u0026distro=noble",
      "source": {
        "source_name": "liburcu",
        "source_version": "0.14.0-3.1build1"
      }
    },
    {
      "name": "liburi-perl",
      "version": "5.27-1",
      "purl": "pkg:deb/liburi-perl?arch=all\u0026distro=noble",
      "source": {
        "source_name": "",
        "source_version": ""
      }
    },
    {
      "name": "liburing2:amd64",
      "version": "2.5-1build1",
      "purl": "pkg:deb/liburing2:amd64?arch=amd64\u0026distro=noble",
      "source": {
        "source_name": "liburing",
        "source_version": "2.5-1build1"
      }
    },
    {
      "name": "liburiparser1:amd64",
      "version": "0.9.7+dfsg-2build1",
      "purl": "pkg:deb/liburiparser1:amd64?arch=amd64\u0026distro=noble",
      "source": {
        "source_name": "uriparser",
        "source_version": "0.9.7+dfsg-2build1"
      }
    },
    {
      "name": "libusb-1.0-0:amd64",
      "version": "2:1.0.27-1",
      "purl": "pkg:deb/libusb-1.0-0:amd64?arch=amd64\u0026distro=noble",
      "source": {
        "source_name": "libusb-1.0",
        "source_version": "2:1.0.27-1"
      }
    },
    {
      "name": "libusb-1.0-0:i386",
      "version": "2:1.0.27-1",
      "purl": "pkg:deb/libusb-1.0-0:i386?arch=i386\u0026distro=noble",
      "source": {
        "source_name": "libusb-1.0",
        "source_version": "2:1.0.27-1"
      }
    },
    {
      "name": "libusbmuxd6:amd64",
      "version": "2.0.2-4build3",
      "purl": "pkg:deb/libusbmuxd6:amd64?arch=amd64\u0026distro=noble",
      "source": {
        "source_name": "libusbmuxd",
        "source_version": "2.0.2-4build3"
      }
    },
    {
      "name": "libusbredirhost1t64:amd64",
      "version": "0.13.0-2.1build1",
      "purl": "pkg:deb/libusbredirhost1t64:amd64?arch=amd64\u0026distro=noble",
      "source": {
        "source_name": "usbredir",
        "source_version": "0.13.0-2.1build1"
      }
    },
    {
      "name": "libusbredirparser1t64:amd64",
      "version": "0.13.0-2.1build1",
      "purl": "pkg:deb/libusbredirparser1t64:amd64?arch=amd64\u0026distro=noble",
      "source": {
        "source_name": "usbredir",
        "source_version": "0.13.0-2.1build1"
      }
    },
    {
      "name": "libutempter0:amd64",
      "version": "1.2.1-3build1",
      "purl": "pkg:deb/libutempter0:amd64?arch=amd64\u0026distro=noble",
      "source": {
        "source_name": "libutempter",
        "source_version": "1.2.1-3build1"
      }
    },
    {
      "name": "libuuid1:amd64",
      "version": "2.39.3-9ubuntu6.6",
      "purl": "pkg:deb/libuuid1:amd64?arch=amd64\u0026distro=noble",
      "source": {
        "source_name": "util-linux",
        "source_version": "2.39.3-9ubuntu6.6"
      }
    },
    {
      "name": "libuv1t64:amd64",
      "version": "1.48.0-1.1build1",
      "purl": "pkg:deb/libuv1t64:amd64?arch=amd64\u0026distro=noble",
      "source": {
        "source_name": "libuv1",
        "source_version": "1.48.0-1.1build1"
      }
    },
    {
      "name": "libv4l-0t64:amd64",
      "version": "1.26.1-4build3",
      "purl": "pkg:deb/libv4l-0t64:amd64?arch=amd64\u0026distro=noble",
      "source": {
        "source_name": "v4l-utils",
        "source_version": "1.26.1-4build3"
      }
    },
    {
      "name": "libv4l-0t64:i386",
      "version": "1.26.1-4build3",
      "purl": "pkg:deb/libv4l-0t64:i386?arch=i386\u0026distro=noble",
      "source": {
        "source_name": "v4l-utils",
        "source_version": "1.26.1-4build3"
      }
    },
    {
      "name": "libv4lconvert0t64:amd64",
      "version": "1.26.1-4build3",
      "purl": "pkg:deb/libv4lconvert0t64:amd64?arch=amd64\u0026distro=noble",
      "source": {
        "source_name": "v4l-utils",
        "source_version": "1.26.1-4build3"
      }
    },
    {
      "name": "libv4lconvert0t64:i386",
      "version": "1.26.1-4build3",
      "purl": "pkg:deb/libv4lconvert0t64:i386?arch=i386\u0026distro=noble",
      "source": {
        "source_name": "v4l-utils",
        "source_version": "1.26.1-4build3"
      }
    },
    {
      "name": "libva-drm2:amd64",
      "version": "2.20.0-2ubuntu0.2",
      "purl": "pkg:deb/libva-drm2:amd64?arch=amd64\u0026distro=noble",
      "source": {
        "source_name": "libva",
        "source_version": "2.20.0-2ubuntu0.2"
      }
    },
    {
      "name": "libva-drm2:i386",
      "version": "2.20.0-2ubuntu0.2",
      "purl": "pkg:deb/libva-drm2:i386?arch=i386\u0026distro=noble",
      "source": {
        "source_name": "libva",
        "source_version": "2.20.0-2ubuntu0.2"
      }
    },
    {
      "name": "libva-glx2:amd64",
      "version": "2.20.0-2ubuntu0.2",
      "purl": "pkg:deb/libva-glx2:amd64?arch=amd64\u0026distro=noble",
      "source": {
        "source_name": "libva",
        "source_version": "2.20.0-2ubuntu0.2"
      }
    },
    {
      "name": "libva-glx2:i386",
      "version": "2.20.0-2ubuntu0.2",
      "purl": "pkg:deb/libva-glx2:i386?arch=i386\u0026distro=noble",
      "source": {
        "source_name": "libva",
        "source_version": "2.20.0-2ubuntu0.2"
      }
    },
    {
      "name": "libva-wayland2:amd64",
      "version": "2.20.0-2ubuntu0.2",
      "purl": "pkg:deb/libva-wayland2:amd64?arch=amd64\u0026distro=noble",
      "source": {
        "source_name": "libva",
        "source_version": "2.20.0-2ubuntu0.2"
      }
    },
    {
      "name": "libva-x11-2:amd64",
      "version": "2.20.0-2ubuntu0.2",
      "purl": "pkg:deb/libva-x11-2:amd64?arch=amd64\u0026distro=noble",
      "source": {
        "source_name": "libva",
        "source_version": "2.20.0-2ubuntu0.2"
      }
    },
    {
      "name": "libva-x11-2:i386",
      "version": "2.20.0-2ubuntu0.2",
      "purl": "pkg:deb/libva-x11-2:i386?arch=i386\u0026distro=noble",
      "source": {
        "source_name": "libva",
        "source_version": "2.20.0-2ubuntu0.2"
      }
    },
    {
      "name": "libva2:amd64",
      "version": "2.20.0-2ubuntu0.2",
      "purl": "pkg:deb/libva2:amd64?arch=amd64\u0026distro=noble",
      "source": {
        "source_name": "libva",
        "source_version": "2.20.0-2ubuntu0.2"
      }
    },
    {
      "name": "libva2:i386",
      "version": "2.20.0-2ubuntu0.2",
      "purl": "pkg:deb/libva2:i386?arch=i386\u0026distro=noble",
      "source": {
        "source_name": "libva",
        "source_version": "2.20.0-2ubuntu0.2"
      }
    },
    {
      "name": "libvamp-hostsdk3v5:amd64",
      "version": "2.10.0-4build1",
      "purl": "pkg:deb/libvamp-hostsdk3v5:amd64?arch=amd64\u0026distro=noble",
      "source": {
        "source_name": "vamp-plugin-sdk",
        "source_version": "2.10.0-4build1"
      }
    },
    {
      "name": "libvdpau1:amd64",
      "version": "1.5-2build1",
      "purl": "pkg:deb/libvdpau1:amd64?arch=amd64\u0026distro=noble",
      "source": {
        "source_name": "libvdpau",
        "source_version": "1.5-2build1"
      }
    },
    {
      "name": "libvdpau1:i386",
      "version": "1.5-2build1",
      "purl": "pkg:deb/libvdpau1:i386?arch=i386\u0026distro=noble",
      "source": {
        "source_name": "libvdpau",
        "source_version": "1.5-2build1"
      }
    },
    {
      "name": "libvhdi1:amd64",
      "version": "20210425-1build5",
      "purl": "pkg:deb/libvhdi1:amd64?arch=amd64\u0026distro=noble",
      "source": {
        "source_name": "libvhdi",
        "source_version": "20210425-1build5"
      }
    },
    {
      "name": "libvidstab1.1:amd64",
      "version": "1.1.0-2build1",
      "purl": "pkg:deb/libvidstab1.1:amd64?arch=amd64\u0026distro=noble",
      "source": {
        "source_name": "libvidstab",
        "source_version": "1.1.0-2build1"
      }
    },
    {
      "name": "libvirglrenderer1:amd64",
      "version": "1.0.0-1ubuntu2",
      "purl": "pkg:deb/libvirglrenderer1:amd64?arch=amd64\u0026distro=noble",
      "source": {
        "source_name": "virglrenderer",
        "source_version": "1.0.0-1ubuntu2"
      }
    },
    {
      "name": "libvirt-clients",
      "version": "10.0.0-2ubuntu8.19",
      "purl": "pkg:deb/libvirt-clients?arch=amd64\u0026distro=noble",
      "source": {
        "source_name": "libvirt",
        "source_version": "10.0.0-2ubuntu8.19"
      }
    },
    {
      "name": "libvirt-daemon",
      "version": "10.0.0-2ubuntu8.19",
      "purl": "pkg:deb/libvirt-daemon?arch=amd64\u0026distro=noble",
      "source": {
        "source_name": "libvirt",
        "source_version": "10.0.0-2ubuntu8.19"
      }
    },
    {
      "name": "libvirt-daemon-config-network",
      "version": "10.0.0-2ubuntu8.19",
      "purl": "pkg:deb/libvirt-daemon-config-network?arch=all\u0026distro=noble",
      "source": {
        "source_name": "libvirt",
        "source_version": "10.0.0-2ubuntu8.19"
      }
    },
    {
      "name": "libvirt-daemon-config-nwfilter",
      "version": "10.0.0-2ubuntu8.19",
      "purl": "pkg:deb/libvirt-daemon-config-nwfilter?arch=all\u0026distro=noble",
      "source": {
        "source_name": "libvirt",
        "source_version": "10.0.0-2ubuntu8.19"
      }
    },
    {
      "name": "libvirt-daemon-driver-qemu",
      "version": "10.0.0-2ubuntu8.19",
      "purl": "pkg:deb/libvirt-daemon-driver-qemu?arch=amd64\u0026distro=noble",
      "source": {
        "source_name": "libvirt",
        "source_version": "10.0.0-2ubuntu8.19"
      }
    },
    {
      "name": "libvirt-daemon-system",
      "version": "10.0.0-2ubuntu8.19",
      "purl": "pkg:deb/libvirt-daemon-system?arch=amd64\u0026distro=noble",
      "source": {
        "source_name": "libvirt",
        "source_version": "10.0.0-2ubuntu8.19"
      }
    },
    {
      "name": "libvirt-daemon-system-systemd",
      "version": "10.0.0-2ubuntu8.19",
      "purl": "pkg:deb/libvirt-daemon-system-systemd?arch=all\u0026distro=noble",
      "source": {
        "source_name": "libvirt",
        "source_version": "10.0.0-2ubuntu8.19"
      }
    },
    {
      "name": "libvirt-glib-1.0-0:amd64",
      "version": "5.0.0-2build3",
      "purl": "pkg:deb/libvirt-glib-1.0-0:amd64?arch=amd64\u0026distro=noble",
      "source": {
        "source_name": "libvirt-glib",
        "source_version": "5.0.0-2build3"
      }
    },
    {
      "name": "libvirt-glib-1.0-data",
      "version": "5.0.0-2build3",
      "purl": "pkg:deb/libvirt-glib-1.0-data?arch=all\u0026distro=noble",
      "source": {
        "source_name": "libvirt-glib",
        "source_version": "5.0.0-2build3"
      }
    },
    {
      "name": "libvirt-l10n",
      "version": "10.0.0-2ubuntu8.19",
      "purl": "pkg:deb/libvirt-l10n?arch=all\u0026distro=noble",
      "source": {
        "source_name": "libvirt",
        "source_version": "10.0.0-2ubuntu8.19"
      }
    },
    {
      "name": "libvirt0:amd64",
      "version": "10.0.0-2ubuntu8.19",
      "purl": "pkg:deb/libvirt0:amd64?arch=amd64\u0026distro=noble",
      "source": {
        "source_name": "libvirt",
        "source_version": "10.0.0-2ubuntu8.19"
      }
    },
    {
      "name": "libvisio-0.1-1:amd64",
      "version": "0.1.7-1build9",
      "purl": "pkg:deb/libvisio-0.1-1:amd64?arch=amd64\u0026distro=noble",
      "source": {
        "source_name": "libvisio",
        "source_version": "0.1.7-1build9"
      }
    },
    {
      "name": "libvisual-0.4-0:amd64",
      "version": "0.4.2-2build1",
      "purl": "pkg:deb/libvisual-0.4-0:amd64?arch=amd64\u0026distro=noble",
      "source": {
        "source_name": "libvisual",
        "source_version": "0.4.2-2build1"
      }
    },
    {
      "name": "libvisual-0.4-0:i386",
      "version": "0.4.2-2build1",
      "purl": "pkg:deb/libvisual-0.4-0:i386?arch=i386\u0026distro=noble",
      "source": {
        "source_name": "libvisual",
        "source_version": "0.4.2-2build1"
      }
    },
    {
      "name": "libvlc-bin:amd64",
      "version": "3.0.20-3build6",
      "purl": "pkg:deb/libvlc-bin:amd64?arch=amd64\u0026distro=noble",
      "source": {
        "source_name": "vlc",
        "source_version": "3.0.20-3build6"
      }
    },
    {
      "name": "libvlc5:amd64",
      "version": "3.0.20-3build6",
      "purl": "pkg:deb/libvlc5:amd64?arch=amd64\u0026distro=noble",
      "source": {
        "source_name": "vlc",
        "source_version": "3.0.20-3build6"
      }
    },
    {
      "name": "libvlccore9:amd64",
      "version": "3.0.20-3build6",
      "purl": "pkg:deb/libvlccore9:amd64?arch=amd64\u0026distro=noble",
      "source": {
        "source_name": "vlc",
        "source_version": "3.0.20-3build6"
      }
    },
    {
      "name": "libvmdk1:amd64",
      "version": "20200926-2build5",
      "purl": "pkg:deb/libvmdk1:amd64?arch=amd64\u0026distro=noble",
      "source": {
        "source_name": "libvmdk",
        "source_version": "20200926-2build5"
      }
    },
    {
      "name": "libvncclient1:amd64",
      "version": "0.9.14+dfsg-1ubuntu0.2",
      "purl": "pkg:deb/libvncclient1:amd64?arch=amd64\u0026distro=noble",
      "source": {
        "source_name": "libvncserver",
        "source_version": "0.9.14+dfsg-1ubuntu0.2"
      }
    },
    {
      "name": "libvo-aacenc0:amd64",
      "version": "0.1.3-2build1",
      "purl": "pkg:deb/libvo-aacenc0:amd64?arch=amd64\u0026distro=noble",
      "source": {
        "source_name": "vo-aacenc",
        "source_version": "0.1.3-2build1"
      }
    },
    {
      "name": "libvo-amrwbenc0:amd64",
      "version": "0.1.3-2build1",
      "purl": "pkg:deb/libvo-amrwbenc0:amd64?arch=amd64\u0026distro=noble",
      "source": {
        "source_name": "vo-amrwbenc",
        "source_version": "0.1.3-2build1"
      }
    },
    {
      "name": "libvoikko1:amd64",
      "version": "4.3.2-1build1",
      "purl": "pkg:deb/libvoikko1:amd64?arch=amd64\u0026distro=noble",
      "source": {
        "source_name": "libvoikko",
        "source_version": "4.3.2-1build1"
      }
    },
    {
      "name": "libvolume-key1:amd64",
      "version": "0.3.12-7build2",
      "purl": "pkg:deb/libvolume-key1:amd64?arch=amd64\u0026distro=noble",
      "source": {
        "source_name": "volume-key",
        "source_version": "0.3.12-7build2"
      }
    },
    {
      "name": "libvorbis0a:amd64",
      "version": "1.3.7-1build3",
      "purl": "pkg:deb/libvorbis0a:amd64?arch=amd64\u0026distro=noble",
      "source": {
        "source_name": "libvorbis",
        "source_version": "1.3.7-1build3"
      }
    },
    {
      "name": "libvorbis0a:i386",
      "version": "1.3.7-1build3",
      "purl": "pkg:deb/libvorbis0a:i386?arch=i386\u0026distro=noble",
      "source": {
        "source_name": "libvorbis",
        "source_version": "1.3.7-1build3"
      }
    },
    {
      "name": "libvorbisenc2:amd64",
      "version": "1.3.7-1build3",
      "purl": "pkg:deb/libvorbisenc2:amd64?arch=amd64\u0026distro=noble",
      "source": {
        "source_name": "libvorbis",
        "source_version": "1.3.7-1build3"
      }
    },
    {
      "name": "libvorbisenc2:i386",
      "version": "1.3.7-1build3",
      "purl": "pkg:deb/libvorbisenc2:i386?arch=i386\u0026distro=noble",
      "source": {
        "source_name": "libvorbis",
        "source_version": "1.3.7-1build3"
      }
    },
    {
      "name": "libvorbisfile3:amd64",
      "version": "1.3.7-1build3",
      "purl": "pkg:deb/libvorbisfile3:amd64?arch=amd64\u0026distro=noble",
      "source": {
        "source_name": "libvorbis",
        "source_version": "1.3.7-1build3"
      }
    },
    {
      "name": "libvpl2",
      "version": "2023.3.0-1build1",
      "purl": "pkg:deb/libvpl2?arch=amd64\u0026distro=noble",
      "source": {
        "source_name": "onevpl",
        "source_version": "2023.3.0-1build1"
      }
    },
    {
      "name": "libvpx9:amd64",
      "version": "1.14.0-1ubuntu2.3",
      "purl": "pkg:deb/libvpx9:amd64?arch=amd64\u0026distro=noble",
      "source": {
        "source_name": "libvpx",
        "source_version": "1.14.0-1ubuntu2.3"
      }
    },
    {
      "name": "libvpx9:i386",
      "version": "1.14.0-1ubuntu2.3",
      "purl": "pkg:deb/libvpx9:i386?arch=i386\u0026distro=noble",
      "source": {
        "source_name": "libvpx",
        "source_version": "1.14.0-1ubuntu2.3"
      }
    },
    {
      "name": "libvte-2.91-0:amd64",
      "version": "0.76.0-1ubuntu0.1",
      "purl": "pkg:deb/libvte-2.91-0:amd64?arch=amd64\u0026distro=noble",
      "source": {
        "source_name": "vte2.91",
        "source_version": "0.76.0-1ubuntu0.1"
      }
    },
    {
      "name": "libvte-2.91-common",
      "version": "0.76.0-1ubuntu0.1",
      "purl": "pkg:deb/libvte-2.91-common?arch=amd64\u0026distro=noble",
      "source": {
        "source_name": "vte2.91",
        "source_version": "0.76.0-1ubuntu0.1"
      }
    },
    {
      "name": "libvtk9.1t64:amd64",
      "version": "9.1.0+really9.1.0+dfsg2-7.1build3",
      "purl": "pkg:deb/libvtk9.1t64:amd64?arch=amd64\u0026distro=noble",
      "source": {
        "source_name": "vtk9",
        "source_version": "9.1.0+really9.1.0+dfsg2-7.1build3"
      }
    },
    {
      "name": "libvulkan-dev:amd64",
      "version": "1.3.275.0-1build1",
      "purl": "pkg:deb/libvulkan-dev:amd64?arch=amd64\u0026distro=noble",
      "source": {
        "source_name": "vulkan-loader",
        "source_version": "1.3.275.0-1build1"
      }
    },
    {
      "name": "libvulkan1:amd64",
      "version": "1.3.275.0-1build1",
      "purl": "pkg:deb/libvulkan1:amd64?arch=amd64\u0026distro=noble",
      "source": {
        "source_name": "vulkan-loader",
        "source_version": "1.3.275.0-1build1"
      }
    },
    {
      "name": "libvulkan1:i386",
      "version": "1.3.275.0-1build1",
      "purl": "pkg:deb/libvulkan1:i386?arch=i386\u0026distro=noble",
      "source": {
        "source_name": "vulkan-loader",
        "source_version": "1.3.275.0-1build1"
      }
    },
    {
      "name": "libwacom-common",
      "version": "2.10.0-2",
      "purl": "pkg:deb/libwacom-common?arch=all\u0026distro=noble",
      "source": {
        "source_name": "libwacom",
        "source_version": "2.10.0-2"
      }
    },
    {
      "name": "libwacom9:amd64",
      "version": "2.10.0-2",
      "purl": "pkg:deb/libwacom9:amd64?arch=amd64\u0026distro=noble",
      "source": {
        "source_name": "libwacom",
        "source_version": "2.10.0-2"
      }
    },
    {
      "name": "libwavpack1:amd64",
      "version": "5.6.0-1build1",
      "purl": "pkg:deb/libwavpack1:amd64?arch=amd64\u0026distro=noble",
      "source": {
        "source_name": "wavpack",
        "source_version": "5.6.0-1build1"
      }
    },
    {
      "name": "libwavpack1:i386",
      "version": "5.6.0-1build1",
      "purl": "pkg:deb/libwavpack1:i386?arch=i386\u0026distro=noble",
      "source": {
        "source_name": "wavpack",
        "source_version": "5.6.0-1build1"
      }
    },
    {
      "name": "libwayland-bin",
      "version": "1.22.0-2.1build1",
      "purl": "pkg:deb/libwayland-bin?arch=amd64\u0026distro=noble",
      "source": {
        "source_name": "wayland",
        "source_version": "1.22.0-2.1build1"
      }
    },
    {
      "name": "libwayland-client0:amd64",
      "version": "1.22.0-2.1build1",
      "purl": "pkg:deb/libwayland-client0:amd64?arch=amd64\u0026distro=noble",
      "source": {
        "source_name": "wayland",
        "source_version": "1.22.0-2.1build1"
      }
    },
    {
      "name": "libwayland-client0:i386",
      "version": "1.22.0-2.1build1",
      "purl": "pkg:deb/libwayland-client0:i386?arch=i386\u0026distro=noble",
      "source": {
        "source_name": "wayland",
        "source_version": "1.22.0-2.1build1"
      }
    },
    {
      "name": "libwayland-cursor0:amd64",
      "version": "1.22.0-2.1build1",
      "purl": "pkg:deb/libwayland-cursor0:amd64?arch=amd64\u0026distro=noble",
      "source": {
        "source_name": "wayland",
        "source_version": "1.22.0-2.1build1"
      }
    },
    {
      "name": "libwayland-cursor0:i386",
      "version": "1.22.0-2.1build1",
      "purl": "pkg:deb/libwayland-cursor0:i386?arch=i386\u0026distro=noble",
      "source": {
        "source_name": "wayland",
        "source_version": "1.22.0-2.1build1"
      }
    },
    {
      "name": "libwayland-dev:amd64",
      "version": "1.22.0-2.1build1",
      "purl": "pkg:deb/libwayland-dev:amd64?arch=amd64\u0026distro=noble",
      "source": {
        "source_name": "wayland",
        "source_version": "1.22.0-2.1build1"
      }
    },
    {
      "name": "libwayland-egl1:amd64",
      "version": "1.22.0-2.1build1",
      "purl": "pkg:deb/libwayland-egl1:amd64?arch=amd64\u0026distro=noble",
      "source": {
        "source_name": "wayland",
        "source_version": "1.22.0-2.1build1"
      }
    },
    {
      "name": "libwayland-egl1:i386",
      "version": "1.22.0-2.1build1",
      "purl": "pkg:deb/libwayland-egl1:i386?arch=i386\u0026distro=noble",
      "source": {
        "source_name": "wayland",
        "source_version": "1.22.0-2.1build1"
      }
    },
    {
      "name": "libwayland-server0:amd64",
      "version": "1.22.0-2.1build1",
      "purl": "pkg:deb/libwayland-server0:amd64?arch=amd64\u0026distro=noble",
      "source": {
        "source_name": "wayland",
        "source_version": "1.22.0-2.1build1"
      }
    },
    {
      "name": "libwbclient0:amd64",
      "version": "2:4.19.5+dfsg-4ubuntu9.7",
      "purl": "pkg:deb/libwbclient0:amd64?arch=amd64\u0026distro=noble",
      "source": {
        "source_name": "samba",
        "source_version": "2:4.19.5+dfsg-4ubuntu9.7"
      }
    },
    {
      "name": "libweather-ion7",
      "version": "4:5.27.12-0ubuntu0.1",
      "purl": "pkg:deb/libweather-ion7?arch=amd64\u0026distro=noble",
      "source": {
        "source_name": "plasma-workspace",
        "source_version": "4:5.27.12-0ubuntu0.1"
      }
    },
    {
      "name": "libwebkit2gtk-4.1-0:amd64",
      "version": "2.52.6-0ubuntu0.24.04.1",
      "purl": "pkg:deb/libwebkit2gtk-4.1-0:amd64?arch=amd64\u0026distro=noble",
      "source": {
        "source_name": "webkit2gtk",
        "source_version": "2.52.6-0ubuntu0.24.04.1"
      }
    },
    {
      "name": "libwebkitgtk-6.0-4:amd64",
      "version": "2.52.6-0ubuntu0.24.04.1",
      "purl": "pkg:deb/libwebkitgtk-6.0-4:amd64?arch=amd64\u0026distro=noble",
      "source": {
        "source_name": "webkit2gtk",
        "source_version": "2.52.6-0ubuntu0.24.04.1"
      }
    },
    {
      "name": "libwebp7:amd64",
      "version": "1.3.2-0.4build3",
      "purl": "pkg:deb/libwebp7:amd64?arch=amd64\u0026distro=noble",
      "source": {
        "source_name": "libwebp",
        "source_version": "1.3.2-0.4build3"
      }
    },
    {
      "name": "libwebp7:i386",
      "version": "1.3.2-0.4build3",
      "purl": "pkg:deb/libwebp7:i386?arch=i386\u0026distro=noble",
      "source": {
        "source_name": "libwebp",
        "source_version": "1.3.2-0.4build3"
      }
    },
    {
      "name": "libwebpdemux2:amd64",
      "version": "1.3.2-0.4build3",
      "purl": "pkg:deb/libwebpdemux2:amd64?arch=amd64\u0026distro=noble",
      "source": {
        "source_name": "libwebp",
        "source_version": "1.3.2-0.4build3"
      }
    },
    {
      "name": "libwebpmux3:amd64",
      "version": "1.3.2-0.4build3",
      "purl": "pkg:deb/libwebpmux3:amd64?arch=amd64\u0026distro=noble",
      "source": {
        "source_name": "libwebp",
        "source_version": "1.3.2-0.4build3"
      }
    },
    {
      "name": "libwebpmux3:i386",
      "version": "1.3.2-0.4build3",
      "purl": "pkg:deb/libwebpmux3:i386?arch=i386\u0026distro=noble",
      "source": {
        "source_name": "libwebp",
        "source_version": "1.3.2-0.4build3"
      }
    },
    {
      "name": "libwebrtc-audio-processing1:amd64",
      "version": "0.3.1-0ubuntu6",
      "purl": "pkg:deb/libwebrtc-audio-processing1:amd64?arch=amd64\u0026distro=noble",
      "source": {
        "source_name": "webrtc-audio-processing",
        "source_version": "0.3.1-0ubuntu6"
      }
    },
    {
      "name": "libwhoopsie-preferences0",
      "version": "23build3",
      "purl": "pkg:deb/libwhoopsie-preferences0?arch=amd64\u0026distro=noble",
      "source": {
        "source_name": "whoopsie-preferences",
        "source_version": "23build3"
      }
    },
    {
      "name": "libwhoopsie0:amd64",
      "version": "0.2.77ubuntu0.1",
      "purl": "pkg:deb/libwhoopsie0:amd64?arch=amd64\u0026distro=noble",
      "source": {
        "source_name": "whoopsie",
        "source_version": "0.2.77ubuntu0.1"
      }
    },
    {
      "name": "libwildmidi2:amd64",
      "version": "0.4.3-1build3",
      "purl": "pkg:deb/libwildmidi2:amd64?arch=amd64\u0026distro=noble",
      "source": {
        "source_name": "wildmidi",
        "source_version": "0.4.3-1build3"
      }
    },
    {
      "name": "libwine:amd64",
      "version": "9.0~repack-4build3",
      "purl": "pkg:deb/libwine:amd64?arch=amd64\u0026distro=noble",
      "source": {
        "source_name": "wine",
        "source_version": "9.0~repack-4build3"
      }
    },
    {
      "name": "libwine:i386",
      "version": "9.0~repack-4build3",
      "purl": "pkg:deb/libwine:i386?arch=i386\u0026distro=noble",
      "source": {
        "source_name": "wine",
        "source_version": "9.0~repack-4build3"
      }
    },
    {
      "name": "libwinpr2-2t64:amd64",
      "version": "2.11.5+dfsg1-1build2",
      "purl": "pkg:deb/libwinpr2-2t64:amd64?arch=amd64\u0026distro=noble",
      "source": {
        "source_name": "freerdp2",
        "source_version": "2.11.5+dfsg1-1build2"
      }
    },
    {
      "name": "libwinpr3-3:amd64",
      "version": "3.32.0+dfsg-0ubuntu0.24.04.1",
      "purl": "pkg:deb/libwinpr3-3:amd64?arch=amd64\u0026distro=noble",
      "source": {
        "source_name": "freerdp3",
        "source_version": "3.32.0+dfsg-0ubuntu0.24.04.1"
      }
    },
    {
      "name": "libwireplumber-0.4-0:amd64",
      "version": "0.4.17-1ubuntu4.1",
      "purl": "pkg:deb/libwireplumber-0.4-0:amd64?arch=amd64\u0026distro=noble",
      "source": {
        "source_name": "wireplumber",
        "source_version": "0.4.17-1ubuntu4.1"
      }
    },
    {
      "name": "libwmflite-0.2-7:amd64",
      "version": "0.2.13-1.1build3",
      "purl": "pkg:deb/libwmflite-0.2-7:amd64?arch=amd64\u0026distro=noble",
      "source": {
        "source_name": "libwmf",
        "source_version": "0.2.13-1.1build3"
      }
    },
    {
      "name": "libwnck-3-0:amd64",
      "version": "43.0-3build4",
      "purl": "pkg:deb/libwnck-3-0:amd64?arch=amd64\u0026distro=noble",
      "source": {
        "source_name": "libwnck3",
        "source_version": "43.0-3build4"
      }
    },
    {
      "name": "libwnck-3-common",
      "version": "43.0-3build4",
      "purl": "pkg:deb/libwnck-3-common?arch=all\u0026distro=noble",
      "source": {
        "source_name": "libwnck3",
        "source_version": "43.0-3build4"
      }
    },
    {
      "name": "libwoff1:amd64",
      "version": "1.0.2-2build1",
      "purl": "pkg:deb/libwoff1:amd64?arch=amd64\u0026distro=noble",
      "source": {
        "source_name": "woff2",
        "source_version": "1.0.2-2build1"
      }
    },
    {
      "name": "libwpd-0.10-10:amd64",
      "version": "0.10.3-2build2",
      "purl": "pkg:deb/libwpd-0.10-10:amd64?arch=amd64\u0026distro=noble",
      "source": {
        "source_name": "libwpd",
        "source_version": "0.10.3-2build2"
      }
    },
    {
      "name": "libwpg-0.3-3:amd64",
      "version": "0.3.4-3build1",
      "purl": "pkg:deb/libwpg-0.3-3:amd64?arch=amd64\u0026distro=noble",
      "source": {
        "source_name": "libwpg",
        "source_version": "0.3.4-3build1"
      }
    },
    {
      "name": "libwps-0.4-4:amd64",
      "version": "0.4.14-2build1",
      "purl": "pkg:deb/libwps-0.4-4:amd64?arch=amd64\u0026distro=noble",
      "source": {
        "source_name": "libwps",
        "source_version": "0.4.14-2build1"
      }
    },
    {
      "name": "libwrap0:amd64",
      "version": "7.6.q-33",
      "purl": "pkg:deb/libwrap0:amd64?arch=amd64\u0026distro=noble",
      "source": {
        "source_name": "tcp-wrappers",
        "source_version": "7.6.q-33"
      }
    },
    {
      "name": "libwvstreams4.6t64-base",
      "version": "4.6.1-17.1build2",
      "purl": "pkg:deb/libwvstreams4.6t64-base?arch=amd64\u0026distro=noble",
      "source": {
        "source_name": "wvstreams",
        "source_version": "4.6.1-17.1build2"
      }
    },
    {
      "name": "libwvstreams4.6t64-extras",
      "version": "4.6.1-17.1build2",
      "purl": "pkg:deb/libwvstreams4.6t64-extras?arch=amd64\u0026distro=noble",
      "source": {
        "source_name": "wvstreams",
        "source_version": "4.6.1-17.1build2"
      }
    },
    {
      "name": "libwww-perl",
      "version": "6.76-1ubuntu0.1",
      "purl": "pkg:deb/libwww-perl?arch=all\u0026distro=noble",
      "source": {
        "source_name": "",
        "source_version": ""
      }
    },
    {
      "name": "libwww-robotrules-perl",
      "version": "6.02-1",
      "purl": "pkg:deb/libwww-robotrules-perl?arch=all\u0026distro=noble",
      "source": {
        "source_name": "",
        "source_version": ""
      }
    },
    {
      "name": "libwxbase3.2-1t64:amd64",
      "version": "3.2.4+dfsg-4build1",
      "purl": "pkg:deb/libwxbase3.2-1t64:amd64?arch=amd64\u0026distro=noble",
      "source": {
        "source_name": "wxwidgets3.2",
        "source_version": "3.2.4+dfsg-4build1"
      }
    },
    {
      "name": "libwxgtk3.2-1t64:amd64",
      "version": "3.2.4+dfsg-4build1",
      "purl": "pkg:deb/libwxgtk3.2-1t64:amd64?arch=amd64\u0026distro=noble",
      "source": {
        "source_name": "wxwidgets3.2",
        "source_version": "3.2.4+dfsg-4build1"
      }
    },
    {
      "name": "libwxsmithlib0t64",
      "version": "20.03+svn13046-0.3build2",
      "purl": "pkg:deb/libwxsmithlib0t64?arch=amd64\u0026distro=noble",
      "source": {
        "source_name": "codeblocks",
        "source_version": "20.03+svn13046-0.3build2"
      }
    },
    {
      "name": "libx11-6:amd64",
      "version": "2:1.8.7-1build1",
      "purl": "pkg:deb/libx11-6:amd64?arch=amd64\u0026distro=noble",
      "source": {
        "source_name": "libx11",
        "source_version": "2:1.8.7-1build1"
      }
    },
    {
      "name": "libx11-6:i386",
      "version": "2:1.8.7-1build1",
      "purl": "pkg:deb/libx11-6:i386?arch=i386\u0026distro=noble",
      "source": {
        "source_name": "libx11",
        "source_version": "2:1.8.7-1build1"
      }
    },
    {
      "name": "libx11-data",
      "version": "2:1.8.7-1build1",
      "purl": "pkg:deb/libx11-data?arch=all\u0026distro=noble",
      "source": {
        "source_name": "libx11",
        "source_version": "2:1.8.7-1build1"
      }
    },
    {
      "name": "libx11-dev:amd64",
      "version": "2:1.8.7-1build1",
      "purl": "pkg:deb/libx11-dev:amd64?arch=amd64\u0026distro=noble",
      "source": {
        "source_name": "libx11",
        "source_version": "2:1.8.7-1build1"
      }
    },
    {
      "name": "libx11-protocol-perl",
      "version": "0.56-9",
      "purl": "pkg:deb/libx11-protocol-perl?arch=all\u0026distro=noble",
      "source": {
        "source_name": "",
        "source_version": ""
      }
    },
    {
      "name": "libx11-xcb1:amd64",
      "version": "2:1.8.7-1build1",
      "purl": "pkg:deb/libx11-xcb1:amd64?arch=amd64\u0026distro=noble",
      "source": {
        "source_name": "libx11",
        "source_version": "2:1.8.7-1build1"
      }
    },
    {
      "name": "libx11-xcb1:i386",
      "version": "2:1.8.7-1build1",
      "purl": "pkg:deb/libx11-xcb1:i386?arch=i386\u0026distro=noble",
      "source": {
        "source_name": "libx11",
        "source_version": "2:1.8.7-1build1"
      }
    },
    {
      "name": "libx264-164:amd64",
      "version": "2:0.164.3108+git31e19f9-1",
      "purl": "pkg:deb/libx264-164:amd64?arch=amd64\u0026distro=noble",
      "source": {
        "source_name": "x264",
        "source_version": "2:0.164.3108+git31e19f9-1"
      }
    },
    {
      "name": "libx264-164:i386",
      "version": "2:0.164.3108+git31e19f9-1",
      "purl": "pkg:deb/libx264-164:i386?arch=i386\u0026distro=noble",
      "source": {
        "source_name": "x264",
        "source_version": "2:0.164.3108+git31e19f9-1"
      }
    },
    {
      "name": "libx265-199:amd64",
      "version": "3.5-2build1",
      "purl": "pkg:deb/libx265-199:amd64?arch=amd64\u0026distro=noble",
      "source": {
        "source_name": "x265",
        "source_version": "3.5-2build1"
      }
    },
    {
      "name": "libx265-199:i386",
      "version": "3.5-2build1",
      "purl": "pkg:deb/libx265-199:i386?arch=i386\u0026distro=noble",
      "source": {
        "source_name": "x265",
        "source_version": "3.5-2build1"
      }
    },
    {
      "name": "libxapian30:amd64",
      "version": "1.4.22-1build1",
      "purl": "pkg:deb/libxapian30:amd64?arch=amd64\u0026distro=noble",
      "source": {
        "source_name": "xapian-core",
        "source_version": "1.4.22-1build1"
      }
    },
    {
      "name": "libxatracker2:amd64",
      "version": "25.1.7-1ubuntu2~24.04.2",
      "purl": "pkg:deb/libxatracker2:amd64?arch=amd64\u0026distro=noble",
      "source": {
        "source_name": "mesa-compat",
        "source_version": "25.1.7-1ubuntu2~24.04.2"
      }
    },
    {
      "name": "libxau-dev:amd64",
      "version": "1:1.0.9-1build6",
      "purl": "pkg:deb/libxau-dev:amd64?arch=amd64\u0026distro=noble",
      "source": {
        "source_name": "libxau",
        "source_version": "1:1.0.9-1build6"
      }
    },
    {
      "name": "libxau6:amd64",
      "version": "1:1.0.9-1build6",
      "purl": "pkg:deb/libxau6:amd64?arch=amd64\u0026distro=noble",
      "source": {
        "source_name": "libxau",
        "source_version": "1:1.0.9-1build6"
      }
    },
    {
      "name": "libxau6:i386",
      "version": "1:1.0.9-1build6",
      "purl": "pkg:deb/libxau6:i386?arch=i386\u0026distro=noble",
      "source": {
        "source_name": "libxau",
        "source_version": "1:1.0.9-1build6"
      }
    },
    {
      "name": "libxaw7:amd64",
      "version": "2:1.0.14-1build2",
      "purl": "pkg:deb/libxaw7:amd64?arch=amd64\u0026distro=noble",
      "source": {
        "source_name": "libxaw",
        "source_version": "2:1.0.14-1build2"
      }
    },
    {
      "name": "libxcb-composite0:amd64",
      "version": "1.15-1ubuntu2",
      "purl": "pkg:deb/libxcb-composite0:amd64?arch=amd64\u0026distro=noble",
      "source": {
        "source_name": "libxcb",
        "source_version": "1.15-1ubuntu2"
      }
    },
    {
      "name": "libxcb-cursor0:amd64",
      "version": "0.1.4-1build1",
      "purl": "pkg:deb/libxcb-cursor0:amd64?arch=amd64\u0026distro=noble",
      "source": {
        "source_name": "xcb-util-cursor",
        "source_version": "0.1.4-1build1"
      }
    },
    {
      "name": "libxcb-damage0:amd64",
      "version": "1.15-1ubuntu2",
      "purl": "pkg:deb/libxcb-damage0:amd64?arch=amd64\u0026distro=noble",
      "source": {
        "source_name": "libxcb",
        "source_version": "1.15-1ubuntu2"
      }
    },
    {
      "name": "libxcb-dpms0:amd64",
      "version": "1.15-1ubuntu2",
      "purl": "pkg:deb/libxcb-dpms0:amd64?arch=amd64\u0026distro=noble",
      "source": {
        "source_name": "libxcb",
        "source_version": "1.15-1ubuntu2"
      }
    },
    {
      "name": "libxcb-dri2-0:amd64",
      "version": "1.15-1ubuntu2",
      "purl": "pkg:deb/libxcb-dri2-0:amd64?arch=amd64\u0026distro=noble",
      "source": {
        "source_name": "libxcb",
        "source_version": "1.15-1ubuntu2"
      }
    },
    {
      "name": "libxcb-dri2-0:i386",
      "version": "1.15-1ubuntu2",
      "purl": "pkg:deb/libxcb-dri2-0:i386?arch=i386\u0026distro=noble",
      "source": {
        "source_name": "libxcb",
        "source_version": "1.15-1ubuntu2"
      }
    },
    {
      "name": "libxcb-dri3-0:amd64",
      "version": "1.15-1ubuntu2",
      "purl": "pkg:deb/libxcb-dri3-0:amd64?arch=amd64\u0026distro=noble",
      "source": {
        "source_name": "libxcb",
        "source_version": "1.15-1ubuntu2"
      }
    },
    {
      "name": "libxcb-dri3-0:i386",
      "version": "1.15-1ubuntu2",
      "purl": "pkg:deb/libxcb-dri3-0:i386?arch=i386\u0026distro=noble",
      "source": {
        "source_name": "libxcb",
        "source_version": "1.15-1ubuntu2"
      }
    },
    {
      "name": "libxcb-ewmh2:amd64",
      "version": "0.4.1-1.1build3",
      "purl": "pkg:deb/libxcb-ewmh2:amd64?arch=amd64\u0026distro=noble",
      "source": {
        "source_name": "xcb-util-wm",
        "source_version": "0.4.1-1.1build3"
      }
    },
    {
      "name": "libxcb-glx0:amd64",
      "version": "1.15-1ubuntu2",
      "purl": "pkg:deb/libxcb-glx0:amd64?arch=amd64\u0026distro=noble",
      "source": {
        "source_name": "libxcb",
        "source_version": "1.15-1ubuntu2"
      }
    },
    {
      "name": "libxcb-glx0:i386",
      "version": "1.15-1ubuntu2",
      "purl": "pkg:deb/libxcb-glx0:i386?arch=i386\u0026distro=noble",
      "source": {
        "source_name": "libxcb",
        "source_version": "1.15-1ubuntu2"
      }
    },
    {
      "name": "libxcb-icccm4:amd64",
      "version": "0.4.1-1.1build3",
      "purl": "pkg:deb/libxcb-icccm4:amd64?arch=amd64\u0026distro=noble",
      "source": {
        "source_name": "xcb-util-wm",
        "source_version": "0.4.1-1.1build3"
      }
    },
    {
      "name": "libxcb-image0:amd64",
      "version": "0.4.0-2build1",
      "purl": "pkg:deb/libxcb-image0:amd64?arch=amd64\u0026distro=noble",
      "source": {
        "source_name": "xcb-util-image",
        "source_version": "0.4.0-2build1"
      }
    },
    {
      "name": "libxcb-imdkit1:amd64",
      "version": "1.0.6-1",
      "purl": "pkg:deb/libxcb-imdkit1:amd64?arch=amd64\u0026distro=noble",
      "source": {
        "source_name": "xcb-imdkit",
        "source_version": "1.0.6-1"
      }
    },
    {
      "name": "libxcb-keysyms1:amd64",
      "version": "0.4.0-1build4",
      "purl": "pkg:deb/libxcb-keysyms1:amd64?arch=amd64\u0026distro=noble",
      "source": {
        "source_name": "xcb-util-keysyms",
        "source_version": "0.4.0-1build4"
      }
    },
    {
      "name": "libxcb-present0:amd64",
      "version": "1.15-1ubuntu2",
      "purl": "pkg:deb/libxcb-present0:amd64?arch=amd64\u0026distro=noble",
      "source": {
        "source_name": "libxcb",
        "source_version": "1.15-1ubuntu2"
      }
    },
    {
      "name": "libxcb-present0:i386",
      "version": "1.15-1ubuntu2",
      "purl": "pkg:deb/libxcb-present0:i386?arch=i386\u0026distro=noble",
      "source": {
        "source_name": "libxcb",
        "source_version": "1.15-1ubuntu2"
      }
    },
    {
      "name": "libxcb-randr0:amd64",
      "version": "1.15-1ubuntu2",
      "purl": "pkg:deb/libxcb-randr0:amd64?arch=amd64\u0026distro=noble",
      "source": {
        "source_name": "libxcb",
        "source_version": "1.15-1ubuntu2"
      }
    },
    {
      "name": "libxcb-randr0:i386",
      "version": "1.15-1ubuntu2",
      "purl": "pkg:deb/libxcb-randr0:i386?arch=i386\u0026distro=noble",
      "source": {
        "source_name": "libxcb",
        "source_version": "1.15-1ubuntu2"
      }
    },
    {
      "name": "libxcb-record0:amd64",
      "version": "1.15-1ubuntu2",
      "purl": "pkg:deb/libxcb-record0:amd64?arch=amd64\u0026distro=noble",
      "source": {
        "source_name": "libxcb",
        "source_version": "1.15-1ubuntu2"
      }
    },
    {
      "name": "libxcb-render-util0:amd64",
      "version": "0.3.9-1build4",
      "purl": "pkg:deb/libxcb-render-util0:amd64?arch=amd64\u0026distro=noble",
      "source": {
        "source_name": "xcb-util-renderutil",
        "source_version": "0.3.9-1build4"
      }
    },
    {
      "name": "libxcb-render0:amd64",
      "version": "1.15-1ubuntu2",
      "purl": "pkg:deb/libxcb-render0:amd64?arch=amd64\u0026distro=noble",
      "source": {
        "source_name": "libxcb",
        "source_version": "1.15-1ubuntu2"
      }
    },
    {
      "name": "libxcb-render0:i386",
      "version": "1.15-1ubuntu2",
      "purl": "pkg:deb/libxcb-render0:i386?arch=i386\u0026distro=noble",
      "source": {
        "source_name": "libxcb",
        "source_version": "1.15-1ubuntu2"
      }
    },
    {
      "name": "libxcb-res0:amd64",
      "version": "1.15-1ubuntu2",
      "purl": "pkg:deb/libxcb-res0:amd64?arch=amd64\u0026distro=noble",
      "source": {
        "source_name": "libxcb",
        "source_version": "1.15-1ubuntu2"
      }
    },
    {
      "name": "libxcb-shape0:amd64",
      "version": "1.15-1ubuntu2",
      "purl": "pkg:deb/libxcb-shape0:amd64?arch=amd64\u0026distro=noble",
      "source": {
        "source_name": "libxcb",
        "source_version": "1.15-1ubuntu2"
      }
    },
    {
      "name": "libxcb-shm0:amd64",
      "version": "1.15-1ubuntu2",
      "purl": "pkg:deb/libxcb-shm0:amd64?arch=amd64\u0026distro=noble",
      "source": {
        "source_name": "libxcb",
        "source_version": "1.15-1ubuntu2"
      }
    },
    {
      "name": "libxcb-shm0:i386",
      "version": "1.15-1ubuntu2",
      "purl": "pkg:deb/libxcb-shm0:i386?arch=i386\u0026distro=noble",
      "source": {
        "source_name": "libxcb",
        "source_version": "1.15-1ubuntu2"
      }
    },
    {
      "name": "libxcb-sync1:amd64",
      "version": "1.15-1ubuntu2",
      "purl": "pkg:deb/libxcb-sync1:amd64?arch=amd64\u0026distro=noble",
      "source": {
        "source_name": "libxcb",
        "source_version": "1.15-1ubuntu2"
      }
    },
    {
      "name": "libxcb-sync1:i386",
      "version": "1.15-1ubuntu2",
      "purl": "pkg:deb/libxcb-sync1:i386?arch=i386\u0026distro=noble",
      "source": {
        "source_name": "libxcb",
        "source_version": "1.15-1ubuntu2"
      }
    },
    {
      "name": "libxcb-util1:amd64",
      "version": "0.4.0-1build3",
      "purl": "pkg:deb/libxcb-util1:amd64?arch=amd64\u0026distro=noble",
      "source": {
        "source_name": "xcb-util",
        "source_version": "0.4.0-1build3"
      }
    },
    {
      "name": "libxcb-xfixes0:amd64",
      "version": "1.15-1ubuntu2",
      "purl": "pkg:deb/libxcb-xfixes0:amd64?arch=amd64\u0026distro=noble",
      "source": {
        "source_name": "libxcb",
        "source_version": "1.15-1ubuntu2"
      }
    },
    {
      "name": "libxcb-xfixes0:i386",
      "version": "1.15-1ubuntu2",
      "purl": "pkg:deb/libxcb-xfixes0:i386?arch=i386\u0026distro=noble",
      "source": {
        "source_name": "libxcb",
        "source_version": "1.15-1ubuntu2"
      }
    },
    {
      "name": "libxcb-xinerama0:amd64",
      "version": "1.15-1ubuntu2",
      "purl": "pkg:deb/libxcb-xinerama0:amd64?arch=amd64\u0026distro=noble",
      "source": {
        "source_name": "libxcb",
        "source_version": "1.15-1ubuntu2"
      }
    },
    {
      "name": "libxcb-xinput0:amd64",
      "version": "1.15-1ubuntu2",
      "purl": "pkg:deb/libxcb-xinput0:amd64?arch=amd64\u0026distro=noble",
      "source": {
        "source_name": "libxcb",
        "source_version": "1.15-1ubuntu2"
      }
    },
    {
      "name": "libxcb-xkb1:amd64",
      "version": "1.15-1ubuntu2",
      "purl": "pkg:deb/libxcb-xkb1:amd64?arch=amd64\u0026distro=noble",
      "source": {
        "source_name": "libxcb",
        "source_version": "1.15-1ubuntu2"
      }
    },
    {
      "name": "libxcb-xtest0:amd64",
      "version": "1.15-1ubuntu2",
      "purl": "pkg:deb/libxcb-xtest0:amd64?arch=amd64\u0026distro=noble",
      "source": {
        "source_name": "libxcb",
        "source_version": "1.15-1ubuntu2"
      }
    },
    {
      "name": "libxcb-xv0:amd64",
      "version": "1.15-1ubuntu2",
      "purl": "pkg:deb/libxcb-xv0:amd64?arch=amd64\u0026distro=noble",
      "source": {
        "source_name": "libxcb",
        "source_version": "1.15-1ubuntu2"
      }
    },
    {
      "name": "libxcb1:amd64",
      "version": "1.15-1ubuntu2",
      "purl": "pkg:deb/libxcb1:amd64?arch=amd64\u0026distro=noble",
      "source": {
        "source_name": "libxcb",
        "source_version": "1.15-1ubuntu2"
      }
    },
    {
      "name": "libxcb1:i386",
      "version": "1.15-1ubuntu2",
      "purl": "pkg:deb/libxcb1:i386?arch=i386\u0026distro=noble",
      "source": {
        "source_name": "libxcb",
        "source_version": "1.15-1ubuntu2"
      }
    },
    {
      "name": "libxcb1-dev:amd64",
      "version": "1.15-1ubuntu2",
      "purl": "pkg:deb/libxcb1-dev:amd64?arch=amd64\u0026distro=noble",
      "source": {
        "source_name": "libxcb",
        "source_version": "1.15-1ubuntu2"
      }
    },
    {
      "name": "libxcomposite1:amd64",
      "version": "1:0.4.5-1build3",
      "purl": "pkg:deb/libxcomposite1:amd64?arch=amd64\u0026distro=noble",
      "source": {
        "source_name": "libxcomposite",
        "source_version": "1:0.4.5-1build3"
      }
    },
    {
      "name": "libxcomposite1:i386",
      "version": "1:0.4.5-1build3",
      "purl": "pkg:deb/libxcomposite1:i386?arch=i386\u0026distro=noble",
      "source": {
        "source_name": "libxcomposite",
        "source_version": "1:0.4.5-1build3"
      }
    },
    {
      "name": "libxcursor-dev:amd64",
      "version": "1:1.2.1-1build1",
      "purl": "pkg:deb/libxcursor-dev:amd64?arch=amd64\u0026distro=noble",
      "source": {
        "source_name": "libxcursor",
        "source_version": "1:1.2.1-1build1"
      }
    },
    {
      "name": "libxcursor1:amd64",
      "version": "1:1.2.1-1build1",
      "purl": "pkg:deb/libxcursor1:amd64?arch=amd64\u0026distro=noble",
      "source": {
        "source_name": "libxcursor",
        "source_version": "1:1.2.1-1build1"
      }
    },
    {
      "name": "libxcursor1:i386",
      "version": "1:1.2.1-1build1",
      "purl": "pkg:deb/libxcursor1:i386?arch=i386\u0026distro=noble",
      "source": {
        "source_name": "libxcursor",
        "source_version": "1:1.2.1-1build1"
      }
    },
    {
      "name": "libxcvt0:amd64",
      "version": "0.1.2-1build1",
      "purl": "pkg:deb/libxcvt0:amd64?arch=amd64\u0026distro=noble",
      "source": {
        "source_name": "libxcvt",
        "source_version": "0.1.2-1build1"
      }
    },
    {
      "name": "libxdamage1:amd64",
      "version": "1:1.1.6-1build1",
      "purl": "pkg:deb/libxdamage1:amd64?arch=amd64\u0026distro=noble",
      "source": {
        "source_name": "libxdamage",
        "source_version": "1:1.1.6-1build1"
      }
    },
    {
      "name": "libxdamage1:i386",
      "version": "1:1.1.6-1build1",
      "purl": "pkg:deb/libxdamage1:i386?arch=i386\u0026distro=noble",
      "source": {
        "source_name": "libxdamage",
        "source_version": "1:1.1.6-1build1"
      }
    },
    {
      "name": "libxdgutilsbasedir1.0.1:amd64",
      "version": "1.0.1-3.1build1",
      "purl": "pkg:deb/libxdgutilsbasedir1.0.1:amd64?arch=amd64\u0026distro=noble",
      "source": {
        "source_name": "xdg-utils-cxx",
        "source_version": "1.0.1-3.1build1"
      }
    },
    {
      "name": "libxdgutilsdesktopentry1.0.1:amd64",
      "version": "1.0.1-3.1build1",
      "purl": "pkg:deb/libxdgutilsdesktopentry1.0.1:amd64?arch=amd64\u0026distro=noble",
      "source": {
        "source_name": "xdg-utils-cxx",
        "source_version": "1.0.1-3.1build1"
      }
    },
    {
      "name": "libxdmcp-dev:amd64",
      "version": "1:1.1.3-0ubuntu6",
      "purl": "pkg:deb/libxdmcp-dev:amd64?arch=amd64\u0026distro=noble",
      "source": {
        "source_name": "libxdmcp",
        "source_version": "1:1.1.3-0ubuntu6"
      }
    },
    {
      "name": "libxdmcp6:amd64",
      "version": "1:1.1.3-0ubuntu6",
      "purl": "pkg:deb/libxdmcp6:amd64?arch=amd64\u0026distro=noble",
      "source": {
        "source_name": "libxdmcp",
        "source_version": "1:1.1.3-0ubuntu6"
      }
    },
    {
      "name": "libxdmcp6:i386",
      "version": "1:1.1.3-0ubuntu6",
      "purl": "pkg:deb/libxdmcp6:i386?arch=i386\u0026distro=noble",
      "source": {
        "source_name": "libxdmcp",
        "source_version": "1:1.1.3-0ubuntu6"
      }
    },
    {
      "name": "libxdo3:amd64",
      "version": "1:3.20160805.1-5build1",
      "purl": "pkg:deb/libxdo3:amd64?arch=amd64\u0026distro=noble",
      "source": {
        "source_name": "xdotool",
        "source_version": "1:3.20160805.1-5build1"
      }
    },
    {
      "name": "libxerces-c3.2t64:amd64",
      "version": "3.2.4+debian-1.2ubuntu2",
      "purl": "pkg:deb/libxerces-c3.2t64:amd64?arch=amd64\u0026distro=noble",
      "source": {
        "source_name": "xerces-c",
        "source_version": "3.2.4+debian-1.2ubuntu2"
      }
    },
    {
      "name": "libxext-dev:amd64",
      "version": "2:1.3.4-1build2",
      "purl": "pkg:deb/libxext-dev:amd64?arch=amd64\u0026distro=noble",
      "source": {
        "source_name": "libxext",
        "source_version": "2:1.3.4-1build2"
      }
    },
    {
      "name": "libxext6:amd64",
      "version": "2:1.3.4-1build2",
      "purl": "pkg:deb/libxext6:amd64?arch=amd64\u0026distro=noble",
      "source": {
        "source_name": "libxext",
        "source_version": "2:1.3.4-1build2"
      }
    },
    {
      "name": "libxext6:i386",
      "version": "2:1.3.4-1build2",
      "purl": "pkg:deb/libxext6:i386?arch=i386\u0026distro=noble",
      "source": {
        "source_name": "libxext",
        "source_version": "2:1.3.4-1build2"
      }
    },
    {
      "name": "libxfixes-dev:amd64",
      "version": "1:6.0.0-2build1",
      "purl": "pkg:deb/libxfixes-dev:amd64?arch=amd64\u0026distro=noble",
      "source": {
        "source_name": "libxfixes",
        "source_version": "1:6.0.0-2build1"
      }
    },
    {
      "name": "libxfixes3:amd64",
      "version": "1:6.0.0-2build1",
      "purl": "pkg:deb/libxfixes3:amd64?arch=amd64\u0026distro=noble",
      "source": {
        "source_name": "libxfixes",
        "source_version": "1:6.0.0-2build1"
      }
    },
    {
      "name": "libxfixes3:i386",
      "version": "1:6.0.0-2build1",
      "purl": "pkg:deb/libxfixes3:i386?arch=i386\u0026distro=noble",
      "source": {
        "source_name": "libxfixes",
        "source_version": "1:6.0.0-2build1"
      }
    },
    {
      "name": "libxfont2:amd64",
      "version": "1:2.0.6-1+deb13u1build0.24.04.2",
      "purl": "pkg:deb/libxfont2:amd64?arch=amd64\u0026distro=noble",
      "source": {
        "source_name": "libxfont",
        "source_version": "1:2.0.6-1+deb13u1build0.24.04.2"
      }
    },
    {
      "name": "libxft2:amd64",
      "version": "2.3.6-1build1",
      "purl": "pkg:deb/libxft2:amd64?arch=amd64\u0026distro=noble",
      "source": {
        "source_name": "xft",
        "source_version": "2.3.6-1build1"
      }
    },
    {
      "name": "libxi-dev:amd64",
      "version": "2:1.8.1-1build1",
      "purl": "pkg:deb/libxi-dev:amd64?arch=amd64\u0026distro=noble",
      "source": {
        "source_name": "libxi",
        "source_version": "2:1.8.1-1build1"
      }
    },
    {
      "name": "libxi6:amd64",
      "version": "2:1.8.1-1build1",
      "purl": "pkg:deb/libxi6:amd64?arch=amd64\u0026distro=noble",
      "source": {
        "source_name": "libxi",
        "source_version": "2:1.8.1-1build1"
      }
    },
    {
      "name": "libxi6:i386",
      "version": "2:1.8.1-1build1",
      "purl": "pkg:deb/libxi6:i386?arch=i386\u0026distro=noble",
      "source": {
        "source_name": "libxi",
        "source_version": "2:1.8.1-1build1"
      }
    },
    {
      "name": "libxinerama-dev:amd64",
      "version": "2:1.1.4-3build1",
      "purl": "pkg:deb/libxinerama-dev:amd64?arch=amd64\u0026distro=noble",
      "source": {
        "source_name": "libxinerama",
        "source_version": "2:1.1.4-3build1"
      }
    },
    {
      "name": "libxinerama1:amd64",
      "version": "2:1.1.4-3build1",
      "purl": "pkg:deb/libxinerama1:amd64?arch=amd64\u0026distro=noble",
      "source": {
        "source_name": "libxinerama",
        "source_version": "2:1.1.4-3build1"
      }
    },
    {
      "name": "libxinerama1:i386",
      "version": "2:1.1.4-3build1",
      "purl": "pkg:deb/libxinerama1:i386?arch=i386\u0026distro=noble",
      "source": {
        "source_name": "libxinerama",
        "source_version": "2:1.1.4-3build1"
      }
    },
    {
      "name": "libxkbcommon-x11-0:amd64",
      "version": "1.6.0-1build1",
      "purl": "pkg:deb/libxkbcommon-x11-0:amd64?arch=amd64\u0026distro=noble",
      "source": {
        "source_name": "libxkbcommon",
        "source_version": "1.6.0-1build1"
      }
    },
    {
      "name": "libxkbcommon0:amd64",
      "version": "1.6.0-1build1",
      "purl": "pkg:deb/libxkbcommon0:amd64?arch=amd64\u0026distro=noble",
      "source": {
        "source_name": "libxkbcommon",
        "source_version": "1.6.0-1build1"
      }
    },
    {
      "name": "libxkbcommon0:i386",
      "version": "1.6.0-1build1",
      "purl": "pkg:deb/libxkbcommon0:i386?arch=i386\u0026distro=noble",
      "source": {
        "source_name": "libxkbcommon",
        "source_version": "1.6.0-1build1"
      }
    },
    {
      "name": "libxkbfile1:amd64",
      "version": "1:1.1.0-1build4",
      "purl": "pkg:deb/libxkbfile1:amd64?arch=amd64\u0026distro=noble",
      "source": {
        "source_name": "libxkbfile",
        "source_version": "1:1.1.0-1build4"
      }
    },
    {
      "name": "libxkbregistry0:amd64",
      "version": "1.6.0-1build1",
      "purl": "pkg:deb/libxkbregistry0:amd64?arch=amd64\u0026distro=noble",
      "source": {
        "source_name": "libxkbcommon",
        "source_version": "1.6.0-1build1"
      }
    },
    {
      "name": "libxkbregistry0:i386",
      "version": "1.6.0-1build1",
      "purl": "pkg:deb/libxkbregistry0:i386?arch=i386\u0026distro=noble",
      "source": {
        "source_name": "libxkbcommon",
        "source_version": "1.6.0-1build1"
      }
    },
    {
      "name": "libxklavier16:amd64",
      "version": "5.4-5build2",
      "purl": "pkg:deb/libxklavier16:amd64?arch=amd64\u0026distro=noble",
      "source": {
        "source_name": "libxklavier",
        "source_version": "5.4-5build2"
      }
    },
    {
      "name": "libxml-parser-perl",
      "version": "2.47-1ubuntu0.24.04.1",
      "purl": "pkg:deb/libxml-parser-perl?arch=amd64\u0026distro=noble",
      "source": {
        "source_name": "",
        "source_version": ""
      }
    },
    {
      "name": "libxml-twig-perl",
      "version": "1:3.52-2",
      "purl": "pkg:deb/libxml-twig-perl?arch=all\u0026distro=noble",
      "source": {
        "source_name": "",
        "source_version": ""
      }
    },
    {
      "name": "libxml-xpathengine-perl",
      "version": "0.14-2",
      "purl": "pkg:deb/libxml-xpathengine-perl?arch=all\u0026distro=noble",
      "source": {
        "source_name": "",
        "source_version": ""
      }
    },
    {
      "name": "libxml2:amd64",
      "version": "2.9.14+dfsg-1.3ubuntu3.9",
      "purl": "pkg:deb/libxml2:amd64?arch=amd64\u0026distro=noble",
      "source": {
        "source_name": "",
        "source_version": ""
      }
    },
    {
      "name": "libxml2:i386",
      "version": "2.9.14+dfsg-1.3ubuntu3.9",
      "purl": "pkg:deb/libxml2:i386?arch=i386\u0026distro=noble",
      "source": {
        "source_name": "",
        "source_version": ""
      }
    },
    {
      "name": "libxml2-dev:amd64",
      "version": "2.9.14+dfsg-1.3ubuntu3.9",
      "purl": "pkg:deb/libxml2-dev:amd64?arch=amd64\u0026distro=noble",
      "source": {
        "source_name": "libxml2",
        "source_version": "2.9.14+dfsg-1.3ubuntu3.9"
      }
    },
    {
      "name": "libxml2-utils",
      "version": "2.9.14+dfsg-1.3ubuntu3.9",
      "purl": "pkg:deb/libxml2-utils?arch=amd64\u0026distro=noble",
      "source": {
        "source_name": "libxml2",
        "source_version": "2.9.14+dfsg-1.3ubuntu3.9"
      }
    },
    {
      "name": "libxmlb2:amd64",
      "version": "0.3.24-1~ubuntu0.24.04.1",
      "purl": "pkg:deb/libxmlb2:amd64?arch=amd64\u0026distro=noble",
      "source": {
        "source_name": "libxmlb",
        "source_version": "0.3.24-1~ubuntu0.24.04.1"
      }
    },
    {
      "name": "libxmlsec1t64:amd64",
      "version": "1.2.39-5build2",
      "purl": "pkg:deb/libxmlsec1t64:amd64?arch=amd64\u0026distro=noble",
      "source": {
        "source_name": "xmlsec1",
        "source_version": "1.2.39-5build2"
      }
    },
    {
      "name": "libxmlsec1t64-nss:amd64",
      "version": "1.2.39-5build2",
      "purl": "pkg:deb/libxmlsec1t64-nss:amd64?arch=amd64\u0026distro=noble",
      "source": {
        "source_name": "xmlsec1",
        "source_version": "1.2.39-5build2"
      }
    },
    {
      "name": "libxmlsec1t64-openssl:amd64",
      "version": "1.2.39-5build2",
      "purl": "pkg:deb/libxmlsec1t64-openssl:amd64?arch=amd64\u0026distro=noble",
      "source": {
        "source_name": "xmlsec1",
        "source_version": "1.2.39-5build2"
      }
    },
    {
      "name": "libxmu6:amd64",
      "version": "2:1.1.3-3build2",
      "purl": "pkg:deb/libxmu6:amd64?arch=amd64\u0026distro=noble",
      "source": {
        "source_name": "libxmu",
        "source_version": "2:1.1.3-3build2"
      }
    },
    {
      "name": "libxmuu1:amd64",
      "version": "2:1.1.3-3build2",
      "purl": "pkg:deb/libxmuu1:amd64?arch=amd64\u0026distro=noble",
      "source": {
        "source_name": "libxmu",
        "source_version": "2:1.1.3-3build2"
      }
    },
    {
      "name": "libxnvctrl0:amd64",
      "version": "510.47.03-0ubuntu4.24.04.1",
      "purl": "pkg:deb/libxnvctrl0:amd64?arch=amd64\u0026distro=noble",
      "source": {
        "source_name": "nvidia-settings",
        "source_version": "510.47.03-0ubuntu4.24.04.1"
      }
    },
    {
      "name": "libxpm4:amd64",
      "version": "1:3.5.17-1ubuntu0.24.04.2",
      "purl": "pkg:deb/libxpm4:amd64?arch=amd64\u0026distro=noble",
      "source": {
        "source_name": "libxpm",
        "source_version": "1:3.5.17-1ubuntu0.24.04.2"
      }
    },
    {
      "name": "libxpm4:i386",
      "version": "1:3.5.17-1ubuntu0.24.04.2",
      "purl": "pkg:deb/libxpm4:i386?arch=i386\u0026distro=noble",
      "source": {
        "source_name": "libxpm",
        "source_version": "1:3.5.17-1ubuntu0.24.04.2"
      }
    },
    {
      "name": "libxpresent1:amd64",
      "version": "1.0.0-2build2",
      "purl": "pkg:deb/libxpresent1:amd64?arch=amd64\u0026distro=noble",
      "source": {
        "source_name": "libxpresent",
        "source_version": "1.0.0-2build2"
      }
    },
    {
      "name": "libxrandr-dev:amd64",
      "version": "2:1.5.2-2build1",
      "purl": "pkg:deb/libxrandr-dev:amd64?arch=amd64\u0026distro=noble",
      "source": {
        "source_name": "libxrandr",
        "source_version": "2:1.5.2-2build1"
      }
    },
    {
      "name": "libxrandr2:amd64",
      "version": "2:1.5.2-2build1",
      "purl": "pkg:deb/libxrandr2:amd64?arch=amd64\u0026distro=noble",
      "source": {
        "source_name": "libxrandr",
        "source_version": "2:1.5.2-2build1"
      }
    },
    {
      "name": "libxrandr2:i386",
      "version": "2:1.5.2-2build1",
      "purl": "pkg:deb/libxrandr2:i386?arch=i386\u0026distro=noble",
      "source": {
        "source_name": "libxrandr",
        "source_version": "2:1.5.2-2build1"
      }
    },
    {
      "name": "libxrender-dev:amd64",
      "version": "1:0.9.10-1.1build1",
      "purl": "pkg:deb/libxrender-dev:amd64?arch=amd64\u0026distro=noble",
      "source": {
        "source_name": "libxrender",
        "source_version": "1:0.9.10-1.1build1"
      }
    },
    {
      "name": "libxrender1:amd64",
      "version": "1:0.9.10-1.1build1",
      "purl": "pkg:deb/libxrender1:amd64?arch=amd64\u0026distro=noble",
      "source": {
        "source_name": "libxrender",
        "source_version": "1:0.9.10-1.1build1"
      }
    },
    {
      "name": "libxrender1:i386",
      "version": "1:0.9.10-1.1build1",
      "purl": "pkg:deb/libxrender1:i386?arch=i386\u0026distro=noble",
      "source": {
        "source_name": "libxrender",
        "source_version": "1:0.9.10-1.1build1"
      }
    },
    {
      "name": "libxres1:amd64",
      "version": "2:1.2.1-1build1",
      "purl": "pkg:deb/libxres1:amd64?arch=amd64\u0026distro=noble",
      "source": {
        "source_name": "libxres",
        "source_version": "2:1.2.1-1build1"
      }
    },
    {
      "name": "libxshmfence1:amd64",
      "version": "1.3-1build5",
      "purl": "pkg:deb/libxshmfence1:amd64?arch=amd64\u0026distro=noble",
      "source": {
        "source_name": "libxshmfence",
        "source_version": "1.3-1build5"
      }
    },
    {
      "name": "libxshmfence1:i386",
      "version": "1.3-1build5",
      "purl": "pkg:deb/libxshmfence1:i386?arch=i386\u0026distro=noble",
      "source": {
        "source_name": "libxshmfence",
        "source_version": "1.3-1build5"
      }
    },
    {
      "name": "libxslt1-dev:amd64",
      "version": "1.1.39-0exp1ubuntu0.24.04.3",
      "purl": "pkg:deb/libxslt1-dev:amd64?arch=amd64\u0026distro=noble",
      "source": {
        "source_name": "libxslt",
        "source_version": "1.1.39-0exp1ubuntu0.24.04.3"
      }
    },
    {
      "name": "libxslt1.1:amd64",
      "version": "1.1.39-0exp1ubuntu0.24.04.3",
      "purl": "pkg:deb/libxslt1.1:amd64?arch=amd64\u0026distro=noble",
      "source": {
        "source_name": "libxslt",
        "source_version": "1.1.39-0exp1ubuntu0.24.04.3"
      }
    },
    {
      "name": "libxss1:amd64",
      "version": "1:1.2.3-1build3",
      "purl": "pkg:deb/libxss1:amd64?arch=amd64\u0026distro=noble",
      "source": {
        "source_name": "libxss",
        "source_version": "1:1.2.3-1build3"
      }
    },
    {
      "name": "libxss1:i386",
      "version": "1:1.2.3-1build3",
      "purl": "pkg:deb/libxss1:i386?arch=i386\u0026distro=noble",
      "source": {
        "source_name": "libxss",
        "source_version": "1:1.2.3-1build3"
      }
    },
    {
      "name": "libxt-dev:amd64",
      "version": "1:1.2.1-1.2build1",
      "purl": "pkg:deb/libxt-dev:amd64?arch=amd64\u0026distro=noble",
      "source": {
        "source_name": "libxt",
        "source_version": "1:1.2.1-1.2build1"
      }
    },
    {
      "name": "libxt6t64:amd64",
      "version": "1:1.2.1-1.2build1",
      "purl": "pkg:deb/libxt6t64:amd64?arch=amd64\u0026distro=noble",
      "source": {
        "source_name": "libxt",
        "source_version": "1:1.2.1-1.2build1"
      }
    },
    {
      "name": "libxtables12:amd64",
      "version": "1.8.10-3ubuntu2",
      "purl": "pkg:deb/libxtables12:amd64?arch=amd64\u0026distro=noble",
      "source": {
        "source_name": "iptables",
        "source_version": "1.8.10-3ubuntu2"
      }
    },
    {
      "name": "libxtst6:amd64",
      "version": "2:1.2.3-1.1build1",
      "purl": "pkg:deb/libxtst6:amd64?arch=amd64\u0026distro=noble",
      "source": {
        "source_name": "libxtst",
        "source_version": "2:1.2.3-1.1build1"
      }
    },
    {
      "name": "libxtst6:i386",
      "version": "2:1.2.3-1.1build1",
      "purl": "pkg:deb/libxtst6:i386?arch=i386\u0026distro=noble",
      "source": {
        "source_name": "libxtst",
        "source_version": "2:1.2.3-1.1build1"
      }
    },
    {
      "name": "libxv1:amd64",
      "version": "2:1.0.11-1.1build1",
      "purl": "pkg:deb/libxv1:amd64?arch=amd64\u0026distro=noble",
      "source": {
        "source_name": "libxv",
        "source_version": "2:1.0.11-1.1build1"
      }
    },
    {
      "name": "libxv1:i386",
      "version": "2:1.0.11-1.1build1",
      "purl": "pkg:deb/libxv1:i386?arch=i386\u0026distro=noble",
      "source": {
        "source_name": "libxv",
        "source_version": "2:1.0.11-1.1build1"
      }
    },
    {
      "name": "libxvidcore4:amd64",
      "version": "2:1.3.7-1build1",
      "purl": "pkg:deb/libxvidcore4:amd64?arch=amd64\u0026distro=noble",
      "source": {
        "source_name": "xvidcore",
        "source_version": "2:1.3.7-1build1"
      }
    },
    {
      "name": "libxvidcore4:i386",
      "version": "2:1.3.7-1build1",
      "purl": "pkg:deb/libxvidcore4:i386?arch=i386\u0026distro=noble",
      "source": {
        "source_name": "xvidcore",
        "source_version": "2:1.3.7-1build1"
      }
    },
    {
      "name": "libxvmc1:amd64",
      "version": "2:1.0.12-2build3",
      "purl": "pkg:deb/libxvmc1:amd64?arch=amd64\u0026distro=noble",
      "source": {
        "source_name": "libxvmc",
        "source_version": "2:1.0.12-2build3"
      }
    },
    {
      "name": "libxxf86dga1:amd64",
      "version": "2:1.1.5-1build1",
      "purl": "pkg:deb/libxxf86dga1:amd64?arch=amd64\u0026distro=noble",
      "source": {
        "source_name": "libxxf86dga",
        "source_version": "2:1.1.5-1build1"
      }
    },
    {
      "name": "libxxf86vm-dev:amd64",
      "version": "1:1.1.4-1build4",
      "purl": "pkg:deb/libxxf86vm-dev:amd64?arch=amd64\u0026distro=noble",
      "source": {
        "source_name": "libxxf86vm",
        "source_version": "1:1.1.4-1build4"
      }
    },
    {
      "name": "libxxf86vm1:amd64",
      "version": "1:1.1.4-1build4",
      "purl": "pkg:deb/libxxf86vm1:amd64?arch=amd64\u0026distro=noble",
      "source": {
        "source_name": "libxxf86vm",
        "source_version": "1:1.1.4-1build4"
      }
    },
    {
      "name": "libxxf86vm1:i386",
      "version": "1:1.1.4-1build4",
      "purl": "pkg:deb/libxxf86vm1:i386?arch=i386\u0026distro=noble",
      "source": {
        "source_name": "libxxf86vm",
        "source_version": "1:1.1.4-1build4"
      }
    },
    {
      "name": "libxxhash0:amd64",
      "version": "0.8.2-2build1",
      "purl": "pkg:deb/libxxhash0:amd64?arch=amd64\u0026distro=noble",
      "source": {
        "source_name": "xxhash",
        "source_version": "0.8.2-2build1"
      }
    },
    {
      "name": "libyajl2:amd64",
      "version": "2.1.0-5build1",
      "purl": "pkg:deb/libyajl2:amd64?arch=amd64\u0026distro=noble",
      "source": {
        "source_name": "yajl",
        "source_version": "2.1.0-5build1"
      }
    },
    {
      "name": "libyaml-0-2:amd64",
      "version": "0.2.5-1build1",
      "purl": "pkg:deb/libyaml-0-2:amd64?arch=amd64\u0026distro=noble",
      "source": {
        "source_name": "libyaml",
        "source_version": "0.2.5-1build1"
      }
    },
    {
      "name": "libyaml-cpp0.8:amd64",
      "version": "0.8.0+dfsg-6build1",
      "purl": "pkg:deb/libyaml-cpp0.8:amd64?arch=amd64\u0026distro=noble",
      "source": {
        "source_name": "yaml-cpp",
        "source_version": "0.8.0+dfsg-6build1"
      }
    },
    {
      "name": "libyelp0:amd64",
      "version": "42.2-1ubuntu0.24.04.2",
      "purl": "pkg:deb/libyelp0:amd64?arch=amd64\u0026distro=noble",
      "source": {
        "source_name": "yelp",
        "source_version": "42.2-1ubuntu0.24.04.2"
      }
    },
    {
      "name": "libyuv0:amd64",
      "version": "0.0~git202401110.af6ac82-1",
      "purl": "pkg:deb/libyuv0:amd64?arch=amd64\u0026distro=noble",
      "source": {
        "source_name": "libyuv",
        "source_version": "0.0~git202401110.af6ac82-1"
      }
    },
    {
      "name": "libz-mingw-w64",
      "version": "1.3.1+dfsg-1",
      "purl": "pkg:deb/libz-mingw-w64?arch=all\u0026distro=noble",
      "source": {
        "source_name": "",
        "source_version": ""
      }
    },
    {
      "name": "libz3-4:amd64",
      "version": "4.8.12-3.1build1",
      "purl": "pkg:deb/libz3-4:amd64?arch=amd64\u0026distro=noble",
      "source": {
        "source_name": "z3",
        "source_version": "4.8.12-3.1build1"
      }
    },
    {
      "name": "libz3-dev:amd64",
      "version": "4.8.12-3.1build1",
      "purl": "pkg:deb/libz3-dev:amd64?arch=amd64\u0026distro=noble",
      "source": {
        "source_name": "z3",
        "source_version": "4.8.12-3.1build1"
      }
    },
    {
      "name": "libzbar0t64:amd64",
      "version": "0.23.93-4build3",
      "purl": "pkg:deb/libzbar0t64:amd64?arch=amd64\u0026distro=noble",
      "source": {
        "source_name": "zbar",
        "source_version": "0.23.93-4build3"
      }
    },
    {
      "name": "libzimg2:amd64",
      "version": "3.0.5+ds1-1build1",
      "purl": "pkg:deb/libzimg2:amd64?arch=amd64\u0026distro=noble",
      "source": {
        "source_name": "zimg",
        "source_version": "3.0.5+ds1-1build1"
      }
    },
    {
      "name": "libzip4t64:amd64",
      "version": "1.7.3-1.1ubuntu2",
      "purl": "pkg:deb/libzip4t64:amd64?arch=amd64\u0026distro=noble",
      "source": {
        "source_name": "libzip",
        "source_version": "1.7.3-1.1ubuntu2"
      }
    },
    {
      "name": "libzix-0-0:amd64",
      "version": "0.4.2-2build1",
      "purl": "pkg:deb/libzix-0-0:amd64?arch=amd64\u0026distro=noble",
      "source": {
        "source_name": "zix",
        "source_version": "0.4.2-2build1"
      }
    },
    {
      "name": "libzmq5:amd64",
      "version": "4.3.5-1build2",
      "purl": "pkg:deb/libzmq5:amd64?arch=amd64\u0026distro=noble",
      "source": {
        "source_name": "zeromq3",
        "source_version": "4.3.5-1build2"
      }
    },
    {
      "name": "libzstd-dev:amd64",
      "version": "1.5.5+dfsg2-2build1.1",
      "purl": "pkg:deb/libzstd-dev:amd64?arch=amd64\u0026distro=noble",
      "source": {
        "source_name": "libzstd",
        "source_version": "1.5.5+dfsg2-2build1.1"
      }
    },
    {
      "name": "libzstd1:amd64",
      "version": "1.5.5+dfsg2-2build1.1",
      "purl": "pkg:deb/libzstd1:amd64?arch=amd64\u0026distro=noble",
      "source": {
        "source_name": "libzstd",
        "source_version": "1.5.5+dfsg2-2build1.1"
      }
    },
    {
      "name": "libzstd1:i386",
      "version": "1.5.5+dfsg2-2build1.1",
      "purl": "pkg:deb/libzstd1:i386?arch=i386\u0026distro=noble",
      "source": {
        "source_name": "libzstd",
        "source_version": "1.5.5+dfsg2-2build1.1"
      }
    },
    {
      "name": "libzvbi-common",
      "version": "0.2.42-2",
      "purl": "pkg:deb/libzvbi-common?arch=all\u0026distro=noble",
      "source": {
        "source_name": "zvbi",
        "source_version": "0.2.42-2"
      }
    },
    {
      "name": "libzvbi0t64:amd64",
      "version": "0.2.42-2",
      "purl": "pkg:deb/libzvbi0t64:amd64?arch=amd64\u0026distro=noble",
      "source": {
        "source_name": "zvbi",
        "source_version": "0.2.42-2"
      }
    },
    {
      "name": "libzvbi0t64:i386",
      "version": "0.2.42-2",
      "purl": "pkg:deb/libzvbi0t64:i386?arch=i386\u0026distro=noble",
      "source": {
        "source_name": "zvbi",
        "source_version": "0.2.42-2"
      }
    },
    {
      "name": "libzxing3:amd64",
      "version": "2.2.1-3",
      "purl": "pkg:deb/libzxing3:amd64?arch=amd64\u0026distro=noble",
      "source": {
        "source_name": "zxing-cpp",
        "source_version": "2.2.1-3"
      }
    },
    {
      "name": "linux-base",
      "version": "4.5ubuntu9+24.04.2",
      "purl": "pkg:deb/linux-base?arch=all\u0026distro=noble",
      "source": {
        "source_name": "",
        "source_version": ""
      }
    },
    {
      "name": "linux-firmware",
      "version": "20240318.git3b128b60.0ubuntu3.1",
      "purl": "pkg:deb/linux-firmware?arch=all\u0026distro=noble",
      "source": {
        "source_name": "",
        "source_version": ""
      }
    },
    {
      "name": "linux-firmware-amd-graphics",
      "version": "20240318.git3b128b60-0ubuntu3.2",
      "purl": "pkg:deb/linux-firmware-amd-graphics?arch=all\u0026distro=noble",
      "source": {
        "source_name": "",
        "source_version": ""
      }
    },
    {
      "name": "linux-firmware-amd-misc",
      "version": "20240318.git3b128b60-0ubuntu3.1",
      "purl": "pkg:deb/linux-firmware-amd-misc?arch=all\u0026distro=noble",
      "source": {
        "source_name": "",
        "source_version": ""
      }
    },
    {
      "name": "linux-firmware-broadcom-wireless",
      "version": "20240318.git3b128b60-0ubuntu3.1",
      "purl": "pkg:deb/linux-firmware-broadcom-wireless?arch=all\u0026distro=noble",
      "source": {
        "source_name": "",
        "source_version": ""
      }
    },
    {
      "name": "linux-firmware-intel-graphics",
      "version": "20240318.git3b128b60-0ubuntu3.1",
      "purl": "pkg:deb/linux-firmware-intel-graphics?arch=all\u0026distro=noble",
      "source": {
        "source_name": "",
        "source_version": ""
      }
    },
    {
      "name": "linux-firmware-intel-misc",
      "version": "20240318.git3b128b60-0ubuntu3.1",
      "purl": "pkg:deb/linux-firmware-intel-misc?arch=all\u0026distro=noble",
      "source": {
        "source_name": "",
        "source_version": ""
      }
    },
    {
      "name": "linux-firmware-intel-wireless",
      "version": "20240318.git3b128b60-0ubuntu3.1",
      "purl": "pkg:deb/linux-firmware-intel-wireless?arch=all\u0026distro=noble",
      "source": {
        "source_name": "",
        "source_version": ""
      }
    },
    {
      "name": "linux-firmware-marvell-prestera",
      "version": "20240318.git3b128b60-0ubuntu3.1",
      "purl": "pkg:deb/linux-firmware-marvell-prestera?arch=all\u0026distro=noble",
      "source": {
        "source_name": "",
        "source_version": ""
      }
    },
    {
      "name": "linux-firmware-marvell-wireless",
      "version": "20240318.git3b128b60-0ubuntu3.1",
      "purl": "pkg:deb/linux-firmware-marvell-wireless?arch=all\u0026distro=noble",
      "source": {
        "source_name": "",
        "source_version": ""
      }
    },
    {
      "name": "linux-firmware-mediatek",
      "version": "20240318.git3b128b60-0ubuntu3.1",
      "purl": "pkg:deb/linux-firmware-mediatek?arch=all\u0026distro=noble",
      "source": {
        "source_name": "",
        "source_version": ""
      }
    },
    {
      "name": "linux-firmware-mellanox-spectrum",
      "version": "20240318.git3b128b60-0ubuntu3.1",
      "purl": "pkg:deb/linux-firmware-mellanox-spectrum?arch=all\u0026distro=noble",
      "source": {
        "source_name": "",
        "source_version": ""
      }
    },
    {
      "name": "linux-firmware-misc",
      "version": "20240318.git3b128b60-0ubuntu3.1",
      "purl": "pkg:deb/linux-firmware-misc?arch=all\u0026distro=noble",
      "source": {
        "source_name": "",
        "source_version": ""
      }
    },
    {
      "name": "linux-firmware-netronome",
      "version": "20240318.git3b128b60-0ubuntu3.1",
      "purl": "pkg:deb/linux-firmware-netronome?arch=all\u0026distro=noble",
      "source": {
        "source_name": "",
        "source_version": ""
      }
    },
    {
      "name": "linux-firmware-nvidia-graphics",
      "version": "20240318.git3b128b60-0ubuntu3.1",
      "purl": "pkg:deb/linux-firmware-nvidia-graphics?arch=all\u0026distro=noble",
      "source": {
        "source_name": "",
        "source_version": ""
      }
    },
    {
      "name": "linux-firmware-qlogic",
      "version": "20240318.git3b128b60-0ubuntu3.1",
      "purl": "pkg:deb/linux-firmware-qlogic?arch=all\u0026distro=noble",
      "source": {
        "source_name": "",
        "source_version": ""
      }
    },
    {
      "name": "linux-firmware-qualcomm-graphics",
      "version": "20240318.git3b128b60-0ubuntu3.1",
      "purl": "pkg:deb/linux-firmware-qualcomm-graphics?arch=all\u0026distro=noble",
      "source": {
        "source_name": "",
        "source_version": ""
      }
    },
    {
      "name": "linux-firmware-qualcomm-misc",
      "version": "20240318.git3b128b60-0ubuntu3.1",
      "purl": "pkg:deb/linux-firmware-qualcomm-misc?arch=all\u0026distro=noble",
      "source": {
        "source_name": "",
        "source_version": ""
      }
    },
    {
      "name": "linux-firmware-qualcomm-wireless",
      "version": "20240318.git3b128b60-0ubuntu3.1",
      "purl": "pkg:deb/linux-firmware-qualcomm-wireless?arch=all\u0026distro=noble",
      "source": {
        "source_name": "",
        "source_version": ""
      }
    },
    {
      "name": "linux-firmware-realtek",
      "version": "20240318.git3b128b60-0ubuntu3.1",
      "purl": "pkg:deb/linux-firmware-realtek?arch=all\u0026distro=noble",
      "source": {
        "source_name": "",
        "source_version": ""
      }
    },
    {
      "name": "linux-generic-hwe-24.04",
      "version": "7.0.0-34.34~24.04.1",
      "purl": "pkg:deb/linux-generic-hwe-24.04?arch=amd64\u0026distro=noble",
      "source": {
        "source_name": "linux-meta-hwe-7.0",
        "source_version": "7.0.0-34.34~24.04.1"
      }
    },
    {
      "name": "linux-headers-6.14.0-35-generic",
      "version": "6.14.0-35.35~24.04.1",
      "purl": "pkg:deb/linux-headers-6.14.0-35-generic?arch=amd64\u0026distro=noble",
      "source": {
        "source_name": "linux-hwe-6.14",
        "source_version": "6.14.0-35.35~24.04.1"
      }
    },
    {
      "name": "linux-headers-6.14.0-37-generic",
      "version": "6.14.0-37.37~24.04.1",
      "purl": "pkg:deb/linux-headers-6.14.0-37-generic?arch=amd64\u0026distro=noble",
      "source": {
        "source_name": "linux-hwe-6.14",
        "source_version": "6.14.0-37.37~24.04.1"
      }
    },
    {
      "name": "linux-headers-6.17.0-40-generic",
      "version": "6.17.0-40.40~24.04.1",
      "purl": "pkg:deb/linux-headers-6.17.0-40-generic?arch=amd64\u0026distro=noble",
      "source": {
        "source_name": "linux-hwe-6.17",
        "source_version": "6.17.0-40.40~24.04.1"
      }
    },
    {
      "name": "linux-headers-7.0.0-31-generic",
      "version": "7.0.0-31.31~24.04.1",
      "purl": "pkg:deb/linux-headers-7.0.0-31-generic?arch=amd64\u0026distro=noble",
      "source": {
        "source_name": "linux-hwe-7.0",
        "source_version": "7.0.0-31.31~24.04.1"
      }
    },
    {
      "name": "linux-headers-7.0.0-34-generic",
      "version": "7.0.0-34.34~24.04.1",
      "purl": "pkg:deb/linux-headers-7.0.0-34-generic?arch=amd64\u0026distro=noble",
      "source": {
        "source_name": "linux-hwe-7.0",
        "source_version": "7.0.0-34.34~24.04.1"
      }
    },
    {
      "name": "linux-headers-generic-hwe-24.04",
      "version": "7.0.0-34.34~24.04.1",
      "purl": "pkg:deb/linux-headers-generic-hwe-24.04?arch=amd64\u0026distro=noble",
      "source": {
        "source_name": "linux-meta-hwe-7.0",
        "source_version": "7.0.0-34.34~24.04.1"
      }
    },
    {
      "name": "linux-hwe-6.14-headers-6.14.0-35",
      "version": "6.14.0-35.35~24.04.1",
      "purl": "pkg:deb/linux-hwe-6.14-headers-6.14.0-35?arch=all\u0026distro=noble",
      "source": {
        "source_name": "linux-hwe-6.14",
        "source_version": "6.14.0-35.35~24.04.1"
      }
    },
    {
      "name": "linux-hwe-6.14-headers-6.14.0-37",
      "version": "6.14.0-37.37~24.04.1",
      "purl": "pkg:deb/linux-hwe-6.14-headers-6.14.0-37?arch=all\u0026distro=noble",
      "source": {
        "source_name": "linux-hwe-6.14",
        "source_version": "6.14.0-37.37~24.04.1"
      }
    },
    {
      "name": "linux-hwe-6.14-tools-6.14.0-35",
      "version": "6.14.0-35.35~24.04.1",
      "purl": "pkg:deb/linux-hwe-6.14-tools-6.14.0-35?arch=amd64\u0026distro=noble",
      "source": {
        "source_name": "linux-hwe-6.14",
        "source_version": "6.14.0-35.35~24.04.1"
      }
    },
    {
      "name": "linux-hwe-6.17-headers-6.17.0-40",
      "version": "6.17.0-40.40~24.04.1",
      "purl": "pkg:deb/linux-hwe-6.17-headers-6.17.0-40?arch=all\u0026distro=noble",
      "source": {
        "source_name": "linux-hwe-6.17",
        "source_version": "6.17.0-40.40~24.04.1"
      }
    },
    {
      "name": "linux-hwe-7.0-headers-7.0.0-31",
      "version": "7.0.0-31.31~24.04.1",
      "purl": "pkg:deb/linux-hwe-7.0-headers-7.0.0-31?arch=all\u0026distro=noble",
      "source": {
        "source_name": "linux-hwe-7.0",
        "source_version": "7.0.0-31.31~24.04.1"
      }
    },
    {
      "name": "linux-hwe-7.0-headers-7.0.0-34",
      "version": "7.0.0-34.34~24.04.1",
      "purl": "pkg:deb/linux-hwe-7.0-headers-7.0.0-34?arch=all\u0026distro=noble",
      "source": {
        "source_name": "linux-hwe-7.0",
        "source_version": "7.0.0-34.34~24.04.1"
      }
    },
    {
      "name": "linux-hwe-7.0-tools-7.0.0-31",
      "version": "7.0.0-31.31~24.04.1",
      "purl": "pkg:deb/linux-hwe-7.0-tools-7.0.0-31?arch=amd64\u0026distro=noble",
      "source": {
        "source_name": "linux-hwe-7.0",
        "source_version": "7.0.0-31.31~24.04.1"
      }
    },
    {
      "name": "linux-hwe-7.0-tools-7.0.0-34",
      "version": "7.0.0-34.34~24.04.1",
      "purl": "pkg:deb/linux-hwe-7.0-tools-7.0.0-34?arch=amd64\u0026distro=noble",
      "source": {
        "source_name": "linux-hwe-7.0",
        "source_version": "7.0.0-34.34~24.04.1"
      }
    },
    {
      "name": "linux-image-6.14.0-27-generic",
      "version": "6.14.0-27.27~24.04.1",
      "purl": "pkg:deb/linux-image-6.14.0-27-generic?arch=amd64\u0026distro=noble",
      "source": {
        "source_name": "linux-signed-hwe-6.14",
        "source_version": "6.14.0-27.27~24.04.1"
      }
    },
    {
      "name": "linux-image-6.14.0-33-generic",
      "version": "6.14.0-33.33~24.04.1",
      "purl": "pkg:deb/linux-image-6.14.0-33-generic?arch=amd64\u0026distro=noble",
      "source": {
        "source_name": "linux-signed-hwe-6.14",
        "source_version": "6.14.0-33.33~24.04.1"
      }
    },
    {
      "name": "linux-image-6.14.0-35-generic",
      "version": "6.14.0-35.35~24.04.1",
      "purl": "pkg:deb/linux-image-6.14.0-35-generic?arch=amd64\u0026distro=noble",
      "source": {
        "source_name": "linux-signed-hwe-6.14",
        "source_version": "6.14.0-35.35~24.04.1"
      }
    },
    {
      "name": "linux-image-6.14.0-36-generic",
      "version": "6.14.0-36.36~24.04.1",
      "purl": "pkg:deb/linux-image-6.14.0-36-generic?arch=amd64\u0026distro=noble",
      "source": {
        "source_name": "linux-signed-hwe-6.14",
        "source_version": "6.14.0-36.36~24.04.1"
      }
    },
    {
      "name": "linux-image-6.14.0-37-generic",
      "version": "6.14.0-37.37~24.04.1",
      "purl": "pkg:deb/linux-image-6.14.0-37-generic?arch=amd64\u0026distro=noble",
      "source": {
        "source_name": "linux-signed-hwe-6.14",
        "source_version": "6.14.0-37.37~24.04.1"
      }
    },
    {
      "name": "linux-image-6.17.0-14-generic",
      "version": "6.17.0-14.14~24.04.1",
      "purl": "pkg:deb/linux-image-6.17.0-14-generic?arch=amd64\u0026distro=noble",
      "source": {
        "source_name": "linux-signed-hwe-6.17",
        "source_version": "6.17.0-14.14~24.04.1"
      }
    },
    {
      "name": "linux-image-6.17.0-19-generic",
      "version": "6.17.0-19.19~24.04.2",
      "purl": "pkg:deb/linux-image-6.17.0-19-generic?arch=amd64\u0026distro=noble",
      "source": {
        "source_name": "linux-signed-hwe-6.17",
        "source_version": "6.17.0-19.19~24.04.2"
      }
    },
    {
      "name": "linux-image-6.17.0-20-generic",
      "version": "6.17.0-20.20~24.04.1",
      "purl": "pkg:deb/linux-image-6.17.0-20-generic?arch=amd64\u0026distro=noble",
      "source": {
        "source_name": "linux-signed-hwe-6.17",
        "source_version": "6.17.0-20.20~24.04.1"
      }
    },
    {
      "name": "linux-image-6.17.0-22-generic",
      "version": "6.17.0-22.22~24.04.1",
      "purl": "pkg:deb/linux-image-6.17.0-22-generic?arch=amd64\u0026distro=noble",
      "source": {
        "source_name": "linux-signed-hwe-6.17",
        "source_version": "6.17.0-22.22~24.04.1"
      }
    },
    {
      "name": "linux-image-6.17.0-23-generic",
      "version": "6.17.0-23.23~24.04.1",
      "purl": "pkg:deb/linux-image-6.17.0-23-generic?arch=amd64\u0026distro=noble",
      "source": {
        "source_name": "linux-signed-hwe-6.17",
        "source_version": "6.17.0-23.23~24.04.1"
      }
    },
    {
      "name": "linux-image-6.17.0-29-generic",
      "version": "6.17.0-29.29~24.04.1",
      "purl": "pkg:deb/linux-image-6.17.0-29-generic?arch=amd64\u0026distro=noble",
      "source": {
        "source_name": "linux-signed-hwe-6.17",
        "source_version": "6.17.0-29.29~24.04.1"
      }
    },
    {
      "name": "linux-image-6.17.0-35-generic",
      "version": "6.17.0-35.35~24.04.1",
      "purl": "pkg:deb/linux-image-6.17.0-35-generic?arch=amd64\u0026distro=noble",
      "source": {
        "source_name": "linux-signed-hwe-6.17",
        "source_version": "6.17.0-35.35~24.04.1"
      }
    },
    {
      "name": "linux-image-6.17.0-40-generic",
      "version": "6.17.0-40.40~24.04.1",
      "purl": "pkg:deb/linux-image-6.17.0-40-generic?arch=amd64\u0026distro=noble",
      "source": {
        "source_name": "linux-signed-hwe-6.17",
        "source_version": "6.17.0-40.40~24.04.1"
      }
    },
    {
      "name": "linux-image-7.0.0-28-generic",
      "version": "7.0.0-28.28~24.04.1",
      "purl": "pkg:deb/linux-image-7.0.0-28-generic?arch=amd64\u0026distro=noble",
      "source": {
        "source_name": "linux-signed-hwe-7.0",
        "source_version": "7.0.0-28.28~24.04.1"
      }
    },
    {
      "name": "linux-image-7.0.0-30-generic",
      "version": "7.0.0-30.30~24.04.1",
      "purl": "pkg:deb/linux-image-7.0.0-30-generic?arch=amd64\u0026distro=noble",
      "source": {
        "source_name": "linux-signed-hwe-7.0",
        "source_version": "7.0.0-30.30~24.04.1"
      }
    },
    {
      "name": "linux-image-7.0.0-31-generic",
      "version": "7.0.0-31.31~24.04.1",
      "purl": "pkg:deb/linux-image-7.0.0-31-generic?arch=amd64\u0026distro=noble",
      "source": {
        "source_name": "linux-signed-hwe-7.0",
        "source_version": "7.0.0-31.31~24.04.1"
      }
    },
    {
      "name": "linux-image-7.0.0-34-generic",
      "version": "7.0.0-34.34~24.04.1",
      "purl": "pkg:deb/linux-image-7.0.0-34-generic?arch=amd64\u0026distro=noble",
      "source": {
        "source_name": "linux-signed-hwe-7.0",
        "source_version": "7.0.0-34.34~24.04.1"
      }
    },
    {
      "name": "linux-image-generic-hwe-24.04",
      "version": "7.0.0-34.34~24.04.1",
      "purl": "pkg:deb/linux-image-generic-hwe-24.04?arch=amd64\u0026distro=noble",
      "source": {
        "source_name": "linux-meta-hwe-7.0",
        "source_version": "7.0.0-34.34~24.04.1"
      }
    },
    {
      "name": "linux-libc-dev:amd64",
      "version": "6.8.0-142.142",
      "purl": "pkg:deb/linux-libc-dev:amd64?arch=amd64\u0026distro=noble",
      "source": {
        "source_name": "linux",
        "source_version": "6.8.0-142.142"
      }
    },
    {
      "name": "linux-modules-6.14.0-27-generic",
      "version": "6.14.0-27.27~24.04.1",
      "purl": "pkg:deb/linux-modules-6.14.0-27-generic?arch=amd64\u0026distro=noble",
      "source": {
        "source_name": "linux-hwe-6.14",
        "source_version": "6.14.0-27.27~24.04.1"
      }
    },
    {
      "name": "linux-modules-6.14.0-33-generic",
      "version": "6.14.0-33.33~24.04.1",
      "purl": "pkg:deb/linux-modules-6.14.0-33-generic?arch=amd64\u0026distro=noble",
      "source": {
        "source_name": "linux-hwe-6.14",
        "source_version": "6.14.0-33.33~24.04.1"
      }
    },
    {
      "name": "linux-modules-6.14.0-35-generic",
      "version": "6.14.0-35.35~24.04.1",
      "purl": "pkg:deb/linux-modules-6.14.0-35-generic?arch=amd64\u0026distro=noble",
      "source": {
        "source_name": "linux-hwe-6.14",
        "source_version": "6.14.0-35.35~24.04.1"
      }
    },
    {
      "name": "linux-modules-6.14.0-36-generic",
      "version": "6.14.0-36.36~24.04.1",
      "purl": "pkg:deb/linux-modules-6.14.0-36-generic?arch=amd64\u0026distro=noble",
      "source": {
        "source_name": "linux-hwe-6.14",
        "source_version": "6.14.0-36.36~24.04.1"
      }
    },
    {
      "name": "linux-modules-6.14.0-37-generic",
      "version": "6.14.0-37.37~24.04.1",
      "purl": "pkg:deb/linux-modules-6.14.0-37-generic?arch=amd64\u0026distro=noble",
      "source": {
        "source_name": "linux-hwe-6.14",
        "source_version": "6.14.0-37.37~24.04.1"
      }
    },
    {
      "name": "linux-modules-6.17.0-14-generic",
      "version": "6.17.0-14.14~24.04.1",
      "purl": "pkg:deb/linux-modules-6.17.0-14-generic?arch=amd64\u0026distro=noble",
      "source": {
        "source_name": "linux-hwe-6.17",
        "source_version": "6.17.0-14.14~24.04.1"
      }
    },
    {
      "name": "linux-modules-6.17.0-19-generic",
      "version": "6.17.0-19.19~24.04.2",
      "purl": "pkg:deb/linux-modules-6.17.0-19-generic?arch=amd64\u0026distro=noble",
      "source": {
        "source_name": "linux-hwe-6.17",
        "source_version": "6.17.0-19.19~24.04.2"
      }
    },
    {
      "name": "linux-modules-6.17.0-20-generic",
      "version": "6.17.0-20.20~24.04.1",
      "purl": "pkg:deb/linux-modules-6.17.0-20-generic?arch=amd64\u0026distro=noble",
      "source": {
        "source_name": "linux-hwe-6.17",
        "source_version": "6.17.0-20.20~24.04.1"
      }
    },
    {
      "name": "linux-modules-6.17.0-22-generic",
      "version": "6.17.0-22.22~24.04.1",
      "purl": "pkg:deb/linux-modules-6.17.0-22-generic?arch=amd64\u0026distro=noble",
      "source": {
        "source_name": "linux-hwe-6.17",
        "source_version": "6.17.0-22.22~24.04.1"
      }
    },
    {
      "name": "linux-modules-6.17.0-23-generic",
      "version": "6.17.0-23.23~24.04.1",
      "purl": "pkg:deb/linux-modules-6.17.0-23-generic?arch=amd64\u0026distro=noble",
      "source": {
        "source_name": "linux-hwe-6.17",
        "source_version": "6.17.0-23.23~24.04.1"
      }
    },
    {
      "name": "linux-modules-6.17.0-29-generic",
      "version": "6.17.0-29.29~24.04.1",
      "purl": "pkg:deb/linux-modules-6.17.0-29-generic?arch=amd64\u0026distro=noble",
      "source": {
        "source_name": "linux-hwe-6.17",
        "source_version": "6.17.0-29.29~24.04.1"
      }
    },
    {
      "name": "linux-modules-6.17.0-35-generic",
      "version": "6.17.0-35.35~24.04.1",
      "purl": "pkg:deb/linux-modules-6.17.0-35-generic?arch=amd64\u0026distro=noble",
      "source": {
        "source_name": "linux-hwe-6.17",
        "source_version": "6.17.0-35.35~24.04.1"
      }
    },
    {
      "name": "linux-modules-6.17.0-40-generic",
      "version": "6.17.0-40.40~24.04.1",
      "purl": "pkg:deb/linux-modules-6.17.0-40-generic?arch=amd64\u0026distro=noble",
      "source": {
        "source_name": "linux-hwe-6.17",
        "source_version": "6.17.0-40.40~24.04.1"
      }
    },
    {
      "name": "linux-modules-7.0.0-28-generic",
      "version": "7.0.0-28.28~24.04.1",
      "purl": "pkg:deb/linux-modules-7.0.0-28-generic?arch=amd64\u0026distro=noble",
      "source": {
        "source_name": "linux-hwe-7.0",
        "source_version": "7.0.0-28.28~24.04.1"
      }
    },
    {
      "name": "linux-modules-7.0.0-30-generic",
      "version": "7.0.0-30.30~24.04.1",
      "purl": "pkg:deb/linux-modules-7.0.0-30-generic?arch=amd64\u0026distro=noble",
      "source": {
        "source_name": "linux-hwe-7.0",
        "source_version": "7.0.0-30.30~24.04.1"
      }
    },
    {
      "name": "linux-modules-7.0.0-31-generic",
      "version": "7.0.0-31.31~24.04.1",
      "purl": "pkg:deb/linux-modules-7.0.0-31-generic?arch=amd64\u0026distro=noble",
      "source": {
        "source_name": "linux-hwe-7.0",
        "source_version": "7.0.0-31.31~24.04.1"
      }
    },
    {
      "name": "linux-modules-7.0.0-34-generic",
      "version": "7.0.0-34.34~24.04.1",
      "purl": "pkg:deb/linux-modules-7.0.0-34-generic?arch=amd64\u0026distro=noble",
      "source": {
        "source_name": "linux-hwe-7.0",
        "source_version": "7.0.0-34.34~24.04.1"
      }
    },
    {
      "name": "linux-modules-extra-6.14.0-27-generic",
      "version": "6.14.0-27.27~24.04.1",
      "purl": "pkg:deb/linux-modules-extra-6.14.0-27-generic?arch=amd64\u0026distro=noble",
      "source": {
        "source_name": "linux-hwe-6.14",
        "source_version": "6.14.0-27.27~24.04.1"
      }
    },
    {
      "name": "linux-modules-extra-6.14.0-33-generic",
      "version": "6.14.0-33.33~24.04.1",
      "purl": "pkg:deb/linux-modules-extra-6.14.0-33-generic?arch=amd64\u0026distro=noble",
      "source": {
        "source_name": "linux-hwe-6.14",
        "source_version": "6.14.0-33.33~24.04.1"
      }
    },
    {
      "name": "linux-modules-extra-6.14.0-35-generic",
      "version": "6.14.0-35.35~24.04.1",
      "purl": "pkg:deb/linux-modules-extra-6.14.0-35-generic?arch=amd64\u0026distro=noble",
      "source": {
        "source_name": "linux-hwe-6.14",
        "source_version": "6.14.0-35.35~24.04.1"
      }
    },
    {
      "name": "linux-modules-extra-6.14.0-36-generic",
      "version": "6.14.0-36.36~24.04.1",
      "purl": "pkg:deb/linux-modules-extra-6.14.0-36-generic?arch=amd64\u0026distro=noble",
      "source": {
        "source_name": "linux-hwe-6.14",
        "source_version": "6.14.0-36.36~24.04.1"
      }
    },
    {
      "name": "linux-modules-extra-6.14.0-37-generic",
      "version": "6.14.0-37.37~24.04.1",
      "purl": "pkg:deb/linux-modules-extra-6.14.0-37-generic?arch=amd64\u0026distro=noble",
      "source": {
        "source_name": "linux-hwe-6.14",
        "source_version": "6.14.0-37.37~24.04.1"
      }
    },
    {
      "name": "linux-modules-extra-6.17.0-14-generic",
      "version": "6.17.0-14.14~24.04.1",
      "purl": "pkg:deb/linux-modules-extra-6.17.0-14-generic?arch=amd64\u0026distro=noble",
      "source": {
        "source_name": "linux-hwe-6.17",
        "source_version": "6.17.0-14.14~24.04.1"
      }
    },
    {
      "name": "linux-modules-extra-6.17.0-19-generic",
      "version": "6.17.0-19.19~24.04.2",
      "purl": "pkg:deb/linux-modules-extra-6.17.0-19-generic?arch=amd64\u0026distro=noble",
      "source": {
        "source_name": "linux-hwe-6.17",
        "source_version": "6.17.0-19.19~24.04.2"
      }
    },
    {
      "name": "linux-modules-extra-6.17.0-20-generic",
      "version": "6.17.0-20.20~24.04.1",
      "purl": "pkg:deb/linux-modules-extra-6.17.0-20-generic?arch=amd64\u0026distro=noble",
      "source": {
        "source_name": "linux-hwe-6.17",
        "source_version": "6.17.0-20.20~24.04.1"
      }
    },
    {
      "name": "linux-modules-extra-6.17.0-22-generic",
      "version": "6.17.0-22.22~24.04.1",
      "purl": "pkg:deb/linux-modules-extra-6.17.0-22-generic?arch=amd64\u0026distro=noble",
      "source": {
        "source_name": "linux-hwe-6.17",
        "source_version": "6.17.0-22.22~24.04.1"
      }
    },
    {
      "name": "linux-modules-extra-6.17.0-23-generic",
      "version": "6.17.0-23.23~24.04.1",
      "purl": "pkg:deb/linux-modules-extra-6.17.0-23-generic?arch=amd64\u0026distro=noble",
      "source": {
        "source_name": "linux-hwe-6.17",
        "source_version": "6.17.0-23.23~24.04.1"
      }
    },
    {
      "name": "linux-modules-extra-6.17.0-29-generic",
      "version": "6.17.0-29.29~24.04.1",
      "purl": "pkg:deb/linux-modules-extra-6.17.0-29-generic?arch=amd64\u0026distro=noble",
      "source": {
        "source_name": "linux-hwe-6.17",
        "source_version": "6.17.0-29.29~24.04.1"
      }
    },
    {
      "name": "linux-modules-extra-6.17.0-35-generic",
      "version": "6.17.0-35.35~24.04.1",
      "purl": "pkg:deb/linux-modules-extra-6.17.0-35-generic?arch=amd64\u0026distro=noble",
      "source": {
        "source_name": "linux-hwe-6.17",
        "source_version": "6.17.0-35.35~24.04.1"
      }
    },
    {
      "name": "linux-modules-extra-6.17.0-40-generic",
      "version": "6.17.0-40.40~24.04.1",
      "purl": "pkg:deb/linux-modules-extra-6.17.0-40-generic?arch=amd64\u0026distro=noble",
      "source": {
        "source_name": "linux-hwe-6.17",
        "source_version": "6.17.0-40.40~24.04.1"
      }
    },
    {
      "name": "linux-sound-base",
      "version": "1.0.25+dfsg-0ubuntu7",
      "purl": "pkg:deb/linux-sound-base?arch=all\u0026distro=noble",
      "source": {
        "source_name": "alsa-driver",
        "source_version": "1.0.25+dfsg-0ubuntu7"
      }
    },
    {
      "name": "linux-tools-6.14.0-35-generic",
      "version": "6.14.0-35.35~24.04.1",
      "purl": "pkg:deb/linux-tools-6.14.0-35-generic?arch=amd64\u0026distro=noble",
      "source": {
        "source_name": "linux-hwe-6.14",
        "source_version": "6.14.0-35.35~24.04.1"
      }
    },
    {
      "name": "linux-tools-6.8.0-142",
      "version": "6.8.0-142.142",
      "purl": "pkg:deb/linux-tools-6.8.0-142?arch=amd64\u0026distro=noble",
      "source": {
        "source_name": "linux",
        "source_version": "6.8.0-142.142"
      }
    },
    {
      "name": "linux-tools-6.8.0-142-generic",
      "version": "6.8.0-142.142",
      "purl": "pkg:deb/linux-tools-6.8.0-142-generic?arch=amd64\u0026distro=noble",
      "source": {
        "source_name": "linux",
        "source_version": "6.8.0-142.142"
      }
    },
    {
      "name": "linux-tools-7.0.0-31-generic",
      "version": "7.0.0-31.31~24.04.1",
      "purl": "pkg:deb/linux-tools-7.0.0-31-generic?arch=amd64\u0026distro=noble",
      "source": {
        "source_name": "linux-hwe-7.0",
        "source_version": "7.0.0-31.31~24.04.1"
      }
    },
    {
      "name": "linux-tools-7.0.0-34-generic",
      "version": "7.0.0-34.34~24.04.1",
      "purl": "pkg:deb/linux-tools-7.0.0-34-generic?arch=amd64\u0026distro=noble",
      "source": {
        "source_name": "linux-hwe-7.0",
        "source_version": "7.0.0-34.34~24.04.1"
      }
    },
    {
      "name": "linux-tools-common",
      "version": "6.8.0-142.142",
      "purl": "pkg:deb/linux-tools-common?arch=all\u0026distro=noble",
      "source": {
        "source_name": "linux",
        "source_version": "6.8.0-142.142"
      }
    },
    {
      "name": "linux-tools-generic",
      "version": "6.8.0-142.142",
      "purl": "pkg:deb/linux-tools-generic?arch=amd64\u0026distro=noble",
      "source": {
        "source_name": "linux-meta",
        "source_version": "6.8.0-142.142"
      }
    },
    {
      "name": "llvm",
      "version": "1:18.0-59~exp2",
      "purl": "pkg:deb/llvm?arch=amd64\u0026distro=noble",
      "source": {
        "source_name": "llvm-defaults",
        "source_version": "0.59~exp2"
      }
    },
    {
      "name": "llvm-18",
      "version": "1:18.1.3-1ubuntu1",
      "purl": "pkg:deb/llvm-18?arch=amd64\u0026distro=noble",
      "source": {
        "source_name": "llvm-toolchain-18",
        "source_version": "1:18.1.3-1ubuntu1"
      }
    },
    {
      "name": "llvm-18-dev",
      "version": "1:18.1.3-1ubuntu1",
      "purl": "pkg:deb/llvm-18-dev?arch=amd64\u0026distro=noble",
      "source": {
        "source_name": "llvm-toolchain-18",
        "source_version": "1:18.1.3-1ubuntu1"
      }
    },
    {
      "name": "llvm-18-linker-tools",
      "version": "1:18.1.3-1ubuntu1",
      "purl": "pkg:deb/llvm-18-linker-tools?arch=amd64\u0026distro=noble",
      "source": {
        "source_name": "llvm-toolchain-18",
        "source_version": "1:18.1.3-1ubuntu1"
      }
    },
    {
      "name": "llvm-18-runtime",
      "version": "1:18.1.3-1ubuntu1",
      "purl": "pkg:deb/llvm-18-runtime?arch=amd64\u0026distro=noble",
      "source": {
        "source_name": "llvm-toolchain-18",
        "source_version": "1:18.1.3-1ubuntu1"
      }
    },
    {
      "name": "llvm-18-tools",
      "version": "1:18.1.3-1ubuntu1",
      "purl": "pkg:deb/llvm-18-tools?arch=amd64\u0026distro=noble",
      "source": {
        "source_name": "llvm-toolchain-18",
        "source_version": "1:18.1.3-1ubuntu1"
      }
    },
    {
      "name": "llvm-runtime:amd64",
      "version": "1:18.0-59~exp2",
      "purl": "pkg:deb/llvm-runtime:amd64?arch=amd64\u0026distro=noble",
      "source": {
        "source_name": "llvm-defaults",
        "source_version": "0.59~exp2"
      }
    },
    {
      "name": "lm-sensors",
      "version": "1:3.6.0-9build1",
      "purl": "pkg:deb/lm-sensors?arch=amd64\u0026distro=noble",
      "source": {
        "source_name": "",
        "source_version": ""
      }
    },
    {
      "name": "locales",
      "version": "2.39-0ubuntu8.9",
      "purl": "pkg:deb/locales?arch=all\u0026distro=noble",
      "source": {
        "source_name": "glibc",
        "source_version": "2.39-0ubuntu8.9"
      }
    },
    {
      "name": "login",
      "version": "1:4.13+dfsg1-4ubuntu3.2",
      "purl": "pkg:deb/login?arch=amd64\u0026distro=noble",
      "source": {
        "source_name": "shadow",
        "source_version": "1:4.13+dfsg1-4ubuntu3.2"
      }
    },
    {
      "name": "logrotate",
      "version": "3.21.0-2build1",
      "purl": "pkg:deb/logrotate?arch=amd64\u0026distro=noble",
      "source": {
        "source_name": "",
        "source_version": ""
      }
    },
    {
      "name": "logsave",
      "version": "1.47.0-2.4~exp1ubuntu4.1",
      "purl": "pkg:deb/logsave?arch=amd64\u0026distro=noble",
      "source": {
        "source_name": "e2fsprogs",
        "source_version": "1.47.0-2.4~exp1ubuntu4.1"
      }
    },
    {
      "name": "lolcat",
      "version": "100.0.1-3",
      "purl": "pkg:deb/lolcat?arch=all\u0026distro=noble",
      "source": {
        "source_name": "",
        "source_version": ""
      }
    },
    {
      "name": "lp-solve",
      "version": "5.5.2.5-2ubuntu0.1",
      "purl": "pkg:deb/lp-solve?arch=amd64\u0026distro=noble",
      "source": {
        "source_name": "",
        "source_version": ""
      }
    },
    {
      "name": "lsb-release",
      "version": "12.0-2",
      "purl": "pkg:deb/lsb-release?arch=all\u0026distro=noble",
      "source": {
        "source_name": "lsb-release-minimal",
        "source_version": "12.0-2"
      }
    },
    {
      "name": "lshw",
      "version": "02.19.git.2021.06.19.996aaad9c7-2ubuntu0.24.04.1",
      "purl": "pkg:deb/lshw?arch=amd64\u0026distro=noble",
      "source": {
        "source_name": "",
        "source_version": ""
      }
    },
    {
      "name": "lsof",
      "version": "4.95.0-1build3",
      "purl": "pkg:deb/lsof?arch=amd64\u0026distro=noble",
      "source": {
        "source_name": "",
        "source_version": ""
      }
    },
    {
      "name": "lto-disabled-list",
      "version": "47",
      "purl": "pkg:deb/lto-disabled-list?arch=all\u0026distro=noble",
      "source": {
        "source_name": "",
        "source_version": ""
      }
    },
    {
      "name": "ltrace",
      "version": "0.7.3-6.4ubuntu3",
      "purl": "pkg:deb/ltrace?arch=amd64\u0026distro=noble",
      "source": {
        "source_name": "",
        "source_version": ""
      }
    },
    {
      "name": "lvm2",
      "version": "2.03.16-3ubuntu3.2",
      "purl": "pkg:deb/lvm2?arch=amd64\u0026distro=noble",
      "source": {
        "source_name": "",
        "source_version": ""
      }
    },
    {
      "name": "make",
      "version": "4.3-4.1build2",
      "purl": "pkg:deb/make?arch=amd64\u0026distro=noble",
      "source": {
        "source_name": "make-dfsg",
        "source_version": "4.3-4.1build2"
      }
    },
    {
      "name": "man-db",
      "version": "2.12.0-4build2",
      "purl": "pkg:deb/man-db?arch=amd64\u0026distro=noble",
      "source": {
        "source_name": "",
        "source_version": ""
      }
    },
    {
      "name": "manpages",
      "version": "6.7-2",
      "purl": "pkg:deb/manpages?arch=all\u0026distro=noble",
      "source": {
        "source_name": "",
        "source_version": ""
      }
    },
    {
      "name": "manpages-dev",
      "version": "6.7-2",
      "purl": "pkg:deb/manpages-dev?arch=all\u0026distro=noble",
      "source": {
        "source_name": "manpages",
        "source_version": "6.7-2"
      }
    },
    {
      "name": "mawk",
      "version": "1.3.4.20240123-1build1",
      "purl": "pkg:deb/mawk?arch=amd64\u0026distro=noble",
      "source": {
        "source_name": "",
        "source_version": ""
      }
    },
    {
      "name": "mdevctl",
      "version": "1.3.0-1ubuntu2.1",
      "purl": "pkg:deb/mdevctl?arch=amd64\u0026distro=noble",
      "source": {
        "source_name": "",
        "source_version": ""
      }
    },
    {
      "name": "media-player-info",
      "version": "24-3",
      "purl": "pkg:deb/media-player-info?arch=all\u0026distro=noble",
      "source": {
        "source_name": "",
        "source_version": ""
      }
    },
    {
      "name": "media-types",
      "version": "10.1.0",
      "purl": "pkg:deb/media-types?arch=all\u0026distro=noble",
      "source": {
        "source_name": "",
        "source_version": ""
      }
    },
    {
      "name": "megasync",
      "version": "6.5.1-1.1",
      "purl": "pkg:deb/megasync?arch=amd64\u0026distro=noble",
      "source": {
        "source_name": "",
        "source_version": ""
      }
    },
    {
      "name": "memtest86+",
      "version": "7.00-1build1",
      "purl": "pkg:deb/memtest86+?arch=amd64\u0026distro=noble",
      "source": {
        "source_name": "",
        "source_version": ""
      }
    },
    {
      "name": "mesa-libgallium:amd64",
      "version": "25.2.8-0ubuntu0.24.04.2",
      "purl": "pkg:deb/mesa-libgallium:amd64?arch=amd64\u0026distro=noble",
      "source": {
        "source_name": "mesa",
        "source_version": "25.2.8-0ubuntu0.24.04.2"
      }
    },
    {
      "name": "mesa-libgallium:i386",
      "version": "25.2.8-0ubuntu0.24.04.2",
      "purl": "pkg:deb/mesa-libgallium:i386?arch=i386\u0026distro=noble",
      "source": {
        "source_name": "mesa",
        "source_version": "25.2.8-0ubuntu0.24.04.2"
      }
    },
    {
      "name": "mesa-utils",
      "version": "9.0.0-2",
      "purl": "pkg:deb/mesa-utils?arch=amd64\u0026distro=noble",
      "source": {
        "source_name": "mesa-demos",
        "source_version": "9.0.0-2"
      }
    },
    {
      "name": "mesa-utils-bin:amd64",
      "version": "9.0.0-2",
      "purl": "pkg:deb/mesa-utils-bin:amd64?arch=amd64\u0026distro=noble",
      "source": {
        "source_name": "mesa-demos",
        "source_version": "9.0.0-2"
      }
    },
    {
      "name": "mesa-va-drivers:amd64",
      "version": "25.2.8-0ubuntu0.24.04.2",
      "purl": "pkg:deb/mesa-va-drivers:amd64?arch=amd64\u0026distro=noble",
      "source": {
        "source_name": "mesa",
        "source_version": "25.2.8-0ubuntu0.24.04.2"
      }
    },
    {
      "name": "mesa-va-drivers:i386",
      "version": "25.2.8-0ubuntu0.24.04.2",
      "purl": "pkg:deb/mesa-va-drivers:i386?arch=i386\u0026distro=noble",
      "source": {
        "source_name": "mesa",
        "source_version": "25.2.8-0ubuntu0.24.04.2"
      }
    },
    {
      "name": "mesa-vdpau-drivers:amd64",
      "version": "25.2.8-0ubuntu0.24.04.2",
      "purl": "pkg:deb/mesa-vdpau-drivers:amd64?arch=amd64\u0026distro=noble",
      "source": {
        "source_name": "mesa",
        "source_version": "25.2.8-0ubuntu0.24.04.2"
      }
    },
    {
      "name": "mesa-vdpau-drivers:i386",
      "version": "25.2.8-0ubuntu0.24.04.2",
      "purl": "pkg:deb/mesa-vdpau-drivers:i386?arch=i386\u0026distro=noble",
      "source": {
        "source_name": "mesa",
        "source_version": "25.2.8-0ubuntu0.24.04.2"
      }
    },
    {
      "name": "mesa-vulkan-drivers:amd64",
      "version": "25.2.8-0ubuntu0.24.04.2",
      "purl": "pkg:deb/mesa-vulkan-drivers:amd64?arch=amd64\u0026distro=noble",
      "source": {
        "source_name": "mesa",
        "source_version": "25.2.8-0ubuntu0.24.04.2"
      }
    },
    {
      "name": "mesa-vulkan-drivers:i386",
      "version": "25.2.8-0ubuntu0.24.04.2",
      "purl": "pkg:deb/mesa-vulkan-drivers:i386?arch=i386\u0026distro=noble",
      "source": {
        "source_name": "mesa",
        "source_version": "25.2.8-0ubuntu0.24.04.2"
      }
    },
    {
      "name": "migrate",
      "version": "4.20.1",
      "purl": "pkg:deb/migrate?arch=amd64\u0026distro=noble",
      "source": {
        "source_name": "",
        "source_version": ""
      }
    },
    {
      "name": "milou",
      "version": "4:5.27.11-0ubuntu2",
      "purl": "pkg:deb/milou?arch=amd64\u0026distro=noble",
      "source": {
        "source_name": "",
        "source_version": ""
      }
    },
    {
      "name": "mobile-broadband-provider-info",
      "version": "20230416-1",
      "purl": "pkg:deb/mobile-broadband-provider-info?arch=all\u0026distro=noble",
      "source": {
        "source_name": "",
        "source_version": ""
      }
    },
    {
      "name": "modemmanager",
      "version": "1.23.4-0ubuntu2",
      "purl": "pkg:deb/modemmanager?arch=amd64\u0026distro=noble",
      "source": {
        "source_name": "",
        "source_version": ""
      }
    },
    {
      "name": "mokutil",
      "version": "0.6.0-2build3",
      "purl": "pkg:deb/mokutil?arch=amd64\u0026distro=noble",
      "source": {
        "source_name": "",
        "source_version": ""
      }
    },
    {
      "name": "mount",
      "version": "2.39.3-9ubuntu6.6",
      "purl": "pkg:deb/mount?arch=amd64\u0026distro=noble",
      "source": {
        "source_name": "util-linux",
        "source_version": "2.39.3-9ubuntu6.6"
      }
    },
    {
      "name": "mpv",
      "version": "0.37.0-1ubuntu4",
      "purl": "pkg:deb/mpv?arch=amd64\u0026distro=noble",
      "source": {
        "source_name": "",
        "source_version": ""
      }
    },
    {
      "name": "mscompress",
      "version": "0.4-10build1",
      "purl": "pkg:deb/mscompress?arch=amd64\u0026distro=noble",
      "source": {
        "source_name": "",
        "source_version": ""
      }
    },
    {
      "name": "msr-tools",
      "version": "1.3-5build1",
      "purl": "pkg:deb/msr-tools?arch=amd64\u0026distro=noble",
      "source": {
        "source_name": "",
        "source_version": ""
      }
    },
    {
      "name": "mtd-utils",
      "version": "1:2.2.0-1ubuntu2",
      "purl": "pkg:deb/mtd-utils?arch=amd64\u0026distro=noble",
      "source": {
        "source_name": "",
        "source_version": ""
      }
    },
    {
      "name": "mtr-tiny",
      "version": "0.95-1.1ubuntu0.1",
      "purl": "pkg:deb/mtr-tiny?arch=amd64\u0026distro=noble",
      "source": {
        "source_name": "mtr",
        "source_version": "0.95-1.1ubuntu0.1"
      }
    },
    {
      "name": "mutter-common",
      "version": "46.2-1ubuntu0.24.04.16",
      "purl": "pkg:deb/mutter-common?arch=all\u0026distro=noble",
      "source": {
        "source_name": "mutter",
        "source_version": "46.2-1ubuntu0.24.04.16"
      }
    },
    {
      "name": "mutter-common-bin",
      "version": "46.2-1ubuntu0.24.04.16",
      "purl": "pkg:deb/mutter-common-bin?arch=amd64\u0026distro=noble",
      "source": {
        "source_name": "mutter",
        "source_version": "46.2-1ubuntu0.24.04.16"
      }
    },
    {
      "name": "mysql-common",
      "version": "5.8+1.1.0build1",
      "purl": "pkg:deb/mysql-common?arch=all\u0026distro=noble",
      "source": {
        "source_name": "mysql-defaults",
        "source_version": "1.1.0build1"
      }
    },
    {
      "name": "nano",
      "version": "7.2-2ubuntu0.2",
      "purl": "pkg:deb/nano?arch=amd64\u0026distro=noble",
      "source": {
        "source_name": "",
        "source_version": ""
      }
    },
    {
      "name": "ncompress",
      "version": "5.0-1",
      "purl": "pkg:deb/ncompress?arch=amd64\u0026distro=noble",
      "source": {
        "source_name": "",
        "source_version": ""
      }
    },
    {
      "name": "ncurses-base",
      "version": "6.4+20240113-1ubuntu2.2",
      "purl": "pkg:deb/ncurses-base?arch=all\u0026distro=noble",
      "source": {
        "source_name": "ncurses",
        "source_version": "6.4+20240113-1ubuntu2.2"
      }
    },
    {
      "name": "ncurses-bin",
      "version": "6.4+20240113-1ubuntu2.2",
      "purl": "pkg:deb/ncurses-bin?arch=amd64\u0026distro=noble",
      "source": {
        "source_name": "ncurses",
        "source_version": "6.4+20240113-1ubuntu2.2"
      }
    },
    {
      "name": "neochat",
      "version": "23.08.5-0ubuntu4.1",
      "purl": "pkg:deb/neochat?arch=amd64\u0026distro=noble",
      "source": {
        "source_name": "",
        "source_version": ""
      }
    },
    {
      "name": "net-tools",
      "version": "2.10-0.1ubuntu4.4",
      "purl": "pkg:deb/net-tools?arch=amd64\u0026distro=noble",
      "source": {
        "source_name": "",
        "source_version": ""
      }
    },
    {
      "name": "netbase",
      "version": "6.4",
      "purl": "pkg:deb/netbase?arch=all\u0026distro=noble",
      "source": {
        "source_name": "",
        "source_version": ""
      }
    },
    {
      "name": "netcat-openbsd",
      "version": "1.226-1ubuntu2",
      "purl": "pkg:deb/netcat-openbsd?arch=amd64\u0026distro=noble",
      "source": {
        "source_name": "",
        "source_version": ""
      }
    },
    {
      "name": "netdiscover",
      "version": "0.10-3build2",
      "purl": "pkg:deb/netdiscover?arch=amd64\u0026distro=noble",
      "source": {
        "source_name": "",
        "source_version": ""
      }
    },
    {
      "name": "netpbm",
      "version": "2:11.05.02-1.1build1",
      "purl": "pkg:deb/netpbm?arch=amd64\u0026distro=noble",
      "source": {
        "source_name": "netpbm-free",
        "source_version": "2:11.05.02-1.1build1"
      }
    },
    {
      "name": "netplan-generator",
      "version": "1.1.2-8ubuntu1~24.04.2",
      "purl": "pkg:deb/netplan-generator?arch=amd64\u0026distro=noble",
      "source": {
        "source_name": "netplan.io",
        "source_version": "1.1.2-8ubuntu1~24.04.2"
      }
    },
    {
      "name": "netplan.io",
      "version": "1.1.2-8ubuntu1~24.04.2",
      "purl": "pkg:deb/netplan.io?arch=amd64\u0026distro=noble",
      "source": {
        "source_name": "",
        "source_version": ""
      }
    },
    {
      "name": "netstandard-targeting-pack-2.1-8.0",
      "version": "8.0.131-0ubuntu1~24.04.1",
      "purl": "pkg:deb/netstandard-targeting-pack-2.1-8.0?arch=amd64\u0026distro=noble",
      "source": {
        "source_name": "dotnet8",
        "source_version": "8.0.131-8.0.31-0ubuntu1~24.04.1"
      }
    },
    {
      "name": "network-manager",
      "version": "1.46.0-1ubuntu2.8",
      "purl": "pkg:deb/network-manager?arch=amd64\u0026distro=noble",
      "source": {
        "source_name": "",
        "source_version": ""
      }
    },
    {
      "name": "network-manager-gnome",
      "version": "1.34.0-1ubuntu3",
      "purl": "pkg:deb/network-manager-gnome?arch=amd64\u0026distro=noble",
      "source": {
        "source_name": "network-manager-applet",
        "source_version": "1.34.0-1ubuntu3"
      }
    },
    {
      "name": "network-manager-openconnect",
      "version": "1.2.10-3build2",
      "purl": "pkg:deb/network-manager-openconnect?arch=amd64\u0026distro=noble",
      "source": {
        "source_name": "",
        "source_version": ""
      }
    },
    {
      "name": "network-manager-openvpn",
      "version": "1.10.2-4ubuntu0.2",
      "purl": "pkg:deb/network-manager-openvpn?arch=amd64\u0026distro=noble",
      "source": {
        "source_name": "",
        "source_version": ""
      }
    },
    {
      "name": "network-manager-pptp",
      "version": "1.2.12-3build2",
      "purl": "pkg:deb/network-manager-pptp?arch=amd64\u0026distro=noble",
      "source": {
        "source_name": "",
        "source_version": ""
      }
    },
    {
      "name": "networkd-dispatcher",
      "version": "2.2.4-1",
      "purl": "pkg:deb/networkd-dispatcher?arch=all\u0026distro=noble",
      "source": {
        "source_name": "",
        "source_version": ""
      }
    },
    {
      "name": "nftables",
      "version": "1.0.9-1ubuntu0.1",
      "purl": "pkg:deb/nftables?arch=amd64\u0026distro=noble",
      "source": {
        "source_name": "",
        "source_version": ""
      }
    },
    {
      "name": "nginx",
      "version": "1.24.0-2ubuntu7.18",
      "purl": "pkg:deb/nginx?arch=amd64\u0026distro=noble",
      "source": {
        "source_name": "",
        "source_version": ""
      }
    },
    {
      "name": "nginx-common",
      "version": "1.24.0-2ubuntu7.18",
      "purl": "pkg:deb/nginx-common?arch=all\u0026distro=noble",
      "source": {
        "source_name": "nginx",
        "source_version": "1.24.0-2ubuntu7.18"
      }
    },
    {
      "name": "ngrok",
      "version": "3.39.11",
      "purl": "pkg:deb/ngrok?arch=amd64\u0026distro=noble",
      "source": {
        "source_name": "ngrok",
        "source_version": "3.39.11"
      }
    },
    {
      "name": "nmap",
      "version": "7.94+git20230807.3be01efb1+dfsg-3build2",
      "purl": "pkg:deb/nmap?arch=amd64\u0026distro=noble",
      "source": {
        "source_name": "",
        "source_version": ""
      }
    },
    {
      "name": "nmap-common",
      "version": "7.94+git20230807.3be01efb1+dfsg-3build2",
      "purl": "pkg:deb/nmap-common?arch=all\u0026distro=noble",
      "source": {
        "source_name": "nmap",
        "source_version": "7.94+git20230807.3be01efb1+dfsg-3build2"
      }
    },
    {
      "name": "nodejs",
      "version": "24.21.0-1nodesource1",
      "purl": "pkg:deb/nodejs?arch=amd64\u0026distro=noble",
      "source": {
        "source_name": "",
        "source_version": ""
      }
    },
    {
      "name": "nordvpn",
      "version": "5.4.0",
      "purl": "pkg:deb/nordvpn?arch=amd64\u0026distro=noble",
      "source": {
        "source_name": "",
        "source_version": ""
      }
    },
    {
      "name": "nordvpn-gui",
      "version": "5.4.0",
      "purl": "pkg:deb/nordvpn-gui?arch=amd64\u0026distro=noble",
      "source": {
        "source_name": "",
        "source_version": ""
      }
    },
    {
      "name": "ntfs-3g",
      "version": "1:2022.10.3-1.2ubuntu3.2",
      "purl": "pkg:deb/ntfs-3g?arch=amd64\u0026distro=noble",
      "source": {
        "source_name": "",
        "source_version": ""
      }
    },
    {
      "name": "numactl",
      "version": "2.0.18-1ubuntu0.24.04.1",
      "purl": "pkg:deb/numactl?arch=amd64\u0026distro=noble",
      "source": {
        "source_name": "",
        "source_version": ""
      }
    },
    {
      "name": "obs-studio",
      "version": "32.2.0-0obsproject1~noble",
      "purl": "pkg:deb/obs-studio?arch=amd64\u0026distro=noble",
      "source": {
        "source_name": "",
        "source_version": ""
      }
    },
    {
      "name": "ocl-icd-libopencl1:amd64",
      "version": "2.3.2-1build1",
      "purl": "pkg:deb/ocl-icd-libopencl1:amd64?arch=amd64\u0026distro=noble",
      "source": {
        "source_name": "ocl-icd",
        "source_version": "2.3.2-1build1"
      }
    },
    {
      "name": "ocl-icd-libopencl1:i386",
      "version": "2.3.2-1build1",
      "purl": "pkg:deb/ocl-icd-libopencl1:i386?arch=i386\u0026distro=noble",
      "source": {
        "source_name": "ocl-icd",
        "source_version": "2.3.2-1build1"
      }
    },
    {
      "name": "okular",
      "version": "4:23.08.5-0ubuntu5",
      "purl": "pkg:deb/okular?arch=amd64\u0026distro=noble",
      "source": {
        "source_name": "",
        "source_version": ""
      }
    },
    {
      "name": "okular-extra-backends",
      "version": "4:23.08.5-0ubuntu5",
      "purl": "pkg:deb/okular-extra-backends?arch=amd64\u0026distro=noble",
      "source": {
        "source_name": "okular",
        "source_version": "4:23.08.5-0ubuntu5"
      }
    },
    {
      "name": "openconnect",
      "version": "9.12-1ubuntu1.24.04.1",
      "purl": "pkg:deb/openconnect?arch=amd64\u0026distro=noble",
      "source": {
        "source_name": "",
        "source_version": ""
      }
    },
    {
      "name": "openjdk-21-jdk:amd64",
      "version": "21.0.12.1+1-1~24.04.4",
      "purl": "pkg:deb/openjdk-21-jdk:amd64?arch=amd64\u0026distro=noble",
      "source": {
        "source_name": "openjdk-21",
        "source_version": "21.0.12.1+1-1~24.04.4"
      }
    },
    {
      "name": "openjdk-21-jdk-headless:amd64",
      "version": "21.0.12.1+1-1~24.04.4",
      "purl": "pkg:deb/openjdk-21-jdk-headless:amd64?arch=amd64\u0026distro=noble",
      "source": {
        "source_name": "openjdk-21",
        "source_version": "21.0.12.1+1-1~24.04.4"
      }
    },
    {
      "name": "openjdk-21-jre:amd64",
      "version": "21.0.12.1+1-1~24.04.4",
      "purl": "pkg:deb/openjdk-21-jre:amd64?arch=amd64\u0026distro=noble",
      "source": {
        "source_name": "openjdk-21",
        "source_version": "21.0.12.1+1-1~24.04.4"
      }
    },
    {
      "name": "openjdk-21-jre-headless:amd64",
      "version": "21.0.12.1+1-1~24.04.4",
      "purl": "pkg:deb/openjdk-21-jre-headless:amd64?arch=amd64\u0026distro=noble",
      "source": {
        "source_name": "openjdk-21",
        "source_version": "21.0.12.1+1-1~24.04.4"
      }
    },
    {
      "name": "openoffice.org-hyphenation",
      "version": "0.10ubuntu2",
      "purl": "pkg:deb/openoffice.org-hyphenation?arch=all\u0026distro=noble",
      "source": {
        "source_name": "",
        "source_version": ""
      }
    },
    {
      "name": "openprinting-ppds",
      "version": "20230202-1",
      "purl": "pkg:deb/openprinting-ppds?arch=all\u0026distro=noble",
      "source": {
        "source_name": "foomatic-db",
        "source_version": "20230202-1"
      }
    },
    {
      "name": "openssh-client",
      "version": "1:9.6p1-3ubuntu13.19",
      "purl": "pkg:deb/openssh-client?arch=amd64\u0026distro=noble",
      "source": {
        "source_name": "openssh",
        "source_version": "1:9.6p1-3ubuntu13.19"
      }
    },
    {
      "name": "openssl",
      "version": "3.0.13-0ubuntu3.16",
      "purl": "pkg:deb/openssl?arch=amd64\u0026distro=noble",
      "source": {
        "source_name": "",
        "source_version": ""
      }
    },
    {
      "name": "openvpn",
      "version": "2.6.19-0ubuntu0.24.04.4",
      "purl": "pkg:deb/openvpn?arch=amd64\u0026distro=noble",
      "source": {
        "source_name": "",
        "source_version": ""
      }
    },
    {
      "name": "orca",
      "version": "46.1-1ubuntu1",
      "purl": "pkg:deb/orca?arch=all\u0026distro=noble",
      "source": {
        "source_name": "",
        "source_version": ""
      }
    },
    {
      "name": "os-prober",
      "version": "1.81ubuntu4",
      "purl": "pkg:deb/os-prober?arch=amd64\u0026distro=noble",
      "source": {
        "source_name": "",
        "source_version": ""
      }
    },
    {
      "name": "osinfo-db",
      "version": "0.20250606-0ubuntu0.24.04.1",
      "purl": "pkg:deb/osinfo-db?arch=all\u0026distro=noble",
      "source": {
        "source_name": "",
        "source_version": ""
      }
    },
    {
      "name": "ovmf",
      "version": "2024.02-2ubuntu0.9",
      "purl": "pkg:deb/ovmf?arch=all\u0026distro=noble",
      "source": {
        "source_name": "edk2",
        "source_version": "2024.02-2ubuntu0.9"
      }
    },
    {
      "name": "oxygen-sounds",
      "version": "4:5.27.11-0ubuntu1",
      "purl": "pkg:deb/oxygen-sounds?arch=all\u0026distro=noble",
      "source": {
        "source_name": "",
        "source_version": ""
      }
    },
    {
      "name": "p11-kit",
      "version": "0.25.3-4ubuntu2.2",
      "purl": "pkg:deb/p11-kit?arch=amd64\u0026distro=noble",
      "source": {
        "source_name": "",
        "source_version": ""
      }
    },
    {
      "name": "p11-kit-modules:amd64",
      "version": "0.25.3-4ubuntu2.2",
      "purl": "pkg:deb/p11-kit-modules:amd64?arch=amd64\u0026distro=noble",
      "source": {
        "source_name": "p11-kit",
        "source_version": "0.25.3-4ubuntu2.2"
      }
    },
    {
      "name": "p7zip-full",
      "version": "16.02+transitional.1",
      "purl": "pkg:deb/p7zip-full?arch=all\u0026distro=noble",
      "source": {
        "source_name": "p7zip",
        "source_version": "16.02+transitional.1"
      }
    },
    {
      "name": "packagekit",
      "version": "1.2.8-2ubuntu1.5",
      "purl": "pkg:deb/packagekit?arch=amd64\u0026distro=noble",
      "source": {
        "source_name": "",
        "source_version": ""
      }
    },
    {
      "name": "packagekit-tools",
      "version": "1.2.8-2ubuntu1.5",
      "purl": "pkg:deb/packagekit-tools?arch=amd64\u0026distro=noble",
      "source": {
        "source_name": "packagekit",
        "source_version": "1.2.8-2ubuntu1.5"
      }
    },
    {
      "name": "par2",
      "version": "0.8.1-3build1",
      "purl": "pkg:deb/par2?arch=amd64\u0026distro=noble",
      "source": {
        "source_name": "par2cmdline",
        "source_version": "0.8.1-3build1"
      }
    },
    {
      "name": "parted",
      "version": "3.6-4build1",
      "purl": "pkg:deb/parted?arch=amd64\u0026distro=noble",
      "source": {
        "source_name": "",
        "source_version": ""
      }
    },
    {
      "name": "partitionmanager",
      "version": "23.08.5-0ubuntu4",
      "purl": "pkg:deb/partitionmanager?arch=amd64\u0026distro=noble",
      "source": {
        "source_name": "",
        "source_version": ""
      }
    },
    {
      "name": "passwd",
      "version": "1:4.13+dfsg1-4ubuntu3.2",
      "purl": "pkg:deb/passwd?arch=amd64\u0026distro=noble",
      "source": {
        "source_name": "shadow",
        "source_version": "1:4.13+dfsg1-4ubuntu3.2"
      }
    },
    {
      "name": "pastebinit",
      "version": "1.6.2-1",
      "purl": "pkg:deb/pastebinit?arch=all\u0026distro=noble",
      "source": {
        "source_name": "",
        "source_version": ""
      }
    },
    {
      "name": "patch",
      "version": "2.7.6-7build3",
      "purl": "pkg:deb/patch?arch=amd64\u0026distro=noble",
      "source": {
        "source_name": "",
        "source_version": ""
      }
    },
    {
      "name": "pci.ids",
      "version": "0.0~2024.03.31-1ubuntu0.1",
      "purl": "pkg:deb/pci.ids?arch=all\u0026distro=noble",
      "source": {
        "source_name": "",
        "source_version": ""
      }
    },
    {
      "name": "pciutils",
      "version": "1:3.10.0-2build1",
      "purl": "pkg:deb/pciutils?arch=amd64\u0026distro=noble",
      "source": {
        "source_name": "",
        "source_version": ""
      }
    },
    {
      "name": "pcmciautils",
      "version": "018-14build1",
      "purl": "pkg:deb/pcmciautils?arch=amd64\u0026distro=noble",
      "source": {
        "source_name": "",
        "source_version": ""
      }
    },
    {
      "name": "perl",
      "version": "5.38.2-3.2ubuntu0.6",
      "purl": "pkg:deb/perl?arch=amd64\u0026distro=noble",
      "source": {
        "source_name": "",
        "source_version": ""
      }
    },
    {
      "name": "perl-base",
      "version": "5.38.2-3.2ubuntu0.6",
      "purl": "pkg:deb/perl-base?arch=amd64\u0026distro=noble",
      "source": {
        "source_name": "perl",
        "source_version": "5.38.2-3.2ubuntu0.6"
      }
    },
    {
      "name": "perl-modules-5.38",
      "version": "5.38.2-3.2ubuntu0.6",
      "purl": "pkg:deb/perl-modules-5.38?arch=all\u0026distro=noble",
      "source": {
        "source_name": "perl",
        "source_version": "5.38.2-3.2ubuntu0.6"
      }
    },
    {
      "name": "perl-openssl-defaults:amd64",
      "version": "7build3",
      "purl": "pkg:deb/perl-openssl-defaults:amd64?arch=amd64\u0026distro=noble",
      "source": {
        "source_name": "",
        "source_version": ""
      }
    },
    {
      "name": "phonon-backend-vlc-common",
      "version": "0.12.0-3build3",
      "purl": "pkg:deb/phonon-backend-vlc-common?arch=all\u0026distro=noble",
      "source": {
        "source_name": "phonon-backend-vlc",
        "source_version": "0.12.0-3build3"
      }
    },
    {
      "name": "phonon4qt5:amd64",
      "version": "4:4.12.0-3.1build3",
      "purl": "pkg:deb/phonon4qt5:amd64?arch=amd64\u0026distro=noble",
      "source": {
        "source_name": "phonon",
        "source_version": "4:4.12.0-3.1build3"
      }
    },
    {
      "name": "phonon4qt5-backend-vlc:amd64",
      "version": "0.12.0-3build3",
      "purl": "pkg:deb/phonon4qt5-backend-vlc:amd64?arch=amd64\u0026distro=noble",
      "source": {
        "source_name": "phonon-backend-vlc",
        "source_version": "0.12.0-3build3"
      }
    },
    {
      "name": "phonon4qt5settings",
      "version": "4:4.12.0-3.1build3",
      "purl": "pkg:deb/phonon4qt5settings?arch=amd64\u0026distro=noble",
      "source": {
        "source_name": "phonon",
        "source_version": "4:4.12.0-3.1build3"
      }
    },
    {
      "name": "pigz",
      "version": "2.8-1",
      "purl": "pkg:deb/pigz?arch=amd64\u0026distro=noble",
      "source": {
        "source_name": "",
        "source_version": ""
      }
    },
    {
      "name": "pinentry-gnome3",
      "version": "1.2.1-3ubuntu5",
      "purl": "pkg:deb/pinentry-gnome3?arch=amd64\u0026distro=noble",
      "source": {
        "source_name": "pinentry",
        "source_version": "1.2.1-3ubuntu5"
      }
    },
    {
      "name": "pinentry-qt",
      "version": "1.2.1-3ubuntu5",
      "purl": "pkg:deb/pinentry-qt?arch=amd64\u0026distro=noble",
      "source": {
        "source_name": "pinentry",
        "source_version": "1.2.1-3ubuntu5"
      }
    },
    {
      "name": "pipewire:amd64",
      "version": "1.0.5-1ubuntu3.3",
      "purl": "pkg:deb/pipewire:amd64?arch=amd64\u0026distro=noble",
      "source": {
        "source_name": "",
        "source_version": ""
      }
    },
    {
      "name": "pipewire-alsa:amd64",
      "version": "1.0.5-1ubuntu3.3",
      "purl": "pkg:deb/pipewire-alsa:amd64?arch=amd64\u0026distro=noble",
      "source": {
        "source_name": "pipewire",
        "source_version": "1.0.5-1ubuntu3.3"
      }
    },
    {
      "name": "pipewire-audio",
      "version": "1.0.5-1ubuntu3.3",
      "purl": "pkg:deb/pipewire-audio?arch=all\u0026distro=noble",
      "source": {
        "source_name": "pipewire",
        "source_version": "1.0.5-1ubuntu3.3"
      }
    },
    {
      "name": "pipewire-bin",
      "version": "1.0.5-1ubuntu3.3",
      "purl": "pkg:deb/pipewire-bin?arch=amd64\u0026distro=noble",
      "source": {
        "source_name": "pipewire",
        "source_version": "1.0.5-1ubuntu3.3"
      }
    },
    {
      "name": "pipewire-pulse",
      "version": "1.0.5-1ubuntu3.3",
      "purl": "pkg:deb/pipewire-pulse?arch=amd64\u0026distro=noble",
      "source": {
        "source_name": "pipewire",
        "source_version": "1.0.5-1ubuntu3.3"
      }
    },
    {
      "name": "pkexec",
      "version": "124-2ubuntu1.24.04.4",
      "purl": "pkg:deb/pkexec?arch=amd64\u0026distro=noble",
      "source": {
        "source_name": "policykit-1",
        "source_version": "124-2ubuntu1.24.04.4"
      }
    },
    {
      "name": "pkg-config:amd64",
      "version": "1.8.1-2build1",
      "purl": "pkg:deb/pkg-config:amd64?arch=amd64\u0026distro=noble",
      "source": {
        "source_name": "pkgconf",
        "source_version": "1.8.1-2build1"
      }
    },
    {
      "name": "pkgconf:amd64",
      "version": "1.8.1-2build1",
      "purl": "pkg:deb/pkgconf:amd64?arch=amd64\u0026distro=noble",
      "source": {
        "source_name": "",
        "source_version": ""
      }
    },
    {
      "name": "pkgconf-bin",
      "version": "1.8.1-2build1",
      "purl": "pkg:deb/pkgconf-bin?arch=amd64\u0026distro=noble",
      "source": {
        "source_name": "pkgconf",
        "source_version": "1.8.1-2build1"
      }
    },
    {
      "name": "plasma-browser-integration",
      "version": "5.27.11-0ubuntu2",
      "purl": "pkg:deb/plasma-browser-integration?arch=amd64\u0026distro=noble",
      "source": {
        "source_name": "",
        "source_version": ""
      }
    },
    {
      "name": "plasma-calendar-addons:amd64",
      "version": "4:5.27.11-0ubuntu3",
      "purl": "pkg:deb/plasma-calendar-addons:amd64?arch=amd64\u0026distro=noble",
      "source": {
        "source_name": "kdeplasma-addons",
        "source_version": "4:5.27.11-0ubuntu3"
      }
    },
    {
      "name": "plasma-dataengines-addons:amd64",
      "version": "4:5.27.11-0ubuntu3",
      "purl": "pkg:deb/plasma-dataengines-addons:amd64?arch=amd64\u0026distro=noble",
      "source": {
        "source_name": "kdeplasma-addons",
        "source_version": "4:5.27.11-0ubuntu3"
      }
    },
    {
      "name": "plasma-desktop",
      "version": "4:5.27.12-0ubuntu0.1",
      "purl": "pkg:deb/plasma-desktop?arch=amd64\u0026distro=noble",
      "source": {
        "source_name": "",
        "source_version": ""
      }
    },
    {
      "name": "plasma-desktop-data",
      "version": "4:5.27.12-0ubuntu0.1",
      "purl": "pkg:deb/plasma-desktop-data?arch=all\u0026distro=noble",
      "source": {
        "source_name": "plasma-desktop",
        "source_version": "4:5.27.12-0ubuntu0.1"
      }
    },
    {
      "name": "plasma-discover",
      "version": "5.27.12-0ubuntu0.1",
      "purl": "pkg:deb/plasma-discover?arch=amd64\u0026distro=noble",
      "source": {
        "source_name": "",
        "source_version": ""
      }
    },
    {
      "name": "plasma-discover-backend-fwupd",
      "version": "5.27.12-0ubuntu0.1",
      "purl": "pkg:deb/plasma-discover-backend-fwupd?arch=amd64\u0026distro=noble",
      "source": {
        "source_name": "plasma-discover",
        "source_version": "5.27.12-0ubuntu0.1"
      }
    },
    {
      "name": "plasma-discover-backend-snap",
      "version": "5.27.12-0ubuntu0.1",
      "purl": "pkg:deb/plasma-discover-backend-snap?arch=amd64\u0026distro=noble",
      "source": {
        "source_name": "plasma-discover",
        "source_version": "5.27.12-0ubuntu0.1"
      }
    },
    {
      "name": "plasma-discover-common",
      "version": "5.27.12-0ubuntu0.1",
      "purl": "pkg:deb/plasma-discover-common?arch=all\u0026distro=noble",
      "source": {
        "source_name": "plasma-discover",
        "source_version": "5.27.12-0ubuntu0.1"
      }
    },
    {
      "name": "plasma-discover-notifier",
      "version": "5.27.12-0ubuntu0.1",
      "purl": "pkg:deb/plasma-discover-notifier?arch=amd64\u0026distro=noble",
      "source": {
        "source_name": "plasma-discover",
        "source_version": "5.27.12-0ubuntu0.1"
      }
    },
    {
      "name": "plasma-disks",
      "version": "5.27.11-0ubuntu3",
      "purl": "pkg:deb/plasma-disks?arch=amd64\u0026distro=noble",
      "source": {
        "source_name": "",
        "source_version": ""
      }
    },
    {
      "name": "plasma-distro-release-notifier",
      "version": "20220915-0ubuntu6.1",
      "purl": "pkg:deb/plasma-distro-release-notifier?arch=amd64\u0026distro=noble",
      "source": {
        "source_name": "",
        "source_version": ""
      }
    },
    {
      "name": "plasma-firewall",
      "version": "5.27.11-0ubuntu3",
      "purl": "pkg:deb/plasma-firewall?arch=amd64\u0026distro=noble",
      "source": {
        "source_name": "",
        "source_version": ""
      }
    },
    {
      "name": "plasma-framework",
      "version": "5.115.0-0ubuntu4",
      "purl": "pkg:deb/plasma-framework?arch=amd64\u0026distro=noble",
      "source": {
        "source_name": "",
        "source_version": ""
      }
    },
    {
      "name": "plasma-integration",
      "version": "5.27.11-0ubuntu3",
      "purl": "pkg:deb/plasma-integration?arch=amd64\u0026distro=noble",
      "source": {
        "source_name": "",
        "source_version": ""
      }
    },
    {
      "name": "plasma-nm",
      "version": "4:5.27.11-0ubuntu2",
      "purl": "pkg:deb/plasma-nm?arch=amd64\u0026distro=noble",
      "source": {
        "source_name": "",
        "source_version": ""
      }
    },
    {
      "name": "plasma-pa",
      "version": "4:5.27.11-0ubuntu3",
      "purl": "pkg:deb/plasma-pa?arch=amd64\u0026distro=noble",
      "source": {
        "source_name": "",
        "source_version": ""
      }
    },
    {
      "name": "plasma-systemmonitor",
      "version": "5.27.11-0ubuntu2",
      "purl": "pkg:deb/plasma-systemmonitor?arch=amd64\u0026distro=noble",
      "source": {
        "source_name": "",
        "source_version": ""
      }
    },
    {
      "name": "plasma-theme-oxygen",
      "version": "4:5.27.11-0ubuntu2",
      "purl": "pkg:deb/plasma-theme-oxygen?arch=amd64\u0026distro=noble",
      "source": {
        "source_name": "oxygen",
        "source_version": "4:5.27.11-0ubuntu2"
      }
    },
    {
      "name": "plasma-thunderbolt",
      "version": "5.27.11-0ubuntu3",
      "purl": "pkg:deb/plasma-thunderbolt?arch=amd64\u0026distro=noble",
      "source": {
        "source_name": "",
        "source_version": ""
      }
    },
    {
      "name": "plasma-vault",
      "version": "5.27.11-0ubuntu2",
      "purl": "pkg:deb/plasma-vault?arch=amd64\u0026distro=noble",
      "source": {
        "source_name": "",
        "source_version": ""
      }
    },
    {
      "name": "plasma-wallpapers-addons:amd64",
      "version": "4:5.27.11-0ubuntu3",
      "purl": "pkg:deb/plasma-wallpapers-addons:amd64?arch=amd64\u0026distro=noble",
      "source": {
        "source_name": "kdeplasma-addons",
        "source_version": "4:5.27.11-0ubuntu3"
      }
    },
    {
      "name": "plasma-welcome",
      "version": "5.27.11-0ubuntu3.2",
      "purl": "pkg:deb/plasma-welcome?arch=amd64\u0026distro=noble",
      "source": {
        "source_name": "",
        "source_version": ""
      }
    },
    {
      "name": "plasma-widgets-addons",
      "version": "4:5.27.11-0ubuntu3",
      "purl": "pkg:deb/plasma-widgets-addons?arch=amd64\u0026distro=noble",
      "source": {
        "source_name": "kdeplasma-addons",
        "source_version": "4:5.27.11-0ubuntu3"
      }
    },
    {
      "name": "plasma-workspace",
      "version": "4:5.27.12-0ubuntu0.1",
      "purl": "pkg:deb/plasma-workspace?arch=amd64\u0026distro=noble",
      "source": {
        "source_name": "",
        "source_version": ""
      }
    },
    {
      "name": "plasma-workspace-data",
      "version": "4:5.27.12-0ubuntu0.1",
      "purl": "pkg:deb/plasma-workspace-data?arch=all\u0026distro=noble",
      "source": {
        "source_name": "plasma-workspace",
        "source_version": "4:5.27.12-0ubuntu0.1"
      }
    },
    {
      "name": "plasma-workspace-wallpapers",
      "version": "4:5.27.11-0ubuntu1",
      "purl": "pkg:deb/plasma-workspace-wallpapers?arch=all\u0026distro=noble",
      "source": {
        "source_name": "",
        "source_version": ""
      }
    },
    {
      "name": "plocate",
      "version": "1.1.19-2ubuntu2",
      "purl": "pkg:deb/plocate?arch=amd64\u0026distro=noble",
      "source": {
        "source_name": "",
        "source_version": ""
      }
    },
    {
      "name": "plymouth",
      "version": "24.004.60-1ubuntu7.2",
      "purl": "pkg:deb/plymouth?arch=amd64\u0026distro=noble",
      "source": {
        "source_name": "",
        "source_version": ""
      }
    },
    {
      "name": "plymouth-label",
      "version": "24.004.60-1ubuntu7.2",
      "purl": "pkg:deb/plymouth-label?arch=amd64\u0026distro=noble",
      "source": {
        "source_name": "plymouth",
        "source_version": "24.004.60-1ubuntu7.2"
      }
    },
    {
      "name": "plymouth-theme-breeze",
      "version": "5.27.11-0ubuntu2",
      "purl": "pkg:deb/plymouth-theme-breeze?arch=amd64\u0026distro=noble",
      "source": {
        "source_name": "breeze-plymouth",
        "source_version": "5.27.11-0ubuntu2"
      }
    },
    {
      "name": "plymouth-theme-kubuntu-logo",
      "version": "1:24.04.13",
      "purl": "pkg:deb/plymouth-theme-kubuntu-logo?arch=all\u0026distro=noble",
      "source": {
        "source_name": "kubuntu-settings",
        "source_version": "1:24.04.13"
      }
    },
    {
      "name": "plymouth-theme-kubuntu-text",
      "version": "1:24.04.13",
      "purl": "pkg:deb/plymouth-theme-kubuntu-text?arch=all\u0026distro=noble",
      "source": {
        "source_name": "kubuntu-settings",
        "source_version": "1:24.04.13"
      }
    },
    {
      "name": "plymouth-theme-spinner",
      "version": "24.004.60-1ubuntu7.2",
      "purl": "pkg:deb/plymouth-theme-spinner?arch=amd64\u0026distro=noble",
      "source": {
        "source_name": "plymouth",
        "source_version": "24.004.60-1ubuntu7.2"
      }
    },
    {
      "name": "plymouth-theme-ubuntu-text",
      "version": "24.004.60-1ubuntu7.2",
      "purl": "pkg:deb/plymouth-theme-ubuntu-text?arch=amd64\u0026distro=noble",
      "source": {
        "source_name": "plymouth",
        "source_version": "24.004.60-1ubuntu7.2"
      }
    },
    {
      "name": "pocketsphinx-en-us",
      "version": "0.8.0+real5prealpha+1-15ubuntu5",
      "purl": "pkg:deb/pocketsphinx-en-us?arch=all\u0026distro=noble",
      "source": {
        "source_name": "pocketsphinx",
        "source_version": "0.8.0+real5prealpha+1-15ubuntu5"
      }
    },
    {
      "name": "policykit-1",
      "version": "124-2ubuntu1.24.04.4",
      "purl": "pkg:deb/policykit-1?arch=amd64\u0026distro=noble",
      "source": {
        "source_name": "",
        "source_version": ""
      }
    },
    {
      "name": "policykit-desktop-privileges",
      "version": "0.22",
      "purl": "pkg:deb/policykit-desktop-privileges?arch=all\u0026distro=noble",
      "source": {
        "source_name": "",
        "source_version": ""
      }
    },
    {
      "name": "polkit-kde-agent-1",
      "version": "4:5.27.11-0ubuntu3",
      "purl": "pkg:deb/polkit-kde-agent-1?arch=amd64\u0026distro=noble",
      "source": {
        "source_name": "",
        "source_version": ""
      }
    },
    {
      "name": "polkitd",
      "version": "124-2ubuntu1.24.04.4",
      "purl": "pkg:deb/polkitd?arch=amd64\u0026distro=noble",
      "source": {
        "source_name": "policykit-1",
        "source_version": "124-2ubuntu1.24.04.4"
      }
    },
    {
      "name": "poppler-data",
      "version": "0.4.12-1",
      "purl": "pkg:deb/poppler-data?arch=all\u0026distro=noble",
      "source": {
        "source_name": "",
        "source_version": ""
      }
    },
    {
      "name": "poppler-utils",
      "version": "24.02.0-1ubuntu9.9",
      "purl": "pkg:deb/poppler-utils?arch=amd64\u0026distro=noble",
      "source": {
        "source_name": "poppler",
        "source_version": "24.02.0-1ubuntu9.9"
      }
    },
    {
      "name": "power-profiles-daemon",
      "version": "0.21-1ubuntu2",
      "purl": "pkg:deb/power-profiles-daemon?arch=amd64\u0026distro=noble",
      "source": {
        "source_name": "",
        "source_version": ""
      }
    },
    {
      "name": "powerdevil",
      "version": "4:5.27.11-0ubuntu2",
      "purl": "pkg:deb/powerdevil?arch=amd64\u0026distro=noble",
      "source": {
        "source_name": "",
        "source_version": ""
      }
    },
    {
      "name": "powerdevil-data",
      "version": "4:5.27.11-0ubuntu2",
      "purl": "pkg:deb/powerdevil-data?arch=all\u0026distro=noble",
      "source": {
        "source_name": "powerdevil",
        "source_version": "4:5.27.11-0ubuntu2"
      }
    },
    {
      "name": "powermgmt-base",
      "version": "1.37ubuntu0.1",
      "purl": "pkg:deb/powermgmt-base?arch=all\u0026distro=noble",
      "source": {
        "source_name": "",
        "source_version": ""
      }
    },
    {
      "name": "ppa-purge",
      "version": "0.2.8+bzr63-0ubuntu2.1",
      "purl": "pkg:deb/ppa-purge?arch=all\u0026distro=noble",
      "source": {
        "source_name": "",
        "source_version": ""
      }
    },
    {
      "name": "ppp",
      "version": "2.4.9-1+1.1ubuntu4",
      "purl": "pkg:deb/ppp?arch=amd64\u0026distro=noble",
      "source": {
        "source_name": "",
        "source_version": ""
      }
    },
    {
      "name": "pptp-linux",
      "version": "1.10.0-1build4",
      "purl": "pkg:deb/pptp-linux?arch=amd64\u0026distro=noble",
      "source": {
        "source_name": "",
        "source_version": ""
      }
    },
    {
      "name": "print-manager",
      "version": "4:23.08.5-0ubuntu4",
      "purl": "pkg:deb/print-manager?arch=amd64\u0026distro=noble",
      "source": {
        "source_name": "",
        "source_version": ""
      }
    },
    {
      "name": "printer-driver-brlaser",
      "version": "6-3build2",
      "purl": "pkg:deb/printer-driver-brlaser?arch=amd64\u0026distro=noble",
      "source": {
        "source_name": "brlaser",
        "source_version": "6-3build2"
      }
    },
    {
      "name": "printer-driver-c2esp",
      "version": "27-11ubuntu7",
      "purl": "pkg:deb/printer-driver-c2esp?arch=amd64\u0026distro=noble",
      "source": {
        "source_name": "c2esp",
        "source_version": "27-11ubuntu7"
      }
    },
    {
      "name": "printer-driver-foo2zjs",
      "version": "20200505dfsg0-2ubuntu6",
      "purl": "pkg:deb/printer-driver-foo2zjs?arch=amd64\u0026distro=noble",
      "source": {
        "source_name": "foo2zjs",
        "source_version": "20200505dfsg0-2ubuntu6"
      }
    },
    {
      "name": "printer-driver-foo2zjs-common",
      "version": "20200505dfsg0-2ubuntu6",
      "purl": "pkg:deb/printer-driver-foo2zjs-common?arch=all\u0026distro=noble",
      "source": {
        "source_name": "foo2zjs",
        "source_version": "20200505dfsg0-2ubuntu6"
      }
    },
    {
      "name": "printer-driver-gutenprint",
      "version": "5.3.4.20220624T01008808d602-1build4",
      "purl": "pkg:deb/printer-driver-gutenprint?arch=amd64\u0026distro=noble",
      "source": {
        "source_name": "gutenprint",
        "source_version": "5.3.4.20220624T01008808d602-1build4"
      }
    },
    {
      "name": "printer-driver-hpcups",
      "version": "3.23.12+dfsg0-0ubuntu5.1",
      "purl": "pkg:deb/printer-driver-hpcups?arch=amd64\u0026distro=noble",
      "source": {
        "source_name": "hplip",
        "source_version": "3.23.12+dfsg0-0ubuntu5.1"
      }
    },
    {
      "name": "printer-driver-m2300w",
      "version": "0.51-15build2",
      "purl": "pkg:deb/printer-driver-m2300w?arch=amd64\u0026distro=noble",
      "source": {
        "source_name": "m2300w",
        "source_version": "0.51-15build2"
      }
    },
    {
      "name": "printer-driver-min12xxw",
      "version": "0.0.9-11build3",
      "purl": "pkg:deb/printer-driver-min12xxw?arch=amd64\u0026distro=noble",
      "source": {
        "source_name": "min12xxw",
        "source_version": "0.0.9-11build3"
      }
    },
    {
      "name": "printer-driver-pnm2ppa",
      "version": "1.13+nondbs-0ubuntu10",
      "purl": "pkg:deb/printer-driver-pnm2ppa?arch=amd64\u0026distro=noble",
      "source": {
        "source_name": "pnm2ppa",
        "source_version": "1.13+nondbs-0ubuntu10"
      }
    },
    {
      "name": "printer-driver-postscript-hp",
      "version": "3.23.12+dfsg0-0ubuntu5.1",
      "purl": "pkg:deb/printer-driver-postscript-hp?arch=amd64\u0026distro=noble",
      "source": {
        "source_name": "hplip",
        "source_version": "3.23.12+dfsg0-0ubuntu5.1"
      }
    },
    {
      "name": "printer-driver-ptouch",
      "version": "1.7-1build2",
      "purl": "pkg:deb/printer-driver-ptouch?arch=amd64\u0026distro=noble",
      "source": {
        "source_name": "ptouch-driver",
        "source_version": "1.7-1build2"
      }
    },
    {
      "name": "printer-driver-pxljr",
      "version": "1.4+repack0-6build2",
      "purl": "pkg:deb/printer-driver-pxljr?arch=amd64\u0026distro=noble",
      "source": {
        "source_name": "pxljr",
        "source_version": "1.4+repack0-6build2"
      }
    },
    {
      "name": "printer-driver-sag-gdi",
      "version": "0.1-8",
      "purl": "pkg:deb/printer-driver-sag-gdi?arch=all\u0026distro=noble",
      "source": {
        "source_name": "rastertosag-gdi",
        "source_version": "0.1-8"
      }
    },
    {
      "name": "printer-driver-splix",
      "version": "2.0.0+svn315-7fakesync1ubuntu1",
      "purl": "pkg:deb/printer-driver-splix?arch=amd64\u0026distro=noble",
      "source": {
        "source_name": "splix",
        "source_version": "2.0.0+svn315-7fakesync1ubuntu1"
      }
    },
    {
      "name": "procps",
      "version": "2:4.0.4-4ubuntu3.3",
      "purl": "pkg:deb/procps?arch=amd64\u0026distro=noble",
      "source": {
        "source_name": "",
        "source_version": ""
      }
    },
    {
      "name": "proj-bin",
      "version": "9.4.0-1build2",
      "purl": "pkg:deb/proj-bin?arch=amd64\u0026distro=noble",
      "source": {
        "source_name": "proj",
        "source_version": "9.4.0-1build2"
      }
    },
    {
      "name": "proj-data",
      "version": "9.4.0-1build2",
      "purl": "pkg:deb/proj-data?arch=all\u0026distro=noble",
      "source": {
        "source_name": "proj",
        "source_version": "9.4.0-1build2"
      }
    },
    {
      "name": "proton-vpn-daemon",
      "version": "0.13.7",
      "purl": "pkg:deb/proton-vpn-daemon?arch=all\u0026distro=noble",
      "source": {
        "source_name": "",
        "source_version": ""
      }
    },
    {
      "name": "protonvpn-stable-release",
      "version": "1.0.8",
      "purl": "pkg:deb/protonvpn-stable-release?arch=all\u0026distro=noble",
      "source": {
        "source_name": "",
        "source_version": ""
      }
    },
    {
      "name": "psmisc",
      "version": "23.7-1build1",
      "purl": "pkg:deb/psmisc?arch=amd64\u0026distro=noble",
      "source": {
        "source_name": "",
        "source_version": ""
      }
    },
    {
      "name": "publicsuffix",
      "version": "20231001.0357-0.1",
      "purl": "pkg:deb/publicsuffix?arch=all\u0026distro=noble",
      "source": {
        "source_name": "",
        "source_version": ""
      }
    },
    {
      "name": "pulseaudio-utils",
      "version": "1:16.1+dfsg1-2ubuntu10.1",
      "purl": "pkg:deb/pulseaudio-utils?arch=amd64\u0026distro=noble",
      "source": {
        "source_name": "pulseaudio",
        "source_version": "1:16.1+dfsg1-2ubuntu10.1"
      }
    },
    {
      "name": "pyqt5-dev-tools",
      "version": "5.15.10+dfsg-1build6",
      "purl": "pkg:deb/pyqt5-dev-tools?arch=amd64\u0026distro=noble",
      "source": {
        "source_name": "pyqt5",
        "source_version": "5.15.10+dfsg-1build6"
      }
    },
    {
      "name": "pyqt6-dev-tools",
      "version": "6.6.1-2build4",
      "purl": "pkg:deb/pyqt6-dev-tools?arch=all\u0026distro=noble",
      "source": {
        "source_name": "pyqt6",
        "source_version": "6.6.1-2build4"
      }
    },
    {
      "name": "python-apt-common",
      "version": "2.7.7ubuntu5.3",
      "purl": "pkg:deb/python-apt-common?arch=all\u0026distro=noble",
      "source": {
        "source_name": "python-apt",
        "source_version": "2.7.7ubuntu5.3"
      }
    },
    {
      "name": "python-matplotlib-data",
      "version": "3.6.3-1ubuntu5",
      "purl": "pkg:deb/python-matplotlib-data?arch=all\u0026distro=noble",
      "source": {
        "source_name": "matplotlib",
        "source_version": "3.6.3-1ubuntu5"
      }
    },
    {
      "name": "python3",
      "version": "3.12.3-0ubuntu2.1",
      "purl": "pkg:deb/python3?arch=amd64\u0026distro=noble",
      "source": {
        "source_name": "python3-defaults",
        "source_version": "3.12.3-0ubuntu2.1"
      }
    },
    {
      "name": "python3-appdirs",
      "version": "1.4.4-4",
      "purl": "pkg:deb/python3-appdirs?arch=all\u0026distro=noble",
      "source": {
        "source_name": "appdirs",
        "source_version": "1.4.4-4"
      }
    },
    {
      "name": "python3-apport",
      "version": "2.28.3-0ubuntu0.1",
      "purl": "pkg:deb/python3-apport?arch=all\u0026distro=noble",
      "source": {
        "source_name": "apport",
        "source_version": "2.28.3-0ubuntu0.1"
      }
    },
    {
      "name": "python3-apt",
      "version": "2.7.7ubuntu5.3",
      "purl": "pkg:deb/python3-apt?arch=amd64\u0026distro=noble",
      "source": {
        "source_name": "python-apt",
        "source_version": "2.7.7ubuntu5.3"
      }
    },
    {
      "name": "python3-aptdaemon",
      "version": "1.1.1+bzr982-0ubuntu44",
      "purl": "pkg:deb/python3-aptdaemon?arch=all\u0026distro=noble",
      "source": {
        "source_name": "aptdaemon",
        "source_version": "1.1.1+bzr982-0ubuntu44"
      }
    },
    {
      "name": "python3-aptdaemon.gtk3widgets",
      "version": "1.1.1+bzr982-0ubuntu44",
      "purl": "pkg:deb/python3-aptdaemon.gtk3widgets?arch=all\u0026distro=noble",
      "source": {
        "source_name": "aptdaemon",
        "source_version": "1.1.1+bzr982-0ubuntu44"
      }
    },
    {
      "name": "python3-asn1crypto",
      "version": "1.5.1-3",
      "purl": "pkg:deb/python3-asn1crypto?arch=all\u0026distro=noble",
      "source": {
        "source_name": "asn1crypto",
        "source_version": "1.5.1-3"
      }
    },
    {
      "name": "python3-attr",
      "version": "23.2.0-2",
      "purl": "pkg:deb/python3-attr?arch=all\u0026distro=noble",
      "source": {
        "source_name": "python-attrs",
        "source_version": "23.2.0-2"
      }
    },
    {
      "name": "python3-binwalk",
      "version": "2.3.4+dfsg1-5",
      "purl": "pkg:deb/python3-binwalk?arch=all\u0026distro=noble",
      "source": {
        "source_name": "binwalk",
        "source_version": "2.3.4+dfsg1-5"
      }
    },
    {
      "name": "python3-blinker",
      "version": "1.7.0-1",
      "purl": "pkg:deb/python3-blinker?arch=all\u0026distro=noble",
      "source": {
        "source_name": "blinker",
        "source_version": "1.7.0-1"
      }
    },
    {
      "name": "python3-bpfcc",
      "version": "0.29.1+ds-1ubuntu7",
      "purl": "pkg:deb/python3-bpfcc?arch=all\u0026distro=noble",
      "source": {
        "source_name": "bpfcc",
        "source_version": "0.29.1+ds-1ubuntu7"
      }
    },
    {
      "name": "python3-brlapi:amd64",
      "version": "6.6-4ubuntu5",
      "purl": "pkg:deb/python3-brlapi:amd64?arch=amd64\u0026distro=noble",
      "source": {
        "source_name": "brltty",
        "source_version": "6.6-4ubuntu5"
      }
    },
    {
      "name": "python3-brotli",
      "version": "1.1.0-2build2",
      "purl": "pkg:deb/python3-brotli?arch=amd64\u0026distro=noble",
      "source": {
        "source_name": "brotli",
        "source_version": "1.1.0-2build2"
      }
    },
    {
      "name": "python3-bs4",
      "version": "4.12.3-1",
      "purl": "pkg:deb/python3-bs4?arch=all\u0026distro=noble",
      "source": {
        "source_name": "beautifulsoup4",
        "source_version": "4.12.3-1"
      }
    },
    {
      "name": "python3-cairo",
      "version": "1.25.1-2build2",
      "purl": "pkg:deb/python3-cairo?arch=amd64\u0026distro=noble",
      "source": {
        "source_name": "pycairo",
        "source_version": "1.25.1-2build2"
      }
    },
    {
      "name": "python3-certifi",
      "version": "2023.11.17-1",
      "purl": "pkg:deb/python3-certifi?arch=all\u0026distro=noble",
      "source": {
        "source_name": "python-certifi",
        "source_version": "2023.11.17-1"
      }
    },
    {
      "name": "python3-cffi-backend:amd64",
      "version": "1.16.0-2build1",
      "purl": "pkg:deb/python3-cffi-backend:amd64?arch=amd64\u0026distro=noble",
      "source": {
        "source_name": "python-cffi",
        "source_version": "1.16.0-2build1"
      }
    },
    {
      "name": "python3-chardet",
      "version": "5.2.0+dfsg-1",
      "purl": "pkg:deb/python3-chardet?arch=all\u0026distro=noble",
      "source": {
        "source_name": "chardet",
        "source_version": "5.2.0+dfsg-1"
      }
    },
    {
      "name": "python3-charset-normalizer",
      "version": "3.3.2-1",
      "purl": "pkg:deb/python3-charset-normalizer?arch=all\u0026distro=noble",
      "source": {
        "source_name": "python-charset-normalizer",
        "source_version": "3.3.2-1"
      }
    },
    {
      "name": "python3-cliapp",
      "version": "1.20180812.1-6",
      "purl": "pkg:deb/python3-cliapp?arch=all\u0026distro=noble",
      "source": {
        "source_name": "python-cliapp",
        "source_version": "1.20180812.1-6"
      }
    },
    {
      "name": "python3-click",
      "version": "8.1.6-2",
      "purl": "pkg:deb/python3-click?arch=all\u0026distro=noble",
      "source": {
        "source_name": "python-click",
        "source_version": "8.1.6-2"
      }
    },
    {
      "name": "python3-colorama",
      "version": "0.4.6-4",
      "purl": "pkg:deb/python3-colorama?arch=all\u0026distro=noble",
      "source": {
        "source_name": "python-colorama",
        "source_version": "0.4.6-4"
      }
    },
    {
      "name": "python3-commandnotfound",
      "version": "23.04.0",
      "purl": "pkg:deb/python3-commandnotfound?arch=all\u0026distro=noble",
      "source": {
        "source_name": "command-not-found",
        "source_version": "23.04.0"
      }
    },
    {
      "name": "python3-contourpy",
      "version": "1.0.7-2build1",
      "purl": "pkg:deb/python3-contourpy?arch=amd64\u0026distro=noble",
      "source": {
        "source_name": "contourpy",
        "source_version": "1.0.7-2build1"
      }
    },
    {
      "name": "python3-cryptography",
      "version": "41.0.7-4ubuntu0.4",
      "purl": "pkg:deb/python3-cryptography?arch=amd64\u0026distro=noble",
      "source": {
        "source_name": "python-cryptography",
        "source_version": "41.0.7-4ubuntu0.4"
      }
    },
    {
      "name": "python3-cssselect",
      "version": "1.2.0-2",
      "purl": "pkg:deb/python3-cssselect?arch=all\u0026distro=noble",
      "source": {
        "source_name": "python-cssselect",
        "source_version": "1.2.0-2"
      }
    },
    {
      "name": "python3-cups:amd64",
      "version": "2.0.1-5build6",
      "purl": "pkg:deb/python3-cups:amd64?arch=amd64\u0026distro=noble",
      "source": {
        "source_name": "python-cups",
        "source_version": "2.0.1-5build6"
      }
    },
    {
      "name": "python3-cupshelpers",
      "version": "1.5.18-1ubuntu9",
      "purl": "pkg:deb/python3-cupshelpers?arch=all\u0026distro=noble",
      "source": {
        "source_name": "system-config-printer",
        "source_version": "1.5.18-1ubuntu9"
      }
    },
    {
      "name": "python3-cycler",
      "version": "0.11.0-2",
      "purl": "pkg:deb/python3-cycler?arch=all\u0026distro=noble",
      "source": {
        "source_name": "python-cycler",
        "source_version": "0.11.0-2"
      }
    },
    {
      "name": "python3-dateutil",
      "version": "2.8.2-3ubuntu1",
      "purl": "pkg:deb/python3-dateutil?arch=all\u0026distro=noble",
      "source": {
        "source_name": "python-dateutil",
        "source_version": "2.8.2-3ubuntu1"
      }
    },
    {
      "name": "python3-dbus",
      "version": "1.3.2-5build3",
      "purl": "pkg:deb/python3-dbus?arch=amd64\u0026distro=noble",
      "source": {
        "source_name": "dbus-python",
        "source_version": "1.3.2-5build3"
      }
    },
    {
      "name": "python3-dbus.mainloop.pyqt5",
      "version": "5.15.10+dfsg-1build6",
      "purl": "pkg:deb/python3-dbus.mainloop.pyqt5?arch=amd64\u0026distro=noble",
      "source": {
        "source_name": "pyqt5",
        "source_version": "5.15.10+dfsg-1build6"
      }
    },
    {
      "name": "python3-debconf",
      "version": "1.5.86ubuntu1",
      "purl": "pkg:deb/python3-debconf?arch=all\u0026distro=noble",
      "source": {
        "source_name": "debconf",
        "source_version": "1.5.86ubuntu1"
      }
    },
    {
      "name": "python3-debian",
      "version": "0.1.49ubuntu2",
      "purl": "pkg:deb/python3-debian?arch=all\u0026distro=noble",
      "source": {
        "source_name": "python-debian",
        "source_version": "0.1.49ubuntu2"
      }
    },
    {
      "name": "python3-decorator",
      "version": "5.1.1-5",
      "purl": "pkg:deb/python3-decorator?arch=all\u0026distro=noble",
      "source": {
        "source_name": "python-decorator",
        "source_version": "5.1.1-5"
      }
    },
    {
      "name": "python3-defer",
      "version": "1.0.6-2.1ubuntu1",
      "purl": "pkg:deb/python3-defer?arch=all\u0026distro=noble",
      "source": {
        "source_name": "python-defer",
        "source_version": "1.0.6-2.1ubuntu1"
      }
    },
    {
      "name": "python3-defusedxml",
      "version": "0.7.1-2",
      "purl": "pkg:deb/python3-defusedxml?arch=all\u0026distro=noble",
      "source": {
        "source_name": "defusedxml",
        "source_version": "0.7.1-2"
      }
    },
    {
      "name": "python3-dev",
      "version": "3.12.3-0ubuntu2.1",
      "purl": "pkg:deb/python3-dev?arch=amd64\u0026distro=noble",
      "source": {
        "source_name": "python3-defaults",
        "source_version": "3.12.3-0ubuntu2.1"
      }
    },
    {
      "name": "python3-distro",
      "version": "1.9.0-1",
      "purl": "pkg:deb/python3-distro?arch=all\u0026distro=noble",
      "source": {
        "source_name": "python-distro",
        "source_version": "1.9.0-1"
      }
    },
    {
      "name": "python3-distro-info",
      "version": "1.7build1",
      "purl": "pkg:deb/python3-distro-info?arch=all\u0026distro=noble",
      "source": {
        "source_name": "distro-info",
        "source_version": "1.7build1"
      }
    },
    {
      "name": "python3-distupgrade",
      "version": "1:24.04.29",
      "purl": "pkg:deb/python3-distupgrade?arch=all\u0026distro=noble",
      "source": {
        "source_name": "ubuntu-release-upgrader",
        "source_version": "1:24.04.29"
      }
    },
    {
      "name": "python3-fonttools",
      "version": "4.46.0-1build2",
      "purl": "pkg:deb/python3-fonttools?arch=amd64\u0026distro=noble",
      "source": {
        "source_name": "fonttools",
        "source_version": "4.46.0-1build2"
      }
    },
    {
      "name": "python3-fs",
      "version": "2.4.16-3",
      "purl": "pkg:deb/python3-fs?arch=all\u0026distro=noble",
      "source": {
        "source_name": "python-fs",
        "source_version": "2.4.16-3"
      }
    },
    {
      "name": "python3-fuse",
      "version": "2:1.0.7-1build2",
      "purl": "pkg:deb/python3-fuse?arch=amd64\u0026distro=noble",
      "source": {
        "source_name": "python-fuse",
        "source_version": "2:1.0.7-1build2"
      }
    },
    {
      "name": "python3-gdbm:amd64",
      "version": "3.12.3-0ubuntu1",
      "purl": "pkg:deb/python3-gdbm:amd64?arch=amd64\u0026distro=noble",
      "source": {
        "source_name": "python3-stdlib-extensions",
        "source_version": "3.12.3-0ubuntu1"
      }
    },
    {
      "name": "python3-gi",
      "version": "3.48.2-1",
      "purl": "pkg:deb/python3-gi?arch=amd64\u0026distro=noble",
      "source": {
        "source_name": "pygobject",
        "source_version": "3.48.2-1"
      }
    },
    {
      "name": "python3-gi-cairo",
      "version": "3.48.2-1",
      "purl": "pkg:deb/python3-gi-cairo?arch=amd64\u0026distro=noble",
      "source": {
        "source_name": "pygobject",
        "source_version": "3.48.2-1"
      }
    },
    {
      "name": "python3-gpg",
      "version": "1.18.0-4.1ubuntu4",
      "purl": "pkg:deb/python3-gpg?arch=amd64\u0026distro=noble",
      "source": {
        "source_name": "gpgme1.0",
        "source_version": "1.18.0-4.1ubuntu4"
      }
    },
    {
      "name": "python3-h11",
      "version": "0.14.0-1ubuntu0.24.04.1",
      "purl": "pkg:deb/python3-h11?arch=all\u0026distro=noble",
      "source": {
        "source_name": "python-h11",
        "source_version": "0.14.0-1ubuntu0.24.04.1"
      }
    },
    {
      "name": "python3-html5lib",
      "version": "1.1-6",
      "purl": "pkg:deb/python3-html5lib?arch=all\u0026distro=noble",
      "source": {
        "source_name": "html5lib",
        "source_version": "1.1-6"
      }
    },
    {
      "name": "python3-httplib2",
      "version": "0.20.4-3ubuntu0.1",
      "purl": "pkg:deb/python3-httplib2?arch=all\u0026distro=noble",
      "source": {
        "source_name": "python-httplib2",
        "source_version": "0.20.4-3ubuntu0.1"
      }
    },
    {
      "name": "python3-ibus-1.0",
      "version": "1.5.29-2",
      "purl": "pkg:deb/python3-ibus-1.0?arch=all\u0026distro=noble",
      "source": {
        "source_name": "ibus",
        "source_version": "1.5.29-2"
      }
    },
    {
      "name": "python3-idna",
      "version": "3.6-2ubuntu0.2",
      "purl": "pkg:deb/python3-idna?arch=all\u0026distro=noble",
      "source": {
        "source_name": "python-idna",
        "source_version": "3.6-2ubuntu0.2"
      }
    },
    {
      "name": "python3-importlib-metadata",
      "version": "4.12.0-1",
      "purl": "pkg:deb/python3-importlib-metadata?arch=all\u0026distro=noble",
      "source": {
        "source_name": "python-importlib-metadata",
        "source_version": "4.12.0-1"
      }
    },
    {
      "name": "python3-jaraco.classes",
      "version": "3.2.1-4",
      "purl": "pkg:deb/python3-jaraco.classes?arch=all\u0026distro=noble",
      "source": {
        "source_name": "jaraco.classes",
        "source_version": "3.2.1-4"
      }
    },
    {
      "name": "python3-jeepney",
      "version": "0.8.0-3",
      "purl": "pkg:deb/python3-jeepney?arch=all\u0026distro=noble",
      "source": {
        "source_name": "jeepney",
        "source_version": "0.8.0-3"
      }
    },
    {
      "name": "python3-json-pointer",
      "version": "2.0-0ubuntu1",
      "purl": "pkg:deb/python3-json-pointer?arch=all\u0026distro=noble",
      "source": {
        "source_name": "python-json-pointer",
        "source_version": "2.0-0ubuntu1"
      }
    },
    {
      "name": "python3-jsonschema",
      "version": "4.10.3-2ubuntu1",
      "purl": "pkg:deb/python3-jsonschema?arch=all\u0026distro=noble",
      "source": {
        "source_name": "python-jsonschema",
        "source_version": "4.10.3-2ubuntu1"
      }
    },
    {
      "name": "python3-jwt",
      "version": "2.7.0-1ubuntu0.2",
      "purl": "pkg:deb/python3-jwt?arch=all\u0026distro=noble",
      "source": {
        "source_name": "pyjwt",
        "source_version": "2.7.0-1ubuntu0.2"
      }
    },
    {
      "name": "python3-keyring",
      "version": "24.3.1-1",
      "purl": "pkg:deb/python3-keyring?arch=all\u0026distro=noble",
      "source": {
        "source_name": "python-keyring",
        "source_version": "24.3.1-1"
      }
    },
    {
      "name": "python3-kiwisolver",
      "version": "1.4.4-2build1",
      "purl": "pkg:deb/python3-kiwisolver?arch=amd64\u0026distro=noble",
      "source": {
        "source_name": "kiwisolver",
        "source_version": "1.4.4-2build1"
      }
    },
    {
      "name": "python3-launchpadlib",
      "version": "1.11.0-6",
      "purl": "pkg:deb/python3-launchpadlib?arch=all\u0026distro=noble",
      "source": {
        "source_name": "python-launchpadlib",
        "source_version": "1.11.0-6"
      }
    },
    {
      "name": "python3-lazr.restfulclient",
      "version": "0.14.6-1",
      "purl": "pkg:deb/python3-lazr.restfulclient?arch=all\u0026distro=noble",
      "source": {
        "source_name": "lazr.restfulclient",
        "source_version": "0.14.6-1"
      }
    },
    {
      "name": "python3-lazr.uri",
      "version": "1.0.6-3",
      "purl": "pkg:deb/python3-lazr.uri?arch=all\u0026distro=noble",
      "source": {
        "source_name": "lazr.uri",
        "source_version": "1.0.6-3"
      }
    },
    {
      "name": "python3-ldb",
      "version": "2:2.8.0+samba4.19.5+dfsg-4ubuntu9.7",
      "purl": "pkg:deb/python3-ldb?arch=amd64\u0026distro=noble",
      "source": {
        "source_name": "samba",
        "source_version": "2:4.19.5+dfsg-4ubuntu9.7"
      }
    },
    {
      "name": "python3-libevdev",
      "version": "0.5-3",
      "purl": "pkg:deb/python3-libevdev?arch=all\u0026distro=noble",
      "source": {
        "source_name": "python-libevdev",
        "source_version": "0.5-3"
      }
    },
    {
      "name": "python3-libvirt",
      "version": "10.0.0-1build1",
      "purl": "pkg:deb/python3-libvirt?arch=amd64\u0026distro=noble",
      "source": {
        "source_name": "libvirt-python",
        "source_version": "10.0.0-1build1"
      }
    },
    {
      "name": "python3-libxml2:amd64",
      "version": "2.9.14+dfsg-1.3ubuntu3.9",
      "purl": "pkg:deb/python3-libxml2:amd64?arch=amd64\u0026distro=noble",
      "source": {
        "source_name": "libxml2",
        "source_version": "2.9.14+dfsg-1.3ubuntu3.9"
      }
    },
    {
      "name": "python3-louis",
      "version": "3.29.0-1build1",
      "purl": "pkg:deb/python3-louis?arch=all\u0026distro=noble",
      "source": {
        "source_name": "liblouis",
        "source_version": "3.29.0-1build1"
      }
    },
    {
      "name": "python3-lxml:amd64",
      "version": "5.2.1-1",
      "purl": "pkg:deb/python3-lxml:amd64?arch=amd64\u0026distro=noble",
      "source": {
        "source_name": "lxml",
        "source_version": "5.2.1-1"
      }
    },
    {
      "name": "python3-lz4",
      "version": "4.0.2+dfsg-1build4",
      "purl": "pkg:deb/python3-lz4?arch=amd64\u0026distro=noble",
      "source": {
        "source_name": "python-lz4",
        "source_version": "4.0.2+dfsg-1build4"
      }
    },
    {
      "name": "python3-markdown",
      "version": "3.5.2-1",
      "purl": "pkg:deb/python3-markdown?arch=all\u0026distro=noble",
      "source": {
        "source_name": "python-markdown",
        "source_version": "3.5.2-1"
      }
    },
    {
      "name": "python3-markdown-it",
      "version": "3.0.0-2",
      "purl": "pkg:deb/python3-markdown-it?arch=all\u0026distro=noble",
      "source": {
        "source_name": "markdown-it-py",
        "source_version": "3.0.0-2"
      }
    },
    {
      "name": "python3-matplotlib",
      "version": "3.6.3-1ubuntu5",
      "purl": "pkg:deb/python3-matplotlib?arch=amd64\u0026distro=noble",
      "source": {
        "source_name": "matplotlib",
        "source_version": "3.6.3-1ubuntu5"
      }
    },
    {
      "name": "python3-mdurl",
      "version": "0.1.2-1",
      "purl": "pkg:deb/python3-mdurl?arch=all\u0026distro=noble",
      "source": {
        "source_name": "mdurl",
        "source_version": "0.1.2-1"
      }
    },
    {
      "name": "python3-mechanize",
      "version": "1:0.4.9+ds-2",
      "purl": "pkg:deb/python3-mechanize?arch=all\u0026distro=noble",
      "source": {
        "source_name": "python-mechanize",
        "source_version": "1:0.4.9+ds-2"
      }
    },
    {
      "name": "python3-minimal",
      "version": "3.12.3-0ubuntu2.1",
      "purl": "pkg:deb/python3-minimal?arch=amd64\u0026distro=noble",
      "source": {
        "source_name": "python3-defaults",
        "source_version": "3.12.3-0ubuntu2.1"
      }
    },
    {
      "name": "python3-mlt",
      "version": "7.22.0-1build6",
      "purl": "pkg:deb/python3-mlt?arch=amd64\u0026distro=noble",
      "source": {
        "source_name": "mlt",
        "source_version": "7.22.0-1build6"
      }
    },
    {
      "name": "python3-more-itertools",
      "version": "10.2.0-1",
      "purl": "pkg:deb/python3-more-itertools?arch=all\u0026distro=noble",
      "source": {
        "source_name": "more-itertools",
        "source_version": "10.2.0-1"
      }
    },
    {
      "name": "python3-mpmath",
      "version": "1.2.1-3",
      "purl": "pkg:deb/python3-mpmath?arch=all\u0026distro=noble",
      "source": {
        "source_name": "mpmath",
        "source_version": "1.2.1-3"
      }
    },
    {
      "name": "python3-multidict",
      "version": "6.0.4-1.1build1",
      "purl": "pkg:deb/python3-multidict?arch=amd64\u0026distro=noble",
      "source": {
        "source_name": "python-multidict",
        "source_version": "6.0.4-1.1build1"
      }
    },
    {
      "name": "python3-mutagen",
      "version": "1.46.0-2",
      "purl": "pkg:deb/python3-mutagen?arch=all\u0026distro=noble",
      "source": {
        "source_name": "mutagen",
        "source_version": "1.46.0-2"
      }
    },
    {
      "name": "python3-netaddr",
      "version": "0.8.0-2ubuntu1",
      "purl": "pkg:deb/python3-netaddr?arch=all\u0026distro=noble",
      "source": {
        "source_name": "python-netaddr",
        "source_version": "0.8.0-2ubuntu1"
      }
    },
    {
      "name": "python3-netifaces:amd64",
      "version": "0.11.0-2build3",
      "purl": "pkg:deb/python3-netifaces:amd64?arch=amd64\u0026distro=noble",
      "source": {
        "source_name": "netifaces",
        "source_version": "0.11.0-2build3"
      }
    },
    {
      "name": "python3-netplan",
      "version": "1.1.2-8ubuntu1~24.04.2",
      "purl": "pkg:deb/python3-netplan?arch=amd64\u0026distro=noble",
      "source": {
        "source_name": "netplan.io",
        "source_version": "1.1.2-8ubuntu1~24.04.2"
      }
    },
    {
      "name": "python3-numpy",
      "version": "1:1.26.4+ds-6ubuntu1",
      "purl": "pkg:deb/python3-numpy?arch=amd64\u0026distro=noble",
      "source": {
        "source_name": "numpy",
        "source_version": "1:1.26.4+ds-6ubuntu1"
      }
    },
    {
      "name": "python3-oauthlib",
      "version": "3.2.2-1",
      "purl": "pkg:deb/python3-oauthlib?arch=all\u0026distro=noble",
      "source": {
        "source_name": "python-oauthlib",
        "source_version": "3.2.2-1"
      }
    },
    {
      "name": "python3-olefile",
      "version": "0.46-3",
      "purl": "pkg:deb/python3-olefile?arch=all\u0026distro=noble",
      "source": {
        "source_name": "olefile",
        "source_version": "0.46-3"
      }
    },
    {
      "name": "python3-opencv:amd64",
      "version": "4.6.0+dfsg-13.1ubuntu1",
      "purl": "pkg:deb/python3-opencv:amd64?arch=amd64\u0026distro=noble",
      "source": {
        "source_name": "opencv",
        "source_version": "4.6.0+dfsg-13.1ubuntu1"
      }
    },
    {
      "name": "python3-opengl",
      "version": "3.1.7+dfsg-1",
      "purl": "pkg:deb/python3-opengl?arch=all\u0026distro=noble",
      "source": {
        "source_name": "pyopengl",
        "source_version": "3.1.7+dfsg-1"
      }
    },
    {
      "name": "python3-openssl",
      "version": "23.2.0-1ubuntu0.1",
      "purl": "pkg:deb/python3-openssl?arch=all\u0026distro=noble",
      "source": {
        "source_name": "pyopenssl",
        "source_version": "23.2.0-1ubuntu0.1"
      }
    },
    {
      "name": "python3-packaging",
      "version": "24.0-1",
      "purl": "pkg:deb/python3-packaging?arch=all\u0026distro=noble",
      "source": {
        "source_name": "python-packaging",
        "source_version": "24.0-1"
      }
    },
    {
      "name": "python3-pexpect",
      "version": "4.9-2",
      "purl": "pkg:deb/python3-pexpect?arch=all\u0026distro=noble",
      "source": {
        "source_name": "pexpect",
        "source_version": "4.9-2"
      }
    },
    {
      "name": "python3-pil:amd64",
      "version": "10.2.0-1ubuntu1.3",
      "purl": "pkg:deb/python3-pil:amd64?arch=amd64\u0026distro=noble",
      "source": {
        "source_name": "pillow",
        "source_version": "10.2.0-1ubuntu1.3"
      }
    },
    {
      "name": "python3-pil.imagetk:amd64",
      "version": "10.2.0-1ubuntu1.3",
      "purl": "pkg:deb/python3-pil.imagetk:amd64?arch=amd64\u0026distro=noble",
      "source": {
        "source_name": "pillow",
        "source_version": "10.2.0-1ubuntu1.3"
      }
    },
    {
      "name": "python3-pip",
      "version": "24.0+dfsg-1ubuntu1.3",
      "purl": "pkg:deb/python3-pip?arch=all\u0026distro=noble",
      "source": {
        "source_name": "python-pip",
        "source_version": "24.0+dfsg-1ubuntu1.3"
      }
    },
    {
      "name": "python3-pip-whl",
      "version": "24.0+dfsg-1ubuntu1.3",
      "purl": "pkg:deb/python3-pip-whl?arch=all\u0026distro=noble",
      "source": {
        "source_name": "python-pip",
        "source_version": "24.0+dfsg-1ubuntu1.3"
      }
    },
    {
      "name": "python3-pkg-resources",
      "version": "68.1.2-2ubuntu1.2",
      "purl": "pkg:deb/python3-pkg-resources?arch=all\u0026distro=noble",
      "source": {
        "source_name": "setuptools",
        "source_version": "68.1.2-2ubuntu1.2"
      }
    },
    {
      "name": "python3-problem-report",
      "version": "2.28.3-0ubuntu0.1",
      "purl": "pkg:deb/python3-problem-report?arch=all\u0026distro=noble",
      "source": {
        "source_name": "apport",
        "source_version": "2.28.3-0ubuntu0.1"
      }
    },
    {
      "name": "python3-ptyprocess",
      "version": "0.7.0-5",
      "purl": "pkg:deb/python3-ptyprocess?arch=all\u0026distro=noble",
      "source": {
        "source_name": "ptyprocess",
        "source_version": "0.7.0-5"
      }
    },
    {
      "name": "python3-pyaudio",
      "version": "0.2.13-1build3",
      "purl": "pkg:deb/python3-pyaudio?arch=amd64\u0026distro=noble",
      "source": {
        "source_name": "python-pyaudio",
        "source_version": "0.2.13-1build3"
      }
    },
    {
      "name": "python3-pycryptodome",
      "version": "3.20.0+dfsg-1",
      "purl": "pkg:deb/python3-pycryptodome?arch=amd64\u0026distro=noble",
      "source": {
        "source_name": "pycryptodome",
        "source_version": "3.20.0+dfsg-1"
      }
    },
    {
      "name": "python3-pygments",
      "version": "2.17.2+dfsg-1",
      "purl": "pkg:deb/python3-pygments?arch=all\u0026distro=noble",
      "source": {
        "source_name": "pygments",
        "source_version": "2.17.2+dfsg-1"
      }
    },
    {
      "name": "python3-pylibacl:amd64",
      "version": "0.7.0-2build2",
      "purl": "pkg:deb/python3-pylibacl:amd64?arch=amd64\u0026distro=noble",
      "source": {
        "source_name": "python-pylibacl",
        "source_version": "0.7.0-2build2"
      }
    },
    {
      "name": "python3-pyparsing",
      "version": "3.1.1-1",
      "purl": "pkg:deb/python3-pyparsing?arch=all\u0026distro=noble",
      "source": {
        "source_name": "pyparsing",
        "source_version": "3.1.1-1"
      }
    },
    {
      "name": "python3-pyqt5",
      "version": "5.15.10+dfsg-1build6",
      "purl": "pkg:deb/python3-pyqt5?arch=amd64\u0026distro=noble",
      "source": {
        "source_name": "pyqt5",
        "source_version": "5.15.10+dfsg-1build6"
      }
    },
    {
      "name": "python3-pyqt5.qtopengl",
      "version": "5.15.10+dfsg-1build6",
      "purl": "pkg:deb/python3-pyqt5.qtopengl?arch=amd64\u0026distro=noble",
      "source": {
        "source_name": "pyqt5",
        "source_version": "5.15.10+dfsg-1build6"
      }
    },
    {
      "name": "python3-pyqt5.qtwebchannel",
      "version": "5.15.10+dfsg-1build6",
      "purl": "pkg:deb/python3-pyqt5.qtwebchannel?arch=amd64\u0026distro=noble",
      "source": {
        "source_name": "pyqt5",
        "source_version": "5.15.10+dfsg-1build6"
      }
    },
    {
      "name": "python3-pyqt5.qtwebengine",
      "version": "5.15.6-1build2",
      "purl": "pkg:deb/python3-pyqt5.qtwebengine?arch=amd64\u0026distro=noble",
      "source": {
        "source_name": "pyqt5webengine",
        "source_version": "5.15.6-1build2"
      }
    },
    {
      "name": "python3-pyqt5.sip",
      "version": "12.13.0-1build3",
      "purl": "pkg:deb/python3-pyqt5.sip?arch=amd64\u0026distro=noble",
      "source": {
        "source_name": "pyqt5-sip",
        "source_version": "12.13.0-1build3"
      }
    },
    {
      "name": "python3-pyqt6",
      "version": "6.6.1-2build4",
      "purl": "pkg:deb/python3-pyqt6?arch=amd64\u0026distro=noble",
      "source": {
        "source_name": "pyqt6",
        "source_version": "6.6.1-2build4"
      }
    },
    {
      "name": "python3-pyqt6.sip",
      "version": "13.6.0-1build2",
      "purl": "pkg:deb/python3-pyqt6.sip?arch=amd64\u0026distro=noble",
      "source": {
        "source_name": "pyqt6-sip",
        "source_version": "13.6.0-1build2"
      }
    },
    {
      "name": "python3-pyqtgraph",
      "version": "0.13.4-2",
      "purl": "pkg:deb/python3-pyqtgraph?arch=all\u0026distro=noble",
      "source": {
        "source_name": "python-pyqtgraph",
        "source_version": "0.13.4-2"
      }
    },
    {
      "name": "python3-pyrsistent:amd64",
      "version": "0.20.0-1build2",
      "purl": "pkg:deb/python3-pyrsistent:amd64?arch=amd64\u0026distro=noble",
      "source": {
        "source_name": "pyrsistent",
        "source_version": "0.20.0-1build2"
      }
    },
    {
      "name": "python3-pyudev",
      "version": "0.24.0-1",
      "purl": "pkg:deb/python3-pyudev?arch=all\u0026distro=noble",
      "source": {
        "source_name": "pyudev",
        "source_version": "0.24.0-1"
      }
    },
    {
      "name": "python3-pyxattr:amd64",
      "version": "0.8.1-1build2",
      "purl": "pkg:deb/python3-pyxattr:amd64?arch=amd64\u0026distro=noble",
      "source": {
        "source_name": "python-pyxattr",
        "source_version": "0.8.1-1build2"
      }
    },
    {
      "name": "python3-requests",
      "version": "2.31.0+dfsg-1ubuntu1.2",
      "purl": "pkg:deb/python3-requests?arch=all\u0026distro=noble",
      "source": {
        "source_name": "requests",
        "source_version": "2.31.0+dfsg-1ubuntu1.2"
      }
    },
    {
      "name": "python3-requests-toolbelt",
      "version": "1.0.0-2",
      "purl": "pkg:deb/python3-requests-toolbelt?arch=all\u0026distro=noble",
      "source": {
        "source_name": "python-requests-toolbelt",
        "source_version": "1.0.0-2"
      }
    },
    {
      "name": "python3-rich",
      "version": "13.7.1-1",
      "purl": "pkg:deb/python3-rich?arch=all\u0026distro=noble",
      "source": {
        "source_name": "rich",
        "source_version": "13.7.1-1"
      }
    },
    {
      "name": "python3-samba",
      "version": "2:4.19.5+dfsg-4ubuntu9.7",
      "purl": "pkg:deb/python3-samba?arch=amd64\u0026distro=noble",
      "source": {
        "source_name": "samba",
        "source_version": "2:4.19.5+dfsg-4ubuntu9.7"
      }
    },
    {
      "name": "python3-scipy",
      "version": "1.11.4-6build1",
      "purl": "pkg:deb/python3-scipy?arch=amd64\u0026distro=noble",
      "source": {
        "source_name": "scipy",
        "source_version": "1.11.4-6build1"
      }
    },
    {
      "name": "python3-secretstorage",
      "version": "3.3.3-3",
      "purl": "pkg:deb/python3-secretstorage?arch=all\u0026distro=noble",
      "source": {
        "source_name": "python-secretstorage",
        "source_version": "3.3.3-3"
      }
    },
    {
      "name": "python3-send2trash",
      "version": "1.8.2-1",
      "purl": "pkg:deb/python3-send2trash?arch=all\u0026distro=noble",
      "source": {
        "source_name": "send2trash",
        "source_version": "1.8.2-1"
      }
    },
    {
      "name": "python3-setuptools",
      "version": "68.1.2-2ubuntu1.2",
      "purl": "pkg:deb/python3-setuptools?arch=all\u0026distro=noble",
      "source": {
        "source_name": "setuptools",
        "source_version": "68.1.2-2ubuntu1.2"
      }
    },
    {
      "name": "python3-setuptools-whl",
      "version": "68.1.2-2ubuntu1.2",
      "purl": "pkg:deb/python3-setuptools-whl?arch=all\u0026distro=noble",
      "source": {
        "source_name": "setuptools",
        "source_version": "68.1.2-2ubuntu1.2"
      }
    },
    {
      "name": "python3-six",
      "version": "1.16.0-4",
      "purl": "pkg:deb/python3-six?arch=all\u0026distro=noble",
      "source": {
        "source_name": "six",
        "source_version": "1.16.0-4"
      }
    },
    {
      "name": "python3-socks",
      "version": "1.7.1+dfsg-1",
      "purl": "pkg:deb/python3-socks?arch=all\u0026distro=noble",
      "source": {
        "source_name": "python-socksipy",
        "source_version": "1.7.1+dfsg-1"
      }
    },
    {
      "name": "python3-software-properties",
      "version": "0.99.49.4",
      "purl": "pkg:deb/python3-software-properties?arch=all\u0026distro=noble",
      "source": {
        "source_name": "software-properties",
        "source_version": "0.99.49.4"
      }
    },
    {
      "name": "python3-soupsieve",
      "version": "2.5-1",
      "purl": "pkg:deb/python3-soupsieve?arch=all\u0026distro=noble",
      "source": {
        "source_name": "soupsieve",
        "source_version": "2.5-1"
      }
    },
    {
      "name": "python3-speechd",
      "version": "0.12.0~rc2-2build3",
      "purl": "pkg:deb/python3-speechd?arch=all\u0026distro=noble",
      "source": {
        "source_name": "speech-dispatcher",
        "source_version": "0.12.0~rc2-2build3"
      }
    },
    {
      "name": "python3-sympy",
      "version": "1.12-7",
      "purl": "pkg:deb/python3-sympy?arch=all\u0026distro=noble",
      "source": {
        "source_name": "sympy",
        "source_version": "1.12-7"
      }
    },
    {
      "name": "python3-systemd",
      "version": "235-1build4",
      "purl": "pkg:deb/python3-systemd?arch=amd64\u0026distro=noble",
      "source": {
        "source_name": "python-systemd",
        "source_version": "235-1build4"
      }
    },
    {
      "name": "python3-talloc:amd64",
      "version": "2.4.2-1build2",
      "purl": "pkg:deb/python3-talloc:amd64?arch=amd64\u0026distro=noble",
      "source": {
        "source_name": "talloc",
        "source_version": "2.4.2-1build2"
      }
    },
    {
      "name": "python3-tdb",
      "version": "1.4.10-1build1",
      "purl": "pkg:deb/python3-tdb?arch=amd64\u0026distro=noble",
      "source": {
        "source_name": "tdb",
        "source_version": "1.4.10-1build1"
      }
    },
    {
      "name": "python3-tk:amd64",
      "version": "3.12.3-0ubuntu1",
      "purl": "pkg:deb/python3-tk:amd64?arch=amd64\u0026distro=noble",
      "source": {
        "source_name": "python3-stdlib-extensions",
        "source_version": "3.12.3-0ubuntu1"
      }
    },
    {
      "name": "python3-tornado",
      "version": "6.4.0-1ubuntu0.5",
      "purl": "pkg:deb/python3-tornado?arch=amd64\u0026distro=noble",
      "source": {
        "source_name": "python-tornado",
        "source_version": "6.4.0-1ubuntu0.5"
      }
    },
    {
      "name": "python3-ttystatus",
      "version": "0.38-4",
      "purl": "pkg:deb/python3-ttystatus?arch=all\u0026distro=noble",
      "source": {
        "source_name": "python-ttystatus",
        "source_version": "0.38-4"
      }
    },
    {
      "name": "python3-typing-extensions",
      "version": "4.10.0-1",
      "purl": "pkg:deb/python3-typing-extensions?arch=all\u0026distro=noble",
      "source": {
        "source_name": "python-typing-extensions",
        "source_version": "4.10.0-1"
      }
    },
    {
      "name": "python3-tz",
      "version": "2024.1-2",
      "purl": "pkg:deb/python3-tz?arch=all\u0026distro=noble",
      "source": {
        "source_name": "python-tz",
        "source_version": "2024.1-2"
      }
    },
    {
      "name": "python3-ufolib2",
      "version": "0.16.0+dfsg1-1",
      "purl": "pkg:deb/python3-ufolib2?arch=all\u0026distro=noble",
      "source": {
        "source_name": "ufolib2",
        "source_version": "0.16.0+dfsg1-1"
      }
    },
    {
      "name": "python3-unicodedata2",
      "version": "15.1.0+ds-1build1",
      "purl": "pkg:deb/python3-unicodedata2?arch=amd64\u0026distro=noble",
      "source": {
        "source_name": "python-unicodedata2",
        "source_version": "15.1.0+ds-1build1"
      }
    },
    {
      "name": "python3-uno",
      "version": "4:24.2.7-0ubuntu0.24.04.6",
      "purl": "pkg:deb/python3-uno?arch=amd64\u0026distro=noble",
      "source": {
        "source_name": "libreoffice",
        "source_version": "4:24.2.7-0ubuntu0.24.04.6"
      }
    },
    {
      "name": "python3-update-manager",
      "version": "1:24.04.12",
      "purl": "pkg:deb/python3-update-manager?arch=all\u0026distro=noble",
      "source": {
        "source_name": "update-manager",
        "source_version": "1:24.04.12"
      }
    },
    {
      "name": "python3-urllib3",
      "version": "2.0.7-1ubuntu0.7",
      "purl": "pkg:deb/python3-urllib3?arch=all\u0026distro=noble",
      "source": {
        "source_name": "python-urllib3",
        "source_version": "2.0.7-1ubuntu0.7"
      }
    },
    {
      "name": "python3-uvicorn",
      "version": "0.27.1-1",
      "purl": "pkg:deb/python3-uvicorn?arch=all\u0026distro=noble",
      "source": {
        "source_name": "python-uvicorn",
        "source_version": "0.27.1-1"
      }
    },
    {
      "name": "python3-uvloop",
      "version": "0.19.0+ds1-2.1",
      "purl": "pkg:deb/python3-uvloop?arch=amd64\u0026distro=noble",
      "source": {
        "source_name": "uvloop",
        "source_version": "0.19.0+ds1-2.1"
      }
    },
    {
      "name": "python3-venv",
      "version": "3.12.3-0ubuntu2.1",
      "purl": "pkg:deb/python3-venv?arch=amd64\u0026distro=noble",
      "source": {
        "source_name": "python3-defaults",
        "source_version": "3.12.3-0ubuntu2.1"
      }
    },
    {
      "name": "python3-wadllib",
      "version": "1.3.6-5",
      "purl": "pkg:deb/python3-wadllib?arch=all\u0026distro=noble",
      "source": {
        "source_name": "python-wadllib",
        "source_version": "1.3.6-5"
      }
    },
    {
      "name": "python3-webencodings",
      "version": "0.5.1-5",
      "purl": "pkg:deb/python3-webencodings?arch=all\u0026distro=noble",
      "source": {
        "source_name": "python-webencodings",
        "source_version": "0.5.1-5"
      }
    },
    {
      "name": "python3-websockets",
      "version": "10.4-1",
      "purl": "pkg:deb/python3-websockets?arch=all\u0026distro=noble",
      "source": {
        "source_name": "python-websockets",
        "source_version": "10.4-1"
      }
    },
    {
      "name": "python3-wheel",
      "version": "0.42.0-2",
      "purl": "pkg:deb/python3-wheel?arch=all\u0026distro=noble",
      "source": {
        "source_name": "wheel",
        "source_version": "0.42.0-2"
      }
    },
    {
      "name": "python3-wsproto",
      "version": "1.2.0-1",
      "purl": "pkg:deb/python3-wsproto?arch=all\u0026distro=noble",
      "source": {
        "source_name": "python-wsproto",
        "source_version": "1.2.0-1"
      }
    },
    {
      "name": "python3-xdg",
      "version": "0.28-2",
      "purl": "pkg:deb/python3-xdg?arch=all\u0026distro=noble",
      "source": {
        "source_name": "pyxdg",
        "source_version": "0.28-2"
      }
    },
    {
      "name": "python3-xkit",
      "version": "0.5.0ubuntu6",
      "purl": "pkg:deb/python3-xkit?arch=all\u0026distro=noble",
      "source": {
        "source_name": "x-kit",
        "source_version": "0.5.0ubuntu6"
      }
    },
    {
      "name": "python3-yaml",
      "version": "6.0.1-2build2",
      "purl": "pkg:deb/python3-yaml?arch=amd64\u0026distro=noble",
      "source": {
        "source_name": "pyyaml",
        "source_version": "6.0.1-2build2"
      }
    },
    {
      "name": "python3-zipp",
      "version": "1.0.0-6ubuntu0.1",
      "purl": "pkg:deb/python3-zipp?arch=all\u0026distro=noble",
      "source": {
        "source_name": "python-zipp",
        "source_version": "1.0.0-6ubuntu0.1"
      }
    },
    {
      "name": "python3-zombie-imp",
      "version": "0.0.2-2",
      "purl": "pkg:deb/python3-zombie-imp?arch=all\u0026distro=noble",
      "source": {
        "source_name": "python-zombie-imp",
        "source_version": "0.0.2-2"
      }
    },
    {
      "name": "python3.12",
      "version": "3.12.3-1ubuntu0.17",
      "purl": "pkg:deb/python3.12?arch=amd64\u0026distro=noble",
      "source": {
        "source_name": "",
        "source_version": ""
      }
    },
    {
      "name": "python3.12-dev",
      "version": "3.12.3-1ubuntu0.17",
      "purl": "pkg:deb/python3.12-dev?arch=amd64\u0026distro=noble",
      "source": {
        "source_name": "python3.12",
        "source_version": "3.12.3-1ubuntu0.17"
      }
    },
    {
      "name": "python3.12-minimal",
      "version": "3.12.3-1ubuntu0.17",
      "purl": "pkg:deb/python3.12-minimal?arch=amd64\u0026distro=noble",
      "source": {
        "source_name": "python3.12",
        "source_version": "3.12.3-1ubuntu0.17"
      }
    },
    {
      "name": "python3.12-venv",
      "version": "3.12.3-1ubuntu0.17",
      "purl": "pkg:deb/python3.12-venv?arch=amd64\u0026distro=noble",
      "source": {
        "source_name": "python3.12",
        "source_version": "3.12.3-1ubuntu0.17"
      }
    },
    {
      "name": "qapt-batch",
      "version": "3.0.5-2build3",
      "purl": "pkg:deb/qapt-batch?arch=amd64\u0026distro=noble",
      "source": {
        "source_name": "libqapt",
        "source_version": "3.0.5-2build3"
      }
    },
    {
      "name": "qapt-deb-installer",
      "version": "3.0.5-2build3",
      "purl": "pkg:deb/qapt-deb-installer?arch=amd64\u0026distro=noble",
      "source": {
        "source_name": "libqapt",
        "source_version": "3.0.5-2build3"
      }
    },
    {
      "name": "qbittorrent",
      "version": "4.6.3-1build2",
      "purl": "pkg:deb/qbittorrent?arch=amd64\u0026distro=noble",
      "source": {
        "source_name": "",
        "source_version": ""
      }
    },
    {
      "name": "qdbus-qt5",
      "version": "5.15.13-1",
      "purl": "pkg:deb/qdbus-qt5?arch=amd64\u0026distro=noble",
      "source": {
        "source_name": "qttools-opensource-src",
        "source_version": "5.15.13-1"
      }
    },
    {
      "name": "qemu-block-extra",
      "version": "1:8.2.2+ds-0ubuntu1.18",
      "purl": "pkg:deb/qemu-block-extra?arch=amd64\u0026distro=noble",
      "source": {
        "source_name": "qemu",
        "source_version": "1:8.2.2+ds-0ubuntu1.18"
      }
    },
    {
      "name": "qemu-system-common",
      "version": "1:8.2.2+ds-0ubuntu1.18",
      "purl": "pkg:deb/qemu-system-common?arch=amd64\u0026distro=noble",
      "source": {
        "source_name": "qemu",
        "source_version": "1:8.2.2+ds-0ubuntu1.18"
      }
    },
    {
      "name": "qemu-system-data",
      "version": "1:8.2.2+ds-0ubuntu1.18",
      "purl": "pkg:deb/qemu-system-data?arch=all\u0026distro=noble",
      "source": {
        "source_name": "qemu",
        "source_version": "1:8.2.2+ds-0ubuntu1.18"
      }
    },
    {
      "name": "qemu-system-gui",
      "version": "1:8.2.2+ds-0ubuntu1.18",
      "purl": "pkg:deb/qemu-system-gui?arch=amd64\u0026distro=noble",
      "source": {
        "source_name": "qemu",
        "source_version": "1:8.2.2+ds-0ubuntu1.18"
      }
    },
    {
      "name": "qemu-system-modules-opengl",
      "version": "1:8.2.2+ds-0ubuntu1.18",
      "purl": "pkg:deb/qemu-system-modules-opengl?arch=amd64\u0026distro=noble",
      "source": {
        "source_name": "qemu",
        "source_version": "1:8.2.2+ds-0ubuntu1.18"
      }
    },
    {
      "name": "qemu-system-modules-spice",
      "version": "1:8.2.2+ds-0ubuntu1.18",
      "purl": "pkg:deb/qemu-system-modules-spice?arch=amd64\u0026distro=noble",
      "source": {
        "source_name": "qemu",
        "source_version": "1:8.2.2+ds-0ubuntu1.18"
      }
    },
    {
      "name": "qemu-system-x86",
      "version": "1:8.2.2+ds-0ubuntu1.18",
      "purl": "pkg:deb/qemu-system-x86?arch=amd64\u0026distro=noble",
      "source": {
        "source_name": "qemu",
        "source_version": "1:8.2.2+ds-0ubuntu1.18"
      }
    },
    {
      "name": "qemu-user",
      "version": "1:8.2.2+ds-0ubuntu1.18",
      "purl": "pkg:deb/qemu-user?arch=amd64\u0026distro=noble",
      "source": {
        "source_name": "qemu",
        "source_version": "1:8.2.2+ds-0ubuntu1.18"
      }
    },
    {
      "name": "qemu-user-static",
      "version": "1:8.2.2+ds-0ubuntu1.18",
      "purl": "pkg:deb/qemu-user-static?arch=amd64\u0026distro=noble",
      "source": {
        "source_name": "qemu",
        "source_version": "1:8.2.2+ds-0ubuntu1.18"
      }
    },
    {
      "name": "qemu-utils",
      "version": "1:8.2.2+ds-0ubuntu1.18",
      "purl": "pkg:deb/qemu-utils?arch=amd64\u0026distro=noble",
      "source": {
        "source_name": "qemu",
        "source_version": "1:8.2.2+ds-0ubuntu1.18"
      }
    },
    {
      "name": "qml-module-gsettings1.0:amd64",
      "version": "0.2-5build3",
      "purl": "pkg:deb/qml-module-gsettings1.0:amd64?arch=amd64\u0026distro=noble",
      "source": {
        "source_name": "gsettings-qt",
        "source_version": "0.2-5build3"
      }
    },
    {
      "name": "qml-module-org-kde-activities:amd64",
      "version": "5.115.0-0ubuntu3",
      "purl": "pkg:deb/qml-module-org-kde-activities:amd64?arch=amd64\u0026distro=noble",
      "source": {
        "source_name": "kactivities-kf5",
        "source_version": "5.115.0-0ubuntu3"
      }
    },
    {
      "name": "qml-module-org-kde-bluezqt:amd64",
      "version": "5.115.0-0ubuntu6",
      "purl": "pkg:deb/qml-module-org-kde-bluezqt:amd64?arch=amd64\u0026distro=noble",
      "source": {
        "source_name": "bluez-qt",
        "source_version": "5.115.0-0ubuntu6"
      }
    },
    {
      "name": "qml-module-org-kde-draganddrop:amd64",
      "version": "5.115.0-0ubuntu5",
      "purl": "pkg:deb/qml-module-org-kde-draganddrop:amd64?arch=amd64\u0026distro=noble",
      "source": {
        "source_name": "kdeclarative",
        "source_version": "5.115.0-0ubuntu5"
      }
    },
    {
      "name": "qml-module-org-kde-kaccounts:amd64",
      "version": "4:23.08.5-0ubuntu4",
      "purl": "pkg:deb/qml-module-org-kde-kaccounts:amd64?arch=amd64\u0026distro=noble",
      "source": {
        "source_name": "kaccounts-integration",
        "source_version": "4:23.08.5-0ubuntu4"
      }
    },
    {
      "name": "qml-module-org-kde-kcm:amd64",
      "version": "5.115.0-0ubuntu5",
      "purl": "pkg:deb/qml-module-org-kde-kcm:amd64?arch=amd64\u0026distro=noble",
      "source": {
        "source_name": "kdeclarative",
        "source_version": "5.115.0-0ubuntu5"
      }
    },
    {
      "name": "qml-module-org-kde-kcmutils:amd64",
      "version": "5.115.0-0ubuntu5",
      "purl": "pkg:deb/qml-module-org-kde-kcmutils:amd64?arch=amd64\u0026distro=noble",
      "source": {
        "source_name": "kcmutils",
        "source_version": "5.115.0-0ubuntu5"
      }
    },
    {
      "name": "qml-module-org-kde-kconfig:amd64",
      "version": "5.115.0-0ubuntu5",
      "purl": "pkg:deb/qml-module-org-kde-kconfig:amd64?arch=amd64\u0026distro=noble",
      "source": {
        "source_name": "kdeclarative",
        "source_version": "5.115.0-0ubuntu5"
      }
    },
    {
      "name": "qml-module-org-kde-kcoreaddons:amd64",
      "version": "5.115.0-0ubuntu5",
      "purl": "pkg:deb/qml-module-org-kde-kcoreaddons:amd64?arch=amd64\u0026distro=noble",
      "source": {
        "source_name": "kdeclarative",
        "source_version": "5.115.0-0ubuntu5"
      }
    },
    {
      "name": "qml-module-org-kde-kholidays:amd64",
      "version": "1:5.115.0-0ubuntu5",
      "purl": "pkg:deb/qml-module-org-kde-kholidays:amd64?arch=amd64\u0026distro=noble",
      "source": {
        "source_name": "kholidays",
        "source_version": "1:5.115.0-0ubuntu5"
      }
    },
    {
      "name": "qml-module-org-kde-kio:amd64",
      "version": "5.115.0-0ubuntu5",
      "purl": "pkg:deb/qml-module-org-kde-kio:amd64?arch=amd64\u0026distro=noble",
      "source": {
        "source_name": "kdeclarative",
        "source_version": "5.115.0-0ubuntu5"
      }
    },
    {
      "name": "qml-module-org-kde-kirigami-addons-components:amd64",
      "version": "0.11.0-0ubuntu5",
      "purl": "pkg:deb/qml-module-org-kde-kirigami-addons-components:amd64?arch=amd64\u0026distro=noble",
      "source": {
        "source_name": "kirigami-addons",
        "source_version": "0.11.0-0ubuntu5"
      }
    },
    {
      "name": "qml-module-org-kde-kirigami-addons-delegates:amd64",
      "version": "0.11.0-0ubuntu5",
      "purl": "pkg:deb/qml-module-org-kde-kirigami-addons-delegates:amd64?arch=amd64\u0026distro=noble",
      "source": {
        "source_name": "kirigami-addons",
        "source_version": "0.11.0-0ubuntu5"
      }
    },
    {
      "name": "qml-module-org-kde-kirigami-addons-labs-components:amd64",
      "version": "0.11.0-0ubuntu5",
      "purl": "pkg:deb/qml-module-org-kde-kirigami-addons-labs-components:amd64?arch=amd64\u0026distro=noble",
      "source": {
        "source_name": "kirigami-addons",
        "source_version": "0.11.0-0ubuntu5"
      }
    },
    {
      "name": "qml-module-org-kde-kirigami-addons-labs-mobileform:amd64",
      "version": "0.11.0-0ubuntu5",
      "purl": "pkg:deb/qml-module-org-kde-kirigami-addons-labs-mobileform:amd64?arch=amd64\u0026distro=noble",
      "source": {
        "source_name": "kirigami-addons",
        "source_version": "0.11.0-0ubuntu5"
      }
    },
    {
      "name": "qml-module-org-kde-kirigami2",
      "version": "5.115.0-0ubuntu6",
      "purl": "pkg:deb/qml-module-org-kde-kirigami2?arch=amd64\u0026distro=noble",
      "source": {
        "source_name": "kirigami2",
        "source_version": "5.115.0-0ubuntu6"
      }
    },
    {
      "name": "qml-module-org-kde-kitemmodels:amd64",
      "version": "5.115.0-0ubuntu5",
      "purl": "pkg:deb/qml-module-org-kde-kitemmodels:amd64?arch=amd64\u0026distro=noble",
      "source": {
        "source_name": "kitemmodels",
        "source_version": "5.115.0-0ubuntu5"
      }
    },
    {
      "name": "qml-module-org-kde-kquickcontrols:amd64",
      "version": "5.115.0-0ubuntu5",
      "purl": "pkg:deb/qml-module-org-kde-kquickcontrols:amd64?arch=amd64\u0026distro=noble",
      "source": {
        "source_name": "kdeclarative",
        "source_version": "5.115.0-0ubuntu5"
      }
    },
    {
      "name": "qml-module-org-kde-kquickcontrolsaddons:amd64",
      "version": "5.115.0-0ubuntu5",
      "purl": "pkg:deb/qml-module-org-kde-kquickcontrolsaddons:amd64?arch=amd64\u0026distro=noble",
      "source": {
        "source_name": "kdeclarative",
        "source_version": "5.115.0-0ubuntu5"
      }
    },
    {
      "name": "qml-module-org-kde-kquickimageeditor",
      "version": "0.3.0-1build2",
      "purl": "pkg:deb/qml-module-org-kde-kquickimageeditor?arch=amd64\u0026distro=noble",
      "source": {
        "source_name": "kquickimageeditor",
        "source_version": "0.3.0-1build2"
      }
    },
    {
      "name": "qml-module-org-kde-ksysguard",
      "version": "4:5.27.11-0ubuntu3",
      "purl": "pkg:deb/qml-module-org-kde-ksysguard?arch=amd64\u0026distro=noble",
      "source": {
        "source_name": "libksysguard",
        "source_version": "4:5.27.11-0ubuntu3"
      }
    },
    {
      "name": "qml-module-org-kde-kwindowsystem:amd64",
      "version": "5.115.0-0ubuntu5",
      "purl": "pkg:deb/qml-module-org-kde-kwindowsystem:amd64?arch=amd64\u0026distro=noble",
      "source": {
        "source_name": "kdeclarative",
        "source_version": "5.115.0-0ubuntu5"
      }
    },
    {
      "name": "qml-module-org-kde-newstuff",
      "version": "5.115.0-0ubuntu5",
      "purl": "pkg:deb/qml-module-org-kde-newstuff?arch=amd64\u0026distro=noble",
      "source": {
        "source_name": "knewstuff",
        "source_version": "5.115.0-0ubuntu5"
      }
    },
    {
      "name": "qml-module-org-kde-notifications:amd64",
      "version": "5.115.0-0ubuntu6",
      "purl": "pkg:deb/qml-module-org-kde-notifications:amd64?arch=amd64\u0026distro=noble",
      "source": {
        "source_name": "knotifications",
        "source_version": "5.115.0-0ubuntu6"
      }
    },
    {
      "name": "qml-module-org-kde-people:amd64",
      "version": "5.115.0-0ubuntu4",
      "purl": "pkg:deb/qml-module-org-kde-people:amd64?arch=amd64\u0026distro=noble",
      "source": {
        "source_name": "kpeople",
        "source_version": "5.115.0-0ubuntu4"
      }
    },
    {
      "name": "qml-module-org-kde-pipewire",
      "version": "5.27.11-0ubuntu2",
      "purl": "pkg:deb/qml-module-org-kde-pipewire?arch=amd64\u0026distro=noble",
      "source": {
        "source_name": "kpipewire",
        "source_version": "5.27.11-0ubuntu2"
      }
    },
    {
      "name": "qml-module-org-kde-prison:amd64",
      "version": "5.115.0-0ubuntu5",
      "purl": "pkg:deb/qml-module-org-kde-prison:amd64?arch=amd64\u0026distro=noble",
      "source": {
        "source_name": "prison-kf5",
        "source_version": "5.115.0-0ubuntu5"
      }
    },
    {
      "name": "qml-module-org-kde-purpose:amd64",
      "version": "5.115.0-0ubuntu4",
      "purl": "pkg:deb/qml-module-org-kde-purpose:amd64?arch=amd64\u0026distro=noble",
      "source": {
        "source_name": "purpose",
        "source_version": "5.115.0-0ubuntu4"
      }
    },
    {
      "name": "qml-module-org-kde-qqc2breezestyle",
      "version": "5.27.11-0ubuntu2",
      "purl": "pkg:deb/qml-module-org-kde-qqc2breezestyle?arch=amd64\u0026distro=noble",
      "source": {
        "source_name": "qqc2-breeze-style",
        "source_version": "5.27.11-0ubuntu2"
      }
    },
    {
      "name": "qml-module-org-kde-qqc2desktopstyle",
      "version": "5.115.0-0ubuntu4",
      "purl": "pkg:deb/qml-module-org-kde-qqc2desktopstyle?arch=amd64\u0026distro=noble",
      "source": {
        "source_name": "qqc2-desktop-style",
        "source_version": "5.115.0-0ubuntu4"
      }
    },
    {
      "name": "qml-module-org-kde-quickcharts",
      "version": "5.115.0-0ubuntu4",
      "purl": "pkg:deb/qml-module-org-kde-quickcharts?arch=amd64\u0026distro=noble",
      "source": {
        "source_name": "kquickcharts",
        "source_version": "5.115.0-0ubuntu4"
      }
    },
    {
      "name": "qml-module-org-kde-runnermodel",
      "version": "5.115.0-0ubuntu4",
      "purl": "pkg:deb/qml-module-org-kde-runnermodel?arch=amd64\u0026distro=noble",
      "source": {
        "source_name": "krunner",
        "source_version": "5.115.0-0ubuntu4"
      }
    },
    {
      "name": "qml-module-org-kde-solid:amd64",
      "version": "5.115.0-0ubuntu5",
      "purl": "pkg:deb/qml-module-org-kde-solid:amd64?arch=amd64\u0026distro=noble",
      "source": {
        "source_name": "solid",
        "source_version": "5.115.0-0ubuntu5"
      }
    },
    {
      "name": "qml-module-org-kde-sonnet:amd64",
      "version": "5.115.0-0ubuntu5",
      "purl": "pkg:deb/qml-module-org-kde-sonnet:amd64?arch=amd64\u0026distro=noble",
      "source": {
        "source_name": "sonnet",
        "source_version": "5.115.0-0ubuntu5"
      }
    },
    {
      "name": "qml-module-org-kde-syntaxhighlighting:amd64",
      "version": "5.115.0-0ubuntu3",
      "purl": "pkg:deb/qml-module-org-kde-syntaxhighlighting:amd64?arch=amd64\u0026distro=noble",
      "source": {
        "source_name": "ksyntax-highlighting",
        "source_version": "5.115.0-0ubuntu3"
      }
    },
    {
      "name": "qml-module-org-kde-userfeedback:amd64",
      "version": "1.3.0-3build3",
      "purl": "pkg:deb/qml-module-org-kde-userfeedback:amd64?arch=amd64\u0026distro=noble",
      "source": {
        "source_name": "kuserfeedback",
        "source_version": "1.3.0-3build3"
      }
    },
    {
      "name": "qml-module-qt-labs-folderlistmodel:amd64",
      "version": "5.15.13+dfsg-1ubuntu0.1",
      "purl": "pkg:deb/qml-module-qt-labs-folderlistmodel:amd64?arch=amd64\u0026distro=noble",
      "source": {
        "source_name": "qtdeclarative-opensource-src",
        "source_version": "5.15.13+dfsg-1ubuntu0.1"
      }
    },
    {
      "name": "qml-module-qt-labs-platform:amd64",
      "version": "5.15.13+dfsg-1",
      "purl": "pkg:deb/qml-module-qt-labs-platform:amd64?arch=amd64\u0026distro=noble",
      "source": {
        "source_name": "qtquickcontrols2-opensource-src",
        "source_version": "5.15.13+dfsg-1"
      }
    },
    {
      "name": "qml-module-qt-labs-qmlmodels:amd64",
      "version": "5.15.13+dfsg-1ubuntu0.1",
      "purl": "pkg:deb/qml-module-qt-labs-qmlmodels:amd64?arch=amd64\u0026distro=noble",
      "source": {
        "source_name": "qtdeclarative-opensource-src",
        "source_version": "5.15.13+dfsg-1ubuntu0.1"
      }
    },
    {
      "name": "qml-module-qt-labs-settings:amd64",
      "version": "5.15.13+dfsg-1ubuntu0.1",
      "purl": "pkg:deb/qml-module-qt-labs-settings:amd64?arch=amd64\u0026distro=noble",
      "source": {
        "source_name": "qtdeclarative-opensource-src",
        "source_version": "5.15.13+dfsg-1ubuntu0.1"
      }
    },
    {
      "name": "qml-module-qtgraphicaleffects:amd64",
      "version": "5.15.13-1",
      "purl": "pkg:deb/qml-module-qtgraphicaleffects:amd64?arch=amd64\u0026distro=noble",
      "source": {
        "source_name": "qtgraphicaleffects-opensource-src",
        "source_version": "5.15.13-1"
      }
    },
    {
      "name": "qml-module-qtlocation:amd64",
      "version": "5.15.13+dfsg-1",
      "purl": "pkg:deb/qml-module-qtlocation:amd64?arch=amd64\u0026distro=noble",
      "source": {
        "source_name": "qtlocation-opensource-src",
        "source_version": "5.15.13+dfsg-1"
      }
    },
    {
      "name": "qml-module-qtmultimedia:amd64",
      "version": "5.15.13-1",
      "purl": "pkg:deb/qml-module-qtmultimedia:amd64?arch=amd64\u0026distro=noble",
      "source": {
        "source_name": "qtmultimedia-opensource-src",
        "source_version": "5.15.13-1"
      }
    },
    {
      "name": "qml-module-qtpositioning:amd64",
      "version": "5.15.13+dfsg-1",
      "purl": "pkg:deb/qml-module-qtpositioning:amd64?arch=amd64\u0026distro=noble",
      "source": {
        "source_name": "qtlocation-opensource-src",
        "source_version": "5.15.13+dfsg-1"
      }
    },
    {
      "name": "qml-module-qtqml:amd64",
      "version": "5.15.13+dfsg-1ubuntu0.1",
      "purl": "pkg:deb/qml-module-qtqml:amd64?arch=amd64\u0026distro=noble",
      "source": {
        "source_name": "qtdeclarative-opensource-src",
        "source_version": "5.15.13+dfsg-1ubuntu0.1"
      }
    },
    {
      "name": "qml-module-qtqml-models2:amd64",
      "version": "5.15.13+dfsg-1ubuntu0.1",
      "purl": "pkg:deb/qml-module-qtqml-models2:amd64?arch=amd64\u0026distro=noble",
      "source": {
        "source_name": "qtdeclarative-opensource-src",
        "source_version": "5.15.13+dfsg-1ubuntu0.1"
      }
    },
    {
      "name": "qml-module-qtquick-controls:amd64",
      "version": "5.15.13-1",
      "purl": "pkg:deb/qml-module-qtquick-controls:amd64?arch=amd64\u0026distro=noble",
      "source": {
        "source_name": "qtquickcontrols-opensource-src",
        "source_version": "5.15.13-1"
      }
    },
    {
      "name": "qml-module-qtquick-controls2:amd64",
      "version": "5.15.13+dfsg-1",
      "purl": "pkg:deb/qml-module-qtquick-controls2:amd64?arch=amd64\u0026distro=noble",
      "source": {
        "source_name": "qtquickcontrols2-opensource-src",
        "source_version": "5.15.13+dfsg-1"
      }
    },
    {
      "name": "qml-module-qtquick-dialogs:amd64",
      "version": "5.15.13-1",
      "purl": "pkg:deb/qml-module-qtquick-dialogs:amd64?arch=amd64\u0026distro=noble",
      "source": {
        "source_name": "qtquickcontrols-opensource-src",
        "source_version": "5.15.13-1"
      }
    },
    {
      "name": "qml-module-qtquick-layouts:amd64",
      "version": "5.15.13+dfsg-1ubuntu0.1",
      "purl": "pkg:deb/qml-module-qtquick-layouts:amd64?arch=amd64\u0026distro=noble",
      "source": {
        "source_name": "qtdeclarative-opensource-src",
        "source_version": "5.15.13+dfsg-1ubuntu0.1"
      }
    },
    {
      "name": "qml-module-qtquick-particles2:amd64",
      "version": "5.15.13+dfsg-1ubuntu0.1",
      "purl": "pkg:deb/qml-module-qtquick-particles2:amd64?arch=amd64\u0026distro=noble",
      "source": {
        "source_name": "qtdeclarative-opensource-src",
        "source_version": "5.15.13+dfsg-1ubuntu0.1"
      }
    },
    {
      "name": "qml-module-qtquick-privatewidgets:amd64",
      "version": "5.15.13-1",
      "purl": "pkg:deb/qml-module-qtquick-privatewidgets:amd64?arch=amd64\u0026distro=noble",
      "source": {
        "source_name": "qtquickcontrols-opensource-src",
        "source_version": "5.15.13-1"
      }
    },
    {
      "name": "qml-module-qtquick-shapes:amd64",
      "version": "5.15.13+dfsg-1ubuntu0.1",
      "purl": "pkg:deb/qml-module-qtquick-shapes:amd64?arch=amd64\u0026distro=noble",
      "source": {
        "source_name": "qtdeclarative-opensource-src",
        "source_version": "5.15.13+dfsg-1ubuntu0.1"
      }
    },
    {
      "name": "qml-module-qtquick-templates2:amd64",
      "version": "5.15.13+dfsg-1",
      "purl": "pkg:deb/qml-module-qtquick-templates2:amd64?arch=amd64\u0026distro=noble",
      "source": {
        "source_name": "qtquickcontrols2-opensource-src",
        "source_version": "5.15.13+dfsg-1"
      }
    },
    {
      "name": "qml-module-qtquick-virtualkeyboard:amd64",
      "version": "5.15.13+dfsg-1",
      "purl": "pkg:deb/qml-module-qtquick-virtualkeyboard:amd64?arch=amd64\u0026distro=noble",
      "source": {
        "source_name": "qtvirtualkeyboard-opensource-src",
        "source_version": "5.15.13+dfsg-1"
      }
    },
    {
      "name": "qml-module-qtquick-window2:amd64",
      "version": "5.15.13+dfsg-1ubuntu0.1",
      "purl": "pkg:deb/qml-module-qtquick-window2:amd64?arch=amd64\u0026distro=noble",
      "source": {
        "source_name": "qtdeclarative-opensource-src",
        "source_version": "5.15.13+dfsg-1ubuntu0.1"
      }
    },
    {
      "name": "qml-module-qtquick-xmllistmodel:amd64",
      "version": "5.15.13-1",
      "purl": "pkg:deb/qml-module-qtquick-xmllistmodel:amd64?arch=amd64\u0026distro=noble",
      "source": {
        "source_name": "qtxmlpatterns-opensource-src",
        "source_version": "5.15.13-1"
      }
    },
    {
      "name": "qml-module-qtquick2:amd64",
      "version": "5.15.13+dfsg-1ubuntu0.1",
      "purl": "pkg:deb/qml-module-qtquick2:amd64?arch=amd64\u0026distro=noble",
      "source": {
        "source_name": "qtdeclarative-opensource-src",
        "source_version": "5.15.13+dfsg-1ubuntu0.1"
      }
    },
    {
      "name": "qml-module-qtwebengine:amd64",
      "version": "5.15.16+dfsg-3",
      "purl": "pkg:deb/qml-module-qtwebengine:amd64?arch=amd64\u0026distro=noble",
      "source": {
        "source_name": "qtwebengine-opensource-src",
        "source_version": "5.15.16+dfsg-3"
      }
    },
    {
      "name": "qml-module-sso-onlineaccounts:amd64",
      "version": "0.7+git20231028.05e79eb-1ubuntu4",
      "purl": "pkg:deb/qml-module-sso-onlineaccounts:amd64?arch=amd64\u0026distro=noble",
      "source": {
        "source_name": "accounts-qml-module",
        "source_version": "0.7+git20231028.05e79eb-1ubuntu4"
      }
    },
    {
      "name": "qml-module-ubuntu-onlineaccounts",
      "version": "0.7+git20231028.05e79eb-1ubuntu4",
      "purl": "pkg:deb/qml-module-ubuntu-onlineaccounts?arch=all\u0026distro=noble",
      "source": {
        "source_name": "accounts-qml-module",
        "source_version": "0.7+git20231028.05e79eb-1ubuntu4"
      }
    },
    {
      "name": "qt5-gtk-platformtheme:amd64",
      "version": "5.15.13+dfsg-1ubuntu1",
      "purl": "pkg:deb/qt5-gtk-platformtheme:amd64?arch=amd64\u0026distro=noble",
      "source": {
        "source_name": "qtbase-opensource-src",
        "source_version": "5.15.13+dfsg-1ubuntu1"
      }
    },
    {
      "name": "qt5-image-formats-plugins:amd64",
      "version": "5.15.13-1",
      "purl": "pkg:deb/qt5-image-formats-plugins:amd64?arch=amd64\u0026distro=noble",
      "source": {
        "source_name": "qtimageformats-opensource-src",
        "source_version": "5.15.13-1"
      }
    },
    {
      "name": "qt6-base-dev-tools",
      "version": "6.4.2+dfsg-21.1build5",
      "purl": "pkg:deb/qt6-base-dev-tools?arch=amd64\u0026distro=noble",
      "source": {
        "source_name": "qt6-base",
        "source_version": "6.4.2+dfsg-21.1build5"
      }
    },
    {
      "name": "qt6-gtk-platformtheme:amd64",
      "version": "6.4.2+dfsg-21.1build5",
      "purl": "pkg:deb/qt6-gtk-platformtheme:amd64?arch=amd64\u0026distro=noble",
      "source": {
        "source_name": "qt6-base",
        "source_version": "6.4.2+dfsg-21.1build5"
      }
    },
    {
      "name": "qt6-qpa-plugins:amd64",
      "version": "6.4.2+dfsg-21.1build5",
      "purl": "pkg:deb/qt6-qpa-plugins:amd64?arch=amd64\u0026distro=noble",
      "source": {
        "source_name": "qt6-base",
        "source_version": "6.4.2+dfsg-21.1build5"
      }
    },
    {
      "name": "qt6-translations-l10n",
      "version": "6.4.2-1",
      "purl": "pkg:deb/qt6-translations-l10n?arch=all\u0026distro=noble",
      "source": {
        "source_name": "qt6-translations",
        "source_version": "6.4.2-1"
      }
    },
    {
      "name": "qt6-wayland:amd64",
      "version": "6.4.2-5build3",
      "purl": "pkg:deb/qt6-wayland:amd64?arch=amd64\u0026distro=noble",
      "source": {
        "source_name": "",
        "source_version": ""
      }
    },
    {
      "name": "qtbase5-dev-tools",
      "version": "5.15.13+dfsg-1ubuntu1",
      "purl": "pkg:deb/qtbase5-dev-tools?arch=amd64\u0026distro=noble",
      "source": {
        "source_name": "qtbase-opensource-src",
        "source_version": "5.15.13+dfsg-1ubuntu1"
      }
    },
    {
      "name": "qtchooser",
      "version": "66-2build2",
      "purl": "pkg:deb/qtchooser?arch=amd64\u0026distro=noble",
      "source": {
        "source_name": "",
        "source_version": ""
      }
    },
    {
      "name": "qtspeech5-flite-plugin:amd64",
      "version": "5.15.13-1",
      "purl": "pkg:deb/qtspeech5-flite-plugin:amd64?arch=amd64\u0026distro=noble",
      "source": {
        "source_name": "qtspeech-opensource-src",
        "source_version": "5.15.13-1"
      }
    },
    {
      "name": "qtspeech5-speechd-plugin:amd64",
      "version": "5.15.13-1",
      "purl": "pkg:deb/qtspeech5-speechd-plugin:amd64?arch=amd64\u0026distro=noble",
      "source": {
        "source_name": "qtspeech-opensource-src",
        "source_version": "5.15.13-1"
      }
    },
    {
      "name": "qttranslations5-l10n",
      "version": "5.15.13-1",
      "purl": "pkg:deb/qttranslations5-l10n?arch=all\u0026distro=noble",
      "source": {
        "source_name": "qttranslations-opensource-src",
        "source_version": "5.15.13-1"
      }
    },
    {
      "name": "qtvirtualkeyboard-plugin:amd64",
      "version": "5.15.13+dfsg-1",
      "purl": "pkg:deb/qtvirtualkeyboard-plugin:amd64?arch=amd64\u0026distro=noble",
      "source": {
        "source_name": "qtvirtualkeyboard-opensource-src",
        "source_version": "5.15.13+dfsg-1"
      }
    },
    {
      "name": "qtwayland5:amd64",
      "version": "5.15.13-1",
      "purl": "pkg:deb/qtwayland5:amd64?arch=amd64\u0026distro=noble",
      "source": {
        "source_name": "qtwayland-opensource-src",
        "source_version": "5.15.13-1"
      }
    },
    {
      "name": "rake",
      "version": "13.0.6-3",
      "purl": "pkg:deb/rake?arch=all\u0026distro=noble",
      "source": {
        "source_name": "",
        "source_version": ""
      }
    },
    {
      "name": "readline-common",
      "version": "8.2-4build1",
      "purl": "pkg:deb/readline-common?arch=all\u0026distro=noble",
      "source": {
        "source_name": "readline",
        "source_version": "8.2-4build1"
      }
    },
    {
      "name": "reiserfsprogs",
      "version": "1:3.6.27-7.1build1",
      "purl": "pkg:deb/reiserfsprogs?arch=amd64\u0026distro=noble",
      "source": {
        "source_name": "",
        "source_version": ""
      }
    },
    {
      "name": "rfkill",
      "version": "2.39.3-9ubuntu6.6",
      "purl": "pkg:deb/rfkill?arch=amd64\u0026distro=noble",
      "source": {
        "source_name": "util-linux",
        "source_version": "2.39.3-9ubuntu6.6"
      }
    },
    {
      "name": "rlinux",
      "version": "6.5.191754",
      "purl": "pkg:deb/rlinux?arch=amd64\u0026distro=noble",
      "source": {
        "source_name": "",
        "source_version": ""
      }
    },
    {
      "name": "rpcsvc-proto",
      "version": "1.4.2-0ubuntu7",
      "purl": "pkg:deb/rpcsvc-proto?arch=amd64\u0026distro=noble",
      "source": {
        "source_name": "",
        "source_version": ""
      }
    },
    {
      "name": "rsync",
      "version": "3.2.7-1ubuntu1.5",
      "purl": "pkg:deb/rsync?arch=amd64\u0026distro=noble",
      "source": {
        "source_name": "",
        "source_version": ""
      }
    },
    {
      "name": "rsyslog",
      "version": "8.2312.0-3ubuntu9.4",
      "purl": "pkg:deb/rsyslog?arch=amd64\u0026distro=noble",
      "source": {
        "source_name": "",
        "source_version": ""
      }
    },
    {
      "name": "rtkit",
      "version": "0.13-5build1",
      "purl": "pkg:deb/rtkit?arch=amd64\u0026distro=noble",
      "source": {
        "source_name": "",
        "source_version": ""
      }
    },
    {
      "name": "ruby",
      "version": "1:3.2~ubuntu1",
      "purl": "pkg:deb/ruby?arch=amd64\u0026distro=noble",
      "source": {
        "source_name": "ruby-defaults",
        "source_version": "1:3.2~ubuntu1"
      }
    },
    {
      "name": "ruby-net-telnet",
      "version": "0.2.0-1",
      "purl": "pkg:deb/ruby-net-telnet?arch=all\u0026distro=noble",
      "source": {
        "source_name": "",
        "source_version": ""
      }
    },
    {
      "name": "ruby-optimist",
      "version": "3.0.0-2",
      "purl": "pkg:deb/ruby-optimist?arch=all\u0026distro=noble",
      "source": {
        "source_name": "",
        "source_version": ""
      }
    },
    {
      "name": "ruby-paint",
      "version": "2.2.0-1",
      "purl": "pkg:deb/ruby-paint?arch=all\u0026distro=noble",
      "source": {
        "source_name": "",
        "source_version": ""
      }
    },
    {
      "name": "ruby-rubygems",
      "version": "3.4.20-1",
      "purl": "pkg:deb/ruby-rubygems?arch=all\u0026distro=noble",
      "source": {
        "source_name": "rubygems",
        "source_version": "3.4.20-1"
      }
    },
    {
      "name": "ruby-sdbm:amd64",
      "version": "1.0.0-5build4",
      "purl": "pkg:deb/ruby-sdbm:amd64?arch=amd64\u0026distro=noble",
      "source": {
        "source_name": "",
        "source_version": ""
      }
    },
    {
      "name": "ruby-webrick",
      "version": "1.8.1-1ubuntu0.2",
      "purl": "pkg:deb/ruby-webrick?arch=all\u0026distro=noble",
      "source": {
        "source_name": "",
        "source_version": ""
      }
    },
    {
      "name": "ruby-xmlrpc",
      "version": "0.3.2-2",
      "purl": "pkg:deb/ruby-xmlrpc?arch=all\u0026distro=noble",
      "source": {
        "source_name": "",
        "source_version": ""
      }
    },
    {
      "name": "ruby3.2",
      "version": "3.2.3-1ubuntu0.24.04.8",
      "purl": "pkg:deb/ruby3.2?arch=amd64\u0026distro=noble",
      "source": {
        "source_name": "",
        "source_version": ""
      }
    },
    {
      "name": "rubygems-integration",
      "version": "1.18",
      "purl": "pkg:deb/rubygems-integration?arch=all\u0026distro=noble",
      "source": {
        "source_name": "",
        "source_version": ""
      }
    },
    {
      "name": "rygel",
      "version": "0.42.5-1ubuntu3",
      "purl": "pkg:deb/rygel?arch=amd64\u0026distro=noble",
      "source": {
        "source_name": "",
        "source_version": ""
      }
    },
    {
      "name": "samba-common",
      "version": "2:4.19.5+dfsg-4ubuntu9.7",
      "purl": "pkg:deb/samba-common?arch=all\u0026distro=noble",
      "source": {
        "source_name": "samba",
        "source_version": "2:4.19.5+dfsg-4ubuntu9.7"
      }
    },
    {
      "name": "samba-common-bin",
      "version": "2:4.19.5+dfsg-4ubuntu9.7",
      "purl": "pkg:deb/samba-common-bin?arch=amd64\u0026distro=noble",
      "source": {
        "source_name": "samba",
        "source_version": "2:4.19.5+dfsg-4ubuntu9.7"
      }
    },
    {
      "name": "samba-dsdb-modules:amd64",
      "version": "2:4.19.5+dfsg-4ubuntu9.7",
      "purl": "pkg:deb/samba-dsdb-modules:amd64?arch=amd64\u0026distro=noble",
      "source": {
        "source_name": "samba",
        "source_version": "2:4.19.5+dfsg-4ubuntu9.7"
      }
    },
    {
      "name": "samba-libs:amd64",
      "version": "2:4.19.5+dfsg-4ubuntu9.7",
      "purl": "pkg:deb/samba-libs:amd64?arch=amd64\u0026distro=noble",
      "source": {
        "source_name": "samba",
        "source_version": "2:4.19.5+dfsg-4ubuntu9.7"
      }
    },
    {
      "name": "sane-airscan",
      "version": "0.99.29-0ubuntu4",
      "purl": "pkg:deb/sane-airscan?arch=amd64\u0026distro=noble",
      "source": {
        "source_name": "",
        "source_version": ""
      }
    },
    {
      "name": "sane-utils",
      "version": "1.2.1-7build4",
      "purl": "pkg:deb/sane-utils?arch=amd64\u0026distro=noble",
      "source": {
        "source_name": "sane-backends",
        "source_version": "1.2.1-7build4"
      }
    },
    {
      "name": "sbsigntool",
      "version": "0.9.4-3.1ubuntu7",
      "purl": "pkg:deb/sbsigntool?arch=amd64\u0026distro=noble",
      "source": {
        "source_name": "",
        "source_version": ""
      }
    },
    {
      "name": "screen",
      "version": "4.9.1-1ubuntu1",
      "purl": "pkg:deb/screen?arch=amd64\u0026distro=noble",
      "source": {
        "source_name": "",
        "source_version": ""
      }
    },
    {
      "name": "sddm",
      "version": "0.20.0-2ubuntu4.2",
      "purl": "pkg:deb/sddm?arch=amd64\u0026distro=noble",
      "source": {
        "source_name": "",
        "source_version": ""
      }
    },
    {
      "name": "sddm-theme-breeze",
      "version": "4:5.27.12-0ubuntu0.1",
      "purl": "pkg:deb/sddm-theme-breeze?arch=amd64\u0026distro=noble",
      "source": {
        "source_name": "plasma-workspace",
        "source_version": "4:5.27.12-0ubuntu0.1"
      }
    },
    {
      "name": "seabios",
      "version": "1.16.3-2",
      "purl": "pkg:deb/seabios?arch=all\u0026distro=noble",
      "source": {
        "source_name": "",
        "source_version": ""
      }
    },
    {
      "name": "secureboot-db",
      "version": "1.9build1",
      "purl": "pkg:deb/secureboot-db?arch=amd64\u0026distro=noble",
      "source": {
        "source_name": "",
        "source_version": ""
      }
    },
    {
      "name": "sed",
      "version": "4.9-2ubuntu0.24.04.1",
      "purl": "pkg:deb/sed?arch=amd64\u0026distro=noble",
      "source": {
        "source_name": "",
        "source_version": ""
      }
    },
    {
      "name": "sensible-utils",
      "version": "0.0.22",
      "purl": "pkg:deb/sensible-utils?arch=all\u0026distro=noble",
      "source": {
        "source_name": "",
        "source_version": ""
      }
    },
    {
      "name": "session-migration",
      "version": "0.3.9build1",
      "purl": "pkg:deb/session-migration?arch=amd64\u0026distro=noble",
      "source": {
        "source_name": "",
        "source_version": ""
      }
    },
    {
      "name": "sgml-base",
      "version": "1.31",
      "purl": "pkg:deb/sgml-base?arch=all\u0026distro=noble",
      "source": {
        "source_name": "",
        "source_version": ""
      }
    },
    {
      "name": "sgml-data",
      "version": "2.0.11+nmu1",
      "purl": "pkg:deb/sgml-data?arch=all\u0026distro=noble",
      "source": {
        "source_name": "",
        "source_version": ""
      }
    },
    {
      "name": "shared-mime-info",
      "version": "2.4-4",
      "purl": "pkg:deb/shared-mime-info?arch=amd64\u0026distro=noble",
      "source": {
        "source_name": "",
        "source_version": ""
      }
    },
    {
      "name": "shim-signed",
      "version": "1.58+15.8-0ubuntu1",
      "purl": "pkg:deb/shim-signed?arch=amd64\u0026distro=noble",
      "source": {
        "source_name": "shim-signed",
        "source_version": "1.58"
      }
    },
    {
      "name": "signon-kwallet-extension:amd64",
      "version": "4:23.08.5-0ubuntu4",
      "purl": "pkg:deb/signon-kwallet-extension:amd64?arch=amd64\u0026distro=noble",
      "source": {
        "source_name": "",
        "source_version": ""
      }
    },
    {
      "name": "signon-plugin-oauth2",
      "version": "0.25-2build3",
      "purl": "pkg:deb/signon-plugin-oauth2?arch=amd64\u0026distro=noble",
      "source": {
        "source_name": "",
        "source_version": ""
      }
    },
    {
      "name": "signon-plugin-password",
      "version": "8.61-1ubuntu5",
      "purl": "pkg:deb/signon-plugin-password?arch=amd64\u0026distro=noble",
      "source": {
        "source_name": "signond",
        "source_version": "8.61-1ubuntu5"
      }
    },
    {
      "name": "signon-ui-service",
      "version": "0.17+18.04.20171027+really20160406-0ubuntu7",
      "purl": "pkg:deb/signon-ui-service?arch=all\u0026distro=noble",
      "source": {
        "source_name": "signon-ui",
        "source_version": "0.17+18.04.20171027+really20160406-0ubuntu7"
      }
    },
    {
      "name": "signon-ui-x11",
      "version": "0.17+18.04.20171027+really20160406-0ubuntu7",
      "purl": "pkg:deb/signon-ui-x11?arch=amd64\u0026distro=noble",
      "source": {
        "source_name": "signon-ui",
        "source_version": "0.17+18.04.20171027+really20160406-0ubuntu7"
      }
    },
    {
      "name": "signond",
      "version": "8.61-1ubuntu5",
      "purl": "pkg:deb/signond?arch=amd64\u0026distro=noble",
      "source": {
        "source_name": "",
        "source_version": ""
      }
    },
    {
      "name": "skanlite",
      "version": "23.08.5-0ubuntu4",
      "purl": "pkg:deb/skanlite?arch=amd64\u0026distro=noble",
      "source": {
        "source_name": "",
        "source_version": ""
      }
    },
    {
      "name": "skanpage",
      "version": "23.08.5-0ubuntu6",
      "purl": "pkg:deb/skanpage?arch=amd64\u0026distro=noble",
      "source": {
        "source_name": "",
        "source_version": ""
      }
    },
    {
      "name": "sleuthkit",
      "version": "4.12.1+dfsg-1.1ubuntu2",
      "purl": "pkg:deb/sleuthkit?arch=amd64\u0026distro=noble",
      "source": {
        "source_name": "",
        "source_version": ""
      }
    },
    {
      "name": "smartmontools",
      "version": "7.4-2build1",
      "purl": "pkg:deb/smartmontools?arch=amd64\u0026distro=noble",
      "source": {
        "source_name": "",
        "source_version": ""
      }
    },
    {
      "name": "smbclient",
      "version": "2:4.19.5+dfsg-4ubuntu9.7",
      "purl": "pkg:deb/smbclient?arch=amd64\u0026distro=noble",
      "source": {
        "source_name": "samba",
        "source_version": "2:4.19.5+dfsg-4ubuntu9.7"
      }
    },
    {
      "name": "snapd",
      "version": "2.76.3+ubuntu24.04",
      "purl": "pkg:deb/snapd?arch=amd64\u0026distro=noble",
      "source": {
        "source_name": "",
        "source_version": ""
      }
    },
    {
      "name": "socat",
      "version": "1.8.0.0-4ubuntu0.1",
      "purl": "pkg:deb/socat?arch=amd64\u0026distro=noble",
      "source": {
        "source_name": "",
        "source_version": ""
      }
    },
    {
      "name": "software-properties-common",
      "version": "0.99.49.4",
      "purl": "pkg:deb/software-properties-common?arch=all\u0026distro=noble",
      "source": {
        "source_name": "software-properties",
        "source_version": "0.99.49.4"
      }
    },
    {
      "name": "software-properties-qt",
      "version": "0.99.49.4",
      "purl": "pkg:deb/software-properties-qt?arch=all\u0026distro=noble",
      "source": {
        "source_name": "software-properties",
        "source_version": "0.99.49.4"
      }
    },
    {
      "name": "sonnet-plugins:amd64",
      "version": "5.115.0-0ubuntu5",
      "purl": "pkg:deb/sonnet-plugins:amd64?arch=amd64\u0026distro=noble",
      "source": {
        "source_name": "sonnet",
        "source_version": "5.115.0-0ubuntu5"
      }
    },
    {
      "name": "sound-icons",
      "version": "0.1-8",
      "purl": "pkg:deb/sound-icons?arch=all\u0026distro=noble",
      "source": {
        "source_name": "",
        "source_version": ""
      }
    },
    {
      "name": "sound-theme-freedesktop",
      "version": "0.8-2ubuntu1",
      "purl": "pkg:deb/sound-theme-freedesktop?arch=all\u0026distro=noble",
      "source": {
        "source_name": "",
        "source_version": ""
      }
    },
    {
      "name": "sox",
      "version": "14.4.2+git20190427-4build4",
      "purl": "pkg:deb/sox?arch=amd64\u0026distro=noble",
      "source": {
        "source_name": "",
        "source_version": ""
      }
    },
    {
      "name": "speech-dispatcher",
      "version": "0.12.0~rc2-2build3",
      "purl": "pkg:deb/speech-dispatcher?arch=amd64\u0026distro=noble",
      "source": {
        "source_name": "",
        "source_version": ""
      }
    },
    {
      "name": "speech-dispatcher-audio-plugins:amd64",
      "version": "0.12.0~rc2-2build3",
      "purl": "pkg:deb/speech-dispatcher-audio-plugins:amd64?arch=amd64\u0026distro=noble",
      "source": {
        "source_name": "speech-dispatcher",
        "source_version": "0.12.0~rc2-2build3"
      }
    },
    {
      "name": "speech-dispatcher-espeak-ng",
      "version": "0.12.0~rc2-2build3",
      "purl": "pkg:deb/speech-dispatcher-espeak-ng?arch=amd64\u0026distro=noble",
      "source": {
        "source_name": "speech-dispatcher",
        "source_version": "0.12.0~rc2-2build3"
      }
    },
    {
      "name": "spice-client-glib-usb-acl-helper",
      "version": "0.42-2ubuntu2",
      "purl": "pkg:deb/spice-client-glib-usb-acl-helper?arch=amd64\u0026distro=noble",
      "source": {
        "source_name": "spice-gtk",
        "source_version": "0.42-2ubuntu2"
      }
    },
    {
      "name": "spice-vdagent",
      "version": "0.22.1-4ubuntu0.1",
      "purl": "pkg:deb/spice-vdagent?arch=amd64\u0026distro=noble",
      "source": {
        "source_name": "",
        "source_version": ""
      }
    },
    {
      "name": "spirv-headers",
      "version": "1.6.1+1.4.309.0-1~ubuntu0.24.04.2",
      "purl": "pkg:deb/spirv-headers?arch=all\u0026distro=noble",
      "source": {
        "source_name": "",
        "source_version": ""
      }
    },
    {
      "name": "spirv-tools",
      "version": "2025.1~rc1-1~ubuntu0.24.04.2",
      "purl": "pkg:deb/spirv-tools?arch=amd64\u0026distro=noble",
      "source": {
        "source_name": "",
        "source_version": ""
      }
    },
    {
      "name": "sqlite3",
      "version": "3.45.1-1ubuntu2.8",
      "purl": "pkg:deb/sqlite3?arch=amd64\u0026distro=noble",
      "source": {
        "source_name": "",
        "source_version": ""
      }
    },
    {
      "name": "sqlitebrowser",
      "version": "3.12.2-3build2",
      "purl": "pkg:deb/sqlitebrowser?arch=amd64\u0026distro=noble",
      "source": {
        "source_name": "",
        "source_version": ""
      }
    },
    {
      "name": "squashfs-tools",
      "version": "1:4.6.1-1build1",
      "purl": "pkg:deb/squashfs-tools?arch=amd64\u0026distro=noble",
      "source": {
        "source_name": "",
        "source_version": ""
      }
    },
    {
      "name": "sshfs",
      "version": "3.7.3-1.1build3",
      "purl": "pkg:deb/sshfs?arch=amd64\u0026distro=noble",
      "source": {
        "source_name": "sshfs-fuse",
        "source_version": "3.7.3-1.1build3"
      }
    },
    {
      "name": "ssl-cert",
      "version": "1.1.2ubuntu1",
      "purl": "pkg:deb/ssl-cert?arch=all\u0026distro=noble",
      "source": {
        "source_name": "",
        "source_version": ""
      }
    },
    {
      "name": "steam:i386",
      "version": "1:1.0.0.79~ds-2",
      "purl": "pkg:deb/steam:i386?arch=i386\u0026distro=noble",
      "source": {
        "source_name": "steam-installer",
        "source_version": "1:1.0.0.79~ds-2"
      }
    },
    {
      "name": "steam-devices",
      "version": "1:1.0.0.79~ds-2",
      "purl": "pkg:deb/steam-devices?arch=all\u0026distro=noble",
      "source": {
        "source_name": "steam-installer",
        "source_version": "1:1.0.0.79~ds-2"
      }
    },
    {
      "name": "steam-installer",
      "version": "1:1.0.0.79~ds-2",
      "purl": "pkg:deb/steam-installer?arch=amd64\u0026distro=noble",
      "source": {
        "source_name": "",
        "source_version": ""
      }
    },
    {
      "name": "steam-libs:amd64",
      "version": "1:1.0.0.79~ds-2",
      "purl": "pkg:deb/steam-libs:amd64?arch=amd64\u0026distro=noble",
      "source": {
        "source_name": "steam-installer",
        "source_version": "1:1.0.0.79~ds-2"
      }
    },
    {
      "name": "steam-libs:i386",
      "version": "1:1.0.0.79~ds-2",
      "purl": "pkg:deb/steam-libs:i386?arch=i386\u0026distro=noble",
      "source": {
        "source_name": "steam-installer",
        "source_version": "1:1.0.0.79~ds-2"
      }
    },
    {
      "name": "steam-libs-i386:i386",
      "version": "1:1.0.0.79~ds-2",
      "purl": "pkg:deb/steam-libs-i386:i386?arch=i386\u0026distro=noble",
      "source": {
        "source_name": "steam-installer",
        "source_version": "1:1.0.0.79~ds-2"
      }
    },
    {
      "name": "strace",
      "version": "6.8-0ubuntu2",
      "purl": "pkg:deb/strace?arch=amd64\u0026distro=noble",
      "source": {
        "source_name": "",
        "source_version": ""
      }
    },
    {
      "name": "stress-ng",
      "version": "0.17.06-1build1",
      "purl": "pkg:deb/stress-ng?arch=amd64\u0026distro=noble",
      "source": {
        "source_name": "",
        "source_version": ""
      }
    },
    {
      "name": "sudo",
      "version": "1.9.15p5-3ubuntu5.24.04.3",
      "purl": "pkg:deb/sudo?arch=amd64\u0026distro=noble",
      "source": {
        "source_name": "",
        "source_version": ""
      }
    },
    {
      "name": "swh-plugins",
      "version": "0.4.17-3build1",
      "purl": "pkg:deb/swh-plugins?arch=amd64\u0026distro=noble",
      "source": {
        "source_name": "",
        "source_version": ""
      }
    },
    {
      "name": "switcheroo-control",
      "version": "2.6-2build2",
      "purl": "pkg:deb/switcheroo-control?arch=amd64\u0026distro=noble",
      "source": {
        "source_name": "",
        "source_version": ""
      }
    },
    {
      "name": "swtpm",
      "version": "0.7.3-0ubuntu5.24.04.1",
      "purl": "pkg:deb/swtpm?arch=amd64\u0026distro=noble",
      "source": {
        "source_name": "",
        "source_version": ""
      }
    },
    {
      "name": "swtpm-tools",
      "version": "0.7.3-0ubuntu5.24.04.1",
      "purl": "pkg:deb/swtpm-tools?arch=amd64\u0026distro=noble",
      "source": {
        "source_name": "swtpm",
        "source_version": "0.7.3-0ubuntu5.24.04.1"
      }
    },
    {
      "name": "sysstat",
      "version": "12.6.1-2",
      "purl": "pkg:deb/sysstat?arch=amd64\u0026distro=noble",
      "source": {
        "source_name": "",
        "source_version": ""
      }
    },
    {
      "name": "system-config-printer-common",
      "version": "1.5.18-1ubuntu9",
      "purl": "pkg:deb/system-config-printer-common?arch=all\u0026distro=noble",
      "source": {
        "source_name": "system-config-printer",
        "source_version": "1.5.18-1ubuntu9"
      }
    },
    {
      "name": "system-config-printer-udev",
      "version": "1.5.18-1ubuntu9",
      "purl": "pkg:deb/system-config-printer-udev?arch=amd64\u0026distro=noble",
      "source": {
        "source_name": "system-config-printer",
        "source_version": "1.5.18-1ubuntu9"
      }
    },
    {
      "name": "systemd",
      "version": "255.4-1ubuntu8.17",
      "purl": "pkg:deb/systemd?arch=amd64\u0026distro=noble",
      "source": {
        "source_name": "",
        "source_version": ""
      }
    },
    {
      "name": "systemd-container",
      "version": "255.4-1ubuntu8.17",
      "purl": "pkg:deb/systemd-container?arch=amd64\u0026distro=noble",
      "source": {
        "source_name": "systemd",
        "source_version": "255.4-1ubuntu8.17"
      }
    },
    {
      "name": "systemd-dev",
      "version": "255.4-1ubuntu8.17",
      "purl": "pkg:deb/systemd-dev?arch=all\u0026distro=noble",
      "source": {
        "source_name": "systemd",
        "source_version": "255.4-1ubuntu8.17"
      }
    },
    {
      "name": "systemd-hwe-hwdb",
      "version": "255.1.7",
      "purl": "pkg:deb/systemd-hwe-hwdb?arch=all\u0026distro=noble",
      "source": {
        "source_name": "systemd-hwe",
        "source_version": "255.1.7"
      }
    },
    {
      "name": "systemd-resolved",
      "version": "255.4-1ubuntu8.17",
      "purl": "pkg:deb/systemd-resolved?arch=amd64\u0026distro=noble",
      "source": {
        "source_name": "systemd",
        "source_version": "255.4-1ubuntu8.17"
      }
    },
    {
      "name": "systemd-sysv",
      "version": "255.4-1ubuntu8.17",
      "purl": "pkg:deb/systemd-sysv?arch=amd64\u0026distro=noble",
      "source": {
        "source_name": "systemd",
        "source_version": "255.4-1ubuntu8.17"
      }
    },
    {
      "name": "systemd-timesyncd",
      "version": "255.4-1ubuntu8.17",
      "purl": "pkg:deb/systemd-timesyncd?arch=amd64\u0026distro=noble",
      "source": {
        "source_name": "systemd",
        "source_version": "255.4-1ubuntu8.17"
      }
    },
    {
      "name": "systemsettings",
      "version": "4:5.27.11-0ubuntu2",
      "purl": "pkg:deb/systemsettings?arch=amd64\u0026distro=noble",
      "source": {
        "source_name": "",
        "source_version": ""
      }
    },
    {
      "name": "sysvinit-utils",
      "version": "3.08-6ubuntu3",
      "purl": "pkg:deb/sysvinit-utils?arch=amd64\u0026distro=noble",
      "source": {
        "source_name": "sysvinit",
        "source_version": "3.08-6ubuntu3"
      }
    },
    {
      "name": "tar",
      "version": "1.35+dfsg-3ubuntu0.4",
      "purl": "pkg:deb/tar?arch=amd64\u0026distro=noble",
      "source": {
        "source_name": "",
        "source_version": ""
      }
    },
    {
      "name": "tcl",
      "version": "8.6.14build1",
      "purl": "pkg:deb/tcl?arch=amd64\u0026distro=noble",
      "source": {
        "source_name": "tcltk-defaults",
        "source_version": "8.6.14build1"
      }
    },
    {
      "name": "tcl8.6",
      "version": "8.6.14+dfsg-1build1",
      "purl": "pkg:deb/tcl8.6?arch=amd64\u0026distro=noble",
      "source": {
        "source_name": "",
        "source_version": ""
      }
    },
    {
      "name": "tcpdump",
      "version": "4.99.4-3ubuntu4.24.04.1",
      "purl": "pkg:deb/tcpdump?arch=amd64\u0026distro=noble",
      "source": {
        "source_name": "",
        "source_version": ""
      }
    },
    {
      "name": "tecla",
      "version": "46.0-1ubuntu0.1",
      "purl": "pkg:deb/tecla?arch=amd64\u0026distro=noble",
      "source": {
        "source_name": "",
        "source_version": ""
      }
    },
    {
      "name": "telnet",
      "version": "0.17+2.5-3ubuntu4.2",
      "purl": "pkg:deb/telnet?arch=all\u0026distro=noble",
      "source": {
        "source_name": "inetutils",
        "source_version": "2:2.5-3ubuntu4.2"
      }
    },
    {
      "name": "testdisk",
      "version": "7.1-5+nmu1build2",
      "purl": "pkg:deb/testdisk?arch=amd64\u0026distro=noble",
      "source": {
        "source_name": "",
        "source_version": ""
      }
    },
    {
      "name": "thermald",
      "version": "2.5.6-2ubuntu0.24.04.5",
      "purl": "pkg:deb/thermald?arch=amd64\u0026distro=noble",
      "source": {
        "source_name": "",
        "source_version": ""
      }
    },
    {
      "name": "thin-provisioning-tools",
      "version": "0.9.0-2ubuntu5.1",
      "purl": "pkg:deb/thin-provisioning-tools?arch=amd64\u0026distro=noble",
      "source": {
        "source_name": "",
        "source_version": ""
      }
    },
    {
      "name": "time",
      "version": "1.9-0.2build1",
      "purl": "pkg:deb/time?arch=amd64\u0026distro=noble",
      "source": {
        "source_name": "",
        "source_version": ""
      }
    },
    {
      "name": "timgm6mb-soundfont",
      "version": "1.3-5",
      "purl": "pkg:deb/timgm6mb-soundfont?arch=all\u0026distro=noble",
      "source": {
        "source_name": "",
        "source_version": ""
      }
    },
    {
      "name": "tk8.6-blt2.5",
      "version": "2.5.3+dfsg-7build1",
      "purl": "pkg:deb/tk8.6-blt2.5?arch=amd64\u0026distro=noble",
      "source": {
        "source_name": "blt",
        "source_version": "2.5.3+dfsg-7build1"
      }
    },
    {
      "name": "tnftp",
      "version": "20230507-2build3",
      "purl": "pkg:deb/tnftp?arch=amd64\u0026distro=noble",
      "source": {
        "source_name": "",
        "source_version": ""
      }
    },
    {
      "name": "tor",
      "version": "0.4.9.11-0ubuntu0.24.04.1",
      "purl": "pkg:deb/tor?arch=amd64\u0026distro=noble",
      "source": {
        "source_name": "",
        "source_version": ""
      }
    },
    {
      "name": "tor-geoipdb",
      "version": "0.4.9.11-0ubuntu0.24.04.1",
      "purl": "pkg:deb/tor-geoipdb?arch=all\u0026distro=noble",
      "source": {
        "source_name": "tor",
        "source_version": "0.4.9.11-0ubuntu0.24.04.1"
      }
    },
    {
      "name": "torbrowser-launcher",
      "version": "0.3.7-1ubuntu1",
      "purl": "pkg:deb/torbrowser-launcher?arch=amd64\u0026distro=noble",
      "source": {
        "source_name": "",
        "source_version": ""
      }
    },
    {
      "name": "torsocks",
      "version": "2.4.0-1",
      "purl": "pkg:deb/torsocks?arch=amd64\u0026distro=noble",
      "source": {
        "source_name": "",
        "source_version": ""
      }
    },
    {
      "name": "tpm-udev",
      "version": "0.6ubuntu1",
      "purl": "pkg:deb/tpm-udev?arch=all\u0026distro=noble",
      "source": {
        "source_name": "",
        "source_version": ""
      }
    },
    {
      "name": "trace-cmd",
      "version": "3.2-1ubuntu2",
      "purl": "pkg:deb/trace-cmd?arch=amd64\u0026distro=noble",
      "source": {
        "source_name": "",
        "source_version": ""
      }
    },
    {
      "name": "tree",
      "version": "2.1.1-2ubuntu3.24.04.2",
      "purl": "pkg:deb/tree?arch=amd64\u0026distro=noble",
      "source": {
        "source_name": "",
        "source_version": ""
      }
    },
    {
      "name": "tzdata",
      "version": "2026c-0ubuntu0.24.04.1",
      "purl": "pkg:deb/tzdata?arch=all\u0026distro=noble",
      "source": {
        "source_name": "",
        "source_version": ""
      }
    },
    {
      "name": "tzdata-legacy",
      "version": "2026c-0ubuntu0.24.04.1",
      "purl": "pkg:deb/tzdata-legacy?arch=all\u0026distro=noble",
      "source": {
        "source_name": "tzdata",
        "source_version": "2026c-0ubuntu0.24.04.1"
      }
    },
    {
      "name": "ubuntu-docs",
      "version": "24.04.2",
      "purl": "pkg:deb/ubuntu-docs?arch=all\u0026distro=noble",
      "source": {
        "source_name": "",
        "source_version": ""
      }
    },
    {
      "name": "ubuntu-drivers-common",
      "version": "1:0.9.7.6ubuntu3.7",
      "purl": "pkg:deb/ubuntu-drivers-common?arch=amd64\u0026distro=noble",
      "source": {
        "source_name": "",
        "source_version": ""
      }
    },
    {
      "name": "ubuntu-kernel-accessories",
      "version": "1.539.2",
      "purl": "pkg:deb/ubuntu-kernel-accessories?arch=amd64\u0026distro=noble",
      "source": {
        "source_name": "ubuntu-meta",
        "source_version": "1.539.2"
      }
    },
    {
      "name": "ubuntu-keyring",
      "version": "2023.11.28.1",
      "purl": "pkg:deb/ubuntu-keyring?arch=all\u0026distro=noble",
      "source": {
        "source_name": "",
        "source_version": ""
      }
    },
    {
      "name": "ubuntu-minimal",
      "version": "1.539.2",
      "purl": "pkg:deb/ubuntu-minimal?arch=amd64\u0026distro=noble",
      "source": {
        "source_name": "ubuntu-meta",
        "source_version": "1.539.2"
      }
    },
    {
      "name": "ubuntu-mono",
      "version": "24.04-0ubuntu1",
      "purl": "pkg:deb/ubuntu-mono?arch=all\u0026distro=noble",
      "source": {
        "source_name": "ubuntu-themes",
        "source_version": "24.04-0ubuntu1"
      }
    },
    {
      "name": "ubuntu-pro-client",
      "version": "37.2ubuntu~24.04.1",
      "purl": "pkg:deb/ubuntu-pro-client?arch=amd64\u0026distro=noble",
      "source": {
        "source_name": "ubuntu-advantage-tools",
        "source_version": "37.2ubuntu~24.04.1"
      }
    },
    {
      "name": "ubuntu-pro-client-l10n",
      "version": "37.2ubuntu~24.04.1",
      "purl": "pkg:deb/ubuntu-pro-client-l10n?arch=amd64\u0026distro=noble",
      "source": {
        "source_name": "ubuntu-advantage-tools",
        "source_version": "37.2ubuntu~24.04.1"
      }
    },
    {
      "name": "ubuntu-release-upgrader-core",
      "version": "1:24.04.29",
      "purl": "pkg:deb/ubuntu-release-upgrader-core?arch=all\u0026distro=noble",
      "source": {
        "source_name": "ubuntu-release-upgrader",
        "source_version": "1:24.04.29"
      }
    },
    {
      "name": "ubuntu-release-upgrader-qt",
      "version": "1:24.04.29",
      "purl": "pkg:deb/ubuntu-release-upgrader-qt?arch=all\u0026distro=noble",
      "source": {
        "source_name": "ubuntu-release-upgrader",
        "source_version": "1:24.04.29"
      }
    },
    {
      "name": "ubuntu-session",
      "version": "46.0-1ubuntu4",
      "purl": "pkg:deb/ubuntu-session?arch=all\u0026distro=noble",
      "source": {
        "source_name": "gnome-session",
        "source_version": "46.0-1ubuntu4"
      }
    },
    {
      "name": "ubuntu-standard",
      "version": "1.539.2",
      "purl": "pkg:deb/ubuntu-standard?arch=amd64\u0026distro=noble",
      "source": {
        "source_name": "ubuntu-meta",
        "source_version": "1.539.2"
      }
    },
    {
      "name": "ubuntu-wallpapers",
      "version": "24.04.2",
      "purl": "pkg:deb/ubuntu-wallpapers?arch=all\u0026distro=noble",
      "source": {
        "source_name": "",
        "source_version": ""
      }
    },
    {
      "name": "ubuntu-wallpapers-noble",
      "version": "24.04.2",
      "purl": "pkg:deb/ubuntu-wallpapers-noble?arch=all\u0026distro=noble",
      "source": {
        "source_name": "ubuntu-wallpapers",
        "source_version": "24.04.2"
      }
    },
    {
      "name": "ucf",
      "version": "3.0043+nmu1",
      "purl": "pkg:deb/ucf?arch=all\u0026distro=noble",
      "source": {
        "source_name": "",
        "source_version": ""
      }
    },
    {
      "name": "udev",
      "version": "255.4-1ubuntu8.17",
      "purl": "pkg:deb/udev?arch=amd64\u0026distro=noble",
      "source": {
        "source_name": "systemd",
        "source_version": "255.4-1ubuntu8.17"
      }
    },
    {
      "name": "udisks2",
      "version": "2.10.1-6ubuntu1.5",
      "purl": "pkg:deb/udisks2?arch=amd64\u0026distro=noble",
      "source": {
        "source_name": "",
        "source_version": ""
      }
    },
    {
      "name": "ufw",
      "version": "0.36.2-6",
      "purl": "pkg:deb/ufw?arch=all\u0026distro=noble",
      "source": {
        "source_name": "",
        "source_version": ""
      }
    },
    {
      "name": "unar",
      "version": "1.10.7+ds1+really1.10.1-3build1",
      "purl": "pkg:deb/unar?arch=amd64\u0026distro=noble",
      "source": {
        "source_name": "",
        "source_version": ""
      }
    },
    {
      "name": "unattended-upgrades",
      "version": "2.9.1+nmu4ubuntu1",
      "purl": "pkg:deb/unattended-upgrades?arch=all\u0026distro=noble",
      "source": {
        "source_name": "",
        "source_version": ""
      }
    },
    {
      "name": "unicode-data",
      "version": "15.1.0-1",
      "purl": "pkg:deb/unicode-data?arch=all\u0026distro=noble",
      "source": {
        "source_name": "",
        "source_version": ""
      }
    },
    {
      "name": "unityhub",
      "version": "3.20.0",
      "purl": "pkg:deb/unityhub?arch=amd64\u0026distro=noble",
      "source": {
        "source_name": "",
        "source_version": ""
      }
    },
    {
      "name": "unixodbc-common",
      "version": "2.3.12-1ubuntu0.24.04.1",
      "purl": "pkg:deb/unixodbc-common?arch=all\u0026distro=noble",
      "source": {
        "source_name": "unixodbc",
        "source_version": "2.3.12-1ubuntu0.24.04.1"
      }
    },
    {
      "name": "uno-libs-private",
      "version": "4:24.2.7-0ubuntu0.24.04.6",
      "purl": "pkg:deb/uno-libs-private?arch=amd64\u0026distro=noble",
      "source": {
        "source_name": "libreoffice",
        "source_version": "4:24.2.7-0ubuntu0.24.04.6"
      }
    },
    {
      "name": "unrar",
      "version": "1:7.0.7-1build1",
      "purl": "pkg:deb/unrar?arch=amd64\u0026distro=noble",
      "source": {
        "source_name": "unrar-nonfree",
        "source_version": "1:7.0.7-1build1"
      }
    },
    {
      "name": "unzip",
      "version": "6.0-28ubuntu4.1",
      "purl": "pkg:deb/unzip?arch=amd64\u0026distro=noble",
      "source": {
        "source_name": "",
        "source_version": ""
      }
    },
    {
      "name": "update-inetd",
      "version": "4.53",
      "purl": "pkg:deb/update-inetd?arch=all\u0026distro=noble",
      "source": {
        "source_name": "",
        "source_version": ""
      }
    },
    {
      "name": "update-manager-core",
      "version": "1:24.04.12",
      "purl": "pkg:deb/update-manager-core?arch=all\u0026distro=noble",
      "source": {
        "source_name": "update-manager",
        "source_version": "1:24.04.12"
      }
    },
    {
      "name": "update-notifier-common",
      "version": "3.192.68.2",
      "purl": "pkg:deb/update-notifier-common?arch=all\u0026distro=noble",
      "source": {
        "source_name": "update-notifier",
        "source_version": "3.192.68.2"
      }
    },
    {
      "name": "upower",
      "version": "1.90.3-1",
      "purl": "pkg:deb/upower?arch=amd64\u0026distro=noble",
      "source": {
        "source_name": "",
        "source_version": ""
      }
    },
    {
      "name": "upx-ucl",
      "version": "4.2.2-3",
      "purl": "pkg:deb/upx-ucl?arch=amd64\u0026distro=noble",
      "source": {
        "source_name": "",
        "source_version": ""
      }
    },
    {
      "name": "ure",
      "version": "4:24.2.7-0ubuntu0.24.04.6",
      "purl": "pkg:deb/ure?arch=amd64\u0026distro=noble",
      "source": {
        "source_name": "libreoffice",
        "source_version": "4:24.2.7-0ubuntu0.24.04.6"
      }
    },
    {
      "name": "usb-creator-common",
      "version": "0.3.17",
      "purl": "pkg:deb/usb-creator-common?arch=all\u0026distro=noble",
      "source": {
        "source_name": "usb-creator",
        "source_version": "0.3.17"
      }
    },
    {
      "name": "usb-creator-kde",
      "version": "0.3.17",
      "purl": "pkg:deb/usb-creator-kde?arch=all\u0026distro=noble",
      "source": {
        "source_name": "usb-creator",
        "source_version": "0.3.17"
      }
    },
    {
      "name": "usb-modeswitch",
      "version": "2.6.1-3ubuntu3",
      "purl": "pkg:deb/usb-modeswitch?arch=amd64\u0026distro=noble",
      "source": {
        "source_name": "",
        "source_version": ""
      }
    },
    {
      "name": "usb-modeswitch-data",
      "version": "20191128-6",
      "purl": "pkg:deb/usb-modeswitch-data?arch=all\u0026distro=noble",
      "source": {
        "source_name": "",
        "source_version": ""
      }
    },
    {
      "name": "usb.ids",
      "version": "2024.03.18-1",
      "purl": "pkg:deb/usb.ids?arch=all\u0026distro=noble",
      "source": {
        "source_name": "",
        "source_version": ""
      }
    },
    {
      "name": "usbmuxd",
      "version": "1.1.1-5~exp3ubuntu2.1",
      "purl": "pkg:deb/usbmuxd?arch=amd64\u0026distro=noble",
      "source": {
        "source_name": "",
        "source_version": ""
      }
    },
    {
      "name": "usbutils",
      "version": "1:017-3build1",
      "purl": "pkg:deb/usbutils?arch=amd64\u0026distro=noble",
      "source": {
        "source_name": "",
        "source_version": ""
      }
    },
    {
      "name": "util-linux",
      "version": "2.39.3-9ubuntu6.6",
      "purl": "pkg:deb/util-linux?arch=amd64\u0026distro=noble",
      "source": {
        "source_name": "",
        "source_version": ""
      }
    },
    {
      "name": "util-linux-extra",
      "version": "2.39.3-9ubuntu6.6",
      "purl": "pkg:deb/util-linux-extra?arch=amd64\u0026distro=noble",
      "source": {
        "source_name": "util-linux",
        "source_version": "2.39.3-9ubuntu6.6"
      }
    },
    {
      "name": "uuid-runtime",
      "version": "2.39.3-9ubuntu6.6",
      "purl": "pkg:deb/uuid-runtime?arch=amd64\u0026distro=noble",
      "source": {
        "source_name": "util-linux",
        "source_version": "2.39.3-9ubuntu6.6"
      }
    },
    {
      "name": "uvicorn",
      "version": "0.27.1-1",
      "purl": "pkg:deb/uvicorn?arch=all\u0026distro=noble",
      "source": {
        "source_name": "python-uvicorn",
        "source_version": "0.27.1-1"
      }
    },
    {
      "name": "va-driver-all:amd64",
      "version": "2.20.0-2ubuntu0.2",
      "purl": "pkg:deb/va-driver-all:amd64?arch=amd64\u0026distro=noble",
      "source": {
        "source_name": "libva",
        "source_version": "2.20.0-2ubuntu0.2"
      }
    },
    {
      "name": "va-driver-all:i386",
      "version": "2.20.0-2ubuntu0.2",
      "purl": "pkg:deb/va-driver-all:i386?arch=i386\u0026distro=noble",
      "source": {
        "source_name": "libva",
        "source_version": "2.20.0-2ubuntu0.2"
      }
    },
    {
      "name": "vainfo",
      "version": "2.12.0+ds1-1",
      "purl": "pkg:deb/vainfo?arch=amd64\u0026distro=noble",
      "source": {
        "source_name": "libva-utils",
        "source_version": "2.12.0+ds1-1"
      }
    },
    {
      "name": "valgrind",
      "version": "1:3.22.0-0ubuntu3",
      "purl": "pkg:deb/valgrind?arch=amd64\u0026distro=noble",
      "source": {
        "source_name": "",
        "source_version": ""
      }
    },
    {
      "name": "vdpau-driver-all:amd64",
      "version": "1.5-2build1",
      "purl": "pkg:deb/vdpau-driver-all:amd64?arch=amd64\u0026distro=noble",
      "source": {
        "source_name": "libvdpau",
        "source_version": "1.5-2build1"
      }
    },
    {
      "name": "vdpau-driver-all:i386",
      "version": "1.5-2build1",
      "purl": "pkg:deb/vdpau-driver-all:i386?arch=i386\u0026distro=noble",
      "source": {
        "source_name": "libvdpau",
        "source_version": "1.5-2build1"
      }
    },
    {
      "name": "vim",
      "version": "2:9.1.0016-1ubuntu7.20",
      "purl": "pkg:deb/vim?arch=amd64\u0026distro=noble",
      "source": {
        "source_name": "",
        "source_version": ""
      }
    },
    {
      "name": "vim-common",
      "version": "2:9.1.0016-1ubuntu7.20",
      "purl": "pkg:deb/vim-common?arch=all\u0026distro=noble",
      "source": {
        "source_name": "vim",
        "source_version": "2:9.1.0016-1ubuntu7.20"
      }
    },
    {
      "name": "vim-runtime",
      "version": "2:9.1.0016-1ubuntu7.20",
      "purl": "pkg:deb/vim-runtime?arch=all\u0026distro=noble",
      "source": {
        "source_name": "vim",
        "source_version": "2:9.1.0016-1ubuntu7.20"
      }
    },
    {
      "name": "vim-tiny",
      "version": "2:9.1.0016-1ubuntu7.20",
      "purl": "pkg:deb/vim-tiny?arch=amd64\u0026distro=noble",
      "source": {
        "source_name": "vim",
        "source_version": "2:9.1.0016-1ubuntu7.20"
      }
    },
    {
      "name": "virt-manager",
      "version": "1:4.1.0-3ubuntu0.1",
      "purl": "pkg:deb/virt-manager?arch=all\u0026distro=noble",
      "source": {
        "source_name": "",
        "source_version": ""
      }
    },
    {
      "name": "virt-viewer",
      "version": "11.0-3build2",
      "purl": "pkg:deb/virt-viewer?arch=amd64\u0026distro=noble",
      "source": {
        "source_name": "",
        "source_version": ""
      }
    },
    {
      "name": "virtinst",
      "version": "1:4.1.0-3ubuntu0.1",
      "purl": "pkg:deb/virtinst?arch=all\u0026distro=noble",
      "source": {
        "source_name": "virt-manager",
        "source_version": "1:4.1.0-3ubuntu0.1"
      }
    },
    {
      "name": "virtualbox-7.2",
      "version": "7.2.4-170995~Ubuntu~noble",
      "purl": "pkg:deb/virtualbox-7.2?arch=amd64\u0026distro=noble",
      "source": {
        "source_name": "",
        "source_version": ""
      }
    },
    {
      "name": "vite",
      "version": "1.2+svn+git4.c6c0ce7-8build2",
      "purl": "pkg:deb/vite?arch=amd64\u0026distro=noble",
      "source": {
        "source_name": "",
        "source_version": ""
      }
    },
    {
      "name": "vlc",
      "version": "3.0.20-3build6",
      "purl": "pkg:deb/vlc?arch=amd64\u0026distro=noble",
      "source": {
        "source_name": "",
        "source_version": ""
      }
    },
    {
      "name": "vlc-bin",
      "version": "3.0.20-3build6",
      "purl": "pkg:deb/vlc-bin?arch=amd64\u0026distro=noble",
      "source": {
        "source_name": "vlc",
        "source_version": "3.0.20-3build6"
      }
    },
    {
      "name": "vlc-data",
      "version": "3.0.20-3build6",
      "purl": "pkg:deb/vlc-data?arch=all\u0026distro=noble",
      "source": {
        "source_name": "vlc",
        "source_version": "3.0.20-3build6"
      }
    },
    {
      "name": "vlc-l10n",
      "version": "3.0.20-3build6",
      "purl": "pkg:deb/vlc-l10n?arch=all\u0026distro=noble",
      "source": {
        "source_name": "vlc",
        "source_version": "3.0.20-3build6"
      }
    },
    {
      "name": "vlc-plugin-access-extra:amd64",
      "version": "3.0.20-3build6",
      "purl": "pkg:deb/vlc-plugin-access-extra:amd64?arch=amd64\u0026distro=noble",
      "source": {
        "source_name": "vlc",
        "source_version": "3.0.20-3build6"
      }
    },
    {
      "name": "vlc-plugin-base:amd64",
      "version": "3.0.20-3build6",
      "purl": "pkg:deb/vlc-plugin-base:amd64?arch=amd64\u0026distro=noble",
      "source": {
        "source_name": "vlc",
        "source_version": "3.0.20-3build6"
      }
    },
    {
      "name": "vlc-plugin-notify:amd64",
      "version": "3.0.20-3build6",
      "purl": "pkg:deb/vlc-plugin-notify:amd64?arch=amd64\u0026distro=noble",
      "source": {
        "source_name": "vlc",
        "source_version": "3.0.20-3build6"
      }
    },
    {
      "name": "vlc-plugin-qt:amd64",
      "version": "3.0.20-3build6",
      "purl": "pkg:deb/vlc-plugin-qt:amd64?arch=amd64\u0026distro=noble",
      "source": {
        "source_name": "vlc",
        "source_version": "3.0.20-3build6"
      }
    },
    {
      "name": "vlc-plugin-samba:amd64",
      "version": "3.0.20-3build6",
      "purl": "pkg:deb/vlc-plugin-samba:amd64?arch=amd64\u0026distro=noble",
      "source": {
        "source_name": "vlc",
        "source_version": "3.0.20-3build6"
      }
    },
    {
      "name": "vlc-plugin-skins2:amd64",
      "version": "3.0.20-3build6",
      "purl": "pkg:deb/vlc-plugin-skins2:amd64?arch=amd64\u0026distro=noble",
      "source": {
        "source_name": "vlc",
        "source_version": "3.0.20-3build6"
      }
    },
    {
      "name": "vlc-plugin-video-output:amd64",
      "version": "3.0.20-3build6",
      "purl": "pkg:deb/vlc-plugin-video-output:amd64?arch=amd64\u0026distro=noble",
      "source": {
        "source_name": "vlc",
        "source_version": "3.0.20-3build6"
      }
    },
    {
      "name": "vlc-plugin-video-splitter:amd64",
      "version": "3.0.20-3build6",
      "purl": "pkg:deb/vlc-plugin-video-splitter:amd64?arch=amd64\u0026distro=noble",
      "source": {
        "source_name": "vlc",
        "source_version": "3.0.20-3build6"
      }
    },
    {
      "name": "vlc-plugin-visualization:amd64",
      "version": "3.0.20-3build6",
      "purl": "pkg:deb/vlc-plugin-visualization:amd64?arch=amd64\u0026distro=noble",
      "source": {
        "source_name": "vlc",
        "source_version": "3.0.20-3build6"
      }
    },
    {
      "name": "vpnc-scripts",
      "version": "0.1~git20220510-1",
      "purl": "pkg:deb/vpnc-scripts?arch=all\u0026distro=noble",
      "source": {
        "source_name": "",
        "source_version": ""
      }
    },
    {
      "name": "vulkan-tools",
      "version": "1.3.275.0+dfsg1-1",
      "purl": "pkg:deb/vulkan-tools?arch=amd64\u0026distro=noble",
      "source": {
        "source_name": "",
        "source_version": ""
      }
    },
    {
      "name": "wamerican",
      "version": "2020.12.07-2",
      "purl": "pkg:deb/wamerican?arch=all\u0026distro=noble",
      "source": {
        "source_name": "scowl",
        "source_version": "2020.12.07-2"
      }
    },
    {
      "name": "wayland-utils",
      "version": "1.2.0-1build1",
      "purl": "pkg:deb/wayland-utils?arch=amd64\u0026distro=noble",
      "source": {
        "source_name": "",
        "source_version": ""
      }
    },
    {
      "name": "wbritish",
      "version": "2020.12.07-2",
      "purl": "pkg:deb/wbritish?arch=all\u0026distro=noble",
      "source": {
        "source_name": "scowl",
        "source_version": "2020.12.07-2"
      }
    },
    {
      "name": "webp-pixbuf-loader:amd64",
      "version": "0.2.4-2build2",
      "purl": "pkg:deb/webp-pixbuf-loader:amd64?arch=amd64\u0026distro=noble",
      "source": {
        "source_name": "",
        "source_version": ""
      }
    },
    {
      "name": "wget",
      "version": "1.21.4-1ubuntu4.5",
      "purl": "pkg:deb/wget?arch=amd64\u0026distro=noble",
      "source": {
        "source_name": "",
        "source_version": ""
      }
    },
    {
      "name": "whiptail",
      "version": "0.52.24-2ubuntu2",
      "purl": "pkg:deb/whiptail?arch=amd64\u0026distro=noble",
      "source": {
        "source_name": "newt",
        "source_version": "0.52.24-2ubuntu2"
      }
    },
    {
      "name": "whoopsie",
      "version": "0.2.77ubuntu0.1",
      "purl": "pkg:deb/whoopsie?arch=amd64\u0026distro=noble",
      "source": {
        "source_name": "",
        "source_version": ""
      }
    },
    {
      "name": "whoopsie-preferences",
      "version": "23build3",
      "purl": "pkg:deb/whoopsie-preferences?arch=amd64\u0026distro=noble",
      "source": {
        "source_name": "",
        "source_version": ""
      }
    },
    {
      "name": "windscribe",
      "version": "2.21.7",
      "purl": "pkg:deb/windscribe?arch=amd64\u0026distro=noble",
      "source": {
        "source_name": "",
        "source_version": ""
      }
    },
    {
      "name": "wine",
      "version": "9.0~repack-4build3",
      "purl": "pkg:deb/wine?arch=all\u0026distro=noble",
      "source": {
        "source_name": "",
        "source_version": ""
      }
    },
    {
      "name": "wine32:i386",
      "version": "9.0~repack-4build3",
      "purl": "pkg:deb/wine32:i386?arch=i386\u0026distro=noble",
      "source": {
        "source_name": "wine",
        "source_version": "9.0~repack-4build3"
      }
    },
    {
      "name": "wine64",
      "version": "9.0~repack-4build3",
      "purl": "pkg:deb/wine64?arch=amd64\u0026distro=noble",
      "source": {
        "source_name": "wine",
        "source_version": "9.0~repack-4build3"
      }
    },
    {
      "name": "winetricks",
      "version": "20240105-2",
      "purl": "pkg:deb/winetricks?arch=all\u0026distro=noble",
      "source": {
        "source_name": "",
        "source_version": ""
      }
    },
    {
      "name": "wireguard-tools",
      "version": "1.0.20210914-1ubuntu4",
      "purl": "pkg:deb/wireguard-tools?arch=amd64\u0026distro=noble",
      "source": {
        "source_name": "wireguard",
        "source_version": "1.0.20210914-1ubuntu4"
      }
    },
    {
      "name": "wireless-regdb",
      "version": "2026.05.30-0ubuntu1~24.04.1",
      "purl": "pkg:deb/wireless-regdb?arch=all\u0026distro=noble",
      "source": {
        "source_name": "",
        "source_version": ""
      }
    },
    {
      "name": "wireless-tools",
      "version": "30~pre9-16.1ubuntu2",
      "purl": "pkg:deb/wireless-tools?arch=amd64\u0026distro=noble",
      "source": {
        "source_name": "",
        "source_version": ""
      }
    },
    {
      "name": "wireplumber",
      "version": "0.4.17-1ubuntu4.1",
      "purl": "pkg:deb/wireplumber?arch=amd64\u0026distro=noble",
      "source": {
        "source_name": "",
        "source_version": ""
      }
    },
    {
      "name": "wpasupplicant",
      "version": "2:2.10-21ubuntu0.4",
      "purl": "pkg:deb/wpasupplicant?arch=amd64\u0026distro=noble",
      "source": {
        "source_name": "wpa",
        "source_version": "2:2.10-21ubuntu0.4"
      }
    },
    {
      "name": "wvdial",
      "version": "1.61-7build2",
      "purl": "pkg:deb/wvdial?arch=amd64\u0026distro=noble",
      "source": {
        "source_name": "",
        "source_version": ""
      }
    },
    {
      "name": "x11-apps",
      "version": "7.7+11build3",
      "purl": "pkg:deb/x11-apps?arch=amd64\u0026distro=noble",
      "source": {
        "source_name": "",
        "source_version": ""
      }
    },
    {
      "name": "x11-common",
      "version": "1:7.7+23ubuntu3",
      "purl": "pkg:deb/x11-common?arch=all\u0026distro=noble",
      "source": {
        "source_name": "xorg",
        "source_version": "1:7.7+23ubuntu3"
      }
    },
    {
      "name": "x11-session-utils",
      "version": "7.7+6build2",
      "purl": "pkg:deb/x11-session-utils?arch=amd64\u0026distro=noble",
      "source": {
        "source_name": "",
        "source_version": ""
      }
    },
    {
      "name": "x11-utils",
      "version": "7.7+6build2",
      "purl": "pkg:deb/x11-utils?arch=amd64\u0026distro=noble",
      "source": {
        "source_name": "",
        "source_version": ""
      }
    },
    {
      "name": "x11-xkb-utils",
      "version": "7.7+8build2",
      "purl": "pkg:deb/x11-xkb-utils?arch=amd64\u0026distro=noble",
      "source": {
        "source_name": "",
        "source_version": ""
      }
    },
    {
      "name": "x11-xserver-utils",
      "version": "7.7+10build2",
      "purl": "pkg:deb/x11-xserver-utils?arch=amd64\u0026distro=noble",
      "source": {
        "source_name": "",
        "source_version": ""
      }
    },
    {
      "name": "x11proto-dev",
      "version": "2023.2-1",
      "purl": "pkg:deb/x11proto-dev?arch=all\u0026distro=noble",
      "source": {
        "source_name": "xorgproto",
        "source_version": "2023.2-1"
      }
    },
    {
      "name": "xauth",
      "version": "1:1.1.2-1build1",
      "purl": "pkg:deb/xauth?arch=amd64\u0026distro=noble",
      "source": {
        "source_name": "",
        "source_version": ""
      }
    },
    {
      "name": "xbacklight",
      "version": "1.2.1-1build2",
      "purl": "pkg:deb/xbacklight?arch=amd64\u0026distro=noble",
      "source": {
        "source_name": "",
        "source_version": ""
      }
    },
    {
      "name": "xbitmaps",
      "version": "1.1.1-2.2",
      "purl": "pkg:deb/xbitmaps?arch=all\u0026distro=noble",
      "source": {
        "source_name": "",
        "source_version": ""
      }
    },
    {
      "name": "xbrlapi",
      "version": "6.6-4ubuntu5",
      "purl": "pkg:deb/xbrlapi?arch=amd64\u0026distro=noble",
      "source": {
        "source_name": "brltty",
        "source_version": "6.6-4ubuntu5"
      }
    },
    {
      "name": "xcvt",
      "version": "0.1.2-1build1",
      "purl": "pkg:deb/xcvt?arch=amd64\u0026distro=noble",
      "source": {
        "source_name": "libxcvt",
        "source_version": "0.1.2-1build1"
      }
    },
    {
      "name": "xdg-dbus-proxy",
      "version": "0.1.5-1ubuntu0.2",
      "purl": "pkg:deb/xdg-dbus-proxy?arch=amd64\u0026distro=noble",
      "source": {
        "source_name": "",
        "source_version": ""
      }
    },
    {
      "name": "xdg-desktop-portal",
      "version": "1.18.4-1ubuntu2.24.04.3",
      "purl": "pkg:deb/xdg-desktop-portal?arch=amd64\u0026distro=noble",
      "source": {
        "source_name": "",
        "source_version": ""
      }
    },
    {
      "name": "xdg-desktop-portal-gtk",
      "version": "1.15.1-1build2",
      "purl": "pkg:deb/xdg-desktop-portal-gtk?arch=amd64\u0026distro=noble",
      "source": {
        "source_name": "",
        "source_version": ""
      }
    },
    {
      "name": "xdg-desktop-portal-kde",
      "version": "5.27.11-0ubuntu3",
      "purl": "pkg:deb/xdg-desktop-portal-kde?arch=amd64\u0026distro=noble",
      "source": {
        "source_name": "",
        "source_version": ""
      }
    },
    {
      "name": "xdg-user-dirs",
      "version": "0.18-1build1",
      "purl": "pkg:deb/xdg-user-dirs?arch=amd64\u0026distro=noble",
      "source": {
        "source_name": "",
        "source_version": ""
      }
    },
    {
      "name": "xdg-utils",
      "version": "1.1.3-4.1ubuntu3",
      "purl": "pkg:deb/xdg-utils?arch=all\u0026distro=noble",
      "source": {
        "source_name": "",
        "source_version": ""
      }
    },
    {
      "name": "xdotool",
      "version": "1:3.20160805.1-5build1",
      "purl": "pkg:deb/xdotool?arch=amd64\u0026distro=noble",
      "source": {
        "source_name": "",
        "source_version": ""
      }
    },
    {
      "name": "xfonts-base",
      "version": "1:1.0.5+nmu1",
      "purl": "pkg:deb/xfonts-base?arch=all\u0026distro=noble",
      "source": {
        "source_name": "",
        "source_version": ""
      }
    },
    {
      "name": "xfonts-encodings",
      "version": "1:1.0.5-0ubuntu2",
      "purl": "pkg:deb/xfonts-encodings?arch=all\u0026distro=noble",
      "source": {
        "source_name": "",
        "source_version": ""
      }
    },
    {
      "name": "xfonts-scalable",
      "version": "1:1.0.3-1.3",
      "purl": "pkg:deb/xfonts-scalable?arch=all\u0026distro=noble",
      "source": {
        "source_name": "",
        "source_version": ""
      }
    },
    {
      "name": "xfonts-utils",
      "version": "1:7.7+6build3",
      "purl": "pkg:deb/xfonts-utils?arch=amd64\u0026distro=noble",
      "source": {
        "source_name": "",
        "source_version": ""
      }
    },
    {
      "name": "xfsprogs",
      "version": "6.6.0-1ubuntu2.1",
      "purl": "pkg:deb/xfsprogs?arch=amd64\u0026distro=noble",
      "source": {
        "source_name": "",
        "source_version": ""
      }
    },
    {
      "name": "xinit",
      "version": "1.4.1-0ubuntu5",
      "purl": "pkg:deb/xinit?arch=amd64\u0026distro=noble",
      "source": {
        "source_name": "",
        "source_version": ""
      }
    },
    {
      "name": "xinput",
      "version": "1.6.4-1build1",
      "purl": "pkg:deb/xinput?arch=amd64\u0026distro=noble",
      "source": {
        "source_name": "",
        "source_version": ""
      }
    },
    {
      "name": "xkb-data",
      "version": "2.41-2ubuntu1.1",
      "purl": "pkg:deb/xkb-data?arch=all\u0026distro=noble",
      "source": {
        "source_name": "xkeyboard-config",
        "source_version": "2.41-2ubuntu1.1"
      }
    },
    {
      "name": "xml-core",
      "version": "0.19",
      "purl": "pkg:deb/xml-core?arch=all\u0026distro=noble",
      "source": {
        "source_name": "",
        "source_version": ""
      }
    },
    {
      "name": "xorg",
      "version": "1:7.7+23ubuntu3",
      "purl": "pkg:deb/xorg?arch=amd64\u0026distro=noble",
      "source": {
        "source_name": "",
        "source_version": ""
      }
    },
    {
      "name": "xorg-docs-core",
      "version": "1:1.7.1-1.2",
      "purl": "pkg:deb/xorg-docs-core?arch=all\u0026distro=noble",
      "source": {
        "source_name": "xorg-docs",
        "source_version": "1:1.7.1-1.2"
      }
    },
    {
      "name": "xorg-sgml-doctools",
      "version": "1:1.11-1.1",
      "purl": "pkg:deb/xorg-sgml-doctools?arch=all\u0026distro=noble",
      "source": {
        "source_name": "",
        "source_version": ""
      }
    },
    {
      "name": "xorriso",
      "version": "1:1.5.6-1.1ubuntu3",
      "purl": "pkg:deb/xorriso?arch=amd64\u0026distro=noble",
      "source": {
        "source_name": "libisoburn",
        "source_version": "1:1.5.6-1.1ubuntu3"
      }
    },
    {
      "name": "xserver-common",
      "version": "2:21.1.12-1ubuntu1.6",
      "purl": "pkg:deb/xserver-common?arch=all\u0026distro=noble",
      "source": {
        "source_name": "xorg-server",
        "source_version": "2:21.1.12-1ubuntu1.6"
      }
    },
    {
      "name": "xserver-xephyr",
      "version": "2:21.1.12-1ubuntu1.6",
      "purl": "pkg:deb/xserver-xephyr?arch=amd64\u0026distro=noble",
      "source": {
        "source_name": "xorg-server",
        "source_version": "2:21.1.12-1ubuntu1.6"
      }
    },
    {
      "name": "xserver-xorg",
      "version": "1:7.7+23ubuntu3",
      "purl": "pkg:deb/xserver-xorg?arch=amd64\u0026distro=noble",
      "source": {
        "source_name": "xorg",
        "source_version": "1:7.7+23ubuntu3"
      }
    },
    {
      "name": "xserver-xorg-core",
      "version": "2:21.1.12-1ubuntu1.6",
      "purl": "pkg:deb/xserver-xorg-core?arch=amd64\u0026distro=noble",
      "source": {
        "source_name": "xorg-server",
        "source_version": "2:21.1.12-1ubuntu1.6"
      }
    },
    {
      "name": "xserver-xorg-input-all",
      "version": "1:7.7+23ubuntu3",
      "purl": "pkg:deb/xserver-xorg-input-all?arch=amd64\u0026distro=noble",
      "source": {
        "source_name": "xorg",
        "source_version": "1:7.7+23ubuntu3"
      }
    },
    {
      "name": "xserver-xorg-input-libinput",
      "version": "1.4.0-1ubuntu24.04.1",
      "purl": "pkg:deb/xserver-xorg-input-libinput?arch=amd64\u0026distro=noble",
      "source": {
        "source_name": "",
        "source_version": ""
      }
    },
    {
      "name": "xserver-xorg-input-wacom",
      "version": "1:1.2.0-1ubuntu2",
      "purl": "pkg:deb/xserver-xorg-input-wacom?arch=amd64\u0026distro=noble",
      "source": {
        "source_name": "xf86-input-wacom",
        "source_version": "1:1.2.0-1ubuntu2"
      }
    },
    {
      "name": "xserver-xorg-legacy",
      "version": "2:21.1.12-1ubuntu1.6",
      "purl": "pkg:deb/xserver-xorg-legacy?arch=amd64\u0026distro=noble",
      "source": {
        "source_name": "xorg-server",
        "source_version": "2:21.1.12-1ubuntu1.6"
      }
    },
    {
      "name": "xserver-xorg-video-all",
      "version": "1:7.7+23ubuntu3",
      "purl": "pkg:deb/xserver-xorg-video-all?arch=amd64\u0026distro=noble",
      "source": {
        "source_name": "xorg",
        "source_version": "1:7.7+23ubuntu3"
      }
    },
    {
      "name": "xserver-xorg-video-amdgpu",
      "version": "23.0.0-1ubuntu0.24.04.1",
      "purl": "pkg:deb/xserver-xorg-video-amdgpu?arch=amd64\u0026distro=noble",
      "source": {
        "source_name": "",
        "source_version": ""
      }
    },
    {
      "name": "xserver-xorg-video-ati",
      "version": "1:22.0.0-1build1",
      "purl": "pkg:deb/xserver-xorg-video-ati?arch=amd64\u0026distro=noble",
      "source": {
        "source_name": "",
        "source_version": ""
      }
    },
    {
      "name": "xserver-xorg-video-fbdev",
      "version": "1:0.5.0-2build2",
      "purl": "pkg:deb/xserver-xorg-video-fbdev?arch=amd64\u0026distro=noble",
      "source": {
        "source_name": "",
        "source_version": ""
      }
    },
    {
      "name": "xserver-xorg-video-intel",
      "version": "2:2.99.917+git20210115-1build1",
      "purl": "pkg:deb/xserver-xorg-video-intel?arch=amd64\u0026distro=noble",
      "source": {
        "source_name": "",
        "source_version": ""
      }
    },
    {
      "name": "xserver-xorg-video-nouveau",
      "version": "1:1.0.17-2ubuntu0.1",
      "purl": "pkg:deb/xserver-xorg-video-nouveau?arch=amd64\u0026distro=noble",
      "source": {
        "source_name": "",
        "source_version": ""
      }
    },
    {
      "name": "xserver-xorg-video-qxl",
      "version": "0.1.6-1build1",
      "purl": "pkg:deb/xserver-xorg-video-qxl?arch=amd64\u0026distro=noble",
      "source": {
        "source_name": "",
        "source_version": ""
      }
    },
    {
      "name": "xserver-xorg-video-radeon",
      "version": "1:22.0.0-1build1",
      "purl": "pkg:deb/xserver-xorg-video-radeon?arch=amd64\u0026distro=noble",
      "source": {
        "source_name": "xserver-xorg-video-ati",
        "source_version": "1:22.0.0-1build1"
      }
    },
    {
      "name": "xserver-xorg-video-vesa",
      "version": "1:2.6.0-1ubuntu0.1",
      "purl": "pkg:deb/xserver-xorg-video-vesa?arch=amd64\u0026distro=noble",
      "source": {
        "source_name": "",
        "source_version": ""
      }
    },
    {
      "name": "xserver-xorg-video-vmware",
      "version": "1:13.4.0-1build1",
      "purl": "pkg:deb/xserver-xorg-video-vmware?arch=amd64\u0026distro=noble",
      "source": {
        "source_name": "",
        "source_version": ""
      }
    },
    {
      "name": "xsettingsd",
      "version": "1.0.2-1build1",
      "purl": "pkg:deb/xsettingsd?arch=amd64\u0026distro=noble",
      "source": {
        "source_name": "",
        "source_version": ""
      }
    },
    {
      "name": "xsltproc",
      "version": "1.1.39-0exp1ubuntu0.24.04.3",
      "purl": "pkg:deb/xsltproc?arch=amd64\u0026distro=noble",
      "source": {
        "source_name": "libxslt",
        "source_version": "1.1.39-0exp1ubuntu0.24.04.3"
      }
    },
    {
      "name": "xterm",
      "version": "390-1ubuntu3",
      "purl": "pkg:deb/xterm?arch=amd64\u0026distro=noble",
      "source": {
        "source_name": "",
        "source_version": ""
      }
    },
    {
      "name": "xtrans-dev",
      "version": "1.4.0-1",
      "purl": "pkg:deb/xtrans-dev?arch=all\u0026distro=noble",
      "source": {
        "source_name": "xtrans",
        "source_version": "1.4.0-1"
      }
    },
    {
      "name": "xwayland",
      "version": "2:23.2.6-1ubuntu0.8",
      "purl": "pkg:deb/xwayland?arch=amd64\u0026distro=noble",
      "source": {
        "source_name": "",
        "source_version": ""
      }
    },
    {
      "name": "xxd",
      "version": "2:9.1.0016-1ubuntu7.20",
      "purl": "pkg:deb/xxd?arch=amd64\u0026distro=noble",
      "source": {
        "source_name": "vim",
        "source_version": "2:9.1.0016-1ubuntu7.20"
      }
    },
    {
      "name": "xz-utils",
      "version": "5.6.1+really5.4.5-1ubuntu0.3",
      "purl": "pkg:deb/xz-utils?arch=amd64\u0026distro=noble",
      "source": {
        "source_name": "",
        "source_version": ""
      }
    },
    {
      "name": "yakuake",
      "version": "23.08.5-0ubuntu3",
      "purl": "pkg:deb/yakuake?arch=amd64\u0026distro=noble",
      "source": {
        "source_name": "",
        "source_version": ""
      }
    },
    {
      "name": "yaru-theme-gnome-shell",
      "version": "24.04.2-0ubuntu1",
      "purl": "pkg:deb/yaru-theme-gnome-shell?arch=all\u0026distro=noble",
      "source": {
        "source_name": "yaru-theme",
        "source_version": "24.04.2-0ubuntu1"
      }
    },
    {
      "name": "yelp",
      "version": "42.2-1ubuntu0.24.04.2",
      "purl": "pkg:deb/yelp?arch=amd64\u0026distro=noble",
      "source": {
        "source_name": "",
        "source_version": ""
      }
    },
    {
      "name": "yelp-xsl",
      "version": "42.1-2ubuntu0.24.04.1",
      "purl": "pkg:deb/yelp-xsl?arch=all\u0026distro=noble",
      "source": {
        "source_name": "",
        "source_version": ""
      }
    },
    {
      "name": "yt-dlp",
      "version": "2024.04.09-1",
      "purl": "pkg:deb/yt-dlp?arch=all\u0026distro=noble",
      "source": {
        "source_name": "",
        "source_version": ""
      }
    },
    {
      "name": "zenity",
      "version": "4.0.1-1build3",
      "purl": "pkg:deb/zenity?arch=amd64\u0026distro=noble",
      "source": {
        "source_name": "",
        "source_version": ""
      }
    },
    {
      "name": "zenity-common",
      "version": "4.0.1-1build3",
      "purl": "pkg:deb/zenity-common?arch=all\u0026distro=noble",
      "source": {
        "source_name": "zenity",
        "source_version": "4.0.1-1build3"
      }
    },
    {
      "name": "zip",
      "version": "3.0-13ubuntu0.2",
      "purl": "pkg:deb/zip?arch=amd64\u0026distro=noble",
      "source": {
        "source_name": "",
        "source_version": ""
      }
    },
    {
      "name": "zlib1g:amd64",
      "version": "1:1.3.dfsg-3.1ubuntu2.2",
      "purl": "pkg:deb/zlib1g:amd64?arch=amd64\u0026distro=noble",
      "source": {
        "source_name": "zlib",
        "source_version": "1:1.3.dfsg-3.1ubuntu2.2"
      }
    },
    {
      "name": "zlib1g:i386",
      "version": "1:1.3.dfsg-3.1ubuntu2.2",
      "purl": "pkg:deb/zlib1g:i386?arch=i386\u0026distro=noble",
      "source": {
        "source_name": "zlib",
        "source_version": "1:1.3.dfsg-3.1ubuntu2.2"
      }
    },
    {
      "name": "zlib1g-dev:amd64",
      "version": "1:1.3.dfsg-3.1ubuntu2.2",
      "purl": "pkg:deb/zlib1g-dev:amd64?arch=amd64\u0026distro=noble",
      "source": {
        "source_name": "zlib",
        "source_version": "1:1.3.dfsg-3.1ubuntu2.2"
      }
    },
    {
      "name": "zoom",
      "version": "6.7.2.6498",
      "purl": "pkg:deb/zoom?arch=amd64\u0026distro=noble",
      "source": {
        "source_name": "",
        "source_version": ""
      }
    },
    {
      "name": "zstd",
      "version": "1.5.5+dfsg2-2build1.1",
      "purl": "pkg:deb/zstd?arch=amd64\u0026distro=noble",
      "source": {
        "source_name": "libzstd",
        "source_version": "1.5.5+dfsg2-2build1.1"
      }
    }
  ],
  "machineID": "75e470d48bdb4b03be908dce131de67b"
}
Response Status: 202 Accepted
Response Body: {"status": "accepted"}
