2026/10/05 19:10:49 [*]Creating directories...
2026/10/05 19:10:49 [*]Initialising database schema
Server running on http://localhost:8080
2026/10/05 19:10:54 DONE INSERTING DATA
2026/10/05 19:10:54 Auditing SBOM from user DEVTOP
2026/10/05 19:10:54 CVE QUERY: ecosystem="ubuntu:24.04:lts" package="7zip" source=""
2026/10/05 19:10:54 WE GOT HERE 12 
2026/10/05 19:10:54 CVE QUERY: ecosystem="ubuntu:24.04:lts" package="accountsservice" source=""
2026/10/05 19:10:54 WE GOT HERE 12 
2026/10/05 19:10:54 CVE QUERY: ecosystem="ubuntu:24.04:lts" package="acl" source=""
2026/10/05 19:10:54 WE GOT HERE 12 
2026/10/05 19:10:54 CVE QUERY: ecosystem="ubuntu:24.04:lts" package="adb" source="android-platform-tools"
2026/10/05 19:10:54 WE GOT HERE 12 
2026/10/05 19:10:54 CVE QUERY: ecosystem="ubuntu:24.04:lts" package="adduser" source=""
2026/10/05 19:10:54 WE GOT HERE 12 
2026/10/05 19:10:54 CVE QUERY: ecosystem="ubuntu:24.04:lts" package="adwaita-icon-theme" source=""
2026/10/05 19:10:54 WE GOT HERE 12 
2026/10/05 19:10:54 CVE QUERY: ecosystem="ubuntu:24.04:lts" package="aha" source=""
2026/10/05 19:10:54 WE GOT HERE 12 
2026/10/05 19:10:54 CVE QUERY: ecosystem="ubuntu:24.04:lts" package="alsa-base" source="alsa-driver"
2026/10/05 19:10:54 WE GOT HERE 12 
2026/10/05 19:10:54 CVE QUERY: ecosystem="ubuntu:24.04:lts" package="alsa-topology-conf" source=""
2026/10/05 19:10:54 WE GOT HERE 12 
2026/10/05 19:10:54 CVE QUERY: ecosystem="ubuntu:24.04:lts" package="alsa-ucm-conf" source=""
2026/10/05 19:10:54 WE GOT HERE 12 
2026/10/05 19:10:54 CVE QUERY: ecosystem="ubuntu:24.04:lts" package="alsa-utils" source=""
2026/10/05 19:10:54 WE GOT HERE 12 
2026/10/05 19:10:54 CVE QUERY: ecosystem="ubuntu:24.04:lts" package="amd64-microcode" source=""
2026/10/05 19:10:54 WE GOT HERE 1-1
2026/10/05 19:10:54 
matched Package name CVE-2024-21953 with upstream CVE:amd64-microcode 
Introduced:0
Fixed:
 checking for vulnerablities..
2026/10/05 19:10:54 CVE QUERY: ecosystem="ubuntu:24.04:lts" package="anacron" source=""
2026/10/05 19:10:54 WE GOT HERE 12 
2026/10/05 19:10:54 CVE QUERY: ecosystem="ubuntu:24.04:lts" package="android-libbase:amd64" source="android-platform-tools"
2026/10/05 19:10:54 WE GOT HERE 12 
2026/10/05 19:10:54 CVE QUERY: ecosystem="ubuntu:24.04:lts" package="android-libboringssl:amd64" source="android-platform-external-boringssl"
2026/10/05 19:10:54 WE GOT HERE 12 
2026/10/05 19:10:54 CVE QUERY: ecosystem="ubuntu:24.04:lts" package="android-libcutils:amd64" source="android-platform-tools"
2026/10/05 19:10:54 WE GOT HERE 12 
2026/10/05 19:10:54 CVE QUERY: ecosystem="ubuntu:24.04:lts" package="android-liblog:amd64" source="android-platform-tools"
2026/10/05 19:10:54 WE GOT HERE 12 
2026/10/05 19:10:54 CVE QUERY: ecosystem="ubuntu:24.04:lts" package="android-libsparse:amd64" source="android-platform-tools"
2026/10/05 19:10:54 WE GOT HERE 12 
2026/10/05 19:10:54 CVE QUERY: ecosystem="ubuntu:24.04:lts" package="android-libziparchive:amd64" source="android-platform-tools"
2026/10/05 19:10:54 WE GOT HERE 12 
2026/10/05 19:10:54 CVE QUERY: ecosystem="ubuntu:24.04:lts" package="android-sdk-platform-tools-common" source="android-sdk-meta"
2026/10/05 19:10:54 WE GOT HERE 12 
2026/10/05 19:10:54 CVE QUERY: ecosystem="ubuntu:24.04:lts" package="ani-cli" source=""
2026/10/05 19:10:54 WE GOT HERE 12 
2026/10/05 19:10:54 CVE QUERY: ecosystem="ubuntu:24.04:lts" package="anki" source=""
2026/10/05 19:10:54 WE GOT HERE 12 
2026/10/05 19:10:54 CVE QUERY: ecosystem="ubuntu:24.04:lts" package="apache-netbeans" source=""
2026/10/05 19:10:54 WE GOT HERE 12 
2026/10/05 19:10:54 CVE QUERY: ecosystem="ubuntu:24.04:lts" package="apg" source=""
2026/10/05 19:10:54 WE GOT HERE 12 
2026/10/05 19:10:54 CVE QUERY: ecosystem="ubuntu:24.04:lts" package="apparmor" source=""
2026/10/05 19:10:54 WE GOT HERE 12 
2026/10/05 19:10:54 CVE QUERY: ecosystem="ubuntu:24.04:lts" package="appimagelauncher" source=""
2026/10/05 19:10:54 WE GOT HERE 12 
2026/10/05 19:10:54 CVE QUERY: ecosystem="ubuntu:24.04:lts" package="appmenu-gtk-module-common" source="appmenu-gtk-module"
2026/10/05 19:10:54 WE GOT HERE 12 
2026/10/05 19:10:54 CVE QUERY: ecosystem="ubuntu:24.04:lts" package="appmenu-gtk3-module:amd64" source="appmenu-gtk-module"
2026/10/05 19:10:54 WE GOT HERE 12 
2026/10/05 19:10:54 CVE QUERY: ecosystem="ubuntu:24.04:lts" package="apport" source=""
2026/10/05 19:10:54 WE GOT HERE 12 
2026/10/05 19:10:54 CVE QUERY: ecosystem="ubuntu:24.04:lts" package="apport-core-dump-handler" source="apport"
2026/10/05 19:10:54 WE GOT HERE 12 
2026/10/05 19:10:54 CVE QUERY: ecosystem="ubuntu:24.04:lts" package="apport-kde" source="apport"
2026/10/05 19:10:54 WE GOT HERE 12 
2026/10/05 19:10:54 CVE QUERY: ecosystem="ubuntu:24.04:lts" package="apport-symptoms" source=""
2026/10/05 19:10:54 WE GOT HERE 12 
2026/10/05 19:10:54 CVE QUERY: ecosystem="ubuntu:24.04:lts" package="appstream" source=""
2026/10/05 19:10:54 WE GOT HERE 12 
2026/10/05 19:10:54 CVE QUERY: ecosystem="ubuntu:24.04:lts" package="apt" source=""
2026/10/05 19:10:54 WE GOT HERE 12 
2026/10/05 19:10:54 CVE QUERY: ecosystem="ubuntu:24.04:lts" package="apt-config-icons" source="appstream"
2026/10/05 19:10:54 WE GOT HERE 12 
2026/10/05 19:10:54 CVE QUERY: ecosystem="ubuntu:24.04:lts" package="apt-config-icons-hidpi" source="appstream"
2026/10/05 19:10:54 WE GOT HERE 12 
2026/10/05 19:10:54 CVE QUERY: ecosystem="ubuntu:24.04:lts" package="apt-config-icons-large" source="appstream"
2026/10/05 19:10:54 WE GOT HERE 12 
2026/10/05 19:10:54 CVE QUERY: ecosystem="ubuntu:24.04:lts" package="apt-config-icons-large-hidpi" source="appstream"
2026/10/05 19:10:54 WE GOT HERE 12 
2026/10/05 19:10:54 CVE QUERY: ecosystem="ubuntu:24.04:lts" package="apt-transport-https" source="apt"
2026/10/05 19:10:54 WE GOT HERE 12 
2026/10/05 19:10:54 CVE QUERY: ecosystem="ubuntu:24.04:lts" package="apt-utils" source="apt"
2026/10/05 19:10:54 WE GOT HERE 12 
2026/10/05 19:10:54 CVE QUERY: ecosystem="ubuntu:24.04:lts" package="aptdaemon" source=""
2026/10/05 19:10:54 WE GOT HERE 12 
2026/10/05 19:10:54 CVE QUERY: ecosystem="ubuntu:24.04:lts" package="aptdaemon-data" source="aptdaemon"
2026/10/05 19:10:54 WE GOT HERE 12 
2026/10/05 19:10:54 CVE QUERY: ecosystem="ubuntu:24.04:lts" package="aptitude" source=""
2026/10/05 19:10:54 WE GOT HERE 12 
2026/10/05 19:10:54 CVE QUERY: ecosystem="ubuntu:24.04:lts" package="aptitude-common" source="aptitude"
2026/10/05 19:10:54 WE GOT HERE 12 
2026/10/05 19:10:54 CVE QUERY: ecosystem="ubuntu:24.04:lts" package="aria2" source=""
2026/10/05 19:10:54 WE GOT HERE 12 
2026/10/05 19:10:54 CVE QUERY: ecosystem="ubuntu:24.04:lts" package="arj" source=""
2026/10/05 19:10:54 WE GOT HERE 12 
2026/10/05 19:10:54 CVE QUERY: ecosystem="ubuntu:24.04:lts" package="ark" source=""
2026/10/05 19:10:54 WE GOT HERE 12 
2026/10/05 19:10:54 CVE QUERY: ecosystem="ubuntu:24.04:lts" package="aspell" source=""
2026/10/05 19:10:54 WE GOT HERE 12 
2026/10/05 19:10:54 CVE QUERY: ecosystem="ubuntu:24.04:lts" package="aspell-en" source=""
2026/10/05 19:10:54 WE GOT HERE 12 
2026/10/05 19:10:54 CVE QUERY: ecosystem="ubuntu:24.04:lts" package="aspnetcore-runtime-8.0" source="dotnet8"
2026/10/05 19:10:54 WE GOT HERE 12 
2026/10/05 19:10:54 CVE QUERY: ecosystem="ubuntu:24.04:lts" package="aspnetcore-targeting-pack-8.0" source="dotnet8"
2026/10/05 19:10:54 WE GOT HERE 12 
2026/10/05 19:10:54 CVE QUERY: ecosystem="ubuntu:24.04:lts" package="at-spi2-common" source="at-spi2-core"
2026/10/05 19:10:54 WE GOT HERE 12 
2026/10/05 19:10:54 CVE QUERY: ecosystem="ubuntu:24.04:lts" package="at-spi2-core" source=""
2026/10/05 19:10:54 WE GOT HERE 12 
2026/10/05 19:10:54 CVE QUERY: ecosystem="ubuntu:24.04:lts" package="audacity" source=""
2026/10/05 19:10:54 WE GOT HERE 12 
2026/10/05 19:10:54 CVE QUERY: ecosystem="ubuntu:24.04:lts" package="audacity-data" source="audacity"
2026/10/05 19:10:54 WE GOT HERE 12 
2026/10/05 19:10:54 CVE QUERY: ecosystem="ubuntu:24.04:lts" package="avahi-daemon" source="avahi"
2026/10/05 19:10:54 WE GOT HERE 12 
2026/10/05 19:10:54 CVE QUERY: ecosystem="ubuntu:24.04:lts" package="balena-etcher" source=""
2026/10/05 19:10:54 WE GOT HERE 12 
2026/10/05 19:10:54 CVE QUERY: ecosystem="ubuntu:24.04:lts" package="baloo-kf5" source=""
2026/10/05 19:10:54 WE GOT HERE 12 
2026/10/05 19:10:54 CVE QUERY: ecosystem="ubuntu:24.04:lts" package="base-files" source=""
2026/10/05 19:10:54 WE GOT HERE 12 
2026/10/05 19:10:54 CVE QUERY: ecosystem="ubuntu:24.04:lts" package="base-passwd" source=""
2026/10/05 19:10:54 WE GOT HERE 12 
2026/10/05 19:10:54 CVE QUERY: ecosystem="ubuntu:24.04:lts" package="bash" source=""
2026/10/05 19:10:54 WE GOT HERE 12 
2026/10/05 19:10:54 CVE QUERY: ecosystem="ubuntu:24.04:lts" package="bash-completion" source=""
2026/10/05 19:10:54 WE GOT HERE 12 
2026/10/05 19:10:54 CVE QUERY: ecosystem="ubuntu:24.04:lts" package="bc" source=""
2026/10/05 19:10:54 WE GOT HERE 12 
2026/10/05 19:10:54 CVE QUERY: ecosystem="ubuntu:24.04:lts" package="bind9-dnsutils" source="bind9"
2026/10/05 19:10:54 WE GOT HERE 12 
2026/10/05 19:10:54 CVE QUERY: ecosystem="ubuntu:24.04:lts" package="bind9-host" source="bind9"
2026/10/05 19:10:54 WE GOT HERE 12 
2026/10/05 19:10:54 CVE QUERY: ecosystem="ubuntu:24.04:lts" package="bind9-libs:amd64" source="bind9"
2026/10/05 19:10:54 WE GOT HERE 12 
2026/10/05 19:10:54 CVE QUERY: ecosystem="ubuntu:24.04:lts" package="binutils" source=""
2026/10/05 19:10:54 WE GOT HERE 12 
2026/10/05 19:10:54 CVE QUERY: ecosystem="ubuntu:24.04:lts" package="binutils-common:amd64" source="binutils"
2026/10/05 19:10:54 WE GOT HERE 12 
2026/10/05 19:10:54 CVE QUERY: ecosystem="ubuntu:24.04:lts" package="binutils-x86-64-linux-gnu" source="binutils"
2026/10/05 19:10:54 WE GOT HERE 12 
2026/10/05 19:10:54 CVE QUERY: ecosystem="ubuntu:24.04:lts" package="binwalk" source=""
2026/10/05 19:10:54 WE GOT HERE 12 
2026/10/05 19:10:54 CVE QUERY: ecosystem="ubuntu:24.04:lts" package="blender-data" source="blender"
2026/10/05 19:10:54 WE GOT HERE 12 
2026/10/05 19:10:54 CVE QUERY: ecosystem="ubuntu:24.04:lts" package="blt" source=""
2026/10/05 19:10:54 WE GOT HERE 12 
2026/10/05 19:10:54 CVE QUERY: ecosystem="ubuntu:24.04:lts" package="bluedevil" source=""
2026/10/05 19:10:54 WE GOT HERE 12 
2026/10/05 19:10:54 CVE QUERY: ecosystem="ubuntu:24.04:lts" package="bluez" source=""
2026/10/05 19:10:54 WE GOT HERE 12 
2026/10/05 19:10:54 CVE QUERY: ecosystem="ubuntu:24.04:lts" package="bluez-cups" source="bluez"
2026/10/05 19:10:54 WE GOT HERE 12 
2026/10/05 19:10:54 CVE QUERY: ecosystem="ubuntu:24.04:lts" package="bluez-obexd" source="bluez"
2026/10/05 19:10:54 WE GOT HERE 12 
2026/10/05 19:10:54 CVE QUERY: ecosystem="ubuntu:24.04:lts" package="bolt" source=""
2026/10/05 19:10:54 WE GOT HERE 12 
2026/10/05 19:10:54 CVE QUERY: ecosystem="ubuntu:24.04:lts" package="bpfcc-tools" source="bpfcc"
2026/10/05 19:10:54 WE GOT HERE 12 
2026/10/05 19:10:54 CVE QUERY: ecosystem="ubuntu:24.04:lts" package="bpftrace" source=""
2026/10/05 19:10:54 WE GOT HERE 12 
2026/10/05 19:10:54 CVE QUERY: ecosystem="ubuntu:24.04:lts" package="brave-browser" source=""
2026/10/05 19:10:54 WE GOT HERE 12 
2026/10/05 19:10:54 CVE QUERY: ecosystem="ubuntu:24.04:lts" package="brave-keyring" source=""
2026/10/05 19:10:54 WE GOT HERE 12 
2026/10/05 19:10:54 CVE QUERY: ecosystem="ubuntu:24.04:lts" package="breeze" source=""
2026/10/05 19:10:54 WE GOT HERE 12 
2026/10/05 19:10:54 CVE QUERY: ecosystem="ubuntu:24.04:lts" package="breeze-cursor-theme" source="breeze"
2026/10/05 19:10:54 WE GOT HERE 12 
2026/10/05 19:10:54 CVE QUERY: ecosystem="ubuntu:24.04:lts" package="breeze-gtk-theme" source="breeze-gtk"
2026/10/05 19:10:54 WE GOT HERE 12 
2026/10/05 19:10:54 CVE QUERY: ecosystem="ubuntu:24.04:lts" package="breeze-icon-theme" source="breeze-icons"
2026/10/05 19:10:54 WE GOT HERE 12 
2026/10/05 19:10:54 CVE QUERY: ecosystem="ubuntu:24.04:lts" package="bridge-utils" source=""
2026/10/05 19:10:54 WE GOT HERE 12 
2026/10/05 19:10:54 CVE QUERY: ecosystem="ubuntu:24.04:lts" package="bsdextrautils" source="util-linux"
2026/10/05 19:10:54 WE GOT HERE 12 
2026/10/05 19:10:54 CVE QUERY: ecosystem="ubuntu:24.04:lts" package="bsdutils" source="util-linux"
2026/10/05 19:10:54 WE GOT HERE 12 
2026/10/05 19:10:54 CVE QUERY: ecosystem="ubuntu:24.04:lts" package="btrfs-progs" source=""
2026/10/05 19:10:54 WE GOT HERE 12 
2026/10/05 19:10:54 CVE QUERY: ecosystem="ubuntu:24.04:lts" package="bubblewrap" source=""
2026/10/05 19:10:54 WE GOT HERE 12 
2026/10/05 19:10:54 CVE QUERY: ecosystem="ubuntu:24.04:lts" package="build-essential" source=""
2026/10/05 19:10:54 WE GOT HERE 12 
2026/10/05 19:10:54 CVE QUERY: ecosystem="ubuntu:24.04:lts" package="bup" source=""
2026/10/05 19:10:54 WE GOT HERE 12 
2026/10/05 19:10:54 CVE QUERY: ecosystem="ubuntu:24.04:lts" package="bup-doc" source="bup"
2026/10/05 19:10:54 WE GOT HERE 12 
2026/10/05 19:10:54 CVE QUERY: ecosystem="ubuntu:24.04:lts" package="burp" source=""
2026/10/05 19:10:54 WE GOT HERE 12 
2026/10/05 19:10:54 CVE QUERY: ecosystem="ubuntu:24.04:lts" package="busybox-initramfs" source="busybox"
2026/10/05 19:10:54 WE GOT HERE 12 
2026/10/05 19:10:54 CVE QUERY: ecosystem="ubuntu:24.04:lts" package="busybox-static" source="busybox"
2026/10/05 19:10:54 WE GOT HERE 12 
2026/10/05 19:10:54 CVE QUERY: ecosystem="ubuntu:24.04:lts" package="bzip2" source=""
2026/10/05 19:10:54 WE GOT HERE 12 
2026/10/05 19:10:54 CVE QUERY: ecosystem="ubuntu:24.04:lts" package="ca-certificates" source=""
2026/10/05 19:10:54 WE GOT HERE 12 
2026/10/05 19:10:54 CVE QUERY: ecosystem="ubuntu:24.04:lts" package="ca-certificates-java" source=""
2026/10/05 19:10:54 WE GOT HERE 12 
2026/10/05 19:10:54 CVE QUERY: ecosystem="ubuntu:24.04:lts" package="cabextract" source=""
2026/10/05 19:10:54 WE GOT HERE 12 
2026/10/05 19:10:54 CVE QUERY: ecosystem="ubuntu:24.04:lts" package="cataclysm-dda-data" source="cataclysm-dda"
2026/10/05 19:10:54 WE GOT HERE 12 
2026/10/05 19:10:54 CVE QUERY: ecosystem="ubuntu:24.04:lts" package="cataclysm-dda-sdl" source="cataclysm-dda"
2026/10/05 19:10:54 WE GOT HERE 12 
2026/10/05 19:10:54 CVE QUERY: ecosystem="ubuntu:24.04:lts" package="catdoc" source=""
2026/10/05 19:10:54 WE GOT HERE 12 
2026/10/05 19:10:54 CVE QUERY: ecosystem="ubuntu:24.04:lts" package="ccache" source=""
2026/10/05 19:10:54 WE GOT HERE 12 
2026/10/05 19:10:54 CVE QUERY: ecosystem="ubuntu:24.04:lts" package="checksec" source=""
2026/10/05 19:10:54 WE GOT HERE 12 
2026/10/05 19:10:54 CVE QUERY: ecosystem="ubuntu:24.04:lts" package="clang" source="llvm-defaults"
2026/10/05 19:10:54 WE GOT HERE 12 
2026/10/05 19:10:54 CVE QUERY: ecosystem="ubuntu:24.04:lts" package="clang-18" source="llvm-toolchain-18"
2026/10/05 19:10:54 WE GOT HERE 12 
2026/10/05 19:10:54 CVE QUERY: ecosystem="ubuntu:24.04:lts" package="clinfo" source=""
2026/10/05 19:10:54 WE GOT HERE 12 
2026/10/05 19:10:54 CVE QUERY: ecosystem="ubuntu:24.04:lts" package="cmake" source=""
2026/10/05 19:10:54 WE GOT HERE 12 
2026/10/05 19:10:54 CVE QUERY: ecosystem="ubuntu:24.04:lts" package="cmake-data" source="cmake"
2026/10/05 19:10:54 WE GOT HERE 12 
2026/10/05 19:10:54 CVE QUERY: ecosystem="ubuntu:24.04:lts" package="cmdtest" source=""
2026/10/05 19:10:54 WE GOT HERE 12 
2026/10/05 19:10:54 CVE QUERY: ecosystem="ubuntu:24.04:lts" package="code" source=""
2026/10/05 19:10:54 WE GOT HERE 12 
2026/10/05 19:10:54 CVE QUERY: ecosystem="ubuntu:24.04:lts" package="codeblocks" source=""
2026/10/05 19:10:54 WE GOT HERE 12 
2026/10/05 19:10:54 CVE QUERY: ecosystem="ubuntu:24.04:lts" package="codeblocks-common" source="codeblocks"
2026/10/05 19:10:54 WE GOT HERE 12 
2026/10/05 19:10:54 CVE QUERY: ecosystem="ubuntu:24.04:lts" package="codeblocks-contrib" source="codeblocks"
2026/10/05 19:10:54 WE GOT HERE 12 
2026/10/05 19:10:54 CVE QUERY: ecosystem="ubuntu:24.04:lts" package="colobot" source=""
2026/10/05 19:10:54 WE GOT HERE 12 
2026/10/05 19:10:54 CVE QUERY: ecosystem="ubuntu:24.04:lts" package="colobot-common" source="colobot"
2026/10/05 19:10:54 WE GOT HERE 12 
2026/10/05 19:10:54 CVE QUERY: ecosystem="ubuntu:24.04:lts" package="colobot-common-sounds" source="colobot"
2026/10/05 19:10:54 WE GOT HERE 12 
2026/10/05 19:10:54 CVE QUERY: ecosystem="ubuntu:24.04:lts" package="colobot-common-textures" source="colobot"
2026/10/05 19:10:54 WE GOT HERE 12 
2026/10/05 19:10:54 CVE QUERY: ecosystem="ubuntu:24.04:lts" package="colord" source=""
2026/10/05 19:10:54 WE GOT HERE 12 
2026/10/05 19:10:54 CVE QUERY: ecosystem="ubuntu:24.04:lts" package="colord-data" source="colord"
2026/10/05 19:10:54 WE GOT HERE 12 
2026/10/05 19:10:54 CVE QUERY: ecosystem="ubuntu:24.04:lts" package="command-not-found" source=""
2026/10/05 19:10:54 WE GOT HERE 12 
2026/10/05 19:10:54 CVE QUERY: ecosystem="ubuntu:24.04:lts" package="console-setup" source=""
2026/10/05 19:10:54 WE GOT HERE 12 
2026/10/05 19:10:54 CVE QUERY: ecosystem="ubuntu:24.04:lts" package="console-setup-linux" source="console-setup"
2026/10/05 19:10:54 WE GOT HERE 12 
2026/10/05 19:10:54 CVE QUERY: ecosystem="ubuntu:24.04:lts" package="containerd.io" source=""
2026/10/05 19:10:54 WE GOT HERE 12 
2026/10/05 19:10:54 CVE QUERY: ecosystem="ubuntu:24.04:lts" package="coreutils" source=""
2026/10/05 19:10:54 WE GOT HERE 12 
2026/10/05 19:10:54 CVE QUERY: ecosystem="ubuntu:24.04:lts" package="cowsay" source=""
2026/10/05 19:10:54 WE GOT HERE 12 
2026/10/05 19:10:54 CVE QUERY: ecosystem="ubuntu:24.04:lts" package="cpio" source=""
2026/10/05 19:10:54 WE GOT HERE 12 
2026/10/05 19:10:54 CVE QUERY: ecosystem="ubuntu:24.04:lts" package="cpp" source="gcc-defaults"
2026/10/05 19:10:54 WE GOT HERE 12 
2026/10/05 19:10:54 CVE QUERY: ecosystem="ubuntu:24.04:lts" package="cpp-13" source="gcc-13"
2026/10/05 19:10:54 WE GOT HERE 12 
2026/10/05 19:10:54 CVE QUERY: ecosystem="ubuntu:24.04:lts" package="cpp-13-x86-64-linux-gnu" source="gcc-13"
2026/10/05 19:10:54 WE GOT HERE 12 
2026/10/05 19:10:54 CVE QUERY: ecosystem="ubuntu:24.04:lts" package="cpp-x86-64-linux-gnu" source="gcc-defaults"
2026/10/05 19:10:54 WE GOT HERE 12 
2026/10/05 19:10:54 CVE QUERY: ecosystem="ubuntu:24.04:lts" package="cpu-checker" source=""
2026/10/05 19:10:54 WE GOT HERE 12 
2026/10/05 19:10:54 CVE QUERY: ecosystem="ubuntu:24.04:lts" package="cracklib-runtime" source="cracklib2"
2026/10/05 19:10:54 WE GOT HERE 12 
2026/10/05 19:10:54 CVE QUERY: ecosystem="ubuntu:24.04:lts" package="cramfsswap" source=""
2026/10/05 19:10:54 WE GOT HERE 12 
2026/10/05 19:10:54 CVE QUERY: ecosystem="ubuntu:24.04:lts" package="cron" source=""
2026/10/05 19:10:54 WE GOT HERE 12 
2026/10/05 19:10:54 CVE QUERY: ecosystem="ubuntu:24.04:lts" package="cron-daemon-common" source="cron"
2026/10/05 19:10:54 WE GOT HERE 12 
2026/10/05 19:10:54 CVE QUERY: ecosystem="ubuntu:24.04:lts" package="cryfs" source=""
2026/10/05 19:10:54 WE GOT HERE 12 
2026/10/05 19:10:54 CVE QUERY: ecosystem="ubuntu:24.04:lts" package="cryptsetup" source=""
2026/10/05 19:10:54 WE GOT HERE 12 
2026/10/05 19:10:54 CVE QUERY: ecosystem="ubuntu:24.04:lts" package="cryptsetup-bin" source="cryptsetup"
2026/10/05 19:10:54 WE GOT HERE 12 
2026/10/05 19:10:54 CVE QUERY: ecosystem="ubuntu:24.04:lts" package="cryptsetup-initramfs" source="cryptsetup"
2026/10/05 19:10:54 WE GOT HERE 12 
2026/10/05 19:10:54 CVE QUERY: ecosystem="ubuntu:24.04:lts" package="cups" source=""
2026/10/05 19:10:54 WE GOT HERE 12 
2026/10/05 19:10:54 CVE QUERY: ecosystem="ubuntu:24.04:lts" package="cups-browsed" source=""
2026/10/05 19:10:54 WE GOT HERE 1-1
2026/10/05 19:10:54 Safe Package {Name:cups-browsed Version:2.0.0-0ubuntu10.3 PURL: Source:{SourceName: SourceVersion:}}
2026/10/05 19:10:54 CVE QUERY: ecosystem="ubuntu:24.04:lts" package="cups-bsd" source="cups"
2026/10/05 19:10:54 WE GOT HERE 12 
2026/10/05 19:10:54 CVE QUERY: ecosystem="ubuntu:24.04:lts" package="cups-client" source="cups"
2026/10/05 19:10:54 WE GOT HERE 12 
2026/10/05 19:10:54 CVE QUERY: ecosystem="ubuntu:24.04:lts" package="cups-common" source="cups"
2026/10/05 19:10:54 WE GOT HERE 12 
2026/10/05 19:10:54 CVE QUERY: ecosystem="ubuntu:24.04:lts" package="cups-core-drivers" source="cups"
2026/10/05 19:10:54 WE GOT HERE 12 
2026/10/05 19:10:54 CVE QUERY: ecosystem="ubuntu:24.04:lts" package="cups-daemon" source="cups"
2026/10/05 19:10:54 WE GOT HERE 12 
2026/10/05 19:10:54 CVE QUERY: ecosystem="ubuntu:24.04:lts" package="cups-filters" source=""
2026/10/05 19:10:54 WE GOT HERE 12 
2026/10/05 19:10:54 CVE QUERY: ecosystem="ubuntu:24.04:lts" package="cups-filters-core-drivers" source="cups-filters"
2026/10/05 19:10:54 WE GOT HERE 12 
2026/10/05 19:10:54 CVE QUERY: ecosystem="ubuntu:24.04:lts" package="cups-ipp-utils" source="cups"
2026/10/05 19:10:54 WE GOT HERE 12 
2026/10/05 19:10:54 CVE QUERY: ecosystem="ubuntu:24.04:lts" package="cups-pk-helper" source=""
2026/10/05 19:10:54 WE GOT HERE 12 
2026/10/05 19:10:54 CVE QUERY: ecosystem="ubuntu:24.04:lts" package="cups-ppdc" source="cups"
2026/10/05 19:10:54 WE GOT HERE 12 
2026/10/05 19:10:54 CVE QUERY: ecosystem="ubuntu:24.04:lts" package="cups-server-common" source="cups"
2026/10/05 19:10:54 WE GOT HERE 12 
2026/10/05 19:10:54 CVE QUERY: ecosystem="ubuntu:24.04:lts" package="curl" source=""
2026/10/05 19:10:54 WE GOT HERE 1-1
2026/10/05 19:10:54 Safe Package {Name:curl Version:8.5.0-2ubuntu10.15 PURL: Source:{SourceName: SourceVersion:}}
2026/10/05 19:10:54 CVE QUERY: ecosystem="ubuntu:24.04:lts" package="cursor" source=""
2026/10/05 19:10:54 WE GOT HERE 12 
2026/10/05 19:10:54 CVE QUERY: ecosystem="ubuntu:24.04:lts" package="dash" source=""
2026/10/05 19:10:54 WE GOT HERE 12 
2026/10/05 19:10:54 CVE QUERY: ecosystem="ubuntu:24.04:lts" package="dbus" source=""
2026/10/05 19:10:54 WE GOT HERE 12 
2026/10/05 19:10:54 CVE QUERY: ecosystem="ubuntu:24.04:lts" package="dbus-bin" source="dbus"
2026/10/05 19:10:54 WE GOT HERE 12 
2026/10/05 19:10:54 CVE QUERY: ecosystem="ubuntu:24.04:lts" package="dbus-daemon" source="dbus"
2026/10/05 19:10:54 WE GOT HERE 12 
2026/10/05 19:10:54 CVE QUERY: ecosystem="ubuntu:24.04:lts" package="dbus-session-bus-common" source="dbus"
2026/10/05 19:10:54 WE GOT HERE 12 
2026/10/05 19:10:54 CVE QUERY: ecosystem="ubuntu:24.04:lts" package="dbus-system-bus-common" source="dbus"
2026/10/05 19:10:54 WE GOT HERE 12 
2026/10/05 19:10:54 CVE QUERY: ecosystem="ubuntu:24.04:lts" package="dbus-user-session" source="dbus"
2026/10/05 19:10:54 WE GOT HERE 12 
2026/10/05 19:10:54 CVE QUERY: ecosystem="ubuntu:24.04:lts" package="dbus-x11" source="dbus"
2026/10/05 19:10:54 WE GOT HERE 12 
2026/10/05 19:10:54 CVE QUERY: ecosystem="ubuntu:24.04:lts" package="dc" source="bc"
2026/10/05 19:10:54 WE GOT HERE 12 
2026/10/05 19:10:54 CVE QUERY: ecosystem="ubuntu:24.04:lts" package="dconf-cli" source="dconf"
2026/10/05 19:10:54 WE GOT HERE 12 
2026/10/05 19:10:54 CVE QUERY: ecosystem="ubuntu:24.04:lts" package="dconf-gsettings-backend:amd64" source="dconf"
2026/10/05 19:10:54 WE GOT HERE 12 
2026/10/05 19:10:54 CVE QUERY: ecosystem="ubuntu:24.04:lts" package="dconf-service" source="dconf"
2026/10/05 19:10:54 WE GOT HERE 12 
2026/10/05 19:10:54 CVE QUERY: ecosystem="ubuntu:24.04:lts" package="debconf" source=""
2026/10/05 19:10:54 WE GOT HERE 12 
2026/10/05 19:10:54 CVE QUERY: ecosystem="ubuntu:24.04:lts" package="debconf-i18n" source="debconf"
2026/10/05 19:10:54 WE GOT HERE 12 
2026/10/05 19:10:54 CVE QUERY: ecosystem="ubuntu:24.04:lts" package="debconf-kde-data" source="debconf-kde"
2026/10/05 19:10:54 WE GOT HERE 12 
2026/10/05 19:10:54 CVE QUERY: ecosystem="ubuntu:24.04:lts" package="debconf-kde-helper" source="debconf-kde"
2026/10/05 19:10:54 WE GOT HERE 12 
2026/10/05 19:10:54 CVE QUERY: ecosystem="ubuntu:24.04:lts" package="debianutils" source=""
2026/10/05 19:10:54 WE GOT HERE 12 
2026/10/05 19:10:54 CVE QUERY: ecosystem="ubuntu:24.04:lts" package="default-jre" source="java-common"
2026/10/05 19:10:54 WE GOT HERE 12 
2026/10/05 19:10:54 CVE QUERY: ecosystem="ubuntu:24.04:lts" package="default-jre-headless" source="java-common"
2026/10/05 19:10:54 WE GOT HERE 12 
2026/10/05 19:10:54 CVE QUERY: ecosystem="ubuntu:24.04:lts" package="desktop-file-utils" source=""
2026/10/05 19:10:54 WE GOT HERE 12 
2026/10/05 19:10:54 CVE QUERY: ecosystem="ubuntu:24.04:lts" package="dhcpcd-base" source="dhcpcd"
2026/10/05 19:10:54 WE GOT HERE 12 
2026/10/05 19:10:54 CVE QUERY: ecosystem="ubuntu:24.04:lts" package="dictionaries-common" source=""
2026/10/05 19:10:54 WE GOT HERE 12 
2026/10/05 19:10:54 CVE QUERY: ecosystem="ubuntu:24.04:lts" package="diffutils" source=""
2026/10/05 19:10:54 WE GOT HERE 12 
2026/10/05 19:10:54 CVE QUERY: ecosystem="ubuntu:24.04:lts" package="dirb" source=""
2026/10/05 19:10:54 WE GOT HERE 12 
2026/10/05 19:10:54 CVE QUERY: ecosystem="ubuntu:24.04:lts" package="dirmngr" source="gnupg2"
2026/10/05 19:10:54 WE GOT HERE 1-1
2026/10/05 19:10:54 CVE QUERY: ecosystem="ubuntu:24.04:lts" package="distro-info" source=""
2026/10/05 19:10:54 WE GOT HERE 12 
2026/10/05 19:10:54 CVE QUERY: ecosystem="ubuntu:24.04:lts" package="distro-info-data" source=""
2026/10/05 19:10:54 WE GOT HERE 12 
2026/10/05 19:10:54 CVE QUERY: ecosystem="ubuntu:24.04:lts" package="dmeventd" source="lvm2"
2026/10/05 19:10:54 WE GOT HERE 12 
2026/10/05 19:10:54 CVE QUERY: ecosystem="ubuntu:24.04:lts" package="dmidecode" source=""
2026/10/05 19:10:54 WE GOT HERE 12 
2026/10/05 19:10:54 CVE QUERY: ecosystem="ubuntu:24.04:lts" package="dmraid" source=""
2026/10/05 19:10:54 WE GOT HERE 12 
2026/10/05 19:10:54 CVE QUERY: ecosystem="ubuntu:24.04:lts" package="dmsetup" source="lvm2"
2026/10/05 19:10:54 WE GOT HERE 12 
2026/10/05 19:10:54 CVE QUERY: ecosystem="ubuntu:24.04:lts" package="dns-root-data" source=""
2026/10/05 19:10:54 WE GOT HERE 12 
2026/10/05 19:10:54 CVE QUERY: ecosystem="ubuntu:24.04:lts" package="dnsmasq-base" source="dnsmasq"
2026/10/05 19:10:54 WE GOT HERE 12 
2026/10/05 19:10:54 CVE QUERY: ecosystem="ubuntu:24.04:lts" package="docbook-xml" source=""
2026/10/05 19:10:54 WE GOT HERE 12 
2026/10/05 19:10:54 CVE QUERY: ecosystem="ubuntu:24.04:lts" package="docbook-xsl" source=""
2026/10/05 19:10:54 WE GOT HERE 12 
2026/10/05 19:10:54 CVE QUERY: ecosystem="ubuntu:24.04:lts" package="docker-buildx-plugin" source=""
2026/10/05 19:10:54 WE GOT HERE 12 
2026/10/05 19:10:54 CVE QUERY: ecosystem="ubuntu:24.04:lts" package="docker-ce" source=""
2026/10/05 19:10:54 WE GOT HERE 12 
2026/10/05 19:10:54 CVE QUERY: ecosystem="ubuntu:24.04:lts" package="docker-ce-cli" source="docker-ce"
2026/10/05 19:10:54 WE GOT HERE 12 
2026/10/05 19:10:54 CVE QUERY: ecosystem="ubuntu:24.04:lts" package="docker-ce-rootless-extras" source="docker-ce"
2026/10/05 19:10:54 WE GOT HERE 12 
2026/10/05 19:10:54 CVE QUERY: ecosystem="ubuntu:24.04:lts" package="docker-compose-plugin" source=""
2026/10/05 19:10:54 WE GOT HERE 12 
2026/10/05 19:10:54 CVE QUERY: ecosystem="ubuntu:24.04:lts" package="dolphin" source=""
2026/10/05 19:10:54 WE GOT HERE 12 
2026/10/05 19:10:54 CVE QUERY: ecosystem="ubuntu:24.04:lts" package="dolphin-plugins" source=""
2026/10/05 19:10:54 WE GOT HERE 12 
2026/10/05 19:10:54 CVE QUERY: ecosystem="ubuntu:24.04:lts" package="dosfstools" source=""
2026/10/05 19:10:54 WE GOT HERE 12 
2026/10/05 19:10:54 CVE QUERY: ecosystem="ubuntu:24.04:lts" package="dotnet-apphost-pack-8.0" source="dotnet8"
2026/10/05 19:10:54 WE GOT HERE 12 
2026/10/05 19:10:54 CVE QUERY: ecosystem="ubuntu:24.04:lts" package="dotnet-host-8.0" source="dotnet8"
2026/10/05 19:10:54 WE GOT HERE 12 
2026/10/05 19:10:54 CVE QUERY: ecosystem="ubuntu:24.04:lts" package="dotnet-hostfxr-8.0" source="dotnet8"
2026/10/05 19:10:54 WE GOT HERE 12 
2026/10/05 19:10:54 CVE QUERY: ecosystem="ubuntu:24.04:lts" package="dotnet-runtime-8.0" source="dotnet8"
2026/10/05 19:10:54 WE GOT HERE 12 
2026/10/05 19:10:54 CVE QUERY: ecosystem="ubuntu:24.04:lts" package="dotnet-sdk-8.0" source="dotnet8"
2026/10/05 19:10:54 WE GOT HERE 12 
2026/10/05 19:10:54 CVE QUERY: ecosystem="ubuntu:24.04:lts" package="dotnet-targeting-pack-8.0" source="dotnet8"
2026/10/05 19:10:54 WE GOT HERE 12 
2026/10/05 19:10:54 CVE QUERY: ecosystem="ubuntu:24.04:lts" package="dotnet-templates-8.0" source="dotnet8"
2026/10/05 19:10:54 WE GOT HERE 12 
2026/10/05 19:10:54 CVE QUERY: ecosystem="ubuntu:24.04:lts" package="dpkg" source=""
2026/10/05 19:10:54 WE GOT HERE 1-1
2026/10/05 19:10:54 Safe Package {Name:dpkg Version:1.22.6ubuntu6.6 PURL: Source:{SourceName: SourceVersion:}}
2026/10/05 19:10:54 CVE QUERY: ecosystem="ubuntu:24.04:lts" package="dpkg-dev" source="dpkg"
2026/10/05 19:10:54 WE GOT HERE 1-1
2026/10/05 19:10:54 CVE QUERY: ecosystem="ubuntu:24.04:lts" package="dracut-install" source="dracut"
2026/10/05 19:10:54 WE GOT HERE 12 
2026/10/05 19:10:54 CVE QUERY: ecosystem="ubuntu:24.04:lts" package="drkonqi" source=""
2026/10/05 19:10:54 WE GOT HERE 12 
2026/10/05 19:10:54 CVE QUERY: ecosystem="ubuntu:24.04:lts" package="e2fsprogs" source=""
2026/10/05 19:10:54 WE GOT HERE 12 
2026/10/05 19:10:54 CVE QUERY: ecosystem="ubuntu:24.04:lts" package="e2fsprogs-l10n" source="e2fsprogs"
2026/10/05 19:10:54 WE GOT HERE 12 
2026/10/05 19:10:54 CVE QUERY: ecosystem="ubuntu:24.04:lts" package="ed" source=""
2026/10/05 19:10:54 WE GOT HERE 12 
2026/10/05 19:10:54 CVE QUERY: ecosystem="ubuntu:24.04:lts" package="efibootmgr" source=""
2026/10/05 19:10:54 WE GOT HERE 12 
2026/10/05 19:10:54 CVE QUERY: ecosystem="ubuntu:24.04:lts" package="eject" source="util-linux"
2026/10/05 19:10:54 WE GOT HERE 12 
2026/10/05 19:10:54 CVE QUERY: ecosystem="ubuntu:24.04:lts" package="elisa" source="elisa-player"
2026/10/05 19:10:54 WE GOT HERE 12 
2026/10/05 19:10:54 CVE QUERY: ecosystem="ubuntu:24.04:lts" package="emacsen-common" source=""
2026/10/05 19:10:54 WE GOT HERE 12 
2026/10/05 19:10:54 CVE QUERY: ecosystem="ubuntu:24.04:lts" package="enchant-2" source=""
2026/10/05 19:10:54 WE GOT HERE 12 
2026/10/05 19:10:54 CVE QUERY: ecosystem="ubuntu:24.04:lts" package="espeak-ng-data:amd64" source="espeak-ng"
2026/10/05 19:10:54 WE GOT HERE 12 
2026/10/05 19:10:54 CVE QUERY: ecosystem="ubuntu:24.04:lts" package="ethtool" source=""
2026/10/05 19:10:54 WE GOT HERE 12 
2026/10/05 19:10:54 CVE QUERY: ecosystem="ubuntu:24.04:lts" package="evolution-data-server" source=""
2026/10/05 19:10:54 WE GOT HERE 12 
2026/10/05 19:10:54 CVE QUERY: ecosystem="ubuntu:24.04:lts" package="evolution-data-server-common" source="evolution-data-server"
2026/10/05 19:10:54 WE GOT HERE 12 
2026/10/05 19:10:54 CVE QUERY: ecosystem="ubuntu:24.04:lts" package="fakeroot" source=""
2026/10/05 19:10:54 WE GOT HERE 12 
2026/10/05 19:10:54 CVE QUERY: ecosystem="ubuntu:24.04:lts" package="fastboot" source="android-platform-tools"
2026/10/05 19:10:54 WE GOT HERE 12 
2026/10/05 19:10:54 CVE QUERY: ecosystem="ubuntu:24.04:lts" package="fcitx5" source=""
2026/10/05 19:10:54 WE GOT HERE 12 
2026/10/05 19:10:54 CVE QUERY: ecosystem="ubuntu:24.04:lts" package="fcitx5-chinese-addons" source=""
2026/10/05 19:10:54 WE GOT HERE 12 
2026/10/05 19:10:54 CVE QUERY: ecosystem="ubuntu:24.04:lts" package="fcitx5-chinese-addons-bin" source="fcitx5-chinese-addons"
2026/10/05 19:10:54 WE GOT HERE 12 
2026/10/05 19:10:54 CVE QUERY: ecosystem="ubuntu:24.04:lts" package="fcitx5-chinese-addons-data" source="fcitx5-chinese-addons"
2026/10/05 19:10:54 WE GOT HERE 12 
2026/10/05 19:10:54 CVE QUERY: ecosystem="ubuntu:24.04:lts" package="fcitx5-config-qt" source="fcitx5-configtool"
2026/10/05 19:10:54 WE GOT HERE 12 
2026/10/05 19:10:54 CVE QUERY: ecosystem="ubuntu:24.04:lts" package="fcitx5-data" source="fcitx5"
2026/10/05 19:10:54 WE GOT HERE 12 
2026/10/05 19:10:54 CVE QUERY: ecosystem="ubuntu:24.04:lts" package="fcitx5-frontend-all" source="fcitx5"
2026/10/05 19:10:54 WE GOT HERE 12 
2026/10/05 19:10:54 CVE QUERY: ecosystem="ubuntu:24.04:lts" package="fcitx5-frontend-gtk3" source="fcitx5-gtk"
2026/10/05 19:10:54 WE GOT HERE 12 
2026/10/05 19:10:54 CVE QUERY: ecosystem="ubuntu:24.04:lts" package="fcitx5-frontend-gtk4" source="fcitx5-gtk"
2026/10/05 19:10:54 WE GOT HERE 12 
2026/10/05 19:10:54 CVE QUERY: ecosystem="ubuntu:24.04:lts" package="fcitx5-frontend-qt5" source="fcitx5-qt"
2026/10/05 19:10:54 WE GOT HERE 12 
2026/10/05 19:10:54 CVE QUERY: ecosystem="ubuntu:24.04:lts" package="fcitx5-frontend-qt6" source="fcitx5-qt"
2026/10/05 19:10:54 WE GOT HERE 12 
2026/10/05 19:10:54 CVE QUERY: ecosystem="ubuntu:24.04:lts" package="fcitx5-material-color" source=""
2026/10/05 19:10:54 WE GOT HERE 12 
2026/10/05 19:10:54 CVE QUERY: ecosystem="ubuntu:24.04:lts" package="fcitx5-module-chttrans:amd64" source="fcitx5-chinese-addons"
2026/10/05 19:10:54 WE GOT HERE 12 
2026/10/05 19:10:54 CVE QUERY: ecosystem="ubuntu:24.04:lts" package="fcitx5-module-cloudpinyin:amd64" source="fcitx5-chinese-addons"
2026/10/05 19:10:54 WE GOT HERE 12 
2026/10/05 19:10:54 CVE QUERY: ecosystem="ubuntu:24.04:lts" package="fcitx5-module-fullwidth:amd64" source="fcitx5-chinese-addons"
2026/10/05 19:10:54 WE GOT HERE 12 
2026/10/05 19:10:54 CVE QUERY: ecosystem="ubuntu:24.04:lts" package="fcitx5-module-lua:amd64" source="fcitx5-lua"
2026/10/05 19:10:54 WE GOT HERE 12 
2026/10/05 19:10:54 CVE QUERY: ecosystem="ubuntu:24.04:lts" package="fcitx5-module-lua-common" source="fcitx5-lua"
2026/10/05 19:10:54 WE GOT HERE 12 
2026/10/05 19:10:54 CVE QUERY: ecosystem="ubuntu:24.04:lts" package="fcitx5-module-pinyinhelper:amd64" source="fcitx5-chinese-addons"
2026/10/05 19:10:54 WE GOT HERE 12 
2026/10/05 19:10:54 CVE QUERY: ecosystem="ubuntu:24.04:lts" package="fcitx5-module-punctuation:amd64" source="fcitx5-chinese-addons"
2026/10/05 19:10:54 WE GOT HERE 12 
2026/10/05 19:10:54 CVE QUERY: ecosystem="ubuntu:24.04:lts" package="fcitx5-modules:amd64" source="fcitx5"
2026/10/05 19:10:54 WE GOT HERE 12 
2026/10/05 19:10:54 CVE QUERY: ecosystem="ubuntu:24.04:lts" package="fcitx5-pinyin:amd64" source="fcitx5-chinese-addons"
2026/10/05 19:10:54 WE GOT HERE 12 
2026/10/05 19:10:54 CVE QUERY: ecosystem="ubuntu:24.04:lts" package="fcitx5-pinyin-gui:amd64" source="fcitx5-chinese-addons"
2026/10/05 19:10:54 WE GOT HERE 12 
2026/10/05 19:10:54 CVE QUERY: ecosystem="ubuntu:24.04:lts" package="fcitx5-table:amd64" source="fcitx5-chinese-addons"
2026/10/05 19:10:54 WE GOT HERE 12 
2026/10/05 19:10:54 CVE QUERY: ecosystem="ubuntu:24.04:lts" package="fdisk" source="util-linux"
2026/10/05 19:10:54 WE GOT HERE 12 
2026/10/05 19:10:54 CVE QUERY: ecosystem="ubuntu:24.04:lts" package="ffmpeg" source=""
2026/10/05 19:10:54 WE GOT HERE 1-1
2026/10/05 19:10:54 Safe Package {Name:ffmpeg Version:7:6.1.1-3ubuntu5 PURL: Source:{SourceName: SourceVersion:}}
2026/10/05 19:10:54 CVE QUERY: ecosystem="ubuntu:24.04:lts" package="ffmpegthumbs" source=""
2026/10/05 19:10:54 WE GOT HERE 12 
2026/10/05 19:10:54 CVE QUERY: ecosystem="ubuntu:24.04:lts" package="ffuf" source=""
2026/10/05 19:10:54 WE GOT HERE 12 
2026/10/05 19:10:54 CVE QUERY: ecosystem="ubuntu:24.04:lts" package="file" source=""
2026/10/05 19:10:54 WE GOT HERE 12 
2026/10/05 19:10:54 CVE QUERY: ecosystem="ubuntu:24.04:lts" package="findutils" source=""
2026/10/05 19:10:54 WE GOT HERE 12 
2026/10/05 19:10:54 CVE QUERY: ecosystem="ubuntu:24.04:lts" package="firefox" source=""
2026/10/05 19:10:54 WE GOT HERE 12 
2026/10/05 19:10:54 CVE QUERY: ecosystem="ubuntu:24.04:lts" package="firmware-sof-signed" source="firmware-sof"
2026/10/05 19:10:54 WE GOT HERE 12 
2026/10/05 19:10:54 CVE QUERY: ecosystem="ubuntu:24.04:lts" package="flatpak" source=""
2026/10/05 19:10:54 WE GOT HERE 12 
2026/10/05 19:10:54 CVE QUERY: ecosystem="ubuntu:24.04:lts" package="flowblade" source=""
2026/10/05 19:10:54 WE GOT HERE 12 
2026/10/05 19:10:54 CVE QUERY: ecosystem="ubuntu:24.04:lts" package="fontconfig" source=""
2026/10/05 19:10:54 WE GOT HERE 12 
2026/10/05 19:10:54 CVE QUERY: ecosystem="ubuntu:24.04:lts" package="fontconfig-config" source="fontconfig"
2026/10/05 19:10:54 WE GOT HERE 12 
2026/10/05 19:10:54 CVE QUERY: ecosystem="ubuntu:24.04:lts" package="fonts-dejavu" source=""
2026/10/05 19:10:54 WE GOT HERE 12 
2026/10/05 19:10:54 CVE QUERY: ecosystem="ubuntu:24.04:lts" package="fonts-dejavu-core" source="fonts-dejavu"
2026/10/05 19:10:54 WE GOT HERE 12 
2026/10/05 19:10:54 CVE QUERY: ecosystem="ubuntu:24.04:lts" package="fonts-dejavu-extra" source="fonts-dejavu"
2026/10/05 19:10:54 WE GOT HERE 12 
2026/10/05 19:10:54 CVE QUERY: ecosystem="ubuntu:24.04:lts" package="fonts-dejavu-mono" source="fonts-dejavu"
2026/10/05 19:10:54 WE GOT HERE 12 
2026/10/05 19:10:54 CVE QUERY: ecosystem="ubuntu:24.04:lts" package="fonts-droid-fallback" source="fonts-android"
2026/10/05 19:10:54 WE GOT HERE 12 
2026/10/05 19:10:54 CVE QUERY: ecosystem="ubuntu:24.04:lts" package="fonts-freefont-ttf" source="fonts-freefont"
2026/10/05 19:10:54 WE GOT HERE 12 
2026/10/05 19:10:54 CVE QUERY: ecosystem="ubuntu:24.04:lts" package="fonts-hack" source=""
2026/10/05 19:10:54 WE GOT HERE 12 
2026/10/05 19:10:54 CVE QUERY: ecosystem="ubuntu:24.04:lts" package="fonts-ibm-plex" source=""
2026/10/05 19:10:54 WE GOT HERE 12 
2026/10/05 19:10:54 CVE QUERY: ecosystem="ubuntu:24.04:lts" package="fonts-katex" source="node-katex"
2026/10/05 19:10:54 WE GOT HERE 12 
2026/10/05 19:10:54 CVE QUERY: ecosystem="ubuntu:24.04:lts" package="fonts-lato" source=""
2026/10/05 19:10:54 WE GOT HERE 12 
2026/10/05 19:10:54 CVE QUERY: ecosystem="ubuntu:24.04:lts" package="fonts-liberation" source=""
2026/10/05 19:10:54 WE GOT HERE 12 
2026/10/05 19:10:54 CVE QUERY: ecosystem="ubuntu:24.04:lts" package="fonts-liberation-sans-narrow" source=""
2026/10/05 19:10:54 WE GOT HERE 12 
2026/10/05 19:10:54 CVE QUERY: ecosystem="ubuntu:24.04:lts" package="fonts-lyx" source="lyx"
2026/10/05 19:10:54 WE GOT HERE 12 
2026/10/05 19:10:54 CVE QUERY: ecosystem="ubuntu:24.04:lts" package="fonts-mathjax" source="mathjax"
2026/10/05 19:10:54 WE GOT HERE 12 
2026/10/05 19:10:54 CVE QUERY: ecosystem="ubuntu:24.04:lts" package="fonts-noto-cjk" source=""
2026/10/05 19:10:54 WE GOT HERE 12 
2026/10/05 19:10:54 CVE QUERY: ecosystem="ubuntu:24.04:lts" package="fonts-noto-color-emoji" source=""
2026/10/05 19:10:54 WE GOT HERE 12 
2026/10/05 19:10:54 CVE QUERY: ecosystem="ubuntu:24.04:lts" package="fonts-noto-core" source="fonts-noto"
2026/10/05 19:10:54 WE GOT HERE 12 
2026/10/05 19:10:54 CVE QUERY: ecosystem="ubuntu:24.04:lts" package="fonts-noto-hinted" source="fonts-noto"
2026/10/05 19:10:54 WE GOT HERE 12 
2026/10/05 19:10:54 CVE QUERY: ecosystem="ubuntu:24.04:lts" package="fonts-noto-mono" source="fonts-noto"
2026/10/05 19:10:54 WE GOT HERE 12 
2026/10/05 19:10:54 CVE QUERY: ecosystem="ubuntu:24.04:lts" package="fonts-noto-ui-core" source="fonts-noto"
2026/10/05 19:10:54 WE GOT HERE 12 
2026/10/05 19:10:54 CVE QUERY: ecosystem="ubuntu:24.04:lts" package="fonts-noto-unhinted" source="fonts-noto"
2026/10/05 19:10:54 WE GOT HERE 12 
2026/10/05 19:10:54 CVE QUERY: ecosystem="ubuntu:24.04:lts" package="fonts-opensymbol" source="libreoffice"
2026/10/05 19:10:54 WE GOT HERE 1-1
2026/10/05 19:10:54 CVE QUERY: ecosystem="ubuntu:24.04:lts" package="fonts-terminus" source="cool-retro-term"
2026/10/05 19:10:54 WE GOT HERE 12 
2026/10/05 19:10:54 CVE QUERY: ecosystem="ubuntu:24.04:lts" package="fonts-ubuntu" source=""
2026/10/05 19:10:54 WE GOT HERE 12 
2026/10/05 19:10:54 CVE QUERY: ecosystem="ubuntu:24.04:lts" package="fonts-unifont" source="unifont"
2026/10/05 19:10:54 WE GOT HERE 12 
2026/10/05 19:10:54 CVE QUERY: ecosystem="ubuntu:24.04:lts" package="fonts-urw-base35" source=""
2026/10/05 19:10:54 WE GOT HERE 12 
2026/10/05 19:10:54 CVE QUERY: ecosystem="ubuntu:24.04:lts" package="fonts-wine" source="wine"
2026/10/05 19:10:54 WE GOT HERE 12 
2026/10/05 19:10:54 CVE QUERY: ecosystem="ubuntu:24.04:lts" package="foomatic-db-compressed-ppds" source="foomatic-db"
2026/10/05 19:10:54 WE GOT HERE 12 
2026/10/05 19:10:54 CVE QUERY: ecosystem="ubuntu:24.04:lts" package="frameworkintegration" source=""
2026/10/05 19:10:54 WE GOT HERE 12 
2026/10/05 19:10:54 CVE QUERY: ecosystem="ubuntu:24.04:lts" package="freerdp2-x11" source="freerdp2"
2026/10/05 19:10:54 WE GOT HERE 12 
2026/10/05 19:10:54 CVE QUERY: ecosystem="ubuntu:24.04:lts" package="frei0r-plugins" source="frei0r"
2026/10/05 19:10:54 WE GOT HERE 12 
2026/10/05 19:10:54 CVE QUERY: ecosystem="ubuntu:24.04:lts" package="friendly-recovery" source=""
2026/10/05 19:10:54 WE GOT HERE 12 
2026/10/05 19:10:54 CVE QUERY: ecosystem="ubuntu:24.04:lts" package="ftp" source="tnftp"
2026/10/05 19:10:54 WE GOT HERE 12 
2026/10/05 19:10:54 CVE QUERY: ecosystem="ubuntu:24.04:lts" package="fuse3" source=""
2026/10/05 19:10:54 WE GOT HERE 12 
2026/10/05 19:10:54 CVE QUERY: ecosystem="ubuntu:24.04:lts" package="fuseiso" source=""
2026/10/05 19:10:54 WE GOT HERE 12 
2026/10/05 19:10:54 CVE QUERY: ecosystem="ubuntu:24.04:lts" package="fwupd" source=""
2026/10/05 19:10:54 WE GOT HERE 12 
2026/10/05 19:10:54 CVE QUERY: ecosystem="ubuntu:24.04:lts" package="fwupd-signed" source="fwupd-signed"
2026/10/05 19:10:54 WE GOT HERE 12 
2026/10/05 19:10:54 CVE QUERY: ecosystem="ubuntu:24.04:lts" package="fzf" source=""
2026/10/05 19:10:54 WE GOT HERE 12 
2026/10/05 19:10:54 CVE QUERY: ecosystem="ubuntu:24.04:lts" package="g++" source="gcc-defaults"
2026/10/05 19:10:54 WE GOT HERE 12 
2026/10/05 19:10:54 CVE QUERY: ecosystem="ubuntu:24.04:lts" package="g++-13" source="gcc-13"
2026/10/05 19:10:54 WE GOT HERE 12 
2026/10/05 19:10:54 CVE QUERY: ecosystem="ubuntu:24.04:lts" package="g++-13-x86-64-linux-gnu" source="gcc-13"
2026/10/05 19:10:54 WE GOT HERE 12 
2026/10/05 19:10:54 CVE QUERY: ecosystem="ubuntu:24.04:lts" package="g++-x86-64-linux-gnu" source="gcc-defaults"
2026/10/05 19:10:54 WE GOT HERE 12 
2026/10/05 19:10:54 CVE QUERY: ecosystem="ubuntu:24.04:lts" package="gawk" source=""
2026/10/05 19:10:54 WE GOT HERE 12 
2026/10/05 19:10:54 CVE QUERY: ecosystem="ubuntu:24.04:lts" package="gcc" source="gcc-defaults"
2026/10/05 19:10:54 WE GOT HERE 12 
2026/10/05 19:10:54 CVE QUERY: ecosystem="ubuntu:24.04:lts" package="gcc-13" source=""
2026/10/05 19:10:54 WE GOT HERE 12 
2026/10/05 19:10:54 CVE QUERY: ecosystem="ubuntu:24.04:lts" package="gcc-13-base:amd64" source="gcc-13"
2026/10/05 19:10:54 WE GOT HERE 12 
2026/10/05 19:10:54 CVE QUERY: ecosystem="ubuntu:24.04:lts" package="gcc-13-x86-64-linux-gnu" source="gcc-13"
2026/10/05 19:10:54 WE GOT HERE 12 
2026/10/05 19:10:54 CVE QUERY: ecosystem="ubuntu:24.04:lts" package="gcc-14-base:amd64" source="gcc-14"
2026/10/05 19:10:54 WE GOT HERE 12 
2026/10/05 19:10:54 CVE QUERY: ecosystem="ubuntu:24.04:lts" package="gcc-14-base:i386" source="gcc-14"
2026/10/05 19:10:54 WE GOT HERE 12 
2026/10/05 19:10:54 CVE QUERY: ecosystem="ubuntu:24.04:lts" package="gcc-x86-64-linux-gnu" source="gcc-defaults"
2026/10/05 19:10:54 WE GOT HERE 12 
2026/10/05 19:10:54 CVE QUERY: ecosystem="ubuntu:24.04:lts" package="gcr" source=""
2026/10/05 19:10:54 WE GOT HERE 12 
2026/10/05 19:10:54 CVE QUERY: ecosystem="ubuntu:24.04:lts" package="gcr4" source=""
2026/10/05 19:10:54 WE GOT HERE 12 
2026/10/05 19:10:54 CVE QUERY: ecosystem="ubuntu:24.04:lts" package="gdal-data" source="gdal"
2026/10/05 19:10:54 WE GOT HERE 12 
2026/10/05 19:10:54 CVE QUERY: ecosystem="ubuntu:24.04:lts" package="gdal-plugins:amd64" source="gdal"
2026/10/05 19:10:54 WE GOT HERE 12 
2026/10/05 19:10:54 CVE QUERY: ecosystem="ubuntu:24.04:lts" package="gdb" source=""
2026/10/05 19:10:54 WE GOT HERE 12 
2026/10/05 19:10:54 CVE QUERY: ecosystem="ubuntu:24.04:lts" package="genisoimage" source="cdrkit"
2026/10/05 19:10:54 WE GOT HERE 12 
2026/10/05 19:10:54 CVE QUERY: ecosystem="ubuntu:24.04:lts" package="geoclue-2.0" source=""
2026/10/05 19:10:54 WE GOT HERE 12 
2026/10/05 19:10:54 CVE QUERY: ecosystem="ubuntu:24.04:lts" package="geocode-glib-common" source="geocode-glib"
2026/10/05 19:10:54 WE GOT HERE 12 
2026/10/05 19:10:54 CVE QUERY: ecosystem="ubuntu:24.04:lts" package="gettext-base" source="gettext"
2026/10/05 19:10:54 WE GOT HERE 12 
2026/10/05 19:10:54 CVE QUERY: ecosystem="ubuntu:24.04:lts" package="gh" source=""
2026/10/05 19:10:54 WE GOT HERE 12 
2026/10/05 19:10:54 CVE QUERY: ecosystem="ubuntu:24.04:lts" package="ghostscript" source=""
2026/10/05 19:10:54 WE GOT HERE 1-1
2026/10/05 19:10:54 Safe Package {Name:ghostscript Version:10.02.1~dfsg1-0ubuntu7.9 PURL: Source:{SourceName: SourceVersion:}}
2026/10/05 19:10:54 CVE QUERY: ecosystem="ubuntu:24.04:lts" package="gir1.2-accountsservice-1.0:amd64" source="accountsservice"
2026/10/05 19:10:54 WE GOT HERE 12 
2026/10/05 19:10:54 CVE QUERY: ecosystem="ubuntu:24.04:lts" package="gir1.2-adw-1:amd64" source="libadwaita-1"
2026/10/05 19:10:54 WE GOT HERE 12 
2026/10/05 19:10:54 CVE QUERY: ecosystem="ubuntu:24.04:lts" package="gir1.2-atk-1.0:amd64" source="at-spi2-core"
2026/10/05 19:10:54 WE GOT HERE 12 
2026/10/05 19:10:54 CVE QUERY: ecosystem="ubuntu:24.04:lts" package="gir1.2-atspi-2.0:amd64" source="at-spi2-core"
2026/10/05 19:10:54 WE GOT HERE 12 
2026/10/05 19:10:54 CVE QUERY: ecosystem="ubuntu:24.04:lts" package="gir1.2-ayatanaappindicator3-0.1" source="libayatana-appindicator"
2026/10/05 19:10:54 WE GOT HERE 12 
2026/10/05 19:10:54 CVE QUERY: ecosystem="ubuntu:24.04:lts" package="gir1.2-freedesktop:amd64" source="gobject-introspection"
2026/10/05 19:10:54 WE GOT HERE 12 
2026/10/05 19:10:54 CVE QUERY: ecosystem="ubuntu:24.04:lts" package="gir1.2-gck-2:amd64" source="gcr4"
2026/10/05 19:10:54 WE GOT HERE 12 
2026/10/05 19:10:54 CVE QUERY: ecosystem="ubuntu:24.04:lts" package="gir1.2-gcr-4:amd64" source="gcr4"
2026/10/05 19:10:54 WE GOT HERE 12 
2026/10/05 19:10:54 CVE QUERY: ecosystem="ubuntu:24.04:lts" package="gir1.2-gdesktopenums-3.0:amd64" source="gsettings-desktop-schemas"
2026/10/05 19:10:54 WE GOT HERE 12 
2026/10/05 19:10:54 CVE QUERY: ecosystem="ubuntu:24.04:lts" package="gir1.2-gdkpixbuf-2.0:amd64" source="gdk-pixbuf"
2026/10/05 19:10:54 WE GOT HERE 12 
2026/10/05 19:10:54 CVE QUERY: ecosystem="ubuntu:24.04:lts" package="gir1.2-gdm-1.0" source="gdm3"
2026/10/05 19:10:54 WE GOT HERE 12 
2026/10/05 19:10:54 CVE QUERY: ecosystem="ubuntu:24.04:lts" package="gir1.2-geoclue-2.0:amd64" source="geoclue-2.0"
2026/10/05 19:10:54 WE GOT HERE 12 
2026/10/05 19:10:54 CVE QUERY: ecosystem="ubuntu:24.04:lts" package="gir1.2-girepository-2.0:amd64" source="gobject-introspection"
2026/10/05 19:10:54 WE GOT HERE 12 
2026/10/05 19:10:54 CVE QUERY: ecosystem="ubuntu:24.04:lts" package="gir1.2-glib-2.0:amd64" source="glib2.0"
2026/10/05 19:10:54 WE GOT HERE 12 
2026/10/05 19:10:54 CVE QUERY: ecosystem="ubuntu:24.04:lts" package="gir1.2-gnomebg-4.0:amd64" source="gnome-desktop"
2026/10/05 19:10:54 WE GOT HERE 12 
2026/10/05 19:10:54 CVE QUERY: ecosystem="ubuntu:24.04:lts" package="gir1.2-gnomebluetooth-3.0:amd64" source="gnome-bluetooth3"
2026/10/05 19:10:54 WE GOT HERE 12 
2026/10/05 19:10:54 CVE QUERY: ecosystem="ubuntu:24.04:lts" package="gir1.2-gnomedesktop-4.0:amd64" source="gnome-desktop"
2026/10/05 19:10:54 WE GOT HERE 12 
2026/10/05 19:10:54 CVE QUERY: ecosystem="ubuntu:24.04:lts" package="gir1.2-graphene-1.0:amd64" source="graphene"
2026/10/05 19:10:54 WE GOT HERE 12 
2026/10/05 19:10:54 CVE QUERY: ecosystem="ubuntu:24.04:lts" package="gir1.2-gstreamer-1.0:amd64" source="gstreamer1.0"
2026/10/05 19:10:54 WE GOT HERE 12 
2026/10/05 19:10:54 CVE QUERY: ecosystem="ubuntu:24.04:lts" package="gir1.2-gtk-3.0:amd64" source="gtk+3.0"
2026/10/05 19:10:54 WE GOT HERE 12 
2026/10/05 19:10:54 CVE QUERY: ecosystem="ubuntu:24.04:lts" package="gir1.2-gtk-4.0:amd64" source="gtk4"
2026/10/05 19:10:54 WE GOT HERE 12 
2026/10/05 19:10:54 CVE QUERY: ecosystem="ubuntu:24.04:lts" package="gir1.2-gtk-vnc-2.0:amd64" source="gtk-vnc"
2026/10/05 19:10:54 WE GOT HERE 12 
2026/10/05 19:10:54 CVE QUERY: ecosystem="ubuntu:24.04:lts" package="gir1.2-gtksource-4:amd64" source="gtksourceview4"
2026/10/05 19:10:54 WE GOT HERE 12 
2026/10/05 19:10:54 CVE QUERY: ecosystem="ubuntu:24.04:lts" package="gir1.2-gweather-4.0:amd64" source="libgweather4"
2026/10/05 19:10:54 WE GOT HERE 12 
2026/10/05 19:10:54 CVE QUERY: ecosystem="ubuntu:24.04:lts" package="gir1.2-harfbuzz-0.0:amd64" source="harfbuzz"
2026/10/05 19:10:54 WE GOT HERE 12 
2026/10/05 19:10:54 CVE QUERY: ecosystem="ubuntu:24.04:lts" package="gir1.2-ibus-1.0:amd64" source="ibus"
2026/10/05 19:10:54 WE GOT HERE 12 
2026/10/05 19:10:54 CVE QUERY: ecosystem="ubuntu:24.04:lts" package="gir1.2-javascriptcoregtk-6.0:amd64" source="webkit2gtk"
2026/10/05 19:10:54 WE GOT HERE 1-1
2026/10/05 19:10:54 CVE QUERY: ecosystem="ubuntu:24.04:lts" package="gir1.2-libosinfo-1.0:amd64" source="libosinfo"
2026/10/05 19:10:54 WE GOT HERE 12 
2026/10/05 19:10:54 CVE QUERY: ecosystem="ubuntu:24.04:lts" package="gir1.2-libvirt-glib-1.0:amd64" source="libvirt-glib"
2026/10/05 19:10:54 WE GOT HERE 12 
2026/10/05 19:10:54 CVE QUERY: ecosystem="ubuntu:24.04:lts" package="gir1.2-mutter-14:amd64" source="mutter"
2026/10/05 19:10:54 WE GOT HERE 12 
2026/10/05 19:10:54 CVE QUERY: ecosystem="ubuntu:24.04:lts" package="gir1.2-nm-1.0:amd64" source="network-manager"
2026/10/05 19:10:54 WE GOT HERE 12 
2026/10/05 19:10:54 CVE QUERY: ecosystem="ubuntu:24.04:lts" package="gir1.2-nma4-1.0:amd64" source="libnma"
2026/10/05 19:10:54 WE GOT HERE 12 
2026/10/05 19:10:54 CVE QUERY: ecosystem="ubuntu:24.04:lts" package="gir1.2-notify-0.7:amd64" source="libnotify"
2026/10/05 19:10:54 WE GOT HERE 12 
2026/10/05 19:10:54 CVE QUERY: ecosystem="ubuntu:24.04:lts" package="gir1.2-packagekitglib-1.0" source="packagekit"
2026/10/05 19:10:54 WE GOT HERE 12 
2026/10/05 19:10:54 CVE QUERY: ecosystem="ubuntu:24.04:lts" package="gir1.2-pango-1.0:amd64" source="pango1.0"
2026/10/05 19:10:54 WE GOT HERE 12 
2026/10/05 19:10:54 CVE QUERY: ecosystem="ubuntu:24.04:lts" package="gir1.2-polkit-1.0" source="policykit-1"
2026/10/05 19:10:54 WE GOT HERE 12 
2026/10/05 19:10:54 CVE QUERY: ecosystem="ubuntu:24.04:lts" package="gir1.2-rsvg-2.0:amd64" source="librsvg"
2026/10/05 19:10:54 WE GOT HERE 12 
2026/10/05 19:10:54 CVE QUERY: ecosystem="ubuntu:24.04:lts" package="gir1.2-secret-1:amd64" source="libsecret"
2026/10/05 19:10:54 WE GOT HERE 12 
2026/10/05 19:10:54 CVE QUERY: ecosystem="ubuntu:24.04:lts" package="gir1.2-soup-3.0:amd64" source="libsoup3"
2026/10/05 19:10:54 WE GOT HERE 12 
2026/10/05 19:10:54 CVE QUERY: ecosystem="ubuntu:24.04:lts" package="gir1.2-spiceclientglib-2.0:amd64" source="spice-gtk"
2026/10/05 19:10:54 WE GOT HERE 12 
2026/10/05 19:10:54 CVE QUERY: ecosystem="ubuntu:24.04:lts" package="gir1.2-spiceclientgtk-3.0:amd64" source="spice-gtk"
2026/10/05 19:10:54 WE GOT HERE 12 
2026/10/05 19:10:54 CVE QUERY: ecosystem="ubuntu:24.04:lts" package="gir1.2-udisks-2.0:amd64" source="udisks2"
2026/10/05 19:10:54 WE GOT HERE 1-1
2026/10/05 19:10:54 CVE QUERY: ecosystem="ubuntu:24.04:lts" package="gir1.2-upowerglib-1.0:amd64" source="upower"
2026/10/05 19:10:54 WE GOT HERE 12 
2026/10/05 19:10:54 CVE QUERY: ecosystem="ubuntu:24.04:lts" package="gir1.2-vte-2.91:amd64" source="vte2.91"
2026/10/05 19:10:54 WE GOT HERE 12 
2026/10/05 19:10:54 CVE QUERY: ecosystem="ubuntu:24.04:lts" package="gir1.2-webkit-6.0:amd64" source="webkit2gtk"
2026/10/05 19:10:54 WE GOT HERE 1-1
2026/10/05 19:10:54 CVE QUERY: ecosystem="ubuntu:24.04:lts" package="gir1.2-wnck-3.0:amd64" source="libwnck3"
2026/10/05 19:10:54 WE GOT HERE 12 
2026/10/05 19:10:54 CVE QUERY: ecosystem="ubuntu:24.04:lts" package="git" source=""
2026/10/05 19:10:54 WE GOT HERE 12 
2026/10/05 19:10:54 CVE QUERY: ecosystem="ubuntu:24.04:lts" package="git-man" source="git"
2026/10/05 19:10:54 WE GOT HERE 12 
2026/10/05 19:10:54 CVE QUERY: ecosystem="ubuntu:24.04:lts" package="gkbd-capplet" source="libgnomekbd"
2026/10/05 19:10:54 WE GOT HERE 12 
2026/10/05 19:10:54 CVE QUERY: ecosystem="ubuntu:24.04:lts" package="glib-networking:amd64" source=""
2026/10/05 19:10:54 WE GOT HERE 12 
2026/10/05 19:10:54 CVE QUERY: ecosystem="ubuntu:24.04:lts" package="glib-networking:i386" source=""
2026/10/05 19:10:54 WE GOT HERE 12 
2026/10/05 19:10:54 CVE QUERY: ecosystem="ubuntu:24.04:lts" package="glib-networking-common" source="glib-networking"
2026/10/05 19:10:54 WE GOT HERE 12 
2026/10/05 19:10:54 CVE QUERY: ecosystem="ubuntu:24.04:lts" package="glib-networking-services" source="glib-networking"
2026/10/05 19:10:54 WE GOT HERE 12 
2026/10/05 19:10:54 CVE QUERY: ecosystem="ubuntu:24.04:lts" package="glslang-tools" source="glslang"
2026/10/05 19:10:54 WE GOT HERE 12 
2026/10/05 19:10:54 CVE QUERY: ecosystem="ubuntu:24.04:lts" package="glslc" source="shaderc"
2026/10/05 19:10:54 WE GOT HERE 12 
2026/10/05 19:10:54 CVE QUERY: ecosystem="ubuntu:24.04:lts" package="gmic" source=""
2026/10/05 19:10:54 WE GOT HERE 12 
2026/10/05 19:10:54 CVE QUERY: ecosystem="ubuntu:24.04:lts" package="gnome-bluetooth-3-common" source="gnome-bluetooth3"
2026/10/05 19:10:54 WE GOT HERE 12 
2026/10/05 19:10:54 CVE QUERY: ecosystem="ubuntu:24.04:lts" package="gnome-bluetooth-sendto" source="gnome-bluetooth3"
2026/10/05 19:10:54 WE GOT HERE 12 
2026/10/05 19:10:54 CVE QUERY: ecosystem="ubuntu:24.04:lts" package="gnome-control-center" source=""
2026/10/05 19:10:54 WE GOT HERE 12 
2026/10/05 19:10:54 CVE QUERY: ecosystem="ubuntu:24.04:lts" package="gnome-control-center-data" source="gnome-control-center"
2026/10/05 19:10:54 WE GOT HERE 12 
2026/10/05 19:10:54 CVE QUERY: ecosystem="ubuntu:24.04:lts" package="gnome-control-center-faces" source="gnome-control-center"
2026/10/05 19:10:54 WE GOT HERE 12 
2026/10/05 19:10:54 CVE QUERY: ecosystem="ubuntu:24.04:lts" package="gnome-desktop3-data" source="gnome-desktop"
2026/10/05 19:10:54 WE GOT HERE 12 
2026/10/05 19:10:54 CVE QUERY: ecosystem="ubuntu:24.04:lts" package="gnome-keyring" source=""
2026/10/05 19:10:54 WE GOT HERE 12 
2026/10/05 19:10:54 CVE QUERY: ecosystem="ubuntu:24.04:lts" package="gnome-keyring-pkcs11:amd64" source="gnome-keyring"
2026/10/05 19:10:54 WE GOT HERE 12 
2026/10/05 19:10:54 CVE QUERY: ecosystem="ubuntu:24.04:lts" package="gnome-menus" source=""
2026/10/05 19:10:54 WE GOT HERE 12 
2026/10/05 19:10:54 CVE QUERY: ecosystem="ubuntu:24.04:lts" package="gnome-online-accounts" source=""
2026/10/05 19:10:54 WE GOT HERE 12 
2026/10/05 19:10:54 CVE QUERY: ecosystem="ubuntu:24.04:lts" package="gnome-remote-desktop" source=""
2026/10/05 19:10:54 WE GOT HERE 1-1
2026/10/05 19:10:54 Safe Package {Name:gnome-remote-desktop Version:46.3-0ubuntu1.2 PURL: Source:{SourceName: SourceVersion:}}
2026/10/05 19:10:54 CVE QUERY: ecosystem="ubuntu:24.04:lts" package="gnome-session-bin" source="gnome-session"
2026/10/05 19:10:54 WE GOT HERE 12 
2026/10/05 19:10:54 CVE QUERY: ecosystem="ubuntu:24.04:lts" package="gnome-session-common" source="gnome-session"
2026/10/05 19:10:54 WE GOT HERE 12 
2026/10/05 19:10:54 CVE QUERY: ecosystem="ubuntu:24.04:lts" package="gnome-settings-daemon" source=""
2026/10/05 19:10:54 WE GOT HERE 12 
2026/10/05 19:10:54 CVE QUERY: ecosystem="ubuntu:24.04:lts" package="gnome-settings-daemon-common" source="gnome-settings-daemon"
2026/10/05 19:10:54 WE GOT HERE 12 
2026/10/05 19:10:54 CVE QUERY: ecosystem="ubuntu:24.04:lts" package="gnome-shell" source=""
2026/10/05 19:10:54 WE GOT HERE 12 
2026/10/05 19:10:54 CVE QUERY: ecosystem="ubuntu:24.04:lts" package="gnome-shell-common" source="gnome-shell"
2026/10/05 19:10:54 WE GOT HERE 12 
2026/10/05 19:10:54 CVE QUERY: ecosystem="ubuntu:24.04:lts" package="gnome-startup-applications" source="gnome-session"
2026/10/05 19:10:54 WE GOT HERE 12 
2026/10/05 19:10:54 CVE QUERY: ecosystem="ubuntu:24.04:lts" package="gnome-user-docs" source=""
2026/10/05 19:10:54 WE GOT HERE 12 
2026/10/05 19:10:54 CVE QUERY: ecosystem="ubuntu:24.04:lts" package="gnupg" source="gnupg2"
2026/10/05 19:10:54 WE GOT HERE 1-1
2026/10/05 19:10:54 CVE QUERY: ecosystem="ubuntu:24.04:lts" package="gnupg-agent" source="gnupg2"
2026/10/05 19:10:54 WE GOT HERE 1-1
2026/10/05 19:10:54 CVE QUERY: ecosystem="ubuntu:24.04:lts" package="gnupg-l10n" source="gnupg2"
2026/10/05 19:10:54 WE GOT HERE 1-1
2026/10/05 19:10:54 CVE QUERY: ecosystem="ubuntu:24.04:lts" package="gnupg-utils" source="gnupg2"
2026/10/05 19:10:54 WE GOT HERE 1-1
2026/10/05 19:10:54 CVE QUERY: ecosystem="ubuntu:24.04:lts" package="gnusim8085" source=""
2026/10/05 19:10:54 WE GOT HERE 12 
2026/10/05 19:10:54 CVE QUERY: ecosystem="ubuntu:24.04:lts" package="gnustep-base-common" source="gnustep-base"
2026/10/05 19:10:54 WE GOT HERE 12 
2026/10/05 19:10:54 CVE QUERY: ecosystem="ubuntu:24.04:lts" package="gnustep-base-runtime" source="gnustep-base"
2026/10/05 19:10:54 WE GOT HERE 12 
2026/10/05 19:10:54 CVE QUERY: ecosystem="ubuntu:24.04:lts" package="gnustep-common" source="gnustep-make"
2026/10/05 19:10:54 WE GOT HERE 12 
2026/10/05 19:10:54 CVE QUERY: ecosystem="ubuntu:24.04:lts" package="gnutls-bin" source="gnutls28"
2026/10/05 19:10:54 WE GOT HERE 1-1
2026/10/05 19:10:54 CVE QUERY: ecosystem="ubuntu:24.04:lts" package="go-mtpfs" source=""
2026/10/05 19:10:54 WE GOT HERE 12 
2026/10/05 19:10:54 CVE QUERY: ecosystem="ubuntu:24.04:lts" package="golang-1.22-go" source="golang-1.22"
2026/10/05 19:10:54 WE GOT HERE 12 
2026/10/05 19:10:54 CVE QUERY: ecosystem="ubuntu:24.04:lts" package="golang-1.22-src" source="golang-1.22"
2026/10/05 19:10:54 WE GOT HERE 12 
2026/10/05 19:10:54 CVE QUERY: ecosystem="ubuntu:24.04:lts" package="golang-go:amd64" source="golang-defaults"
2026/10/05 19:10:54 WE GOT HERE 12 
2026/10/05 19:10:54 CVE QUERY: ecosystem="ubuntu:24.04:lts" package="golang-src" source="golang-defaults"
2026/10/05 19:10:54 WE GOT HERE 12 
2026/10/05 19:10:54 CVE QUERY: ecosystem="ubuntu:24.04:lts" package="google-chrome-stable" source=""
2026/10/05 19:10:54 WE GOT HERE 12 
2026/10/05 19:10:54 CVE QUERY: ecosystem="ubuntu:24.04:lts" package="gparted" source=""
2026/10/05 19:10:54 WE GOT HERE 12 
2026/10/05 19:10:54 CVE QUERY: ecosystem="ubuntu:24.04:lts" package="gparted-common" source="gparted"
2026/10/05 19:10:54 WE GOT HERE 12 
2026/10/05 19:10:54 CVE QUERY: ecosystem="ubuntu:24.04:lts" package="gpg" source="gnupg2"
2026/10/05 19:10:54 WE GOT HERE 1-1
2026/10/05 19:10:54 CVE QUERY: ecosystem="ubuntu:24.04:lts" package="gpg-agent" source="gnupg2"
2026/10/05 19:10:54 WE GOT HERE 1-1
2026/10/05 19:10:54 CVE QUERY: ecosystem="ubuntu:24.04:lts" package="gpg-wks-client" source="gnupg2"
2026/10/05 19:10:54 WE GOT HERE 1-1
2026/10/05 19:10:54 CVE QUERY: ecosystem="ubuntu:24.04:lts" package="gpgconf" source="gnupg2"
2026/10/05 19:10:54 WE GOT HERE 1-1
2026/10/05 19:10:54 CVE QUERY: ecosystem="ubuntu:24.04:lts" package="gpgsm" source="gnupg2"
2026/10/05 19:10:54 WE GOT HERE 1-1
2026/10/05 19:10:54 CVE QUERY: ecosystem="ubuntu:24.04:lts" package="gpgv" source="gnupg2"
2026/10/05 19:10:54 WE GOT HERE 1-1
2026/10/05 19:10:54 CVE QUERY: ecosystem="ubuntu:24.04:lts" package="grep" source=""
2026/10/05 19:10:54 WE GOT HERE 12 
2026/10/05 19:10:54 CVE QUERY: ecosystem="ubuntu:24.04:lts" package="groff-base" source="groff"
2026/10/05 19:10:54 WE GOT HERE 12 
2026/10/05 19:10:54 CVE QUERY: ecosystem="ubuntu:24.04:lts" package="grub-common" source="grub2"
2026/10/05 19:10:54 WE GOT HERE 12 
2026/10/05 19:10:54 CVE QUERY: ecosystem="ubuntu:24.04:lts" package="grub-efi-amd64-bin" source="grub2-unsigned"
2026/10/05 19:10:54 WE GOT HERE 12 
2026/10/05 19:10:54 CVE QUERY: ecosystem="ubuntu:24.04:lts" package="grub-efi-amd64-signed" source="grub2-signed"
2026/10/05 19:10:54 WE GOT HERE 12 
2026/10/05 19:10:54 CVE QUERY: ecosystem="ubuntu:24.04:lts" package="grub-gfxpayload-lists" source=""
2026/10/05 19:10:54 WE GOT HERE 12 
2026/10/05 19:10:54 CVE QUERY: ecosystem="ubuntu:24.04:lts" package="grub-pc" source="grub2"
2026/10/05 19:10:54 WE GOT HERE 12 
2026/10/05 19:10:54 CVE QUERY: ecosystem="ubuntu:24.04:lts" package="grub-pc-bin" source="grub2"
2026/10/05 19:10:54 WE GOT HERE 12 
2026/10/05 19:10:54 CVE QUERY: ecosystem="ubuntu:24.04:lts" package="grub-theme-breeze" source="breeze-grub"
2026/10/05 19:10:54 WE GOT HERE 12 
2026/10/05 19:10:54 CVE QUERY: ecosystem="ubuntu:24.04:lts" package="grub2-common" source="grub2"
2026/10/05 19:10:54 WE GOT HERE 12 
2026/10/05 19:10:54 CVE QUERY: ecosystem="ubuntu:24.04:lts" package="gsettings-desktop-schemas" source=""
2026/10/05 19:10:54 WE GOT HERE 12 
2026/10/05 19:10:54 CVE QUERY: ecosystem="ubuntu:24.04:lts" package="gstreamer1.0-gl:amd64" source="gst-plugins-base1.0"
2026/10/05 19:10:54 WE GOT HERE 12 
2026/10/05 19:10:54 CVE QUERY: ecosystem="ubuntu:24.04:lts" package="gstreamer1.0-pipewire:amd64" source="pipewire"
2026/10/05 19:10:54 WE GOT HERE 12 
2026/10/05 19:10:54 CVE QUERY: ecosystem="ubuntu:24.04:lts" package="gstreamer1.0-plugins-bad:amd64" source="gst-plugins-bad1.0"
2026/10/05 19:10:54 WE GOT HERE 12 
2026/10/05 19:10:54 CVE QUERY: ecosystem="ubuntu:24.04:lts" package="gstreamer1.0-plugins-base:amd64" source="gst-plugins-base1.0"
2026/10/05 19:10:54 WE GOT HERE 12 
2026/10/05 19:10:54 CVE QUERY: ecosystem="ubuntu:24.04:lts" package="gstreamer1.0-plugins-base:i386" source="gst-plugins-base1.0"
2026/10/05 19:10:54 WE GOT HERE 12 
2026/10/05 19:10:54 CVE QUERY: ecosystem="ubuntu:24.04:lts" package="gstreamer1.0-plugins-good:amd64" source="gst-plugins-good1.0"
2026/10/05 19:10:54 WE GOT HERE 12 
2026/10/05 19:10:54 CVE QUERY: ecosystem="ubuntu:24.04:lts" package="gstreamer1.0-plugins-good:i386" source="gst-plugins-good1.0"
2026/10/05 19:10:54 WE GOT HERE 12 
2026/10/05 19:10:54 CVE QUERY: ecosystem="ubuntu:24.04:lts" package="gstreamer1.0-x:amd64" source="gst-plugins-base1.0"
2026/10/05 19:10:54 WE GOT HERE 12 
2026/10/05 19:10:54 CVE QUERY: ecosystem="ubuntu:24.04:lts" package="gstreamer1.0-x:i386" source="gst-plugins-base1.0"
2026/10/05 19:10:54 WE GOT HERE 12 
2026/10/05 19:10:54 CVE QUERY: ecosystem="ubuntu:24.04:lts" package="gtk-update-icon-cache" source="gtk+3.0"
2026/10/05 19:10:54 WE GOT HERE 12 
2026/10/05 19:10:54 CVE QUERY: ecosystem="ubuntu:24.04:lts" package="gtk2-engines-pixbuf:amd64" source="gtk+2.0"
2026/10/05 19:10:54 WE GOT HERE 12 
2026/10/05 19:10:54 CVE QUERY: ecosystem="ubuntu:24.04:lts" package="gvfs:amd64" source=""
2026/10/05 19:10:54 WE GOT HERE 12 
2026/10/05 19:10:54 CVE QUERY: ecosystem="ubuntu:24.04:lts" package="gvfs-backends" source="gvfs"
2026/10/05 19:10:54 WE GOT HERE 12 
2026/10/05 19:10:54 CVE QUERY: ecosystem="ubuntu:24.04:lts" package="gvfs-common" source="gvfs"
2026/10/05 19:10:54 WE GOT HERE 12 
2026/10/05 19:10:54 CVE QUERY: ecosystem="ubuntu:24.04:lts" package="gvfs-daemons" source="gvfs"
2026/10/05 19:10:54 WE GOT HERE 12 
2026/10/05 19:10:54 CVE QUERY: ecosystem="ubuntu:24.04:lts" package="gvfs-libs:amd64" source="gvfs"
2026/10/05 19:10:54 WE GOT HERE 12 
2026/10/05 19:10:54 CVE QUERY: ecosystem="ubuntu:24.04:lts" package="gwenview" source=""
2026/10/05 19:10:54 WE GOT HERE 12 
2026/10/05 19:10:54 CVE QUERY: ecosystem="ubuntu:24.04:lts" package="gzip" source=""
2026/10/05 19:10:54 WE GOT HERE 12 
2026/10/05 19:10:54 CVE QUERY: ecosystem="ubuntu:24.04:lts" package="haruna" source=""
2026/10/05 19:10:54 WE GOT HERE 12 
2026/10/05 19:10:54 CVE QUERY: ecosystem="ubuntu:24.04:lts" package="hdparm" source=""
2026/10/05 19:10:54 WE GOT HERE 12 
2026/10/05 19:10:54 CVE QUERY: ecosystem="ubuntu:24.04:lts" package="heif-gdk-pixbuf:amd64" source="libheif"
2026/10/05 19:10:54 WE GOT HERE 1-1
2026/10/05 19:10:54 CVE QUERY: ecosystem="ubuntu:24.04:lts" package="heif-thumbnailer" source="libheif"
2026/10/05 19:10:54 WE GOT HERE 1-1
2026/10/05 19:10:54 CVE QUERY: ecosystem="ubuntu:24.04:lts" package="hexedit" source=""
2026/10/05 19:10:54 WE GOT HERE 12 
2026/10/05 19:10:54 CVE QUERY: ecosystem="ubuntu:24.04:lts" package="hicolor-icon-theme" source=""
2026/10/05 19:10:54 WE GOT HERE 12 
2026/10/05 19:10:54 CVE QUERY: ecosystem="ubuntu:24.04:lts" package="hostname" source=""
2026/10/05 19:10:54 WE GOT HERE 12 
2026/10/05 19:10:54 CVE QUERY: ecosystem="ubuntu:24.04:lts" package="hplip" source=""
2026/10/05 19:10:54 WE GOT HERE 12 
2026/10/05 19:10:54 CVE QUERY: ecosystem="ubuntu:24.04:lts" package="hplip-data" source="hplip"
2026/10/05 19:10:54 WE GOT HERE 12 
2026/10/05 19:10:54 CVE QUERY: ecosystem="ubuntu:24.04:lts" package="htop" source=""
2026/10/05 19:10:54 WE GOT HERE 12 
2026/10/05 19:10:54 CVE QUERY: ecosystem="ubuntu:24.04:lts" package="httpie" source=""
2026/10/05 19:10:54 WE GOT HERE 12 
2026/10/05 19:10:54 CVE QUERY: ecosystem="ubuntu:24.04:lts" package="humanity-icon-theme" source=""
2026/10/05 19:10:54 WE GOT HERE 12 
2026/10/05 19:10:54 CVE QUERY: ecosystem="ubuntu:24.04:lts" package="hunspell-en-us" source="scowl"
2026/10/05 19:10:54 WE GOT HERE 12 
2026/10/05 19:10:54 CVE QUERY: ecosystem="ubuntu:24.04:lts" package="hwdata" source=""
2026/10/05 19:10:54 WE GOT HERE 12 
2026/10/05 19:10:54 CVE QUERY: ecosystem="ubuntu:24.04:lts" package="hyphen-en-ca" source="openoffice.org-hyphenation"
2026/10/05 19:10:54 WE GOT HERE 12 
2026/10/05 19:10:54 CVE QUERY: ecosystem="ubuntu:24.04:lts" package="hyphen-fi" source="openoffice.org-hyphenation"
2026/10/05 19:10:54 WE GOT HERE 12 
2026/10/05 19:10:54 CVE QUERY: ecosystem="ubuntu:24.04:lts" package="hyphen-ga" source="openoffice.org-hyphenation"
2026/10/05 19:10:54 WE GOT HERE 12 
2026/10/05 19:10:54 CVE QUERY: ecosystem="ubuntu:24.04:lts" package="hyphen-id" source="libreoffice-dictionaries"
2026/10/05 19:10:54 WE GOT HERE 12 
2026/10/05 19:10:54 CVE QUERY: ecosystem="ubuntu:24.04:lts" package="i965-va-driver:amd64" source="intel-vaapi-driver"
2026/10/05 19:10:54 WE GOT HERE 12 
2026/10/05 19:10:54 CVE QUERY: ecosystem="ubuntu:24.04:lts" package="i965-va-driver:i386" source="intel-vaapi-driver"
2026/10/05 19:10:54 WE GOT HERE 12 
2026/10/05 19:10:54 CVE QUERY: ecosystem="ubuntu:24.04:lts" package="ibus" source=""
2026/10/05 19:10:54 WE GOT HERE 12 
2026/10/05 19:10:54 CVE QUERY: ecosystem="ubuntu:24.04:lts" package="ibus-data" source="ibus"
2026/10/05 19:10:54 WE GOT HERE 12 
2026/10/05 19:10:54 CVE QUERY: ecosystem="ubuntu:24.04:lts" package="ibus-gtk:amd64" source="ibus"
2026/10/05 19:10:54 WE GOT HERE 12 
2026/10/05 19:10:54 CVE QUERY: ecosystem="ubuntu:24.04:lts" package="ibus-gtk3:amd64" source="ibus"
2026/10/05 19:10:54 WE GOT HERE 12 
2026/10/05 19:10:54 CVE QUERY: ecosystem="ubuntu:24.04:lts" package="ibus-gtk4:amd64" source="ibus"
2026/10/05 19:10:54 WE GOT HERE 12 
2026/10/05 19:10:54 CVE QUERY: ecosystem="ubuntu:24.04:lts" package="ibverbs-providers:amd64" source="rdma-core"
2026/10/05 19:10:54 WE GOT HERE 12 
2026/10/05 19:10:54 CVE QUERY: ecosystem="ubuntu:24.04:lts" package="icu-devtools" source="icu"
2026/10/05 19:10:54 WE GOT HERE 12 
2026/10/05 19:10:54 CVE QUERY: ecosystem="ubuntu:24.04:lts" package="ieee-data" source=""
2026/10/05 19:10:54 WE GOT HERE 12 
2026/10/05 19:10:54 CVE QUERY: ecosystem="ubuntu:24.04:lts" package="iio-sensor-proxy" source=""
2026/10/05 19:10:54 WE GOT HERE 12 
2026/10/05 19:10:54 CVE QUERY: ecosystem="ubuntu:24.04:lts" package="im-config" source=""
2026/10/05 19:10:54 WE GOT HERE 12 
2026/10/05 19:10:54 CVE QUERY: ecosystem="ubuntu:24.04:lts" package="imagemagick-6-common" source="imagemagick"
2026/10/05 19:10:54 WE GOT HERE 12 
2026/10/05 19:10:54 CVE QUERY: ecosystem="ubuntu:24.04:lts" package="imagemagick-6.q16" source="imagemagick"
2026/10/05 19:10:54 WE GOT HERE 12 
2026/10/05 19:10:54 CVE QUERY: ecosystem="ubuntu:24.04:lts" package="inetutils-telnet" source="inetutils"
2026/10/05 19:10:54 WE GOT HERE 12 
2026/10/05 19:10:54 CVE QUERY: ecosystem="ubuntu:24.04:lts" package="info" source="texinfo"
2026/10/05 19:10:54 WE GOT HERE 12 
2026/10/05 19:10:54 CVE QUERY: ecosystem="ubuntu:24.04:lts" package="init" source="init-system-helpers"
2026/10/05 19:10:54 WE GOT HERE 12 
2026/10/05 19:10:54 CVE QUERY: ecosystem="ubuntu:24.04:lts" package="init-system-helpers" source=""
2026/10/05 19:10:54 WE GOT HERE 12 
2026/10/05 19:10:54 CVE QUERY: ecosystem="ubuntu:24.04:lts" package="initramfs-tools" source=""
2026/10/05 19:10:54 WE GOT HERE 12 
2026/10/05 19:10:54 CVE QUERY: ecosystem="ubuntu:24.04:lts" package="initramfs-tools-bin" source="initramfs-tools"
2026/10/05 19:10:54 WE GOT HERE 12 
2026/10/05 19:10:54 CVE QUERY: ecosystem="ubuntu:24.04:lts" package="initramfs-tools-core" source="initramfs-tools"
2026/10/05 19:10:54 WE GOT HERE 12 
2026/10/05 19:10:54 CVE QUERY: ecosystem="ubuntu:24.04:lts" package="inputattach" source="joystick"
2026/10/05 19:10:54 WE GOT HERE 12 
2026/10/05 19:10:54 CVE QUERY: ecosystem="ubuntu:24.04:lts" package="install-info" source="texinfo"
2026/10/05 19:10:54 WE GOT HERE 12 
2026/10/05 19:10:54 CVE QUERY: ecosystem="ubuntu:24.04:lts" package="intel-gpu-tools" source=""
2026/10/05 19:10:54 WE GOT HERE 12 
2026/10/05 19:10:54 CVE QUERY: ecosystem="ubuntu:24.04:lts" package="intel-media-va-driver:amd64" source="intel-media-driver"
2026/10/05 19:10:54 WE GOT HERE 12 
2026/10/05 19:10:54 CVE QUERY: ecosystem="ubuntu:24.04:lts" package="intel-media-va-driver:i386" source="intel-media-driver"
2026/10/05 19:10:54 WE GOT HERE 12 
2026/10/05 19:10:54 CVE QUERY: ecosystem="ubuntu:24.04:lts" package="intel-microcode" source=""
2026/10/05 19:10:54 WE GOT HERE 1-1
2026/10/05 19:10:54 Safe Package {Name:intel-microcode Version:3.20260210.0ubuntu0.24.04.1 PURL: Source:{SourceName: SourceVersion:}}
2026/10/05 19:10:54 CVE QUERY: ecosystem="ubuntu:24.04:lts" package="ipp-usb" source=""
2026/10/05 19:10:54 WE GOT HERE 12 
2026/10/05 19:10:54 CVE QUERY: ecosystem="ubuntu:24.04:lts" package="iproute2" source=""
2026/10/05 19:10:54 WE GOT HERE 12 
2026/10/05 19:10:54 CVE QUERY: ecosystem="ubuntu:24.04:lts" package="iptables" source=""
2026/10/05 19:10:54 WE GOT HERE 12 
2026/10/05 19:10:54 CVE QUERY: ecosystem="ubuntu:24.04:lts" package="iputils-ping" source="iputils"
2026/10/05 19:10:54 WE GOT HERE 12 
2026/10/05 19:10:54 CVE QUERY: ecosystem="ubuntu:24.04:lts" package="iputils-tracepath" source="iputils"
2026/10/05 19:10:54 WE GOT HERE 12 
2026/10/05 19:10:54 CVE QUERY: ecosystem="ubuntu:24.04:lts" package="ipxe-qemu" source="ipxe"
2026/10/05 19:10:54 WE GOT HERE 12 
2026/10/05 19:10:54 CVE QUERY: ecosystem="ubuntu:24.04:lts" package="ipxe-qemu-256k-compat-efi-roms" source="ipxe-qemu-256k-compat"
2026/10/05 19:10:54 WE GOT HERE 12 
2026/10/05 19:10:54 CVE QUERY: ecosystem="ubuntu:24.04:lts" package="iso-codes" source=""
2026/10/05 19:10:54 WE GOT HERE 12 
2026/10/05 19:10:54 CVE QUERY: ecosystem="ubuntu:24.04:lts" package="isympy-common" source="sympy"
2026/10/05 19:10:54 WE GOT HERE 12 
2026/10/05 19:10:54 CVE QUERY: ecosystem="ubuntu:24.04:lts" package="isympy3" source="sympy"
2026/10/05 19:10:54 WE GOT HERE 12 
2026/10/05 19:10:54 CVE QUERY: ecosystem="ubuntu:24.04:lts" package="iucode-tool" source=""
2026/10/05 19:10:54 WE GOT HERE 12 
2026/10/05 19:10:54 CVE QUERY: ecosystem="ubuntu:24.04:lts" package="java-common" source=""
2026/10/05 19:10:54 WE GOT HERE 12 
2026/10/05 19:10:54 CVE QUERY: ecosystem="ubuntu:24.04:lts" package="javascript-common" source=""
2026/10/05 19:10:54 WE GOT HERE 12 
2026/10/05 19:10:54 CVE QUERY: ecosystem="ubuntu:24.04:lts" package="jfsutils" source=""
2026/10/05 19:10:54 WE GOT HERE 12 
2026/10/05 19:10:54 CVE QUERY: ecosystem="ubuntu:24.04:lts" package="jq" source=""
2026/10/05 19:10:54 WE GOT HERE 12 
2026/10/05 19:10:54 CVE QUERY: ecosystem="ubuntu:24.04:lts" package="kaccounts-integration" source=""
2026/10/05 19:10:54 WE GOT HERE 12 
2026/10/05 19:10:54 CVE QUERY: ecosystem="ubuntu:24.04:lts" package="kaccounts-providers" source=""
2026/10/05 19:10:54 WE GOT HERE 12 
2026/10/05 19:10:54 CVE QUERY: ecosystem="ubuntu:24.04:lts" package="kactivities-bin" source="kactivities-kf5"
2026/10/05 19:10:54 WE GOT HERE 12 
2026/10/05 19:10:54 CVE QUERY: ecosystem="ubuntu:24.04:lts" package="kactivitymanagerd" source=""
2026/10/05 19:10:54 WE GOT HERE 12 
2026/10/05 19:10:54 CVE QUERY: ecosystem="ubuntu:24.04:lts" package="kamera" source=""
2026/10/05 19:10:54 WE GOT HERE 12 
2026/10/05 19:10:54 CVE QUERY: ecosystem="ubuntu:24.04:lts" package="kate" source=""
2026/10/05 19:10:54 WE GOT HERE 12 
2026/10/05 19:10:54 CVE QUERY: ecosystem="ubuntu:24.04:lts" package="kate5-data" source="kate"
2026/10/05 19:10:54 WE GOT HERE 12 
2026/10/05 19:10:54 CVE QUERY: ecosystem="ubuntu:24.04:lts" package="kbd" source=""
2026/10/05 19:10:54 WE GOT HERE 12 
2026/10/05 19:10:54 CVE QUERY: ecosystem="ubuntu:24.04:lts" package="kcalc" source=""
2026/10/05 19:10:54 WE GOT HERE 12 
2026/10/05 19:10:54 CVE QUERY: ecosystem="ubuntu:24.04:lts" package="kcharselect" source=""
2026/10/05 19:10:54 WE GOT HERE 12 
2026/10/05 19:10:54 CVE QUERY: ecosystem="ubuntu:24.04:lts" package="kde-cli-tools" source=""
2026/10/05 19:10:54 WE GOT HERE 12 
2026/10/05 19:10:54 CVE QUERY: ecosystem="ubuntu:24.04:lts" package="kde-cli-tools-data" source="kde-cli-tools"
2026/10/05 19:10:54 WE GOT HERE 12 
2026/10/05 19:10:54 CVE QUERY: ecosystem="ubuntu:24.04:lts" package="kde-config-fcitx5" source="fcitx5-configtool"
2026/10/05 19:10:54 WE GOT HERE 12 
2026/10/05 19:10:54 CVE QUERY: ecosystem="ubuntu:24.04:lts" package="kde-config-gtk-style:amd64" source="kde-gtk-config"
2026/10/05 19:10:54 WE GOT HERE 12 
2026/10/05 19:10:54 CVE QUERY: ecosystem="ubuntu:24.04:lts" package="kde-config-gtk-style-preview:amd64" source="kde-gtk-config"
2026/10/05 19:10:54 WE GOT HERE 12 
2026/10/05 19:10:54 CVE QUERY: ecosystem="ubuntu:24.04:lts" package="kde-config-plymouth" source="plymouth-kcm"
2026/10/05 19:10:54 WE GOT HERE 12 
2026/10/05 19:10:54 CVE QUERY: ecosystem="ubuntu:24.04:lts" package="kde-config-screenlocker" source="kscreenlocker"
2026/10/05 19:10:54 WE GOT HERE 12 
2026/10/05 19:10:54 CVE QUERY: ecosystem="ubuntu:24.04:lts" package="kde-config-sddm" source="sddm-kcm"
2026/10/05 19:10:54 WE GOT HERE 12 
2026/10/05 19:10:54 CVE QUERY: ecosystem="ubuntu:24.04:lts" package="kde-config-tablet" source="wacomtablet"
2026/10/05 19:10:54 WE GOT HERE 12 
2026/10/05 19:10:54 CVE QUERY: ecosystem="ubuntu:24.04:lts" package="kde-config-updates" source="plasma-discover"
2026/10/05 19:10:54 WE GOT HERE 12 
2026/10/05 19:10:54 CVE QUERY: ecosystem="ubuntu:24.04:lts" package="kde-config-whoopsie" source=""
2026/10/05 19:10:54 WE GOT HERE 12 
2026/10/05 19:10:54 CVE QUERY: ecosystem="ubuntu:24.04:lts" package="kde-spectacle" source=""
2026/10/05 19:10:54 WE GOT HERE 12 
2026/10/05 19:10:54 CVE QUERY: ecosystem="ubuntu:24.04:lts" package="kde-style-breeze" source="breeze"
2026/10/05 19:10:54 WE GOT HERE 12 
2026/10/05 19:10:54 CVE QUERY: ecosystem="ubuntu:24.04:lts" package="kde-style-oxygen-qt5" source="oxygen"
2026/10/05 19:10:54 WE GOT HERE 12 
2026/10/05 19:10:54 CVE QUERY: ecosystem="ubuntu:24.04:lts" package="kdeconnect" source=""
2026/10/05 19:10:54 WE GOT HERE 12 
2026/10/05 19:10:54 CVE QUERY: ecosystem="ubuntu:24.04:lts" package="kded5" source="kded"
2026/10/05 19:10:54 WE GOT HERE 12 
2026/10/05 19:10:54 CVE QUERY: ecosystem="ubuntu:24.04:lts" package="kdegames-card-data-kf5" source="libkdegames"
2026/10/05 19:10:54 WE GOT HERE 12 
2026/10/05 19:10:54 CVE QUERY: ecosystem="ubuntu:24.04:lts" package="kdegames-mahjongg-data-kf5" source="libkf5kmahjongg"
2026/10/05 19:10:54 WE GOT HERE 12 
2026/10/05 19:10:54 CVE QUERY: ecosystem="ubuntu:24.04:lts" package="kdegraphics-thumbnailers" source=""
2026/10/05 19:10:54 WE GOT HERE 12 
2026/10/05 19:10:54 CVE QUERY: ecosystem="ubuntu:24.04:lts" package="kdenetwork-filesharing" source=""
2026/10/05 19:10:54 WE GOT HERE 12 
2026/10/05 19:10:54 CVE QUERY: ecosystem="ubuntu:24.04:lts" package="kdenlive-data" source="kdenlive"
2026/10/05 19:10:54 WE GOT HERE 12 
2026/10/05 19:10:54 CVE QUERY: ecosystem="ubuntu:24.04:lts" package="kdeplasma-addons-data" source="kdeplasma-addons"
2026/10/05 19:10:54 WE GOT HERE 12 
2026/10/05 19:10:54 CVE QUERY: ecosystem="ubuntu:24.04:lts" package="kdialog" source=""
2026/10/05 19:10:54 WE GOT HERE 12 
2026/10/05 19:10:54 CVE QUERY: ecosystem="ubuntu:24.04:lts" package="kdoctools5" source="kdoctools"
2026/10/05 19:10:54 WE GOT HERE 12 
2026/10/05 19:10:54 CVE QUERY: ecosystem="ubuntu:24.04:lts" package="keditbookmarks" source=""
2026/10/05 19:10:54 WE GOT HERE 12 
2026/10/05 19:10:54 CVE QUERY: ecosystem="ubuntu:24.04:lts" package="kerneloops" source=""
2026/10/05 19:10:54 WE GOT HERE 12 
2026/10/05 19:10:54 CVE QUERY: ecosystem="ubuntu:24.04:lts" package="keyboard-configuration" source="console-setup"
2026/10/05 19:10:54 WE GOT HERE 12 
2026/10/05 19:10:54 CVE QUERY: ecosystem="ubuntu:24.04:lts" package="keyboxd" source="gnupg2"
2026/10/05 19:10:54 WE GOT HERE 1-1
2026/10/05 19:10:54 CVE QUERY: ecosystem="ubuntu:24.04:lts" package="keyutils" source=""
2026/10/05 19:10:54 WE GOT HERE 12 
2026/10/05 19:10:54 CVE QUERY: ecosystem="ubuntu:24.04:lts" package="kgamma5:amd64" source=""
2026/10/05 19:10:54 WE GOT HERE 12 
2026/10/05 19:10:54 CVE QUERY: ecosystem="ubuntu:24.04:lts" package="khelpcenter" source=""
2026/10/05 19:10:54 WE GOT HERE 12 
2026/10/05 19:10:54 CVE QUERY: ecosystem="ubuntu:24.04:lts" package="khotkeys:amd64" source=""
2026/10/05 19:10:54 WE GOT HERE 12 
2026/10/05 19:10:54 CVE QUERY: ecosystem="ubuntu:24.04:lts" package="khotkeys-data" source="khotkeys"
2026/10/05 19:10:54 WE GOT HERE 12 
2026/10/05 19:10:54 CVE QUERY: ecosystem="ubuntu:24.04:lts" package="kimageformat-plugins" source="kimageformats"
2026/10/05 19:10:54 WE GOT HERE 12 
2026/10/05 19:10:54 CVE QUERY: ecosystem="ubuntu:24.04:lts" package="kinfocenter" source=""
2026/10/05 19:10:54 WE GOT HERE 12 
2026/10/05 19:10:54 CVE QUERY: ecosystem="ubuntu:24.04:lts" package="kinit" source=""
2026/10/05 19:10:54 WE GOT HERE 12 
2026/10/05 19:10:54 CVE QUERY: ecosystem="ubuntu:24.04:lts" package="kio" source=""
2026/10/05 19:10:54 WE GOT HERE 12 
2026/10/05 19:10:54 CVE QUERY: ecosystem="ubuntu:24.04:lts" package="kio-admin" source=""
2026/10/05 19:10:54 WE GOT HERE 12 
2026/10/05 19:10:54 CVE QUERY: ecosystem="ubuntu:24.04:lts" package="kio-audiocd" source="audiocd-kio"
2026/10/05 19:10:54 WE GOT HERE 12 
2026/10/05 19:10:54 CVE QUERY: ecosystem="ubuntu:24.04:lts" package="kio-extras" source=""
2026/10/05 19:10:54 WE GOT HERE 12 
2026/10/05 19:10:54 CVE QUERY: ecosystem="ubuntu:24.04:lts" package="kio-extras-data" source="kio-extras"
2026/10/05 19:10:54 WE GOT HERE 12 
2026/10/05 19:10:54 CVE QUERY: ecosystem="ubuntu:24.04:lts" package="kio-fuse" source=""
2026/10/05 19:10:54 WE GOT HERE 12 
2026/10/05 19:10:54 CVE QUERY: ecosystem="ubuntu:24.04:lts" package="kio-gdrive" source=""
2026/10/05 19:10:54 WE GOT HERE 12 
2026/10/05 19:10:54 CVE QUERY: ecosystem="ubuntu:24.04:lts" package="kirigami-addons-data" source="kirigami-addons"
2026/10/05 19:10:54 WE GOT HERE 12 
2026/10/05 19:10:54 CVE QUERY: ecosystem="ubuntu:24.04:lts" package="klibc-utils" source="klibc"
2026/10/05 19:10:54 WE GOT HERE 1-1
2026/10/05 19:10:54 CVE QUERY: ecosystem="ubuntu:24.04:lts" package="kmahjongg" source=""
2026/10/05 19:10:54 WE GOT HERE 12 
2026/10/05 19:10:54 CVE QUERY: ecosystem="ubuntu:24.04:lts" package="kmenuedit" source=""
2026/10/05 19:10:54 WE GOT HERE 12 
2026/10/05 19:10:54 CVE QUERY: ecosystem="ubuntu:24.04:lts" package="kmines" source=""
2026/10/05 19:10:54 WE GOT HERE 12 
2026/10/05 19:10:54 CVE QUERY: ecosystem="ubuntu:24.04:lts" package="kmod" source=""
2026/10/05 19:10:54 WE GOT HERE 12 
2026/10/05 19:10:54 CVE QUERY: ecosystem="ubuntu:24.04:lts" package="konsole" source=""
2026/10/05 19:10:54 WE GOT HERE 12 
2026/10/05 19:10:54 CVE QUERY: ecosystem="ubuntu:24.04:lts" package="konsole-kpart" source="konsole"
2026/10/05 19:10:54 WE GOT HERE 12 
2026/10/05 19:10:54 CVE QUERY: ecosystem="ubuntu:24.04:lts" package="konversation" source=""
2026/10/05 19:10:54 WE GOT HERE 12 
2026/10/05 19:10:54 CVE QUERY: ecosystem="ubuntu:24.04:lts" package="konversation-data" source="konversation"
2026/10/05 19:10:54 WE GOT HERE 12 
2026/10/05 19:10:54 CVE QUERY: ecosystem="ubuntu:24.04:lts" package="kpackagelauncherqml" source="kdeclarative"
2026/10/05 19:10:54 WE GOT HERE 12 
2026/10/05 19:10:54 CVE QUERY: ecosystem="ubuntu:24.04:lts" package="kpackagetool5" source="kpackage"
2026/10/05 19:10:54 WE GOT HERE 12 
2026/10/05 19:10:54 CVE QUERY: ecosystem="ubuntu:24.04:lts" package="kpartx" source="multipath-tools"
2026/10/05 19:10:54 WE GOT HERE 12 
2026/10/05 19:10:54 CVE QUERY: ecosystem="ubuntu:24.04:lts" package="kpartx-boot" source="multipath-tools"
2026/10/05 19:10:54 WE GOT HERE 12 
2026/10/05 19:10:54 CVE QUERY: ecosystem="ubuntu:24.04:lts" package="kpat" source=""
2026/10/05 19:10:54 WE GOT HERE 12 
2026/10/05 19:10:54 CVE QUERY: ecosystem="ubuntu:24.04:lts" package="kpeople-vcard:amd64" source="kpeoplevcard"
2026/10/05 19:10:54 WE GOT HERE 12 
2026/10/05 19:10:54 CVE QUERY: ecosystem="ubuntu:24.04:lts" package="krb5-locales" source="krb5"
2026/10/05 19:10:54 WE GOT HERE 12 
2026/10/05 19:10:54 CVE QUERY: ecosystem="ubuntu:24.04:lts" package="krdc" source=""
2026/10/05 19:10:54 WE GOT HERE 12 
2026/10/05 19:10:54 CVE QUERY: ecosystem="ubuntu:24.04:lts" package="kscreen" source=""
2026/10/05 19:10:54 WE GOT HERE 12 
2026/10/05 19:10:54 CVE QUERY: ecosystem="ubuntu:24.04:lts" package="ksshaskpass" source=""
2026/10/05 19:10:54 WE GOT HERE 12 
2026/10/05 19:10:54 CVE QUERY: ecosystem="ubuntu:24.04:lts" package="ksudoku" source=""
2026/10/05 19:10:54 WE GOT HERE 12 
2026/10/05 19:10:54 CVE QUERY: ecosystem="ubuntu:24.04:lts" package="ksystemlog" source=""
2026/10/05 19:10:54 WE GOT HERE 12 
2026/10/05 19:10:54 CVE QUERY: ecosystem="ubuntu:24.04:lts" package="ksystemstats" source=""
2026/10/05 19:10:54 WE GOT HERE 12 
2026/10/05 19:10:54 CVE QUERY: ecosystem="ubuntu:24.04:lts" package="ktexteditor-data" source="ktexteditor"
2026/10/05 19:10:54 WE GOT HERE 12 
2026/10/05 19:10:54 CVE QUERY: ecosystem="ubuntu:24.04:lts" package="ktexteditor-katepart" source="ktexteditor"
2026/10/05 19:10:54 WE GOT HERE 12 
2026/10/05 19:10:54 CVE QUERY: ecosystem="ubuntu:24.04:lts" package="kubuntu-desktop" source="kubuntu-meta"
2026/10/05 19:10:54 WE GOT HERE 12 
2026/10/05 19:10:54 CVE QUERY: ecosystem="ubuntu:24.04:lts" package="kubuntu-notification-helper" source=""
2026/10/05 19:10:54 WE GOT HERE 12 
2026/10/05 19:10:54 CVE QUERY: ecosystem="ubuntu:24.04:lts" package="kubuntu-settings-desktop" source="kubuntu-settings"
2026/10/05 19:10:54 WE GOT HERE 12 
2026/10/05 19:10:54 CVE QUERY: ecosystem="ubuntu:24.04:lts" package="kubuntu-wallpapers" source=""
2026/10/05 19:10:54 WE GOT HERE 12 
2026/10/05 19:10:54 CVE QUERY: ecosystem="ubuntu:24.04:lts" package="kubuntu-web-shortcuts" source=""
2026/10/05 19:10:54 WE GOT HERE 12 
2026/10/05 19:10:54 CVE QUERY: ecosystem="ubuntu:24.04:lts" package="kup-backup" source=""
2026/10/05 19:10:54 WE GOT HERE 12 
2026/10/05 19:10:54 CVE QUERY: ecosystem="ubuntu:24.04:lts" package="kuserfeedback-doc" source="kuserfeedback"
2026/10/05 19:10:54 WE GOT HERE 12 
2026/10/05 19:10:54 CVE QUERY: ecosystem="ubuntu:24.04:lts" package="kwalletmanager" source=""
2026/10/05 19:10:54 WE GOT HERE 12 
2026/10/05 19:10:54 CVE QUERY: ecosystem="ubuntu:24.04:lts" package="kwayland-data" source="kwayland"
2026/10/05 19:10:54 WE GOT HERE 12 
2026/10/05 19:10:54 CVE QUERY: ecosystem="ubuntu:24.04:lts" package="kwayland-integration:amd64" source=""
2026/10/05 19:10:54 WE GOT HERE 12 
2026/10/05 19:10:54 CVE QUERY: ecosystem="ubuntu:24.04:lts" package="kwin-addons:amd64" source="kdeplasma-addons"
2026/10/05 19:10:54 WE GOT HERE 12 
2026/10/05 19:10:54 CVE QUERY: ecosystem="ubuntu:24.04:lts" package="kwin-common" source="kwin"
2026/10/05 19:10:54 WE GOT HERE 12 
2026/10/05 19:10:54 CVE QUERY: ecosystem="ubuntu:24.04:lts" package="kwin-data" source="kwin"
2026/10/05 19:10:54 WE GOT HERE 12 
2026/10/05 19:10:54 CVE QUERY: ecosystem="ubuntu:24.04:lts" package="kwin-decoration-oxygen:amd64" source="oxygen"
2026/10/05 19:10:54 WE GOT HERE 12 
2026/10/05 19:10:54 CVE QUERY: ecosystem="ubuntu:24.04:lts" package="kwin-style-breeze" source="breeze"
2026/10/05 19:10:54 WE GOT HERE 12 
2026/10/05 19:10:54 CVE QUERY: ecosystem="ubuntu:24.04:lts" package="kwin-wayland" source="kwin"
2026/10/05 19:10:54 WE GOT HERE 12 
2026/10/05 19:10:54 CVE QUERY: ecosystem="ubuntu:24.04:lts" package="kwin-x11" source="kwin"
2026/10/05 19:10:54 WE GOT HERE 12 
2026/10/05 19:10:54 CVE QUERY: ecosystem="ubuntu:24.04:lts" package="kwrited" source=""
2026/10/05 19:10:54 WE GOT HERE 12 
2026/10/05 19:10:54 CVE QUERY: ecosystem="ubuntu:24.04:lts" package="lame" source=""
2026/10/05 19:10:54 WE GOT HERE 12 
2026/10/05 19:10:54 CVE QUERY: ecosystem="ubuntu:24.04:lts" package="language-pack-en" source=""
2026/10/05 19:10:54 WE GOT HERE 12 
2026/10/05 19:10:54 CVE QUERY: ecosystem="ubuntu:24.04:lts" package="language-pack-en-base" source=""
2026/10/05 19:10:54 WE GOT HERE 12 
2026/10/05 19:10:54 CVE QUERY: ecosystem="ubuntu:24.04:lts" package="language-selector-common" source="language-selector"
2026/10/05 19:10:54 WE GOT HERE 12 
2026/10/05 19:10:54 CVE QUERY: ecosystem="ubuntu:24.04:lts" package="language-selector-gnome" source="language-selector"
2026/10/05 19:10:54 WE GOT HERE 12 
2026/10/05 19:10:54 CVE QUERY: ecosystem="ubuntu:24.04:lts" package="laptop-detect" source=""
2026/10/05 19:10:54 WE GOT HERE 12 
2026/10/05 19:10:54 CVE QUERY: ecosystem="ubuntu:24.04:lts" package="layer-shell-qt" source=""
2026/10/05 19:10:54 WE GOT HERE 12 
2026/10/05 19:10:54 CVE QUERY: ecosystem="ubuntu:24.04:lts" package="less" source=""
2026/10/05 19:10:54 WE GOT HERE 12 
2026/10/05 19:10:54 CVE QUERY: ecosystem="ubuntu:24.04:lts" package="lib32gcc-s1" source="gcc-14"
2026/10/05 19:10:54 WE GOT HERE 12 
2026/10/05 19:10:54 CVE QUERY: ecosystem="ubuntu:24.04:lts" package="lib32stdc++6" source="gcc-14"
2026/10/05 19:10:54 WE GOT HERE 12 
2026/10/05 19:10:54 CVE QUERY: ecosystem="ubuntu:24.04:lts" package="liba52-0.7.4:amd64" source="a52dec"
2026/10/05 19:10:54 WE GOT HERE 12 
2026/10/05 19:10:54 CVE QUERY: ecosystem="ubuntu:24.04:lts" package="libaa1:amd64" source="aalib"
2026/10/05 19:10:54 WE GOT HERE 12 
2026/10/05 19:10:54 CVE QUERY: ecosystem="ubuntu:24.04:lts" package="libaa1:i386" source="aalib"
2026/10/05 19:10:54 WE GOT HERE 12 
2026/10/05 19:10:54 CVE QUERY: ecosystem="ubuntu:24.04:lts" package="libaacs0:amd64" source="libaacs"
2026/10/05 19:10:54 WE GOT HERE 12 
2026/10/05 19:10:54 CVE QUERY: ecosystem="ubuntu:24.04:lts" package="libabsl20220623t64:amd64" source="abseil"
2026/10/05 19:10:54 WE GOT HERE 12 
2026/10/05 19:10:54 CVE QUERY: ecosystem="ubuntu:24.04:lts" package="libabw-0.1-1:amd64" source="libabw"
2026/10/05 19:10:54 WE GOT HERE 12 
2026/10/05 19:10:54 CVE QUERY: ecosystem="ubuntu:24.04:lts" package="libaccounts-glib0:amd64" source="libaccounts-glib"
2026/10/05 19:10:54 WE GOT HERE 12 
2026/10/05 19:10:54 CVE QUERY: ecosystem="ubuntu:24.04:lts" package="libaccounts-qt5-1:amd64" source="libaccounts-qt"
2026/10/05 19:10:54 WE GOT HERE 12 
2026/10/05 19:10:54 CVE QUERY: ecosystem="ubuntu:24.04:lts" package="libaccountsservice0:amd64" source="accountsservice"
2026/10/05 19:10:54 WE GOT HERE 12 
2026/10/05 19:10:54 CVE QUERY: ecosystem="ubuntu:24.04:lts" package="libacl1:amd64" source="acl"
2026/10/05 19:10:54 WE GOT HERE 12 
2026/10/05 19:10:54 CVE QUERY: ecosystem="ubuntu:24.04:lts" package="libadwaita-1-0:amd64" source="libadwaita-1"
2026/10/05 19:10:54 WE GOT HERE 12 
2026/10/05 19:10:54 CVE QUERY: ecosystem="ubuntu:24.04:lts" package="libaec0:amd64" source="libaec"
2026/10/05 19:10:54 WE GOT HERE 12 
2026/10/05 19:10:54 CVE QUERY: ecosystem="ubuntu:24.04:lts" package="libafflib0t64:amd64" source="afflib"
2026/10/05 19:10:54 WE GOT HERE 12 
2026/10/05 19:10:54 CVE QUERY: ecosystem="ubuntu:24.04:lts" package="libaio1t64:amd64" source="libaio"
2026/10/05 19:10:54 WE GOT HERE 12 
2026/10/05 19:10:54 CVE QUERY: ecosystem="ubuntu:24.04:lts" package="libalgorithm-diff-perl" source=""
2026/10/05 19:10:54 WE GOT HERE 12 
2026/10/05 19:10:54 CVE QUERY: ecosystem="ubuntu:24.04:lts" package="libalgorithm-diff-xs-perl:amd64" source=""
2026/10/05 19:10:54 WE GOT HERE 12 
2026/10/05 19:10:54 CVE QUERY: ecosystem="ubuntu:24.04:lts" package="libalgorithm-merge-perl" source=""
2026/10/05 19:10:54 WE GOT HERE 12 
2026/10/05 19:10:54 CVE QUERY: ecosystem="ubuntu:24.04:lts" package="libamd-comgr2:amd64" source="rocm-compilersupport"
2026/10/05 19:10:54 WE GOT HERE 12 
2026/10/05 19:10:54 CVE QUERY: ecosystem="ubuntu:24.04:lts" package="libamdhip64-5" source="rocm-hipamd"
2026/10/05 19:10:54 WE GOT HERE 12 
2026/10/05 19:10:54 CVE QUERY: ecosystem="ubuntu:24.04:lts" package="libao-common" source="libao"
2026/10/05 19:10:54 WE GOT HERE 12 
2026/10/05 19:10:54 CVE QUERY: ecosystem="ubuntu:24.04:lts" package="libao4:amd64" source="libao"
2026/10/05 19:10:54 WE GOT HERE 12 
2026/10/05 19:10:54 CVE QUERY: ecosystem="ubuntu:24.04:lts" package="libaom3:amd64" source="aom"
2026/10/05 19:10:54 WE GOT HERE 1-1
2026/10/05 19:10:54 CVE QUERY: ecosystem="ubuntu:24.04:lts" package="libaom3:i386" source="aom"
2026/10/05 19:10:54 WE GOT HERE 1-1
2026/10/05 19:10:54 CVE QUERY: ecosystem="ubuntu:24.04:lts" package="libapparmor1:amd64" source="apparmor"
2026/10/05 19:10:54 WE GOT HERE 12 
2026/10/05 19:10:54 CVE QUERY: ecosystem="ubuntu:24.04:lts" package="libapparmor1:i386" source="apparmor"
2026/10/05 19:10:54 WE GOT HERE 12 
2026/10/05 19:10:54 CVE QUERY: ecosystem="ubuntu:24.04:lts" package="libappimage1.0abi1t64:amd64" source="libappimage"
2026/10/05 19:10:54 WE GOT HERE 12 
2026/10/05 19:10:54 CVE QUERY: ecosystem="ubuntu:24.04:lts" package="libappmenu-gtk3-parser0:amd64" source="appmenu-gtk-module"
2026/10/05 19:10:54 WE GOT HERE 12 
2026/10/05 19:10:54 CVE QUERY: ecosystem="ubuntu:24.04:lts" package="libappstream5:amd64" source="appstream"
2026/10/05 19:10:54 WE GOT HERE 12 
2026/10/05 19:10:54 CVE QUERY: ecosystem="ubuntu:24.04:lts" package="libappstreamqt5-3:amd64" source="appstream"
2026/10/05 19:10:54 WE GOT HERE 12 
2026/10/05 19:10:54 CVE QUERY: ecosystem="ubuntu:24.04:lts" package="libapt-pkg6.0t64:amd64" source="apt"
2026/10/05 19:10:54 WE GOT HERE 12 
2026/10/05 19:10:54 CVE QUERY: ecosystem="ubuntu:24.04:lts" package="libarchive13t64:amd64" source="libarchive"
2026/10/05 19:10:54 WE GOT HERE 12 
2026/10/05 19:10:54 CVE QUERY: ecosystem="ubuntu:24.04:lts" package="libargon2-1:amd64" source="argon2"
2026/10/05 19:10:54 WE GOT HERE 12 
2026/10/05 19:10:54 CVE QUERY: ecosystem="ubuntu:24.04:lts" package="libaria2-0:amd64" source="aria2"
2026/10/05 19:10:54 WE GOT HERE 12 
2026/10/05 19:10:54 CVE QUERY: ecosystem="ubuntu:24.04:lts" package="libaribb24-0t64:amd64" source="aribb24"
2026/10/05 19:10:54 WE GOT HERE 12 
2026/10/05 19:10:54 CVE QUERY: ecosystem="ubuntu:24.04:lts" package="libarmadillo12" source="armadillo"
2026/10/05 19:10:54 WE GOT HERE 12 
2026/10/05 19:10:54 CVE QUERY: ecosystem="ubuntu:24.04:lts" package="libarpack2t64:amd64" source="arpack"
2026/10/05 19:10:54 WE GOT HERE 12 
2026/10/05 19:10:54 CVE QUERY: ecosystem="ubuntu:24.04:lts" package="libasan8:amd64" source="gcc-14"
2026/10/05 19:10:54 WE GOT HERE 12 
2026/10/05 19:10:54 CVE QUERY: ecosystem="ubuntu:24.04:lts" package="libasound2-data" source="alsa-lib"
2026/10/05 19:10:54 WE GOT HERE 12 
2026/10/05 19:10:54 CVE QUERY: ecosystem="ubuntu:24.04:lts" package="libasound2-plugins:amd64" source="alsa-plugins"
2026/10/05 19:10:54 WE GOT HERE 12 
2026/10/05 19:10:54 CVE QUERY: ecosystem="ubuntu:24.04:lts" package="libasound2-plugins:i386" source="alsa-plugins"
2026/10/05 19:10:54 WE GOT HERE 12 
2026/10/05 19:10:54 CVE QUERY: ecosystem="ubuntu:24.04:lts" package="libasound2t64:amd64" source="alsa-lib"
2026/10/05 19:10:54 WE GOT HERE 12 
2026/10/05 19:10:54 CVE QUERY: ecosystem="ubuntu:24.04:lts" package="libasound2t64:i386" source="alsa-lib"
2026/10/05 19:10:54 WE GOT HERE 12 
2026/10/05 19:10:54 CVE QUERY: ecosystem="ubuntu:24.04:lts" package="libaspell15:amd64" source="aspell"
2026/10/05 19:10:54 WE GOT HERE 12 
2026/10/05 19:10:54 CVE QUERY: ecosystem="ubuntu:24.04:lts" package="libass9:amd64" source="libass"
2026/10/05 19:10:54 WE GOT HERE 12 
2026/10/05 19:10:54 CVE QUERY: ecosystem="ubuntu:24.04:lts" package="libassuan0:amd64" source="libassuan"
2026/10/05 19:10:54 WE GOT HERE 12 
2026/10/05 19:10:54 CVE QUERY: ecosystem="ubuntu:24.04:lts" package="libastyle3:amd64" source="astyle"
2026/10/05 19:10:54 WE GOT HERE 12 
2026/10/05 19:10:54 CVE QUERY: ecosystem="ubuntu:24.04:lts" package="libasyncns0:amd64" source="libasyncns"
2026/10/05 19:10:54 WE GOT HERE 12 
2026/10/05 19:10:54 CVE QUERY: ecosystem="ubuntu:24.04:lts" package="libasyncns0:i386" source="libasyncns"
2026/10/05 19:10:54 WE GOT HERE 12 
2026/10/05 19:10:54 CVE QUERY: ecosystem="ubuntu:24.04:lts" package="libatasmart4:amd64" source="libatasmart"
2026/10/05 19:10:54 WE GOT HERE 12 
2026/10/05 19:10:54 CVE QUERY: ecosystem="ubuntu:24.04:lts" package="libatk-bridge2.0-0t64:amd64" source="at-spi2-core"
2026/10/05 19:10:54 WE GOT HERE 12 
2026/10/05 19:10:54 CVE QUERY: ecosystem="ubuntu:24.04:lts" package="libatk-bridge2.0-0t64:i386" source="at-spi2-core"
2026/10/05 19:10:54 WE GOT HERE 12 
2026/10/05 19:10:54 CVE QUERY: ecosystem="ubuntu:24.04:lts" package="libatk-wrapper-java" source="java-atk-wrapper"
2026/10/05 19:10:54 WE GOT HERE 12 
2026/10/05 19:10:54 CVE QUERY: ecosystem="ubuntu:24.04:lts" package="libatk-wrapper-java-jni:amd64" source="java-atk-wrapper"
2026/10/05 19:10:54 WE GOT HERE 12 
2026/10/05 19:10:54 CVE QUERY: ecosystem="ubuntu:24.04:lts" package="libatk1.0-0t64:amd64" source="at-spi2-core"
2026/10/05 19:10:54 WE GOT HERE 12 
2026/10/05 19:10:54 CVE QUERY: ecosystem="ubuntu:24.04:lts" package="libatk1.0-0t64:i386" source="at-spi2-core"
2026/10/05 19:10:54 WE GOT HERE 12 
2026/10/05 19:10:54 CVE QUERY: ecosystem="ubuntu:24.04:lts" package="libatkmm-1.6-1v5:amd64" source="atkmm1.6"
2026/10/05 19:10:54 WE GOT HERE 12 
2026/10/05 19:10:54 CVE QUERY: ecosystem="ubuntu:24.04:lts" package="libatm1t64:amd64" source="linux-atm"
2026/10/05 19:10:54 WE GOT HERE 12 
2026/10/05 19:10:54 CVE QUERY: ecosystem="ubuntu:24.04:lts" package="libatomic1:amd64" source="gcc-14"
2026/10/05 19:10:54 WE GOT HERE 12 
2026/10/05 19:10:54 CVE QUERY: ecosystem="ubuntu:24.04:lts" package="libatomic1:i386" source="gcc-14"
2026/10/05 19:10:54 WE GOT HERE 12 
2026/10/05 19:10:54 CVE QUERY: ecosystem="ubuntu:24.04:lts" package="libatopology2t64:amd64" source="alsa-lib"
2026/10/05 19:10:54 WE GOT HERE 12 
2026/10/05 19:10:54 CVE QUERY: ecosystem="ubuntu:24.04:lts" package="libatspi2.0-0t64:amd64" source="at-spi2-core"
2026/10/05 19:10:54 WE GOT HERE 12 
2026/10/05 19:10:54 CVE QUERY: ecosystem="ubuntu:24.04:lts" package="libatspi2.0-0t64:i386" source="at-spi2-core"
2026/10/05 19:10:54 WE GOT HERE 12 
2026/10/05 19:10:54 CVE QUERY: ecosystem="ubuntu:24.04:lts" package="libattr1:amd64" source="attr"
2026/10/05 19:10:54 WE GOT HERE 12 
2026/10/05 19:10:54 CVE QUERY: ecosystem="ubuntu:24.04:lts" package="libaudit-common" source="audit"
2026/10/05 19:10:54 WE GOT HERE 12 
2026/10/05 19:10:54 CVE QUERY: ecosystem="ubuntu:24.04:lts" package="libaudit1:amd64" source="audit"
2026/10/05 19:10:54 WE GOT HERE 12 
2026/10/05 19:10:54 CVE QUERY: ecosystem="ubuntu:24.04:lts" package="libauthen-sasl-perl" source=""
2026/10/05 19:10:54 WE GOT HERE 12 
2026/10/05 19:10:54 CVE QUERY: ecosystem="ubuntu:24.04:lts" package="libavahi-client3:amd64" source="avahi"
2026/10/05 19:10:54 WE GOT HERE 12 
2026/10/05 19:10:54 CVE QUERY: ecosystem="ubuntu:24.04:lts" package="libavahi-client3:i386" source="avahi"
2026/10/05 19:10:54 WE GOT HERE 12 
2026/10/05 19:10:54 CVE QUERY: ecosystem="ubuntu:24.04:lts" package="libavahi-common-data:amd64" source="avahi"
2026/10/05 19:10:54 WE GOT HERE 12 
2026/10/05 19:10:54 CVE QUERY: ecosystem="ubuntu:24.04:lts" package="libavahi-common-data:i386" source="avahi"
2026/10/05 19:10:54 WE GOT HERE 12 
2026/10/05 19:10:54 CVE QUERY: ecosystem="ubuntu:24.04:lts" package="libavahi-common3:amd64" source="avahi"
2026/10/05 19:10:54 WE GOT HERE 12 
2026/10/05 19:10:54 CVE QUERY: ecosystem="ubuntu:24.04:lts" package="libavahi-common3:i386" source="avahi"
2026/10/05 19:10:54 WE GOT HERE 12 
2026/10/05 19:10:54 CVE QUERY: ecosystem="ubuntu:24.04:lts" package="libavahi-core7:amd64" source="avahi"
2026/10/05 19:10:54 WE GOT HERE 12 
2026/10/05 19:10:54 CVE QUERY: ecosystem="ubuntu:24.04:lts" package="libavahi-glib1:amd64" source="avahi"
2026/10/05 19:10:54 WE GOT HERE 12 
2026/10/05 19:10:54 CVE QUERY: ecosystem="ubuntu:24.04:lts" package="libavc1394-0:amd64" source="libavc1394"
2026/10/05 19:10:54 WE GOT HERE 12 
2026/10/05 19:10:54 CVE QUERY: ecosystem="ubuntu:24.04:lts" package="libavc1394-0:i386" source="libavc1394"
2026/10/05 19:10:54 WE GOT HERE 12 
2026/10/05 19:10:54 CVE QUERY: ecosystem="ubuntu:24.04:lts" package="libavcodec60:amd64" source="ffmpeg"
2026/10/05 19:10:54 WE GOT HERE 1-1
2026/10/05 19:10:54 CVE QUERY: ecosystem="ubuntu:24.04:lts" package="libavcodec60:i386" source="ffmpeg"
2026/10/05 19:10:54 WE GOT HERE 1-1
2026/10/05 19:10:54 CVE QUERY: ecosystem="ubuntu:24.04:lts" package="libavdevice60:amd64" source="ffmpeg"
2026/10/05 19:10:54 WE GOT HERE 1-1
2026/10/05 19:10:54 CVE QUERY: ecosystem="ubuntu:24.04:lts" package="libavfilter9:amd64" source="ffmpeg"
2026/10/05 19:10:54 WE GOT HERE 1-1
2026/10/05 19:10:54 CVE QUERY: ecosystem="ubuntu:24.04:lts" package="libavformat60:amd64" source="ffmpeg"
2026/10/05 19:10:54 WE GOT HERE 1-1
2026/10/05 19:10:54 CVE QUERY: ecosystem="ubuntu:24.04:lts" package="libavif16:amd64" source="libavif"
2026/10/05 19:10:54 WE GOT HERE 12 
2026/10/05 19:10:54 CVE QUERY: ecosystem="ubuntu:24.04:lts" package="libavtp0:amd64" source="libavtp"
2026/10/05 19:10:54 WE GOT HERE 12 
2026/10/05 19:10:54 CVE QUERY: ecosystem="ubuntu:24.04:lts" package="libavutil58:amd64" source="ffmpeg"
2026/10/05 19:10:54 WE GOT HERE 1-1
2026/10/05 19:10:54 CVE QUERY: ecosystem="ubuntu:24.04:lts" package="libavutil58:i386" source="ffmpeg"
2026/10/05 19:10:54 WE GOT HERE 1-1
2026/10/05 19:10:54 CVE QUERY: ecosystem="ubuntu:24.04:lts" package="libayatana-appindicator3-1" source="libayatana-appindicator"
2026/10/05 19:10:54 WE GOT HERE 12 
2026/10/05 19:10:54 CVE QUERY: ecosystem="ubuntu:24.04:lts" package="libayatana-ido3-0.4-0:amd64" source="ayatana-ido"
2026/10/05 19:10:54 WE GOT HERE 12 
2026/10/05 19:10:54 CVE QUERY: ecosystem="ubuntu:24.04:lts" package="libayatana-indicator3-7:amd64" source="libayatana-indicator"
2026/10/05 19:10:54 WE GOT HERE 12 
2026/10/05 19:10:54 CVE QUERY: ecosystem="ubuntu:24.04:lts" package="libb2-1:amd64" source="libb2"
2026/10/05 19:10:54 WE GOT HERE 12 
2026/10/05 19:10:54 CVE QUERY: ecosystem="ubuntu:24.04:lts" package="libbabeltrace1:amd64" source="babeltrace"
2026/10/05 19:10:54 WE GOT HERE 12 
2026/10/05 19:10:54 CVE QUERY: ecosystem="ubuntu:24.04:lts" package="libbdplus0:amd64" source="libbdplus"
2026/10/05 19:10:54 WE GOT HERE 12 
2026/10/05 19:10:54 CVE QUERY: ecosystem="ubuntu:24.04:lts" package="libbfio1:amd64" source="libbfio"
2026/10/05 19:10:54 WE GOT HERE 12 
2026/10/05 19:10:54 CVE QUERY: ecosystem="ubuntu:24.04:lts" package="libbinutils:amd64" source="binutils"
2026/10/05 19:10:54 WE GOT HERE 12 
2026/10/05 19:10:54 CVE QUERY: ecosystem="ubuntu:24.04:lts" package="libblas3:amd64" source="lapack"
2026/10/05 19:10:54 WE GOT HERE 12 
2026/10/05 19:10:54 CVE QUERY: ecosystem="ubuntu:24.04:lts" package="libblkid1:amd64" source="util-linux"
2026/10/05 19:10:54 WE GOT HERE 12 
2026/10/05 19:10:54 CVE QUERY: ecosystem="ubuntu:24.04:lts" package="libblkid1:i386" source="util-linux"
2026/10/05 19:10:54 WE GOT HERE 12 
2026/10/05 19:10:54 CVE QUERY: ecosystem="ubuntu:24.04:lts" package="libblockdev-crypto3:amd64" source="libblockdev"
2026/10/05 19:10:54 WE GOT HERE 12 
2026/10/05 19:10:54 CVE QUERY: ecosystem="ubuntu:24.04:lts" package="libblockdev-fs3:amd64" source="libblockdev"
2026/10/05 19:10:54 WE GOT HERE 12 
2026/10/05 19:10:54 CVE QUERY: ecosystem="ubuntu:24.04:lts" package="libblockdev-loop3:amd64" source="libblockdev"
2026/10/05 19:10:54 WE GOT HERE 12 
2026/10/05 19:10:54 CVE QUERY: ecosystem="ubuntu:24.04:lts" package="libblockdev-mdraid3:amd64" source="libblockdev"
2026/10/05 19:10:54 WE GOT HERE 12 
2026/10/05 19:10:54 CVE QUERY: ecosystem="ubuntu:24.04:lts" package="libblockdev-nvme3:amd64" source="libblockdev"
2026/10/05 19:10:54 WE GOT HERE 12 
2026/10/05 19:10:54 CVE QUERY: ecosystem="ubuntu:24.04:lts" package="libblockdev-part3:amd64" source="libblockdev"
2026/10/05 19:10:54 WE GOT HERE 12 
2026/10/05 19:10:54 CVE QUERY: ecosystem="ubuntu:24.04:lts" package="libblockdev-swap3:amd64" source="libblockdev"
2026/10/05 19:10:54 WE GOT HERE 12 
2026/10/05 19:10:54 CVE QUERY: ecosystem="ubuntu:24.04:lts" package="libblockdev-utils3:amd64" source="libblockdev"
2026/10/05 19:10:54 WE GOT HERE 12 
2026/10/05 19:10:54 CVE QUERY: ecosystem="ubuntu:24.04:lts" package="libblockdev3:amd64" source="libblockdev"
2026/10/05 19:10:54 WE GOT HERE 12 
2026/10/05 19:10:54 CVE QUERY: ecosystem="ubuntu:24.04:lts" package="libblosc1:amd64" source="c-blosc"
2026/10/05 19:10:54 WE GOT HERE 12 
2026/10/05 19:10:54 CVE QUERY: ecosystem="ubuntu:24.04:lts" package="libbluetooth3:amd64" source="bluez"
2026/10/05 19:10:54 WE GOT HERE 12 
2026/10/05 19:10:54 CVE QUERY: ecosystem="ubuntu:24.04:lts" package="libbluray2:amd64" source="libbluray"
2026/10/05 19:10:54 WE GOT HERE 12 
2026/10/05 19:10:54 CVE QUERY: ecosystem="ubuntu:24.04:lts" package="libboost-chrono1.83.0t64:amd64" source="boost1.83"
2026/10/05 19:10:54 WE GOT HERE 12 
2026/10/05 19:10:54 CVE QUERY: ecosystem="ubuntu:24.04:lts" package="libboost-filesystem1.83.0:amd64" source="boost1.83"
2026/10/05 19:10:54 WE GOT HERE 12 
2026/10/05 19:10:54 CVE QUERY: ecosystem="ubuntu:24.04:lts" package="libboost-iostreams1.83.0:amd64" source="boost1.83"
2026/10/05 19:10:54 WE GOT HERE 12 
2026/10/05 19:10:54 CVE QUERY: ecosystem="ubuntu:24.04:lts" package="libboost-locale1.83.0:amd64" source="boost1.83"
2026/10/05 19:10:54 WE GOT HERE 12 
2026/10/05 19:10:54 CVE QUERY: ecosystem="ubuntu:24.04:lts" package="libboost-program-options1.83.0:amd64" source="boost1.83"
2026/10/05 19:10:54 WE GOT HERE 12 
2026/10/05 19:10:54 CVE QUERY: ecosystem="ubuntu:24.04:lts" package="libboost-thread1.83.0:amd64" source="boost1.83"
2026/10/05 19:10:54 WE GOT HERE 12 
2026/10/05 19:10:54 CVE QUERY: ecosystem="ubuntu:24.04:lts" package="libbpf-dev:amd64" source="libbpf"
2026/10/05 19:10:54 WE GOT HERE 12 
2026/10/05 19:10:54 CVE QUERY: ecosystem="ubuntu:24.04:lts" package="libbpf1:amd64" source="libbpf"
2026/10/05 19:10:54 WE GOT HERE 12 
2026/10/05 19:10:54 CVE QUERY: ecosystem="ubuntu:24.04:lts" package="libbpfcc:amd64" source="bpfcc"
2026/10/05 19:10:54 WE GOT HERE 12 
2026/10/05 19:10:54 CVE QUERY: ecosystem="ubuntu:24.04:lts" package="libbrlapi0.8:amd64" source="brltty"
2026/10/05 19:10:54 WE GOT HERE 12 
2026/10/05 19:10:54 CVE QUERY: ecosystem="ubuntu:24.04:lts" package="libbrotli1:amd64" source="brotli"
2026/10/05 19:10:54 WE GOT HERE 12 
2026/10/05 19:10:54 CVE QUERY: ecosystem="ubuntu:24.04:lts" package="libbrotli1:i386" source="brotli"
2026/10/05 19:10:54 WE GOT HERE 12 
2026/10/05 19:10:54 CVE QUERY: ecosystem="ubuntu:24.04:lts" package="libbs2b0:amd64" source="libbs2b"
2026/10/05 19:10:54 WE GOT HERE 12 
2026/10/05 19:10:54 CVE QUERY: ecosystem="ubuntu:24.04:lts" package="libbsd0:amd64" source="libbsd"
2026/10/05 19:10:54 WE GOT HERE 12 
2026/10/05 19:10:54 CVE QUERY: ecosystem="ubuntu:24.04:lts" package="libbsd0:i386" source="libbsd"
2026/10/05 19:10:54 WE GOT HERE 12 
2026/10/05 19:10:54 CVE QUERY: ecosystem="ubuntu:24.04:lts" package="libburn4t64:amd64" source="libburn"
2026/10/05 19:10:54 WE GOT HERE 12 
2026/10/05 19:10:54 CVE QUERY: ecosystem="ubuntu:24.04:lts" package="libbytesize-common" source="libbytesize"
2026/10/05 19:10:54 WE GOT HERE 12 
2026/10/05 19:10:54 CVE QUERY: ecosystem="ubuntu:24.04:lts" package="libbytesize1:amd64" source="libbytesize"
2026/10/05 19:10:54 WE GOT HERE 12 
2026/10/05 19:10:54 CVE QUERY: ecosystem="ubuntu:24.04:lts" package="libbz2-1.0:amd64" source="bzip2"
2026/10/05 19:10:54 WE GOT HERE 12 
2026/10/05 19:10:54 CVE QUERY: ecosystem="ubuntu:24.04:lts" package="libbz2-1.0:i386" source="bzip2"
2026/10/05 19:10:54 WE GOT HERE 12 
2026/10/05 19:10:54 CVE QUERY: ecosystem="ubuntu:24.04:lts" package="libc-bin" source="glibc"
2026/10/05 19:10:54 WE GOT HERE 1-1
2026/10/05 19:10:54 CVE QUERY: ecosystem="ubuntu:24.04:lts" package="libc-dev-bin" source="glibc"
2026/10/05 19:10:54 WE GOT HERE 1-1
2026/10/05 19:10:54 CVE QUERY: ecosystem="ubuntu:24.04:lts" package="libc-devtools" source="glibc"
2026/10/05 19:10:54 WE GOT HERE 1-1
2026/10/05 19:10:54 CVE QUERY: ecosystem="ubuntu:24.04:lts" package="libc6:amd64" source="glibc"
2026/10/05 19:10:54 WE GOT HERE 1-1
2026/10/05 19:10:54 CVE QUERY: ecosystem="ubuntu:24.04:lts" package="libc6:i386" source="glibc"
2026/10/05 19:10:54 WE GOT HERE 1-1
2026/10/05 19:10:54 CVE QUERY: ecosystem="ubuntu:24.04:lts" package="libc6-dbg:amd64" source="glibc"
2026/10/05 19:10:54 WE GOT HERE 1-1
2026/10/05 19:10:54 CVE QUERY: ecosystem="ubuntu:24.04:lts" package="libc6-dev:amd64" source="glibc"
2026/10/05 19:10:54 WE GOT HERE 1-1
2026/10/05 19:10:54 CVE QUERY: ecosystem="ubuntu:24.04:lts" package="libc6-i386" source="glibc"
2026/10/05 19:10:54 WE GOT HERE 1-1
2026/10/05 19:10:54 CVE QUERY: ecosystem="ubuntu:24.04:lts" package="libcaca0:amd64" source="libcaca"
2026/10/05 19:10:54 WE GOT HERE 12 
2026/10/05 19:10:54 CVE QUERY: ecosystem="ubuntu:24.04:lts" package="libcaca0:i386" source="libcaca"
2026/10/05 19:10:54 WE GOT HERE 12 
2026/10/05 19:10:54 CVE QUERY: ecosystem="ubuntu:24.04:lts" package="libcacard0:amd64" source="libcacard"
2026/10/05 19:10:54 WE GOT HERE 12 
2026/10/05 19:10:54 CVE QUERY: ecosystem="ubuntu:24.04:lts" package="libcairo-gobject2:amd64" source="cairo"
2026/10/05 19:10:54 WE GOT HERE 12 
2026/10/05 19:10:54 CVE QUERY: ecosystem="ubuntu:24.04:lts" package="libcairo-gobject2:i386" source="cairo"
2026/10/05 19:10:54 WE GOT HERE 12 
2026/10/05 19:10:54 CVE QUERY: ecosystem="ubuntu:24.04:lts" package="libcairo-script-interpreter2:amd64" source="cairo"
2026/10/05 19:10:54 WE GOT HERE 12 
2026/10/05 19:10:54 CVE QUERY: ecosystem="ubuntu:24.04:lts" package="libcairo2:amd64" source="cairo"
2026/10/05 19:10:54 WE GOT HERE 12 
2026/10/05 19:10:54 CVE QUERY: ecosystem="ubuntu:24.04:lts" package="libcairo2:i386" source="cairo"
2026/10/05 19:10:54 WE GOT HERE 12 
2026/10/05 19:10:54 CVE QUERY: ecosystem="ubuntu:24.04:lts" package="libcairomm-1.0-1v5:amd64" source="cairomm"
2026/10/05 19:10:54 WE GOT HERE 12 
2026/10/05 19:10:54 CVE QUERY: ecosystem="ubuntu:24.04:lts" package="libcamel-1.2-64t64:amd64" source="evolution-data-server"
2026/10/05 19:10:54 WE GOT HERE 12 
2026/10/05 19:10:54 CVE QUERY: ecosystem="ubuntu:24.04:lts" package="libcanberra-gtk3-0t64:amd64" source="libcanberra"
2026/10/05 19:10:54 WE GOT HERE 12 
2026/10/05 19:10:54 CVE QUERY: ecosystem="ubuntu:24.04:lts" package="libcanberra-gtk3-module:amd64" source="libcanberra"
2026/10/05 19:10:54 WE GOT HERE 12 
2026/10/05 19:10:54 CVE QUERY: ecosystem="ubuntu:24.04:lts" package="libcanberra-pulse:amd64" source="libcanberra"
2026/10/05 19:10:54 WE GOT HERE 12 
2026/10/05 19:10:54 CVE QUERY: ecosystem="ubuntu:24.04:lts" package="libcanberra0t64:amd64" source="libcanberra"
2026/10/05 19:10:54 WE GOT HERE 12 
2026/10/05 19:10:54 CVE QUERY: ecosystem="ubuntu:24.04:lts" package="libcap-ng0:amd64" source="libcap-ng"
2026/10/05 19:10:54 WE GOT HERE 12 
2026/10/05 19:10:54 CVE QUERY: ecosystem="ubuntu:24.04:lts" package="libcap2:amd64" source=""
2026/10/05 19:10:54 WE GOT HERE 12 
2026/10/05 19:10:54 CVE QUERY: ecosystem="ubuntu:24.04:lts" package="libcap2:i386" source=""
2026/10/05 19:10:54 WE GOT HERE 12 
2026/10/05 19:10:54 CVE QUERY: ecosystem="ubuntu:24.04:lts" package="libcap2-bin" source="libcap2"
2026/10/05 19:10:54 WE GOT HERE 12 
2026/10/05 19:10:54 CVE QUERY: ecosystem="ubuntu:24.04:lts" package="libcapi20-3t64:amd64" source="libcapi20-3"
2026/10/05 19:10:54 WE GOT HERE 12 
2026/10/05 19:10:54 CVE QUERY: ecosystem="ubuntu:24.04:lts" package="libcapi20-3t64:i386" source="libcapi20-3"
2026/10/05 19:10:54 WE GOT HERE 12 
2026/10/05 19:10:54 CVE QUERY: ecosystem="ubuntu:24.04:lts" package="libcares2:amd64" source="c-ares"
2026/10/05 19:10:54 WE GOT HERE 12 
2026/10/05 19:10:54 CVE QUERY: ecosystem="ubuntu:24.04:lts" package="libcbor0.10:amd64" source="libcbor"
2026/10/05 19:10:54 WE GOT HERE 12 
2026/10/05 19:10:54 CVE QUERY: ecosystem="ubuntu:24.04:lts" package="libcc1-0:amd64" source="gcc-14"
2026/10/05 19:10:54 WE GOT HERE 12 
2026/10/05 19:10:54 CVE QUERY: ecosystem="ubuntu:24.04:lts" package="libcddb2" source="libcddb"
2026/10/05 19:10:54 WE GOT HERE 12 
2026/10/05 19:10:54 CVE QUERY: ecosystem="ubuntu:24.04:lts" package="libcdio-cdda2t64:amd64" source="libcdio-paranoia"
2026/10/05 19:10:54 WE GOT HERE 12 
2026/10/05 19:10:54 CVE QUERY: ecosystem="ubuntu:24.04:lts" package="libcdio-paranoia2t64:amd64" source="libcdio-paranoia"
2026/10/05 19:10:54 WE GOT HERE 12 
2026/10/05 19:10:54 CVE QUERY: ecosystem="ubuntu:24.04:lts" package="libcdio19t64:amd64" source="libcdio"
2026/10/05 19:10:54 WE GOT HERE 12 
2026/10/05 19:10:54 CVE QUERY: ecosystem="ubuntu:24.04:lts" package="libcdparanoia0:amd64" source="cdparanoia"
2026/10/05 19:10:54 WE GOT HERE 12 
2026/10/05 19:10:54 CVE QUERY: ecosystem="ubuntu:24.04:lts" package="libcdparanoia0:i386" source="cdparanoia"
2026/10/05 19:10:54 WE GOT HERE 12 
2026/10/05 19:10:54 CVE QUERY: ecosystem="ubuntu:24.04:lts" package="libcdr-0.1-1:amd64" source="libcdr"
2026/10/05 19:10:54 WE GOT HERE 12 
2026/10/05 19:10:54 CVE QUERY: ecosystem="ubuntu:24.04:lts" package="libcfitsio10t64:amd64" source="cfitsio"
2026/10/05 19:10:54 WE GOT HERE 12 
2026/10/05 19:10:54 CVE QUERY: ecosystem="ubuntu:24.04:lts" package="libcharls2:amd64" source="charls"
2026/10/05 19:10:54 WE GOT HERE 12 
2026/10/05 19:10:54 CVE QUERY: ecosystem="ubuntu:24.04:lts" package="libchm1" source="chmlib"
2026/10/05 19:10:54 WE GOT HERE 12 
2026/10/05 19:10:54 CVE QUERY: ecosystem="ubuntu:24.04:lts" package="libchromaprint1:amd64" source="chromaprint"
2026/10/05 19:10:54 WE GOT HERE 12 
2026/10/05 19:10:54 CVE QUERY: ecosystem="ubuntu:24.04:lts" package="libcjson1:amd64" source="cjson"
2026/10/05 19:10:54 WE GOT HERE 12 
2026/10/05 19:10:54 CVE QUERY: ecosystem="ubuntu:24.04:lts" package="libclang-common-18-dev:amd64" source="llvm-toolchain-18"
2026/10/05 19:10:54 WE GOT HERE 12 
2026/10/05 19:10:54 CVE QUERY: ecosystem="ubuntu:24.04:lts" package="libclang-cpp18" source="llvm-toolchain-18"
2026/10/05 19:10:54 WE GOT HERE 12 
2026/10/05 19:10:54 CVE QUERY: ecosystem="ubuntu:24.04:lts" package="libclang-rt-18-dev:amd64" source="llvm-toolchain-18"
2026/10/05 19:10:54 WE GOT HERE 12 
2026/10/05 19:10:54 CVE QUERY: ecosystem="ubuntu:24.04:lts" package="libclang1-18" source="llvm-toolchain-18"
2026/10/05 19:10:54 WE GOT HERE 12 
2026/10/05 19:10:54 CVE QUERY: ecosystem="ubuntu:24.04:lts" package="libclone-perl:amd64" source=""
2026/10/05 19:10:54 WE GOT HERE 12 
2026/10/05 19:10:54 CVE QUERY: ecosystem="ubuntu:24.04:lts" package="libclucene-contribs1t64:amd64" source="clucene-core"
2026/10/05 19:10:54 WE GOT HERE 12 
2026/10/05 19:10:54 CVE QUERY: ecosystem="ubuntu:24.04:lts" package="libclucene-core1t64:amd64" source="clucene-core"
2026/10/05 19:10:54 WE GOT HERE 12 
2026/10/05 19:10:54 CVE QUERY: ecosystem="ubuntu:24.04:lts" package="libcmark0.30.2:amd64" source="cmark"
2026/10/05 19:10:54 WE GOT HERE 12 
2026/10/05 19:10:54 CVE QUERY: ecosystem="ubuntu:24.04:lts" package="libcodeblocks0t64" source="codeblocks"
2026/10/05 19:10:54 WE GOT HERE 12 
2026/10/05 19:10:54 CVE QUERY: ecosystem="ubuntu:24.04:lts" package="libcodec2-1.2:amd64" source="codec2"
2026/10/05 19:10:54 WE GOT HERE 12 
2026/10/05 19:10:54 CVE QUERY: ecosystem="ubuntu:24.04:lts" package="libcodec2-1.2:i386" source="codec2"
2026/10/05 19:10:54 WE GOT HERE 12 
2026/10/05 19:10:54 CVE QUERY: ecosystem="ubuntu:24.04:lts" package="libcolamd3:amd64" source="suitesparse"
2026/10/05 19:10:54 WE GOT HERE 12 
2026/10/05 19:10:54 CVE QUERY: ecosystem="ubuntu:24.04:lts" package="libcolorcorrect5" source="plasma-workspace"
2026/10/05 19:10:54 WE GOT HERE 12 
2026/10/05 19:10:54 CVE QUERY: ecosystem="ubuntu:24.04:lts" package="libcolord-gtk4-1t64:amd64" source="colord-gtk"
2026/10/05 19:10:54 WE GOT HERE 12 
2026/10/05 19:10:54 CVE QUERY: ecosystem="ubuntu:24.04:lts" package="libcolord2:amd64" source="colord"
2026/10/05 19:10:54 WE GOT HERE 12 
2026/10/05 19:10:54 CVE QUERY: ecosystem="ubuntu:24.04:lts" package="libcolord2:i386" source="colord"
2026/10/05 19:10:54 WE GOT HERE 12 
2026/10/05 19:10:54 CVE QUERY: ecosystem="ubuntu:24.04:lts" package="libcolorhug2:amd64" source="colord"
2026/10/05 19:10:54 WE GOT HERE 12 
2026/10/05 19:10:54 CVE QUERY: ecosystem="ubuntu:24.04:lts" package="libcom-err2:amd64" source="e2fsprogs"
2026/10/05 19:10:54 WE GOT HERE 12 
2026/10/05 19:10:54 CVE QUERY: ecosystem="ubuntu:24.04:lts" package="libcom-err2:i386" source="e2fsprogs"
2026/10/05 19:10:54 WE GOT HERE 12 
2026/10/05 19:10:54 CVE QUERY: ecosystem="ubuntu:24.04:lts" package="libcrack2:amd64" source="cracklib2"
2026/10/05 19:10:54 WE GOT HERE 12 
2026/10/05 19:10:54 CVE QUERY: ecosystem="ubuntu:24.04:lts" package="libcrypt-dev:amd64" source="libxcrypt"
2026/10/05 19:10:54 WE GOT HERE 12 
2026/10/05 19:10:54 CVE QUERY: ecosystem="ubuntu:24.04:lts" package="libcrypt1:amd64" source="libxcrypt"
2026/10/05 19:10:54 WE GOT HERE 12 
2026/10/05 19:10:54 CVE QUERY: ecosystem="ubuntu:24.04:lts" package="libcrypt1:i386" source="libxcrypt"
2026/10/05 19:10:54 WE GOT HERE 12 
2026/10/05 19:10:54 CVE QUERY: ecosystem="ubuntu:24.04:lts" package="libcryptsetup12:amd64" source="cryptsetup"
2026/10/05 19:10:54 WE GOT HERE 12 
2026/10/05 19:10:54 CVE QUERY: ecosystem="ubuntu:24.04:lts" package="libctf-nobfd0:amd64" source="binutils"
2026/10/05 19:10:54 WE GOT HERE 12 
2026/10/05 19:10:54 CVE QUERY: ecosystem="ubuntu:24.04:lts" package="libctf0:amd64" source="binutils"
2026/10/05 19:10:54 WE GOT HERE 12 
2026/10/05 19:10:54 CVE QUERY: ecosystem="ubuntu:24.04:lts" package="libcups2t64:amd64" source="cups"
2026/10/05 19:10:54 WE GOT HERE 12 
2026/10/05 19:10:54 CVE QUERY: ecosystem="ubuntu:24.04:lts" package="libcups2t64:i386" source="cups"
2026/10/05 19:10:54 WE GOT HERE 12 
2026/10/05 19:10:54 CVE QUERY: ecosystem="ubuntu:24.04:lts" package="libcupsfilters2-common" source="libcupsfilters"
2026/10/05 19:10:54 WE GOT HERE 1-1
2026/10/05 19:10:54 CVE QUERY: ecosystem="ubuntu:24.04:lts" package="libcupsfilters2t64:amd64" source="libcupsfilters"
2026/10/05 19:10:54 WE GOT HERE 1-1
2026/10/05 19:10:54 CVE QUERY: ecosystem="ubuntu:24.04:lts" package="libcupsimage2t64:amd64" source="cups"
2026/10/05 19:10:54 WE GOT HERE 12 
2026/10/05 19:10:54 CVE QUERY: ecosystem="ubuntu:24.04:lts" package="libcurl3t64-gnutls:amd64" source="curl"
2026/10/05 19:10:54 WE GOT HERE 1-1
2026/10/05 19:10:54 CVE QUERY: ecosystem="ubuntu:24.04:lts" package="libcurl3t64-gnutls:i386" source="curl"
2026/10/05 19:10:54 WE GOT HERE 1-1
2026/10/05 19:10:54 CVE QUERY: ecosystem="ubuntu:24.04:lts" package="libcurl4t64:amd64" source="curl"
2026/10/05 19:10:54 WE GOT HERE 1-1
2026/10/05 19:10:54 CVE QUERY: ecosystem="ubuntu:24.04:lts" package="libcurl4t64:i386" source="curl"
2026/10/05 19:10:54 WE GOT HERE 1-1
2026/10/05 19:10:54 CVE QUERY: ecosystem="ubuntu:24.04:lts" package="libcwidget4:amd64" source="cwidget"
2026/10/05 19:10:54 WE GOT HERE 12 
2026/10/05 19:10:54 CVE QUERY: ecosystem="ubuntu:24.04:lts" package="libdaemon0:amd64" source="libdaemon"
2026/10/05 19:10:54 WE GOT HERE 12 
2026/10/05 19:10:54 CVE QUERY: ecosystem="ubuntu:24.04:lts" package="libdata-dump-perl" source=""
2026/10/05 19:10:54 WE GOT HERE 12 
2026/10/05 19:10:54 CVE QUERY: ecosystem="ubuntu:24.04:lts" package="libdate-manip-perl" source=""
2026/10/05 19:10:54 WE GOT HERE 12 
2026/10/05 19:10:54 CVE QUERY: ecosystem="ubuntu:24.04:lts" package="libdatrie1:amd64" source="libdatrie"
2026/10/05 19:10:54 WE GOT HERE 12 
2026/10/05 19:10:54 CVE QUERY: ecosystem="ubuntu:24.04:lts" package="libdatrie1:i386" source="libdatrie"
2026/10/05 19:10:54 WE GOT HERE 12 
2026/10/05 19:10:54 CVE QUERY: ecosystem="ubuntu:24.04:lts" package="libdav1d7:amd64" source="dav1d"
2026/10/05 19:10:54 WE GOT HERE 12 
2026/10/05 19:10:54 CVE QUERY: ecosystem="ubuntu:24.04:lts" package="libdav1d7:i386" source="dav1d"
2026/10/05 19:10:54 WE GOT HERE 12 
2026/10/05 19:10:54 CVE QUERY: ecosystem="ubuntu:24.04:lts" package="libdaxctl1:amd64" source="ndctl"
2026/10/05 19:10:54 WE GOT HERE 12 
2026/10/05 19:10:54 CVE QUERY: ecosystem="ubuntu:24.04:lts" package="libdb5.3t64:amd64" source="db5.3"
2026/10/05 19:10:54 WE GOT HERE 12 
2026/10/05 19:10:54 CVE QUERY: ecosystem="ubuntu:24.04:lts" package="libdb5.3t64:i386" source="db5.3"
2026/10/05 19:10:54 WE GOT HERE 12 
2026/10/05 19:10:54 CVE QUERY: ecosystem="ubuntu:24.04:lts" package="libdbus-1-3:amd64" source="dbus"
2026/10/05 19:10:54 WE GOT HERE 12 
2026/10/05 19:10:54 CVE QUERY: ecosystem="ubuntu:24.04:lts" package="libdbus-1-3:i386" source="dbus"
2026/10/05 19:10:54 WE GOT HERE 12 
2026/10/05 19:10:54 CVE QUERY: ecosystem="ubuntu:24.04:lts" package="libdbus-glib-1-2:amd64" source="dbus-glib"
2026/10/05 19:10:54 WE GOT HERE 12 
2026/10/05 19:10:54 CVE QUERY: ecosystem="ubuntu:24.04:lts" package="libdbusmenu-glib4:amd64" source="libdbusmenu"
2026/10/05 19:10:54 WE GOT HERE 12 
2026/10/05 19:10:54 CVE QUERY: ecosystem="ubuntu:24.04:lts" package="libdbusmenu-gtk3-4:amd64" source="libdbusmenu"
2026/10/05 19:10:54 WE GOT HERE 12 
2026/10/05 19:10:54 CVE QUERY: ecosystem="ubuntu:24.04:lts" package="libdbusmenu-qt5-2:amd64" source="libdbusmenu-qt"
2026/10/05 19:10:54 WE GOT HERE 12 
2026/10/05 19:10:54 CVE QUERY: ecosystem="ubuntu:24.04:lts" package="libdc1394-25:amd64" source="libdc1394"
2026/10/05 19:10:54 WE GOT HERE 12 
2026/10/05 19:10:54 CVE QUERY: ecosystem="ubuntu:24.04:lts" package="libdca0:amd64" source="libdca"
2026/10/05 19:10:54 WE GOT HERE 12 
2026/10/05 19:10:54 CVE QUERY: ecosystem="ubuntu:24.04:lts" package="libdcmtk17t64:amd64" source="dcmtk"
2026/10/05 19:10:54 WE GOT HERE 12 
2026/10/05 19:10:54 CVE QUERY: ecosystem="ubuntu:24.04:lts" package="libdconf1:amd64" source="dconf"
2026/10/05 19:10:54 WE GOT HERE 12 
2026/10/05 19:10:54 CVE QUERY: ecosystem="ubuntu:24.04:lts" package="libde265-0:amd64" source="libde265"
2026/10/05 19:10:54 WE GOT HERE 12 
2026/10/05 19:10:54 CVE QUERY: ecosystem="ubuntu:24.04:lts" package="libde265-0:i386" source="libde265"
2026/10/05 19:10:54 WE GOT HERE 12 
2026/10/05 19:10:54 CVE QUERY: ecosystem="ubuntu:24.04:lts" package="libdebconf-kde1:amd64" source="debconf-kde"
2026/10/05 19:10:54 WE GOT HERE 12 
2026/10/05 19:10:54 CVE QUERY: ecosystem="ubuntu:24.04:lts" package="libdebconfclient0:amd64" source="cdebconf"
2026/10/05 19:10:54 WE GOT HERE 12 
2026/10/05 19:10:54 CVE QUERY: ecosystem="ubuntu:24.04:lts" package="libdebuginfod-common" source="elfutils"
2026/10/05 19:10:54 WE GOT HERE 12 
2026/10/05 19:10:54 CVE QUERY: ecosystem="ubuntu:24.04:lts" package="libdebuginfod1t64:amd64" source="elfutils"
2026/10/05 19:10:54 WE GOT HERE 12 
2026/10/05 19:10:54 CVE QUERY: ecosystem="ubuntu:24.04:lts" package="libdecor-0-0:amd64" source="libdecor-0"
2026/10/05 19:10:54 WE GOT HERE 12 
2026/10/05 19:10:54 CVE QUERY: ecosystem="ubuntu:24.04:lts" package="libdecor-0-0:i386" source="libdecor-0"
2026/10/05 19:10:54 WE GOT HERE 12 
2026/10/05 19:10:54 CVE QUERY: ecosystem="ubuntu:24.04:lts" package="libdecor-0-plugin-1-gtk:amd64" source="libdecor-0"
2026/10/05 19:10:54 WE GOT HERE 12 
2026/10/05 19:10:54 CVE QUERY: ecosystem="ubuntu:24.04:lts" package="libdecor-0-plugin-1-gtk:i386" source="libdecor-0"
2026/10/05 19:10:54 WE GOT HERE 12 
2026/10/05 19:10:54 CVE QUERY: ecosystem="ubuntu:24.04:lts" package="libdeflate0:amd64" source="libdeflate"
2026/10/05 19:10:54 WE GOT HERE 12 
2026/10/05 19:10:54 CVE QUERY: ecosystem="ubuntu:24.04:lts" package="libdeflate0:i386" source="libdeflate"
2026/10/05 19:10:54 WE GOT HERE 12 
2026/10/05 19:10:54 CVE QUERY: ecosystem="ubuntu:24.04:lts" package="libdevmapper-event1.02.1:amd64" source="lvm2"
2026/10/05 19:10:54 WE GOT HERE 12 
2026/10/05 19:10:54 CVE QUERY: ecosystem="ubuntu:24.04:lts" package="libdevmapper1.02.1:amd64" source="lvm2"
2026/10/05 19:10:54 WE GOT HERE 12 
2026/10/05 19:10:54 CVE QUERY: ecosystem="ubuntu:24.04:lts" package="libdirectfb-1.7-7t64:amd64" source="directfb"
2026/10/05 19:10:54 WE GOT HERE 12 
2026/10/05 19:10:54 CVE QUERY: ecosystem="ubuntu:24.04:lts" package="libdjvulibre-text" source="djvulibre"
2026/10/05 19:10:54 WE GOT HERE 12 
2026/10/05 19:10:54 CVE QUERY: ecosystem="ubuntu:24.04:lts" package="libdjvulibre21:amd64" source="djvulibre"
2026/10/05 19:10:54 WE GOT HERE 12 
2026/10/05 19:10:54 CVE QUERY: ecosystem="ubuntu:24.04:lts" package="libdmraid1.0.0.rc16:amd64" source="dmraid"
2026/10/05 19:10:54 WE GOT HERE 12 
2026/10/05 19:10:54 CVE QUERY: ecosystem="ubuntu:24.04:lts" package="libdmtx0t64:amd64" source="libdmtx"
2026/10/05 19:10:54 WE GOT HERE 12 
2026/10/05 19:10:54 CVE QUERY: ecosystem="ubuntu:24.04:lts" package="libdolphinvcs5:amd64" source="dolphin"
2026/10/05 19:10:54 WE GOT HERE 12 
2026/10/05 19:10:54 CVE QUERY: ecosystem="ubuntu:24.04:lts" package="libdotconf0:amd64" source="dotconf"
2026/10/05 19:10:54 WE GOT HERE 12 
2026/10/05 19:10:54 CVE QUERY: ecosystem="ubuntu:24.04:lts" package="libdouble-conversion3:amd64" source="double-conversion"
2026/10/05 19:10:54 WE GOT HERE 12 
2026/10/05 19:10:54 CVE QUERY: ecosystem="ubuntu:24.04:lts" package="libdpkg-perl" source="dpkg"
2026/10/05 19:10:54 WE GOT HERE 1-1
2026/10/05 19:10:54 CVE QUERY: ecosystem="ubuntu:24.04:lts" package="libdrm-amdgpu1:amd64" source="libdrm"
2026/10/05 19:10:54 WE GOT HERE 12 
2026/10/05 19:10:54 CVE QUERY: ecosystem="ubuntu:24.04:lts" package="libdrm-amdgpu1:i386" source="libdrm"
2026/10/05 19:10:54 WE GOT HERE 12 
2026/10/05 19:10:54 CVE QUERY: ecosystem="ubuntu:24.04:lts" package="libdrm-common" source="libdrm"
2026/10/05 19:10:54 WE GOT HERE 12 
2026/10/05 19:10:54 CVE QUERY: ecosystem="ubuntu:24.04:lts" package="libdrm-intel1:amd64" source="libdrm"
2026/10/05 19:10:54 WE GOT HERE 12 
2026/10/05 19:10:54 CVE QUERY: ecosystem="ubuntu:24.04:lts" package="libdrm-intel1:i386" source="libdrm"
2026/10/05 19:10:54 WE GOT HERE 12 
2026/10/05 19:10:54 CVE QUERY: ecosystem="ubuntu:24.04:lts" package="libdrm-nouveau2:amd64" source="libdrm"
2026/10/05 19:10:54 WE GOT HERE 12 
2026/10/05 19:10:54 CVE QUERY: ecosystem="ubuntu:24.04:lts" package="libdrm-radeon1:amd64" source="libdrm"
2026/10/05 19:10:54 WE GOT HERE 12 
2026/10/05 19:10:54 CVE QUERY: ecosystem="ubuntu:24.04:lts" package="libdrm2:amd64" source="libdrm"
2026/10/05 19:10:54 WE GOT HERE 12 
2026/10/05 19:10:54 CVE QUERY: ecosystem="ubuntu:24.04:lts" package="libdrm2:i386" source="libdrm"
2026/10/05 19:10:54 WE GOT HERE 12 
2026/10/05 19:10:54 CVE QUERY: ecosystem="ubuntu:24.04:lts" package="libduktape207:amd64" source="duktape"
2026/10/05 19:10:54 WE GOT HERE 12 
2026/10/05 19:10:54 CVE QUERY: ecosystem="ubuntu:24.04:lts" package="libduktape207:i386" source="duktape"
2026/10/05 19:10:54 WE GOT HERE 12 
2026/10/05 19:10:54 CVE QUERY: ecosystem="ubuntu:24.04:lts" package="libdv4t64:amd64" source="libdv"
2026/10/05 19:10:54 WE GOT HERE 12 
2026/10/05 19:10:54 CVE QUERY: ecosystem="ubuntu:24.04:lts" package="libdv4t64:i386" source="libdv"
2026/10/05 19:10:54 WE GOT HERE 12 
2026/10/05 19:10:54 CVE QUERY: ecosystem="ubuntu:24.04:lts" package="libdvbpsi10:amd64" source="libdvbpsi"
2026/10/05 19:10:54 WE GOT HERE 12 
2026/10/05 19:10:54 CVE QUERY: ecosystem="ubuntu:24.04:lts" package="libdvdnav4:amd64" source="libdvdnav"
2026/10/05 19:10:54 WE GOT HERE 12 
2026/10/05 19:10:54 CVE QUERY: ecosystem="ubuntu:24.04:lts" package="libdvdread8t64:amd64" source="libdvdread"
2026/10/05 19:10:54 WE GOT HERE 12 
2026/10/05 19:10:54 CVE QUERY: ecosystem="ubuntu:24.04:lts" package="libdw1t64:amd64" source="elfutils"
2026/10/05 19:10:54 WE GOT HERE 12 
2026/10/05 19:10:54 CVE QUERY: ecosystem="ubuntu:24.04:lts" package="libdw1t64:i386" source="elfutils"
2026/10/05 19:10:54 WE GOT HERE 12 
2026/10/05 19:10:54 CVE QUERY: ecosystem="ubuntu:24.04:lts" package="libe-book-0.1-1:amd64" source="libe-book"
2026/10/05 19:10:54 WE GOT HERE 12 
2026/10/05 19:10:54 CVE QUERY: ecosystem="ubuntu:24.04:lts" package="libebackend-1.2-11t64:amd64" source="evolution-data-server"
2026/10/05 19:10:54 WE GOT HERE 12 
2026/10/05 19:10:54 CVE QUERY: ecosystem="ubuntu:24.04:lts" package="libebml5:amd64" source="libebml"
2026/10/05 19:10:54 WE GOT HERE 12 
2026/10/05 19:10:54 CVE QUERY: ecosystem="ubuntu:24.04:lts" package="libebook-1.2-21t64:amd64" source="evolution-data-server"
2026/10/05 19:10:54 WE GOT HERE 12 
2026/10/05 19:10:54 CVE QUERY: ecosystem="ubuntu:24.04:lts" package="libebook-contacts-1.2-4t64:amd64" source="evolution-data-server"
2026/10/05 19:10:54 WE GOT HERE 12 
2026/10/05 19:10:54 CVE QUERY: ecosystem="ubuntu:24.04:lts" package="libebur128-1:amd64" source="libebur128"
2026/10/05 19:10:54 WE GOT HERE 12 
2026/10/05 19:10:54 CVE QUERY: ecosystem="ubuntu:24.04:lts" package="libecal-2.0-3:amd64" source="evolution-data-server"
2026/10/05 19:10:54 WE GOT HERE 12 
2026/10/05 19:10:54 CVE QUERY: ecosystem="ubuntu:24.04:lts" package="libedata-book-1.2-27t64:amd64" source="evolution-data-server"
2026/10/05 19:10:54 WE GOT HERE 12 
2026/10/05 19:10:54 CVE QUERY: ecosystem="ubuntu:24.04:lts" package="libedata-cal-2.0-2t64:amd64" source="evolution-data-server"
2026/10/05 19:10:54 WE GOT HERE 12 
2026/10/05 19:10:54 CVE QUERY: ecosystem="ubuntu:24.04:lts" package="libedataserver-1.2-27t64:amd64" source="evolution-data-server"
2026/10/05 19:10:54 WE GOT HERE 12 
2026/10/05 19:10:54 CVE QUERY: ecosystem="ubuntu:24.04:lts" package="libedataserverui-1.2-4t64:amd64" source="evolution-data-server"
2026/10/05 19:10:54 WE GOT HERE 12 
2026/10/05 19:10:54 CVE QUERY: ecosystem="ubuntu:24.04:lts" package="libedit2:amd64" source="libedit"
2026/10/05 19:10:54 WE GOT HERE 12 
2026/10/05 19:10:54 CVE QUERY: ecosystem="ubuntu:24.04:lts" package="libedit2:i386" source="libedit"
2026/10/05 19:10:54 WE GOT HERE 12 
2026/10/05 19:10:54 CVE QUERY: ecosystem="ubuntu:24.04:lts" package="libeditorconfig0:amd64" source="editorconfig-core"
2026/10/05 19:10:54 WE GOT HERE 1-1
2026/10/05 19:10:54 CVE QUERY: ecosystem="ubuntu:24.04:lts" package="libefiboot1t64:amd64" source="efivar"
2026/10/05 19:10:54 WE GOT HERE 12 
2026/10/05 19:10:54 CVE QUERY: ecosystem="ubuntu:24.04:lts" package="libefivar1t64:amd64" source="efivar"
2026/10/05 19:10:54 WE GOT HERE 12 
2026/10/05 19:10:54 CVE QUERY: ecosystem="ubuntu:24.04:lts" package="libegl-dev:amd64" source="libglvnd"
2026/10/05 19:10:54 WE GOT HERE 12 
2026/10/05 19:10:54 CVE QUERY: ecosystem="ubuntu:24.04:lts" package="libegl-mesa0:amd64" source="mesa"
2026/10/05 19:10:54 WE GOT HERE 12 
2026/10/05 19:10:54 CVE QUERY: ecosystem="ubuntu:24.04:lts" package="libegl-mesa0:i386" source="mesa"
2026/10/05 19:10:54 WE GOT HERE 12 
2026/10/05 19:10:54 CVE QUERY: ecosystem="ubuntu:24.04:lts" package="libegl1:amd64" source="libglvnd"
2026/10/05 19:10:54 WE GOT HERE 12 
2026/10/05 19:10:54 CVE QUERY: ecosystem="ubuntu:24.04:lts" package="libegl1:i386" source="libglvnd"
2026/10/05 19:10:54 WE GOT HERE 12 
2026/10/05 19:10:54 CVE QUERY: ecosystem="ubuntu:24.04:lts" package="libegl1-mesa-dev:amd64" source="mesa"
2026/10/05 19:10:54 WE GOT HERE 12 
2026/10/05 19:10:54 CVE QUERY: ecosystem="ubuntu:24.04:lts" package="libei1:amd64" source="libei"
2026/10/05 19:10:54 WE GOT HERE 12 
2026/10/05 19:10:54 CVE QUERY: ecosystem="ubuntu:24.04:lts" package="libeis1:amd64" source="libei"
2026/10/05 19:10:54 WE GOT HERE 12 
2026/10/05 19:10:54 CVE QUERY: ecosystem="ubuntu:24.04:lts" package="libelf-dev:amd64" source="elfutils"
2026/10/05 19:10:54 WE GOT HERE 12 
2026/10/05 19:10:54 CVE QUERY: ecosystem="ubuntu:24.04:lts" package="libelf1t64:amd64" source="elfutils"
2026/10/05 19:10:54 WE GOT HERE 12 
2026/10/05 19:10:54 CVE QUERY: ecosystem="ubuntu:24.04:lts" package="libelf1t64:i386" source="elfutils"
2026/10/05 19:10:54 WE GOT HERE 12 
2026/10/05 19:10:54 CVE QUERY: ecosystem="ubuntu:24.04:lts" package="libembree4-4:amd64" source="embree"
2026/10/05 19:10:54 WE GOT HERE 12 
2026/10/05 19:10:54 CVE QUERY: ecosystem="ubuntu:24.04:lts" package="libenchant-2-2:amd64" source="enchant-2"
2026/10/05 19:10:54 WE GOT HERE 12 
2026/10/05 19:10:54 CVE QUERY: ecosystem="ubuntu:24.04:lts" package="libencode-locale-perl" source=""
2026/10/05 19:10:54 WE GOT HERE 12 
2026/10/05 19:10:54 CVE QUERY: ecosystem="ubuntu:24.04:lts" package="libeot0:amd64" source="libeot"
2026/10/05 19:10:54 WE GOT HERE 12 
2026/10/05 19:10:54 CVE QUERY: ecosystem="ubuntu:24.04:lts" package="libepoxy0:amd64" source="libepoxy"
2026/10/05 19:10:54 WE GOT HERE 12 
2026/10/05 19:10:54 CVE QUERY: ecosystem="ubuntu:24.04:lts" package="libepoxy0:i386" source="libepoxy"
2026/10/05 19:10:54 WE GOT HERE 12 
2026/10/05 19:10:54 CVE QUERY: ecosystem="ubuntu:24.04:lts" package="libepub0" source="ebook-tools"
2026/10/05 19:10:54 WE GOT HERE 12 
2026/10/05 19:10:54 CVE QUERY: ecosystem="ubuntu:24.04:lts" package="libepubgen-0.1-1:amd64" source="libepubgen"
2026/10/05 19:10:54 WE GOT HERE 12 
2026/10/05 19:10:54 CVE QUERY: ecosystem="ubuntu:24.04:lts" package="liberror-perl" source=""
2026/10/05 19:10:54 WE GOT HERE 12 
2026/10/05 19:10:54 CVE QUERY: ecosystem="ubuntu:24.04:lts" package="libespeak-ng1:amd64" source="espeak-ng"
2026/10/05 19:10:54 WE GOT HERE 12 
2026/10/05 19:10:54 CVE QUERY: ecosystem="ubuntu:24.04:lts" package="libestr0:amd64" source="libestr"
2026/10/05 19:10:54 WE GOT HERE 12 
2026/10/05 19:10:54 CVE QUERY: ecosystem="ubuntu:24.04:lts" package="libetonyek-0.1-1:amd64" source="libetonyek"
2026/10/05 19:10:54 WE GOT HERE 12 
2026/10/05 19:10:54 CVE QUERY: ecosystem="ubuntu:24.04:lts" package="libevdev2:amd64" source="libevdev"
2026/10/05 19:10:54 WE GOT HERE 12 
2026/10/05 19:10:54 CVE QUERY: ecosystem="ubuntu:24.04:lts" package="libevent-2.1-7t64:amd64" source="libevent"
2026/10/05 19:10:54 WE GOT HERE 12 
2026/10/05 19:10:54 CVE QUERY: ecosystem="ubuntu:24.04:lts" package="libevent-core-2.1-7t64:amd64" source="libevent"
2026/10/05 19:10:54 WE GOT HERE 12 
2026/10/05 19:10:54 CVE QUERY: ecosystem="ubuntu:24.04:lts" package="libevent-pthreads-2.1-7t64:amd64" source="libevent"
2026/10/05 19:10:54 WE GOT HERE 12 
2026/10/05 19:10:54 CVE QUERY: ecosystem="ubuntu:24.04:lts" package="libewf2:amd64" source="libewf"
2026/10/05 19:10:54 WE GOT HERE 12 
2026/10/05 19:10:54 CVE QUERY: ecosystem="ubuntu:24.04:lts" package="libexif12:amd64" source="libexif"
2026/10/05 19:10:54 WE GOT HERE 12 
2026/10/05 19:10:54 CVE QUERY: ecosystem="ubuntu:24.04:lts" package="libexif12:i386" source="libexif"
2026/10/05 19:10:54 WE GOT HERE 12 
2026/10/05 19:10:54 CVE QUERY: ecosystem="ubuntu:24.04:lts" package="libexiv2-27:amd64" source="exiv2"
2026/10/05 19:10:54 WE GOT HERE 12 
2026/10/05 19:10:54 CVE QUERY: ecosystem="ubuntu:24.04:lts" package="libexpat1:amd64" source="expat"
2026/10/05 19:10:54 WE GOT HERE 1-1
2026/10/05 19:10:54 CVE QUERY: ecosystem="ubuntu:24.04:lts" package="libexpat1:i386" source="expat"
2026/10/05 19:10:54 WE GOT HERE 1-1
2026/10/05 19:10:54 CVE QUERY: ecosystem="ubuntu:24.04:lts" package="libexpat1-dev:amd64" source="expat"
2026/10/05 19:10:54 WE GOT HERE 1-1
2026/10/05 19:10:54 CVE QUERY: ecosystem="ubuntu:24.04:lts" package="libext2fs2t64:amd64" source="e2fsprogs"
2026/10/05 19:10:54 WE GOT HERE 12 
2026/10/05 19:10:54 CVE QUERY: ecosystem="ubuntu:24.04:lts" package="libexttextcat-2.0-0:amd64" source="libexttextcat"
2026/10/05 19:10:54 WE GOT HERE 12 
2026/10/05 19:10:54 CVE QUERY: ecosystem="ubuntu:24.04:lts" package="libexttextcat-data" source="libexttextcat"
2026/10/05 19:10:54 WE GOT HERE 12 
2026/10/05 19:10:54 CVE QUERY: ecosystem="ubuntu:24.04:lts" package="libfaad2:amd64" source="faad2"
2026/10/05 19:10:54 WE GOT HERE 12 
2026/10/05 19:10:54 CVE QUERY: ecosystem="ubuntu:24.04:lts" package="libfabric1:amd64" source="libfabric"
2026/10/05 19:10:54 WE GOT HERE 12 
2026/10/05 19:10:54 CVE QUERY: ecosystem="ubuntu:24.04:lts" package="libfakekey0:amd64" source="libfakekey"
2026/10/05 19:10:54 WE GOT HERE 12 
2026/10/05 19:10:54 CVE QUERY: ecosystem="ubuntu:24.04:lts" package="libfakeroot:amd64" source="fakeroot"
2026/10/05 19:10:54 WE GOT HERE 12 
2026/10/05 19:10:54 CVE QUERY: ecosystem="ubuntu:24.04:lts" package="libfastjson4:amd64" source="libfastjson"
2026/10/05 19:10:54 WE GOT HERE 12 
2026/10/05 19:10:54 CVE QUERY: ecosystem="ubuntu:24.04:lts" package="libfcitx5-qt-data" source="fcitx5-qt"
2026/10/05 19:10:54 WE GOT HERE 12 
2026/10/05 19:10:54 CVE QUERY: ecosystem="ubuntu:24.04:lts" package="libfcitx5-qt1:amd64" source="fcitx5-qt"
2026/10/05 19:10:54 WE GOT HERE 12 
2026/10/05 19:10:54 CVE QUERY: ecosystem="ubuntu:24.04:lts" package="libfcitx5-qt6-1:amd64" source="fcitx5-qt"
2026/10/05 19:10:54 WE GOT HERE 12 
2026/10/05 19:10:54 CVE QUERY: ecosystem="ubuntu:24.04:lts" package="libfcitx5config6:amd64" source="fcitx5"
2026/10/05 19:10:54 WE GOT HERE 12 
2026/10/05 19:10:54 CVE QUERY: ecosystem="ubuntu:24.04:lts" package="libfcitx5core7:amd64" source="fcitx5"
2026/10/05 19:10:54 WE GOT HERE 12 
2026/10/05 19:10:54 CVE QUERY: ecosystem="ubuntu:24.04:lts" package="libfcitx5gclient2:amd64" source="fcitx5-gtk"
2026/10/05 19:10:54 WE GOT HERE 12 
2026/10/05 19:10:54 CVE QUERY: ecosystem="ubuntu:24.04:lts" package="libfcitx5utils2:amd64" source="fcitx5"
2026/10/05 19:10:54 WE GOT HERE 12 
2026/10/05 19:10:54 CVE QUERY: ecosystem="ubuntu:24.04:lts" package="libfdisk1:amd64" source="util-linux"
2026/10/05 19:10:54 WE GOT HERE 12 
2026/10/05 19:10:54 CVE QUERY: ecosystem="ubuntu:24.04:lts" package="libfdk-aac2:amd64" source="fdk-aac-free"
2026/10/05 19:10:54 WE GOT HERE 12 
2026/10/05 19:10:54 CVE QUERY: ecosystem="ubuntu:24.04:lts" package="libfdt1:amd64" source="device-tree-compiler"
2026/10/05 19:10:54 WE GOT HERE 12 
2026/10/05 19:10:54 CVE QUERY: ecosystem="ubuntu:24.04:lts" package="libffi-dev:amd64" source="libffi"
2026/10/05 19:10:54 WE GOT HERE 12 
2026/10/05 19:10:54 CVE QUERY: ecosystem="ubuntu:24.04:lts" package="libffi8:amd64" source="libffi"
2026/10/05 19:10:54 WE GOT HERE 12 
2026/10/05 19:10:54 CVE QUERY: ecosystem="ubuntu:24.04:lts" package="libffi8:i386" source="libffi"
2026/10/05 19:10:54 WE GOT HERE 12 
2026/10/05 19:10:54 CVE QUERY: ecosystem="ubuntu:24.04:lts" package="libfftw3-double3:amd64" source="fftw3"
2026/10/05 19:10:54 WE GOT HERE 12 
2026/10/05 19:10:54 CVE QUERY: ecosystem="ubuntu:24.04:lts" package="libfftw3-single3:amd64" source="fftw3"
2026/10/05 19:10:54 WE GOT HERE 12 
2026/10/05 19:10:54 CVE QUERY: ecosystem="ubuntu:24.04:lts" package="libfido2-1:amd64" source="libfido2"
2026/10/05 19:10:54 WE GOT HERE 12 
2026/10/05 19:10:54 CVE QUERY: ecosystem="ubuntu:24.04:lts" package="libfile-basedir-perl" source=""
2026/10/05 19:10:54 WE GOT HERE 12 
2026/10/05 19:10:54 CVE QUERY: ecosystem="ubuntu:24.04:lts" package="libfile-desktopentry-perl" source=""
2026/10/05 19:10:54 WE GOT HERE 12 
2026/10/05 19:10:54 CVE QUERY: ecosystem="ubuntu:24.04:lts" package="libfile-fcntllock-perl" source=""
2026/10/05 19:10:54 WE GOT HERE 12 
2026/10/05 19:10:54 CVE QUERY: ecosystem="ubuntu:24.04:lts" package="libfile-listing-perl" source=""
2026/10/05 19:10:54 WE GOT HERE 12 
2026/10/05 19:10:54 CVE QUERY: ecosystem="ubuntu:24.04:lts" package="libfile-mimeinfo-perl" source=""
2026/10/05 19:10:54 WE GOT HERE 12 
2026/10/05 19:10:54 CVE QUERY: ecosystem="ubuntu:24.04:lts" package="libflac++10:amd64" source="flac"
2026/10/05 19:10:54 WE GOT HERE 12 
2026/10/05 19:10:54 CVE QUERY: ecosystem="ubuntu:24.04:lts" package="libflac12t64:amd64" source="flac"
2026/10/05 19:10:54 WE GOT HERE 12 
2026/10/05 19:10:54 CVE QUERY: ecosystem="ubuntu:24.04:lts" package="libflac12t64:i386" source="flac"
2026/10/05 19:10:54 WE GOT HERE 12 
2026/10/05 19:10:54 CVE QUERY: ecosystem="ubuntu:24.04:lts" package="libflashrom1:amd64" source="flashrom"
2026/10/05 19:10:54 WE GOT HERE 12 
2026/10/05 19:10:54 CVE QUERY: ecosystem="ubuntu:24.04:lts" package="libflite1:amd64" source="flite"
2026/10/05 19:10:54 WE GOT HERE 12 
2026/10/05 19:10:54 CVE QUERY: ecosystem="ubuntu:24.04:lts" package="libfluidsynth3:amd64" source="fluidsynth"
2026/10/05 19:10:54 WE GOT HERE 12 
2026/10/05 19:10:54 CVE QUERY: ecosystem="ubuntu:24.04:lts" package="libfmt9:amd64" source="fmtlib"
2026/10/05 19:10:54 WE GOT HERE 12 
2026/10/05 19:10:54 CVE QUERY: ecosystem="ubuntu:24.04:lts" package="libfont-afm-perl" source=""
2026/10/05 19:10:54 WE GOT HERE 12 
2026/10/05 19:10:54 CVE QUERY: ecosystem="ubuntu:24.04:lts" package="libfontconfig1:amd64" source="fontconfig"
2026/10/05 19:10:54 WE GOT HERE 12 
2026/10/05 19:10:54 CVE QUERY: ecosystem="ubuntu:24.04:lts" package="libfontconfig1:i386" source="fontconfig"
2026/10/05 19:10:54 WE GOT HERE 12 
2026/10/05 19:10:54 CVE QUERY: ecosystem="ubuntu:24.04:lts" package="libfontenc1:amd64" source="libfontenc"
2026/10/05 19:10:54 WE GOT HERE 12 
2026/10/05 19:10:54 CVE QUERY: ecosystem="ubuntu:24.04:lts" package="libfreeaptx0:amd64" source="libfreeaptx"
2026/10/05 19:10:54 WE GOT HERE 12 
2026/10/05 19:10:54 CVE QUERY: ecosystem="ubuntu:24.04:lts" package="libfreecell-solver0" source="freecell-solver"
2026/10/05 19:10:54 WE GOT HERE 12 
2026/10/05 19:10:54 CVE QUERY: ecosystem="ubuntu:24.04:lts" package="libfreehand-0.1-1" source="libfreehand"
2026/10/05 19:10:54 WE GOT HERE 12 
2026/10/05 19:10:54 CVE QUERY: ecosystem="ubuntu:24.04:lts" package="libfreerdp-client2-2t64:amd64" source="freerdp2"
2026/10/05 19:10:54 WE GOT HERE 12 
2026/10/05 19:10:54 CVE QUERY: ecosystem="ubuntu:24.04:lts" package="libfreerdp-server3-3:amd64" source="freerdp3"
2026/10/05 19:10:54 WE GOT HERE 1-1
2026/10/05 19:10:54 CVE QUERY: ecosystem="ubuntu:24.04:lts" package="libfreerdp2-2t64:amd64" source="freerdp2"
2026/10/05 19:10:54 WE GOT HERE 12 
2026/10/05 19:10:54 CVE QUERY: ecosystem="ubuntu:24.04:lts" package="libfreerdp3-3:amd64" source="freerdp3"
2026/10/05 19:10:54 WE GOT HERE 1-1
2026/10/05 19:10:54 CVE QUERY: ecosystem="ubuntu:24.04:lts" package="libfreetype6:amd64" source="freetype"
2026/10/05 19:10:54 WE GOT HERE 1-1
2026/10/05 19:10:54 CVE QUERY: ecosystem="ubuntu:24.04:lts" package="libfreetype6:i386" source="freetype"
2026/10/05 19:10:54 WE GOT HERE 1-1
2026/10/05 19:10:54 CVE QUERY: ecosystem="ubuntu:24.04:lts" package="libfreexl1:amd64" source="freexl"
2026/10/05 19:10:54 WE GOT HERE 12 
2026/10/05 19:10:54 CVE QUERY: ecosystem="ubuntu:24.04:lts" package="libfribidi0:amd64" source="fribidi"
2026/10/05 19:10:54 WE GOT HERE 12 
2026/10/05 19:10:54 CVE QUERY: ecosystem="ubuntu:24.04:lts" package="libfribidi0:i386" source="fribidi"
2026/10/05 19:10:54 WE GOT HERE 12 
2026/10/05 19:10:54 CVE QUERY: ecosystem="ubuntu:24.04:lts" package="libftdi1-2:amd64" source="libftdi1"
2026/10/05 19:10:54 WE GOT HERE 12 
2026/10/05 19:10:54 CVE QUERY: ecosystem="ubuntu:24.04:lts" package="libfuse2t64:amd64" source="fuse"
2026/10/05 19:10:54 WE GOT HERE 12 
2026/10/05 19:10:54 CVE QUERY: ecosystem="ubuntu:24.04:lts" package="libfuse3-3:amd64" source="fuse3"
2026/10/05 19:10:54 WE GOT HERE 12 
2026/10/05 19:10:54 CVE QUERY: ecosystem="ubuntu:24.04:lts" package="libfwupd2:amd64" source="fwupd"
2026/10/05 19:10:54 WE GOT HERE 12 
2026/10/05 19:10:54 CVE QUERY: ecosystem="ubuntu:24.04:lts" package="libfwupd3:amd64" source="fwupd"
2026/10/05 19:10:54 WE GOT HERE 12 
2026/10/05 19:10:54 CVE QUERY: ecosystem="ubuntu:24.04:lts" package="libfyba0t64:amd64" source="fyba"
2026/10/05 19:10:54 WE GOT HERE 12 
2026/10/05 19:10:54 CVE QUERY: ecosystem="ubuntu:24.04:lts" package="libgail-common:amd64" source="gtk+2.0"
2026/10/05 19:10:54 WE GOT HERE 12 
2026/10/05 19:10:54 CVE QUERY: ecosystem="ubuntu:24.04:lts" package="libgail18t64:amd64" source="gtk+2.0"
2026/10/05 19:10:54 WE GOT HERE 12 
2026/10/05 19:10:54 CVE QUERY: ecosystem="ubuntu:24.04:lts" package="libgav1-1:amd64" source="libgav1"
2026/10/05 19:10:54 WE GOT HERE 12 
2026/10/05 19:10:54 CVE QUERY: ecosystem="ubuntu:24.04:lts" package="libgavl2:amd64" source="gavl"
2026/10/05 19:10:54 WE GOT HERE 12 
2026/10/05 19:10:54 CVE QUERY: ecosystem="ubuntu:24.04:lts" package="libgbm1:amd64" source="mesa"
2026/10/05 19:10:54 WE GOT HERE 12 
2026/10/05 19:10:54 CVE QUERY: ecosystem="ubuntu:24.04:lts" package="libgbm1:i386" source="mesa"
2026/10/05 19:10:54 WE GOT HERE 12 
2026/10/05 19:10:54 CVE QUERY: ecosystem="ubuntu:24.04:lts" package="libgc1:amd64" source="libgc"
2026/10/05 19:10:54 WE GOT HERE 12 
2026/10/05 19:10:54 CVE QUERY: ecosystem="ubuntu:24.04:lts" package="libgcc-13-dev:amd64" source="gcc-13"
2026/10/05 19:10:54 WE GOT HERE 12 
2026/10/05 19:10:54 CVE QUERY: ecosystem="ubuntu:24.04:lts" package="libgcc-s1:amd64" source="gcc-14"
2026/10/05 19:10:54 WE GOT HERE 12 
2026/10/05 19:10:54 CVE QUERY: ecosystem="ubuntu:24.04:lts" package="libgcc-s1:i386" source="gcc-14"
2026/10/05 19:10:54 WE GOT HERE 12 
2026/10/05 19:10:54 CVE QUERY: ecosystem="ubuntu:24.04:lts" package="libgck-1-0:amd64" source="gcr"
2026/10/05 19:10:54 WE GOT HERE 12 
2026/10/05 19:10:54 CVE QUERY: ecosystem="ubuntu:24.04:lts" package="libgck-2-2:amd64" source="gcr4"
2026/10/05 19:10:54 WE GOT HERE 12 
2026/10/05 19:10:54 CVE QUERY: ecosystem="ubuntu:24.04:lts" package="libgcr-4-4:amd64" source="gcr4"
2026/10/05 19:10:54 WE GOT HERE 12 
2026/10/05 19:10:54 CVE QUERY: ecosystem="ubuntu:24.04:lts" package="libgcr-base-3-1:amd64" source="gcr"
2026/10/05 19:10:54 WE GOT HERE 12 
2026/10/05 19:10:54 CVE QUERY: ecosystem="ubuntu:24.04:lts" package="libgcr-ui-3-1:amd64" source="gcr"
2026/10/05 19:10:54 WE GOT HERE 12 
2026/10/05 19:10:54 CVE QUERY: ecosystem="ubuntu:24.04:lts" package="libgcrypt20:amd64" source=""
2026/10/05 19:10:54 WE GOT HERE 12 
2026/10/05 19:10:54 CVE QUERY: ecosystem="ubuntu:24.04:lts" package="libgcrypt20:i386" source=""
2026/10/05 19:10:54 WE GOT HERE 12 
2026/10/05 19:10:54 CVE QUERY: ecosystem="ubuntu:24.04:lts" package="libgd3:amd64" source="libgd2"
2026/10/05 19:10:54 WE GOT HERE 12 
2026/10/05 19:10:54 CVE QUERY: ecosystem="ubuntu:24.04:lts" package="libgd3:i386" source="libgd2"
2026/10/05 19:10:54 WE GOT HERE 12 
2026/10/05 19:10:54 CVE QUERY: ecosystem="ubuntu:24.04:lts" package="libgdal34t64:amd64" source="gdal"
2026/10/05 19:10:54 WE GOT HERE 12 
2026/10/05 19:10:54 CVE QUERY: ecosystem="ubuntu:24.04:lts" package="libgdata-common" source="libgdata"
2026/10/05 19:10:54 WE GOT HERE 12 
2026/10/05 19:10:54 CVE QUERY: ecosystem="ubuntu:24.04:lts" package="libgdata22:amd64" source="libgdata"
2026/10/05 19:10:54 WE GOT HERE 12 
2026/10/05 19:10:54 CVE QUERY: ecosystem="ubuntu:24.04:lts" package="libgdbm-compat4t64:amd64" source="gdbm"
2026/10/05 19:10:54 WE GOT HERE 12 
2026/10/05 19:10:54 CVE QUERY: ecosystem="ubuntu:24.04:lts" package="libgdbm6t64:amd64" source="gdbm"
2026/10/05 19:10:54 WE GOT HERE 12 
2026/10/05 19:10:54 CVE QUERY: ecosystem="ubuntu:24.04:lts" package="libgdcm3.0t64:amd64" source="gdcm"
2026/10/05 19:10:54 WE GOT HERE 12 
2026/10/05 19:10:54 CVE QUERY: ecosystem="ubuntu:24.04:lts" package="libgdk-pixbuf-2.0-0:amd64" source="gdk-pixbuf"
2026/10/05 19:10:54 WE GOT HERE 12 
2026/10/05 19:10:54 CVE QUERY: ecosystem="ubuntu:24.04:lts" package="libgdk-pixbuf-2.0-0:i386" source="gdk-pixbuf"
2026/10/05 19:10:54 WE GOT HERE 12 
2026/10/05 19:10:54 CVE QUERY: ecosystem="ubuntu:24.04:lts" package="libgdk-pixbuf-xlib-2.0-0:amd64" source="gdk-pixbuf-xlib"
2026/10/05 19:10:54 WE GOT HERE 12 
2026/10/05 19:10:54 CVE QUERY: ecosystem="ubuntu:24.04:lts" package="libgdk-pixbuf2.0-0:amd64" source="gdk-pixbuf-xlib"
2026/10/05 19:10:54 WE GOT HERE 12 
2026/10/05 19:10:54 CVE QUERY: ecosystem="ubuntu:24.04:lts" package="libgdk-pixbuf2.0-bin" source="gdk-pixbuf"
2026/10/05 19:10:54 WE GOT HERE 12 
2026/10/05 19:10:54 CVE QUERY: ecosystem="ubuntu:24.04:lts" package="libgdk-pixbuf2.0-common" source="gdk-pixbuf"
2026/10/05 19:10:54 WE GOT HERE 12 
2026/10/05 19:10:54 CVE QUERY: ecosystem="ubuntu:24.04:lts" package="libgdm1" source="gdm3"
2026/10/05 19:10:54 WE GOT HERE 12 
2026/10/05 19:10:54 CVE QUERY: ecosystem="ubuntu:24.04:lts" package="libgee-0.8-2:amd64" source="libgee-0.8"
2026/10/05 19:10:54 WE GOT HERE 12 
2026/10/05 19:10:54 CVE QUERY: ecosystem="ubuntu:24.04:lts" package="libgeoclue-2-0:amd64" source="geoclue-2.0"
2026/10/05 19:10:54 WE GOT HERE 12 
2026/10/05 19:10:54 CVE QUERY: ecosystem="ubuntu:24.04:lts" package="libgeocode-glib-2-0:amd64" source="geocode-glib"
2026/10/05 19:10:54 WE GOT HERE 12 
2026/10/05 19:10:54 CVE QUERY: ecosystem="ubuntu:24.04:lts" package="libgeos-c1t64:amd64" source="geos"
2026/10/05 19:10:54 WE GOT HERE 12 
2026/10/05 19:10:54 CVE QUERY: ecosystem="ubuntu:24.04:lts" package="libgeos3.12.1t64:amd64" source="geos"
2026/10/05 19:10:54 WE GOT HERE 12 
2026/10/05 19:10:54 CVE QUERY: ecosystem="ubuntu:24.04:lts" package="libgeotiff5:amd64" source="libgeotiff"
2026/10/05 19:10:54 WE GOT HERE 12 
2026/10/05 19:10:54 CVE QUERY: ecosystem="ubuntu:24.04:lts" package="libgfortran5:amd64" source="gcc-14"
2026/10/05 19:10:54 WE GOT HERE 12 
2026/10/05 19:10:54 CVE QUERY: ecosystem="ubuntu:24.04:lts" package="libgif7:amd64" source="giflib"
2026/10/05 19:10:54 WE GOT HERE 12 
2026/10/05 19:10:54 CVE QUERY: ecosystem="ubuntu:24.04:lts" package="libgirepository-1.0-1:amd64" source="gobject-introspection"
2026/10/05 19:10:54 WE GOT HERE 12 
2026/10/05 19:10:54 CVE QUERY: ecosystem="ubuntu:24.04:lts" package="libgit2-1.7:amd64" source="libgit2"
2026/10/05 19:10:54 WE GOT HERE 12 
2026/10/05 19:10:54 CVE QUERY: ecosystem="ubuntu:24.04:lts" package="libgjs0g:amd64" source="gjs"
2026/10/05 19:10:54 WE GOT HERE 12 
2026/10/05 19:10:54 CVE QUERY: ecosystem="ubuntu:24.04:lts" package="libgl-dev:amd64" source="libglvnd"
2026/10/05 19:10:54 WE GOT HERE 12 
2026/10/05 19:10:54 CVE QUERY: ecosystem="ubuntu:24.04:lts" package="libgl1:amd64" source="libglvnd"
2026/10/05 19:10:54 WE GOT HERE 12 
2026/10/05 19:10:54 CVE QUERY: ecosystem="ubuntu:24.04:lts" package="libgl1:i386" source="libglvnd"
2026/10/05 19:10:54 WE GOT HERE 12 
2026/10/05 19:10:54 CVE QUERY: ecosystem="ubuntu:24.04:lts" package="libgl1-mesa-dev:amd64" source="mesa"
2026/10/05 19:10:54 WE GOT HERE 12 
2026/10/05 19:10:54 CVE QUERY: ecosystem="ubuntu:24.04:lts" package="libgl1-mesa-dri:amd64" source="mesa"
2026/10/05 19:10:54 WE GOT HERE 12 
2026/10/05 19:10:54 CVE QUERY: ecosystem="ubuntu:24.04:lts" package="libgl1-mesa-dri:i386" source="mesa"
2026/10/05 19:10:54 WE GOT HERE 12 
2026/10/05 19:10:54 CVE QUERY: ecosystem="ubuntu:24.04:lts" package="libgl2ps1.4" source="gl2ps"
2026/10/05 19:10:54 WE GOT HERE 12 
2026/10/05 19:10:54 CVE QUERY: ecosystem="ubuntu:24.04:lts" package="libgles-dev:amd64" source="libglvnd"
2026/10/05 19:10:54 WE GOT HERE 12 
2026/10/05 19:10:54 CVE QUERY: ecosystem="ubuntu:24.04:lts" package="libgles1:amd64" source="libglvnd"
2026/10/05 19:10:54 WE GOT HERE 12 
2026/10/05 19:10:54 CVE QUERY: ecosystem="ubuntu:24.04:lts" package="libgles2:amd64" source="libglvnd"
2026/10/05 19:10:54 WE GOT HERE 12 
2026/10/05 19:10:54 CVE QUERY: ecosystem="ubuntu:24.04:lts" package="libglew2.2:amd64" source="glew"
2026/10/05 19:10:54 WE GOT HERE 12 
2026/10/05 19:10:54 CVE QUERY: ecosystem="ubuntu:24.04:lts" package="libglfw3:amd64" source="glfw3"
2026/10/05 19:10:54 WE GOT HERE 12 
2026/10/05 19:10:54 CVE QUERY: ecosystem="ubuntu:24.04:lts" package="libglfw3-dev:amd64" source="glfw3"
2026/10/05 19:10:54 WE GOT HERE 12 
2026/10/05 19:10:54 CVE QUERY: ecosystem="ubuntu:24.04:lts" package="libglib2.0-0t64:amd64" source="glib2.0"
2026/10/05 19:10:54 WE GOT HERE 12 
2026/10/05 19:10:54 CVE QUERY: ecosystem="ubuntu:24.04:lts" package="libglib2.0-0t64:i386" source="glib2.0"
2026/10/05 19:10:54 WE GOT HERE 12 
2026/10/05 19:10:54 CVE QUERY: ecosystem="ubuntu:24.04:lts" package="libglib2.0-bin" source="glib2.0"
2026/10/05 19:10:54 WE GOT HERE 12 
2026/10/05 19:10:54 CVE QUERY: ecosystem="ubuntu:24.04:lts" package="libglib2.0-data" source="glib2.0"
2026/10/05 19:10:54 WE GOT HERE 12 
2026/10/05 19:10:54 CVE QUERY: ecosystem="ubuntu:24.04:lts" package="libglibmm-2.4-1t64:amd64" source="glibmm2.4"
2026/10/05 19:10:54 WE GOT HERE 12 
2026/10/05 19:10:54 CVE QUERY: ecosystem="ubuntu:24.04:lts" package="libglu1-mesa:amd64" source="libglu"
2026/10/05 19:10:54 WE GOT HERE 12 
2026/10/05 19:10:54 CVE QUERY: ecosystem="ubuntu:24.04:lts" package="libglu1-mesa-dev:amd64" source="libglu"
2026/10/05 19:10:54 WE GOT HERE 12 
2026/10/05 19:10:54 CVE QUERY: ecosystem="ubuntu:24.04:lts" package="libglut-dev:amd64" source="freeglut"
2026/10/05 19:10:54 WE GOT HERE 12 
2026/10/05 19:10:54 CVE QUERY: ecosystem="ubuntu:24.04:lts" package="libglut3.12:amd64" source="freeglut"
2026/10/05 19:10:54 WE GOT HERE 12 
2026/10/05 19:10:54 CVE QUERY: ecosystem="ubuntu:24.04:lts" package="libglvnd-core-dev:amd64" source="libglvnd"
2026/10/05 19:10:54 WE GOT HERE 12 
2026/10/05 19:10:54 CVE QUERY: ecosystem="ubuntu:24.04:lts" package="libglvnd-dev:amd64" source="libglvnd"
2026/10/05 19:10:54 WE GOT HERE 12 
2026/10/05 19:10:54 CVE QUERY: ecosystem="ubuntu:24.04:lts" package="libglvnd0:amd64" source="libglvnd"
2026/10/05 19:10:54 WE GOT HERE 12 
2026/10/05 19:10:54 CVE QUERY: ecosystem="ubuntu:24.04:lts" package="libglvnd0:i386" source="libglvnd"
2026/10/05 19:10:54 WE GOT HERE 12 
2026/10/05 19:10:54 CVE QUERY: ecosystem="ubuntu:24.04:lts" package="libglx-dev:amd64" source="libglvnd"
2026/10/05 19:10:54 WE GOT HERE 12 
2026/10/05 19:10:54 CVE QUERY: ecosystem="ubuntu:24.04:lts" package="libglx-mesa0:amd64" source="mesa"
2026/10/05 19:10:54 WE GOT HERE 12 
2026/10/05 19:10:54 CVE QUERY: ecosystem="ubuntu:24.04:lts" package="libglx-mesa0:i386" source="mesa"
2026/10/05 19:10:54 WE GOT HERE 12 
2026/10/05 19:10:54 CVE QUERY: ecosystem="ubuntu:24.04:lts" package="libglx0:amd64" source="libglvnd"
2026/10/05 19:10:54 WE GOT HERE 12 
2026/10/05 19:10:54 CVE QUERY: ecosystem="ubuntu:24.04:lts" package="libglx0:i386" source="libglvnd"
2026/10/05 19:10:54 WE GOT HERE 12 
2026/10/05 19:10:54 CVE QUERY: ecosystem="ubuntu:24.04:lts" package="libgme0:amd64" source="game-music-emu"
2026/10/05 19:10:54 WE GOT HERE 12 
2026/10/05 19:10:54 CVE QUERY: ecosystem="ubuntu:24.04:lts" package="libgmic1:amd64" source="gmic"
2026/10/05 19:10:54 WE GOT HERE 12 
2026/10/05 19:10:54 CVE QUERY: ecosystem="ubuntu:24.04:lts" package="libgmp10:amd64" source="gmp"
2026/10/05 19:10:54 WE GOT HERE 12 
2026/10/05 19:10:54 CVE QUERY: ecosystem="ubuntu:24.04:lts" package="libgmp10:i386" source="gmp"
2026/10/05 19:10:54 WE GOT HERE 12 
2026/10/05 19:10:54 CVE QUERY: ecosystem="ubuntu:24.04:lts" package="libgnome-autoar-0-0:amd64" source="gnome-autoar"
2026/10/05 19:10:54 WE GOT HERE 12 
2026/10/05 19:10:54 CVE QUERY: ecosystem="ubuntu:24.04:lts" package="libgnome-bg-4-2t64:amd64" source="gnome-desktop"
2026/10/05 19:10:54 WE GOT HERE 12 
2026/10/05 19:10:54 CVE QUERY: ecosystem="ubuntu:24.04:lts" package="libgnome-bluetooth-3.0-13:amd64" source="gnome-bluetooth3"
2026/10/05 19:10:54 WE GOT HERE 12 
2026/10/05 19:10:54 CVE QUERY: ecosystem="ubuntu:24.04:lts" package="libgnome-bluetooth-ui-3.0-13:amd64" source="gnome-bluetooth3"
2026/10/05 19:10:54 WE GOT HERE 12 
2026/10/05 19:10:54 CVE QUERY: ecosystem="ubuntu:24.04:lts" package="libgnome-desktop-3-20t64:amd64" source="gnome-desktop"
2026/10/05 19:10:54 WE GOT HERE 12 
2026/10/05 19:10:54 CVE QUERY: ecosystem="ubuntu:24.04:lts" package="libgnome-desktop-4-2t64:amd64" source="gnome-desktop"
2026/10/05 19:10:54 WE GOT HERE 12 
2026/10/05 19:10:54 CVE QUERY: ecosystem="ubuntu:24.04:lts" package="libgnome-rr-4-2t64:amd64" source="gnome-desktop"
2026/10/05 19:10:54 WE GOT HERE 12 
2026/10/05 19:10:54 CVE QUERY: ecosystem="ubuntu:24.04:lts" package="libgnomekbd-common" source="libgnomekbd"
2026/10/05 19:10:54 WE GOT HERE 12 
2026/10/05 19:10:54 CVE QUERY: ecosystem="ubuntu:24.04:lts" package="libgnomekbd8:amd64" source="libgnomekbd"
2026/10/05 19:10:54 WE GOT HERE 12 
2026/10/05 19:10:54 CVE QUERY: ecosystem="ubuntu:24.04:lts" package="libgnustep-base1.29" source="gnustep-base"
2026/10/05 19:10:54 WE GOT HERE 12 
2026/10/05 19:10:54 CVE QUERY: ecosystem="ubuntu:24.04:lts" package="libgnutls-dane0t64:amd64" source="gnutls28"
2026/10/05 19:10:54 WE GOT HERE 1-1
2026/10/05 19:10:54 CVE QUERY: ecosystem="ubuntu:24.04:lts" package="libgnutls30t64:amd64" source="gnutls28"
2026/10/05 19:10:54 WE GOT HERE 1-1
2026/10/05 19:10:54 CVE QUERY: ecosystem="ubuntu:24.04:lts" package="libgnutls30t64:i386" source="gnutls28"
2026/10/05 19:10:54 WE GOT HERE 1-1
2026/10/05 19:10:54 CVE QUERY: ecosystem="ubuntu:24.04:lts" package="libgoa-1.0-0b:amd64" source="gnome-online-accounts"
2026/10/05 19:10:54 WE GOT HERE 12 
2026/10/05 19:10:54 CVE QUERY: ecosystem="ubuntu:24.04:lts" package="libgoa-1.0-common" source="gnome-online-accounts"
2026/10/05 19:10:54 WE GOT HERE 12 
2026/10/05 19:10:54 CVE QUERY: ecosystem="ubuntu:24.04:lts" package="libgoa-backend-1.0-2:amd64" source="gnome-online-accounts"
2026/10/05 19:10:54 WE GOT HERE 12 
2026/10/05 19:10:54 CVE QUERY: ecosystem="ubuntu:24.04:lts" package="libgomp1:amd64" source="gcc-14"
2026/10/05 19:10:54 WE GOT HERE 12 
2026/10/05 19:10:54 CVE QUERY: ecosystem="ubuntu:24.04:lts" package="libgomp1:i386" source="gcc-14"
2026/10/05 19:10:54 WE GOT HERE 12 
2026/10/05 19:10:54 CVE QUERY: ecosystem="ubuntu:24.04:lts" package="libgpg-error-l10n" source="libgpg-error"
2026/10/05 19:10:54 WE GOT HERE 12 
2026/10/05 19:10:54 CVE QUERY: ecosystem="ubuntu:24.04:lts" package="libgpg-error0:amd64" source="libgpg-error"
2026/10/05 19:10:54 WE GOT HERE 12 
2026/10/05 19:10:54 CVE QUERY: ecosystem="ubuntu:24.04:lts" package="libgpg-error0:i386" source="libgpg-error"
2026/10/05 19:10:54 WE GOT HERE 12 
2026/10/05 19:10:54 CVE QUERY: ecosystem="ubuntu:24.04:lts" package="libgpgme11t64:amd64" source="gpgme1.0"
2026/10/05 19:10:54 WE GOT HERE 12 
2026/10/05 19:10:54 CVE QUERY: ecosystem="ubuntu:24.04:lts" package="libgpgmepp6t64:amd64" source="gpgme1.0"
2026/10/05 19:10:54 WE GOT HERE 12 
2026/10/05 19:10:54 CVE QUERY: ecosystem="ubuntu:24.04:lts" package="libgphoto2-6t64:amd64" source="libgphoto2"
2026/10/05 19:10:54 WE GOT HERE 12 
2026/10/05 19:10:54 CVE QUERY: ecosystem="ubuntu:24.04:lts" package="libgphoto2-6t64:i386" source="libgphoto2"
2026/10/05 19:10:54 WE GOT HERE 12 
2026/10/05 19:10:54 CVE QUERY: ecosystem="ubuntu:24.04:lts" package="libgphoto2-l10n" source="libgphoto2"
2026/10/05 19:10:54 WE GOT HERE 12 
2026/10/05 19:10:54 CVE QUERY: ecosystem="ubuntu:24.04:lts" package="libgphoto2-port12t64:amd64" source="libgphoto2"
2026/10/05 19:10:54 WE GOT HERE 12 
2026/10/05 19:10:54 CVE QUERY: ecosystem="ubuntu:24.04:lts" package="libgphoto2-port12t64:i386" source="libgphoto2"
2026/10/05 19:10:54 WE GOT HERE 12 
2026/10/05 19:10:54 CVE QUERY: ecosystem="ubuntu:24.04:lts" package="libgpm2:amd64" source="gpm"
2026/10/05 19:10:54 WE GOT HERE 12 
2026/10/05 19:10:54 CVE QUERY: ecosystem="ubuntu:24.04:lts" package="libgpm2:i386" source="gpm"
2026/10/05 19:10:54 WE GOT HERE 12 
2026/10/05 19:10:54 CVE QUERY: ecosystem="ubuntu:24.04:lts" package="libgprofng0:amd64" source="binutils"
2026/10/05 19:10:54 WE GOT HERE 12 
2026/10/05 19:10:54 CVE QUERY: ecosystem="ubuntu:24.04:lts" package="libgps30t64:amd64" source="gpsd"
2026/10/05 19:10:54 WE GOT HERE 12 
2026/10/05 19:10:54 CVE QUERY: ecosystem="ubuntu:24.04:lts" package="libgrantlee-templates5:amd64" source="grantlee5"
2026/10/05 19:10:54 WE GOT HERE 12 
2026/10/05 19:10:54 CVE QUERY: ecosystem="ubuntu:24.04:lts" package="libgraphene-1.0-0:amd64" source="graphene"
2026/10/05 19:10:54 WE GOT HERE 12 
2026/10/05 19:10:54 CVE QUERY: ecosystem="ubuntu:24.04:lts" package="libgraphicsmagick++-q16-12t64" source="graphicsmagick"
2026/10/05 19:10:54 WE GOT HERE 12 
2026/10/05 19:10:54 CVE QUERY: ecosystem="ubuntu:24.04:lts" package="libgraphicsmagick-q16-3t64" source="graphicsmagick"
2026/10/05 19:10:54 WE GOT HERE 12 
2026/10/05 19:10:54 CVE QUERY: ecosystem="ubuntu:24.04:lts" package="libgraphite2-3:amd64" source="graphite2"
2026/10/05 19:10:54 WE GOT HERE 12 
2026/10/05 19:10:54 CVE QUERY: ecosystem="ubuntu:24.04:lts" package="libgraphite2-3:i386" source="graphite2"
2026/10/05 19:10:54 WE GOT HERE 12 
2026/10/05 19:10:54 CVE QUERY: ecosystem="ubuntu:24.04:lts" package="libgs-common" source="ghostscript"
2026/10/05 19:10:54 WE GOT HERE 1-1
2026/10/05 19:10:54 CVE QUERY: ecosystem="ubuntu:24.04:lts" package="libgs10:amd64" source="ghostscript"
2026/10/05 19:10:54 WE GOT HERE 1-1
2026/10/05 19:10:54 CVE QUERY: ecosystem="ubuntu:24.04:lts" package="libgs10-common" source="ghostscript"
2026/10/05 19:10:54 WE GOT HERE 1-1
2026/10/05 19:10:54 CVE QUERY: ecosystem="ubuntu:24.04:lts" package="libgsettings-qt1:amd64" source="gsettings-qt"
2026/10/05 19:10:54 WE GOT HERE 12 
2026/10/05 19:10:54 CVE QUERY: ecosystem="ubuntu:24.04:lts" package="libgsm1:amd64" source="libgsm"
2026/10/05 19:10:54 WE GOT HERE 12 
2026/10/05 19:10:54 CVE QUERY: ecosystem="ubuntu:24.04:lts" package="libgsm1:i386" source="libgsm"
2026/10/05 19:10:54 WE GOT HERE 12 
2026/10/05 19:10:54 CVE QUERY: ecosystem="ubuntu:24.04:lts" package="libgsound0t64:amd64" source="gsound"
2026/10/05 19:10:54 WE GOT HERE 12 
2026/10/05 19:10:54 CVE QUERY: ecosystem="ubuntu:24.04:lts" package="libgssapi-krb5-2:amd64" source="krb5"
2026/10/05 19:10:54 WE GOT HERE 12 
2026/10/05 19:10:54 CVE QUERY: ecosystem="ubuntu:24.04:lts" package="libgssapi-krb5-2:i386" source="krb5"
2026/10/05 19:10:54 WE GOT HERE 12 
2026/10/05 19:10:54 CVE QUERY: ecosystem="ubuntu:24.04:lts" package="libgssdp-1.6-0:amd64" source="gssdp"
2026/10/05 19:10:54 WE GOT HERE 12 
2026/10/05 19:10:54 CVE QUERY: ecosystem="ubuntu:24.04:lts" package="libgstreamer-gl1.0-0:amd64" source="gst-plugins-base1.0"
2026/10/05 19:10:54 WE GOT HERE 12 
2026/10/05 19:10:54 CVE QUERY: ecosystem="ubuntu:24.04:lts" package="libgstreamer-plugins-bad1.0-0:amd64" source="gst-plugins-bad1.0"
2026/10/05 19:10:54 WE GOT HERE 12 
2026/10/05 19:10:54 CVE QUERY: ecosystem="ubuntu:24.04:lts" package="libgstreamer-plugins-base1.0-0:amd64" source="gst-plugins-base1.0"
2026/10/05 19:10:54 WE GOT HERE 12 
2026/10/05 19:10:54 CVE QUERY: ecosystem="ubuntu:24.04:lts" package="libgstreamer-plugins-base1.0-0:i386" source="gst-plugins-base1.0"
2026/10/05 19:10:54 WE GOT HERE 12 
2026/10/05 19:10:54 CVE QUERY: ecosystem="ubuntu:24.04:lts" package="libgstreamer-plugins-good1.0-0:amd64" source="gst-plugins-good1.0"
2026/10/05 19:10:54 WE GOT HERE 12 
2026/10/05 19:10:54 CVE QUERY: ecosystem="ubuntu:24.04:lts" package="libgstreamer-plugins-good1.0-0:i386" source="gst-plugins-good1.0"
2026/10/05 19:10:54 WE GOT HERE 12 
2026/10/05 19:10:54 CVE QUERY: ecosystem="ubuntu:24.04:lts" package="libgstreamer1.0-0:amd64" source="gstreamer1.0"
2026/10/05 19:10:54 WE GOT HERE 12 
2026/10/05 19:10:54 CVE QUERY: ecosystem="ubuntu:24.04:lts" package="libgstreamer1.0-0:i386" source="gstreamer1.0"
2026/10/05 19:10:54 WE GOT HERE 12 
2026/10/05 19:10:54 CVE QUERY: ecosystem="ubuntu:24.04:lts" package="libgtk-3-0t64:amd64" source="gtk+3.0"
2026/10/05 19:10:54 WE GOT HERE 12 
2026/10/05 19:10:54 CVE QUERY: ecosystem="ubuntu:24.04:lts" package="libgtk-3-0t64:i386" source="gtk+3.0"
2026/10/05 19:10:54 WE GOT HERE 12 
2026/10/05 19:10:54 CVE QUERY: ecosystem="ubuntu:24.04:lts" package="libgtk-3-bin" source="gtk+3.0"
2026/10/05 19:10:54 WE GOT HERE 12 
2026/10/05 19:10:54 CVE QUERY: ecosystem="ubuntu:24.04:lts" package="libgtk-3-common" source="gtk+3.0"
2026/10/05 19:10:54 WE GOT HERE 12 
2026/10/05 19:10:54 CVE QUERY: ecosystem="ubuntu:24.04:lts" package="libgtk-4-1:amd64" source="gtk4"
2026/10/05 19:10:54 WE GOT HERE 12 
2026/10/05 19:10:54 CVE QUERY: ecosystem="ubuntu:24.04:lts" package="libgtk-4-bin" source="gtk4"
2026/10/05 19:10:54 WE GOT HERE 12 
2026/10/05 19:10:54 CVE QUERY: ecosystem="ubuntu:24.04:lts" package="libgtk-4-common" source="gtk4"
2026/10/05 19:10:54 WE GOT HERE 12 
2026/10/05 19:10:54 CVE QUERY: ecosystem="ubuntu:24.04:lts" package="libgtk-4-media-gstreamer" source="gtk4"
2026/10/05 19:10:54 WE GOT HERE 12 
2026/10/05 19:10:54 CVE QUERY: ecosystem="ubuntu:24.04:lts" package="libgtk-vnc-2.0-0:amd64" source="gtk-vnc"
2026/10/05 19:10:54 WE GOT HERE 12 
2026/10/05 19:10:54 CVE QUERY: ecosystem="ubuntu:24.04:lts" package="libgtk2.0-0t64:amd64" source="gtk+2.0"
2026/10/05 19:10:54 WE GOT HERE 12 
2026/10/05 19:10:54 CVE QUERY: ecosystem="ubuntu:24.04:lts" package="libgtk2.0-bin" source="gtk+2.0"
2026/10/05 19:10:54 WE GOT HERE 12 
2026/10/05 19:10:54 CVE QUERY: ecosystem="ubuntu:24.04:lts" package="libgtk2.0-common" source="gtk+2.0"
2026/10/05 19:10:54 WE GOT HERE 12 
2026/10/05 19:10:54 CVE QUERY: ecosystem="ubuntu:24.04:lts" package="libgtkmm-3.0-1t64:amd64" source="gtkmm3.0"
2026/10/05 19:10:54 WE GOT HERE 12 
2026/10/05 19:10:54 CVE QUERY: ecosystem="ubuntu:24.04:lts" package="libgtksourceview-3.0-1:amd64" source="gtksourceview3"
2026/10/05 19:10:54 WE GOT HERE 12 
2026/10/05 19:10:54 CVE QUERY: ecosystem="ubuntu:24.04:lts" package="libgtksourceview-3.0-common" source="gtksourceview3"
2026/10/05 19:10:54 WE GOT HERE 12 
2026/10/05 19:10:54 CVE QUERY: ecosystem="ubuntu:24.04:lts" package="libgtksourceview-4-0:amd64" source="gtksourceview4"
2026/10/05 19:10:54 WE GOT HERE 12 
2026/10/05 19:10:54 CVE QUERY: ecosystem="ubuntu:24.04:lts" package="libgtksourceview-4-common" source="gtksourceview4"
2026/10/05 19:10:54 WE GOT HERE 12 
2026/10/05 19:10:54 CVE QUERY: ecosystem="ubuntu:24.04:lts" package="libgtop-2.0-11:amd64" source="libgtop2"
2026/10/05 19:10:54 WE GOT HERE 12 
2026/10/05 19:10:54 CVE QUERY: ecosystem="ubuntu:24.04:lts" package="libgtop2-common" source="libgtop2"
2026/10/05 19:10:54 WE GOT HERE 12 
2026/10/05 19:10:54 CVE QUERY: ecosystem="ubuntu:24.04:lts" package="libgudev-1.0-0:amd64" source="libgudev"
2026/10/05 19:10:54 WE GOT HERE 12 
2026/10/05 19:10:54 CVE QUERY: ecosystem="ubuntu:24.04:lts" package="libgudev-1.0-0:i386" source="libgudev"
2026/10/05 19:10:54 WE GOT HERE 12 
2026/10/05 19:10:54 CVE QUERY: ecosystem="ubuntu:24.04:lts" package="libgupnp-1.6-0:amd64" source="gupnp"
2026/10/05 19:10:54 WE GOT HERE 12 
2026/10/05 19:10:54 CVE QUERY: ecosystem="ubuntu:24.04:lts" package="libgupnp-av-1.0-3:amd64" source="gupnp-av"
2026/10/05 19:10:54 WE GOT HERE 12 
2026/10/05 19:10:54 CVE QUERY: ecosystem="ubuntu:24.04:lts" package="libgupnp-dlna-2.0-4:amd64" source="gupnp-dlna"
2026/10/05 19:10:54 WE GOT HERE 12 
2026/10/05 19:10:54 CVE QUERY: ecosystem="ubuntu:24.04:lts" package="libgupnp-igd-1.6-0:amd64" source="gupnp-igd"
2026/10/05 19:10:54 WE GOT HERE 12 
2026/10/05 19:10:54 CVE QUERY: ecosystem="ubuntu:24.04:lts" package="libgusb2:amd64" source="libgusb"
2026/10/05 19:10:54 WE GOT HERE 12 
2026/10/05 19:10:54 CVE QUERY: ecosystem="ubuntu:24.04:lts" package="libgutenprint-common" source="gutenprint"
2026/10/05 19:10:54 WE GOT HERE 12 
2026/10/05 19:10:54 CVE QUERY: ecosystem="ubuntu:24.04:lts" package="libgutenprint9" source="gutenprint"
2026/10/05 19:10:54 WE GOT HERE 12 
2026/10/05 19:10:54 CVE QUERY: ecosystem="ubuntu:24.04:lts" package="libgvnc-1.0-0:amd64" source="gtk-vnc"
2026/10/05 19:10:54 WE GOT HERE 12 
2026/10/05 19:10:54 CVE QUERY: ecosystem="ubuntu:24.04:lts" package="libgweather-4-0t64:amd64" source="libgweather4"
2026/10/05 19:10:54 WE GOT HERE 12 
2026/10/05 19:10:54 CVE QUERY: ecosystem="ubuntu:24.04:lts" package="libgweather-4-common" source="libgweather4"
2026/10/05 19:10:54 WE GOT HERE 12 
2026/10/05 19:10:54 CVE QUERY: ecosystem="ubuntu:24.04:lts" package="libhandy-1-0:amd64" source="libhandy-1"
2026/10/05 19:10:54 WE GOT HERE 12 
2026/10/05 19:10:54 CVE QUERY: ecosystem="ubuntu:24.04:lts" package="libharfbuzz-gobject0:amd64" source="harfbuzz"
2026/10/05 19:10:54 WE GOT HERE 12 
2026/10/05 19:10:54 CVE QUERY: ecosystem="ubuntu:24.04:lts" package="libharfbuzz-icu0:amd64" source="harfbuzz"
2026/10/05 19:10:54 WE GOT HERE 12 
2026/10/05 19:10:54 CVE QUERY: ecosystem="ubuntu:24.04:lts" package="libharfbuzz-subset0:amd64" source="harfbuzz"
2026/10/05 19:10:54 WE GOT HERE 12 
2026/10/05 19:10:54 CVE QUERY: ecosystem="ubuntu:24.04:lts" package="libharfbuzz0b:amd64" source="harfbuzz"
2026/10/05 19:10:54 WE GOT HERE 12 
2026/10/05 19:10:54 CVE QUERY: ecosystem="ubuntu:24.04:lts" package="libharfbuzz0b:i386" source="harfbuzz"
2026/10/05 19:10:54 WE GOT HERE 12 
2026/10/05 19:10:54 CVE QUERY: ecosystem="ubuntu:24.04:lts" package="libhdf4-0-alt:amd64" source="libhdf4"
2026/10/05 19:10:54 WE GOT HERE 12 
2026/10/05 19:10:54 CVE QUERY: ecosystem="ubuntu:24.04:lts" package="libhdf5-103-1t64:amd64" source="hdf5"
2026/10/05 19:10:54 WE GOT HERE 12 
2026/10/05 19:10:54 CVE QUERY: ecosystem="ubuntu:24.04:lts" package="libhdf5-hl-100t64:amd64" source="hdf5"
2026/10/05 19:10:54 WE GOT HERE 12 
2026/10/05 19:10:54 CVE QUERY: ecosystem="ubuntu:24.04:lts" package="libheif-plugin-aomdec:amd64" source="libheif"
2026/10/05 19:10:54 WE GOT HERE 1-1
2026/10/05 19:10:54 CVE QUERY: ecosystem="ubuntu:24.04:lts" package="libheif-plugin-aomdec:i386" source="libheif"
2026/10/05 19:10:54 WE GOT HERE 1-1
2026/10/05 19:10:54 CVE QUERY: ecosystem="ubuntu:24.04:lts" package="libheif-plugin-aomenc:amd64" source="libheif"
2026/10/05 19:10:54 WE GOT HERE 1-1
2026/10/05 19:10:54 CVE QUERY: ecosystem="ubuntu:24.04:lts" package="libheif-plugin-aomenc:i386" source="libheif"
2026/10/05 19:10:54 WE GOT HERE 1-1
2026/10/05 19:10:54 CVE QUERY: ecosystem="ubuntu:24.04:lts" package="libheif-plugin-libde265:amd64" source="libheif"
2026/10/05 19:10:54 WE GOT HERE 1-1
2026/10/05 19:10:54 CVE QUERY: ecosystem="ubuntu:24.04:lts" package="libheif-plugin-libde265:i386" source="libheif"
2026/10/05 19:10:54 WE GOT HERE 1-1
2026/10/05 19:10:54 CVE QUERY: ecosystem="ubuntu:24.04:lts" package="libheif-plugin-x265:amd64" source="libheif"
2026/10/05 19:10:54 WE GOT HERE 1-1
2026/10/05 19:10:54 CVE QUERY: ecosystem="ubuntu:24.04:lts" package="libheif1:amd64" source="libheif"
2026/10/05 19:10:54 WE GOT HERE 1-1
2026/10/05 19:10:54 CVE QUERY: ecosystem="ubuntu:24.04:lts" package="libheif1:i386" source="libheif"
2026/10/05 19:10:54 WE GOT HERE 1-1
2026/10/05 19:10:54 CVE QUERY: ecosystem="ubuntu:24.04:lts" package="libhfstospell11:amd64" source="hfst-ospell"
2026/10/05 19:10:54 WE GOT HERE 12 
2026/10/05 19:10:54 CVE QUERY: ecosystem="ubuntu:24.04:lts" package="libhiredis1.1.0:amd64" source="hiredis"
2026/10/05 19:10:54 WE GOT HERE 12 
2026/10/05 19:10:54 CVE QUERY: ecosystem="ubuntu:24.04:lts" package="libhogweed6t64:amd64" source="nettle"
2026/10/05 19:10:54 WE GOT HERE 12 
2026/10/05 19:10:54 CVE QUERY: ecosystem="ubuntu:24.04:lts" package="libhogweed6t64:i386" source="nettle"
2026/10/05 19:10:54 WE GOT HERE 12 
2026/10/05 19:10:54 CVE QUERY: ecosystem="ubuntu:24.04:lts" package="libhpmud0:amd64" source="hplip"
2026/10/05 19:10:54 WE GOT HERE 12 
2026/10/05 19:10:54 CVE QUERY: ecosystem="ubuntu:24.04:lts" package="libhsa-runtime64-1" source="rocr-runtime"
2026/10/05 19:10:54 WE GOT HERE 12 
2026/10/05 19:10:54 CVE QUERY: ecosystem="ubuntu:24.04:lts" package="libhsakmt1:amd64" source="roct-thunk-interface"
2026/10/05 19:10:54 WE GOT HERE 12 
2026/10/05 19:10:54 CVE QUERY: ecosystem="ubuntu:24.04:lts" package="libhtml-form-perl" source=""
2026/10/05 19:10:54 WE GOT HERE 12 
2026/10/05 19:10:54 CVE QUERY: ecosystem="ubuntu:24.04:lts" package="libhtml-format-perl" source=""
2026/10/05 19:10:54 WE GOT HERE 12 
2026/10/05 19:10:54 CVE QUERY: ecosystem="ubuntu:24.04:lts" package="libhtml-parser-perl:amd64" source=""
2026/10/05 19:10:54 WE GOT HERE 12 
2026/10/05 19:10:54 CVE QUERY: ecosystem="ubuntu:24.04:lts" package="libhtml-tagset-perl" source=""
2026/10/05 19:10:54 WE GOT HERE 12 
2026/10/05 19:10:54 CVE QUERY: ecosystem="ubuntu:24.04:lts" package="libhtml-tree-perl" source=""
2026/10/05 19:10:54 WE GOT HERE 12 
2026/10/05 19:10:54 CVE QUERY: ecosystem="ubuntu:24.04:lts" package="libhttp-cookies-perl" source=""
2026/10/05 19:10:54 WE GOT HERE 12 
2026/10/05 19:10:54 CVE QUERY: ecosystem="ubuntu:24.04:lts" package="libhttp-daemon-perl" source=""
2026/10/05 19:10:54 WE GOT HERE 12 
2026/10/05 19:10:54 CVE QUERY: ecosystem="ubuntu:24.04:lts" package="libhttp-date-perl" source=""
2026/10/05 19:10:54 WE GOT HERE 12 
2026/10/05 19:10:54 CVE QUERY: ecosystem="ubuntu:24.04:lts" package="libhttp-message-perl" source=""
2026/10/05 19:10:54 WE GOT HERE 12 
2026/10/05 19:10:54 CVE QUERY: ecosystem="ubuntu:24.04:lts" package="libhttp-negotiate-perl" source=""
2026/10/05 19:10:54 WE GOT HERE 12 
2026/10/05 19:10:54 CVE QUERY: ecosystem="ubuntu:24.04:lts" package="libhttp-parser2.9:amd64" source="http-parser"
2026/10/05 19:10:54 WE GOT HERE 12 
2026/10/05 19:10:54 CVE QUERY: ecosystem="ubuntu:24.04:lts" package="libhunspell-1.7-0:amd64" source="hunspell"
2026/10/05 19:10:54 WE GOT HERE 12 
2026/10/05 19:10:54 CVE QUERY: ecosystem="ubuntu:24.04:lts" package="libhwasan0:amd64" source="gcc-14"
2026/10/05 19:10:54 WE GOT HERE 12 
2026/10/05 19:10:54 CVE QUERY: ecosystem="ubuntu:24.04:lts" package="libhwloc-plugins:amd64" source="hwloc"
2026/10/05 19:10:54 WE GOT HERE 12 
2026/10/05 19:10:54 CVE QUERY: ecosystem="ubuntu:24.04:lts" package="libhwloc15:amd64" source="hwloc"
2026/10/05 19:10:54 WE GOT HERE 12 
2026/10/05 19:10:54 CVE QUERY: ecosystem="ubuntu:24.04:lts" package="libhwy1t64:amd64" source="highway"
2026/10/05 19:10:54 WE GOT HERE 12 
2026/10/05 19:10:54 CVE QUERY: ecosystem="ubuntu:24.04:lts" package="libhyphen0:amd64" source="hyphen"
2026/10/05 19:10:54 WE GOT HERE 12 
2026/10/05 19:10:54 CVE QUERY: ecosystem="ubuntu:24.04:lts" package="libibus-1.0-5:amd64" source="ibus"
2026/10/05 19:10:54 WE GOT HERE 12 
2026/10/05 19:10:54 CVE QUERY: ecosystem="ubuntu:24.04:lts" package="libibverbs1:amd64" source="rdma-core"
2026/10/05 19:10:54 WE GOT HERE 12 
2026/10/05 19:10:54 CVE QUERY: ecosystem="ubuntu:24.04:lts" package="libical3t64:amd64" source="libical3"
2026/10/05 19:10:54 WE GOT HERE 12 
2026/10/05 19:10:54 CVE QUERY: ecosystem="ubuntu:24.04:lts" package="libice-dev:amd64" source="libice"
2026/10/05 19:10:54 WE GOT HERE 12 
2026/10/05 19:10:54 CVE QUERY: ecosystem="ubuntu:24.04:lts" package="libice6:amd64" source="libice"
2026/10/05 19:10:54 WE GOT HERE 12 
2026/10/05 19:10:54 CVE QUERY: ecosystem="ubuntu:24.04:lts" package="libicu-dev:amd64" source="icu"
2026/10/05 19:10:54 WE GOT HERE 12 
2026/10/05 19:10:54 CVE QUERY: ecosystem="ubuntu:24.04:lts" package="libicu74:amd64" source="icu"
2026/10/05 19:10:54 WE GOT HERE 12 
2026/10/05 19:10:54 CVE QUERY: ecosystem="ubuntu:24.04:lts" package="libicu74:i386" source="icu"
2026/10/05 19:10:54 WE GOT HERE 12 
2026/10/05 19:10:54 CVE QUERY: ecosystem="ubuntu:24.04:lts" package="libid3tag0:amd64" source="libid3tag"
2026/10/05 19:10:54 WE GOT HERE 12 
2026/10/05 19:10:54 CVE QUERY: ecosystem="ubuntu:24.04:lts" package="libidn12:amd64" source="libidn"
2026/10/05 19:10:54 WE GOT HERE 12 
2026/10/05 19:10:54 CVE QUERY: ecosystem="ubuntu:24.04:lts" package="libidn2-0:amd64" source="libidn2"
2026/10/05 19:10:54 WE GOT HERE 12 
2026/10/05 19:10:54 CVE QUERY: ecosystem="ubuntu:24.04:lts" package="libidn2-0:i386" source="libidn2"
2026/10/05 19:10:54 WE GOT HERE 12 
2026/10/05 19:10:54 CVE QUERY: ecosystem="ubuntu:24.04:lts" package="libiec61883-0:amd64" source="libiec61883"
2026/10/05 19:10:54 WE GOT HERE 12 
2026/10/05 19:10:54 CVE QUERY: ecosystem="ubuntu:24.04:lts" package="libiec61883-0:i386" source="libiec61883"
2026/10/05 19:10:54 WE GOT HERE 12 
2026/10/05 19:10:54 CVE QUERY: ecosystem="ubuntu:24.04:lts" package="libieee1284-3t64:amd64" source="libieee1284"
2026/10/05 19:10:54 WE GOT HERE 12 
2026/10/05 19:10:54 CVE QUERY: ecosystem="ubuntu:24.04:lts" package="libigdgmm12:amd64" source="intel-gmmlib"
2026/10/05 19:10:54 WE GOT HERE 12 
2026/10/05 19:10:54 CVE QUERY: ecosystem="ubuntu:24.04:lts" package="libigdgmm12:i386" source="intel-gmmlib"
2026/10/05 19:10:54 WE GOT HERE 12 
2026/10/05 19:10:54 CVE QUERY: ecosystem="ubuntu:24.04:lts" package="libijs-0.35:amd64" source="ijs"
2026/10/05 19:10:54 WE GOT HERE 12 
2026/10/05 19:10:54 CVE QUERY: ecosystem="ubuntu:24.04:lts" package="libimagequant0:amd64" source="libimagequant"
2026/10/05 19:10:54 WE GOT HERE 12 
2026/10/05 19:10:54 CVE QUERY: ecosystem="ubuntu:24.04:lts" package="libimath-3-1-29t64:amd64" source="imath"
2026/10/05 19:10:54 WE GOT HERE 12 
2026/10/05 19:10:54 CVE QUERY: ecosystem="ubuntu:24.04:lts" package="libime-bin" source="libime"
2026/10/05 19:10:54 WE GOT HERE 12 
2026/10/05 19:10:54 CVE QUERY: ecosystem="ubuntu:24.04:lts" package="libime-data" source="libime"
2026/10/05 19:10:54 WE GOT HERE 12 
2026/10/05 19:10:54 CVE QUERY: ecosystem="ubuntu:24.04:lts" package="libime-data-language-model:amd64" source="libime"
2026/10/05 19:10:54 WE GOT HERE 12 
2026/10/05 19:10:54 CVE QUERY: ecosystem="ubuntu:24.04:lts" package="libimecore0:amd64" source="libime"
2026/10/05 19:10:54 WE GOT HERE 12 
2026/10/05 19:10:54 CVE QUERY: ecosystem="ubuntu:24.04:lts" package="libimepinyin0:amd64" source="libime"
2026/10/05 19:10:54 WE GOT HERE 12 
2026/10/05 19:10:54 CVE QUERY: ecosystem="ubuntu:24.04:lts" package="libimetable0:amd64" source="libime"
2026/10/05 19:10:54 WE GOT HERE 12 
2026/10/05 19:10:54 CVE QUERY: ecosystem="ubuntu:24.04:lts" package="libimobiledevice6:amd64" source="libimobiledevice"
2026/10/05 19:10:54 WE GOT HERE 12 
2026/10/05 19:10:54 CVE QUERY: ecosystem="ubuntu:24.04:lts" package="libinih1:amd64" source="libinih"
2026/10/05 19:10:54 WE GOT HERE 12 
2026/10/05 19:10:54 CVE QUERY: ecosystem="ubuntu:24.04:lts" package="libiniparser1:amd64" source="iniparser"
2026/10/05 19:10:54 WE GOT HERE 12 
2026/10/05 19:10:54 CVE QUERY: ecosystem="ubuntu:24.04:lts" package="libinput-bin" source="libinput"
2026/10/05 19:10:54 WE GOT HERE 12 
2026/10/05 19:10:54 CVE QUERY: ecosystem="ubuntu:24.04:lts" package="libinput-tools" source="libinput"
2026/10/05 19:10:54 WE GOT HERE 12 
2026/10/05 19:10:54 CVE QUERY: ecosystem="ubuntu:24.04:lts" package="libinput10:amd64" source="libinput"
2026/10/05 19:10:54 WE GOT HERE 12 
2026/10/05 19:10:54 CVE QUERY: ecosystem="ubuntu:24.04:lts" package="libinstpatch-1.0-2:amd64" source="libinstpatch"
2026/10/05 19:10:54 WE GOT HERE 12 
2026/10/05 19:10:54 CVE QUERY: ecosystem="ubuntu:24.04:lts" package="libio-html-perl" source=""
2026/10/05 19:10:54 WE GOT HERE 12 
2026/10/05 19:10:54 CVE QUERY: ecosystem="ubuntu:24.04:lts" package="libio-socket-ssl-perl" source=""
2026/10/05 19:10:54 WE GOT HERE 12 
2026/10/05 19:10:54 CVE QUERY: ecosystem="ubuntu:24.04:lts" package="libio-stringy-perl" source="io-stringy"
2026/10/05 19:10:54 WE GOT HERE 12 
2026/10/05 19:10:54 CVE QUERY: ecosystem="ubuntu:24.04:lts" package="libip4tc2:amd64" source="iptables"
2026/10/05 19:10:54 WE GOT HERE 12 
2026/10/05 19:10:54 CVE QUERY: ecosystem="ubuntu:24.04:lts" package="libip6tc2:amd64" source="iptables"
2026/10/05 19:10:54 WE GOT HERE 12 
2026/10/05 19:10:54 CVE QUERY: ecosystem="ubuntu:24.04:lts" package="libipc-system-simple-perl" source=""
2026/10/05 19:10:54 WE GOT HERE 12 
2026/10/05 19:10:54 CVE QUERY: ecosystem="ubuntu:24.04:lts" package="libipsec-mb1" source="intel-ipsec-mb"
2026/10/05 19:10:54 WE GOT HERE 12 
2026/10/05 19:10:54 CVE QUERY: ecosystem="ubuntu:24.04:lts" package="libipt2" source="intel-processor-trace"
2026/10/05 19:10:54 WE GOT HERE 12 
2026/10/05 19:10:54 CVE QUERY: ecosystem="ubuntu:24.04:lts" package="libiscsi7:amd64" source="libiscsi"
2026/10/05 19:10:54 WE GOT HERE 12 
2026/10/05 19:10:54 CVE QUERY: ecosystem="ubuntu:24.04:lts" package="libisl23:amd64" source="isl"
2026/10/05 19:10:54 WE GOT HERE 12 
2026/10/05 19:10:54 CVE QUERY: ecosystem="ubuntu:24.04:lts" package="libisoburn1t64:amd64" source="libisoburn"
2026/10/05 19:10:54 WE GOT HERE 12 
2026/10/05 19:10:54 CVE QUERY: ecosystem="ubuntu:24.04:lts" package="libisofs6t64:amd64" source="libisofs"
2026/10/05 19:10:54 WE GOT HERE 12 
2026/10/05 19:10:54 CVE QUERY: ecosystem="ubuntu:24.04:lts" package="libitm1:amd64" source="gcc-14"
2026/10/05 19:10:54 WE GOT HERE 12 
2026/10/05 19:10:54 CVE QUERY: ecosystem="ubuntu:24.04:lts" package="libiw30t64:amd64" source="wireless-tools"
2026/10/05 19:10:54 WE GOT HERE 12 
2026/10/05 19:10:54 CVE QUERY: ecosystem="ubuntu:24.04:lts" package="libixml11t64:amd64" source="pupnp"
2026/10/05 19:10:54 WE GOT HERE 12 
2026/10/05 19:10:54 CVE QUERY: ecosystem="ubuntu:24.04:lts" package="libjack-jackd2-0:amd64" source="jackd2"
2026/10/05 19:10:54 WE GOT HERE 12 
2026/10/05 19:10:54 CVE QUERY: ecosystem="ubuntu:24.04:lts" package="libjack-jackd2-0:i386" source="jackd2"
2026/10/05 19:10:54 WE GOT HERE 12 
2026/10/05 19:10:54 CVE QUERY: ecosystem="ubuntu:24.04:lts" package="libjansson4:amd64" source="jansson"
2026/10/05 19:10:54 WE GOT HERE 12 
2026/10/05 19:10:54 CVE QUERY: ecosystem="ubuntu:24.04:lts" package="libjavascriptcoregtk-4.1-0:amd64" source="webkit2gtk"
2026/10/05 19:10:54 WE GOT HERE 1-1
2026/10/05 19:10:54 CVE QUERY: ecosystem="ubuntu:24.04:lts" package="libjavascriptcoregtk-6.0-1:amd64" source="webkit2gtk"
2026/10/05 19:10:54 WE GOT HERE 1-1
2026/10/05 19:10:54 CVE QUERY: ecosystem="ubuntu:24.04:lts" package="libjbig0:amd64" source="jbigkit"
2026/10/05 19:10:54 WE GOT HERE 12 
2026/10/05 19:10:54 CVE QUERY: ecosystem="ubuntu:24.04:lts" package="libjbig0:i386" source="jbigkit"
2026/10/05 19:10:54 WE GOT HERE 12 
2026/10/05 19:10:54 CVE QUERY: ecosystem="ubuntu:24.04:lts" package="libjbig2dec0:amd64" source="jbig2dec"
2026/10/05 19:10:54 WE GOT HERE 12 
2026/10/05 19:10:54 CVE QUERY: ecosystem="ubuntu:24.04:lts" package="libjcat1:amd64" source="libjcat"
2026/10/05 19:10:54 WE GOT HERE 12 
2026/10/05 19:10:54 CVE QUERY: ecosystem="ubuntu:24.04:lts" package="libjemalloc2:amd64" source="jemalloc"
2026/10/05 19:10:54 WE GOT HERE 12 
2026/10/05 19:10:54 CVE QUERY: ecosystem="ubuntu:24.04:lts" package="libjpeg-turbo8:amd64" source="libjpeg-turbo"
2026/10/05 19:10:54 WE GOT HERE 12 
2026/10/05 19:10:54 CVE QUERY: ecosystem="ubuntu:24.04:lts" package="libjpeg-turbo8:i386" source="libjpeg-turbo"
2026/10/05 19:10:54 WE GOT HERE 12 
2026/10/05 19:10:54 CVE QUERY: ecosystem="ubuntu:24.04:lts" package="libjpeg-turbo8-dev:amd64" source="libjpeg-turbo"
2026/10/05 19:10:54 WE GOT HERE 12 
2026/10/05 19:10:54 CVE QUERY: ecosystem="ubuntu:24.04:lts" package="libjpeg8:amd64" source="libjpeg8-empty"
2026/10/05 19:10:54 WE GOT HERE 12 
2026/10/05 19:10:54 CVE QUERY: ecosystem="ubuntu:24.04:lts" package="libjpeg8:i386" source="libjpeg8-empty"
2026/10/05 19:10:54 WE GOT HERE 12 
2026/10/05 19:10:54 CVE QUERY: ecosystem="ubuntu:24.04:lts" package="libjpeg8-dev:amd64" source="libjpeg8-empty"
2026/10/05 19:10:54 WE GOT HERE 12 
2026/10/05 19:10:54 CVE QUERY: ecosystem="ubuntu:24.04:lts" package="libjq1:amd64" source="jq"
2026/10/05 19:10:54 WE GOT HERE 12 
2026/10/05 19:10:54 CVE QUERY: ecosystem="ubuntu:24.04:lts" package="libjs-excanvas" source="explorercanvas"
2026/10/05 19:10:54 WE GOT HERE 12 
2026/10/05 19:10:54 CVE QUERY: ecosystem="ubuntu:24.04:lts" package="libjs-jquery" source="node-jquery"
2026/10/05 19:10:54 WE GOT HERE 12 
2026/10/05 19:10:54 CVE QUERY: ecosystem="ubuntu:24.04:lts" package="libjs-jquery-flot" source="flot"
2026/10/05 19:10:54 WE GOT HERE 12 
2026/10/05 19:10:54 CVE QUERY: ecosystem="ubuntu:24.04:lts" package="libjs-jquery-ui" source="jqueryui"
2026/10/05 19:10:54 WE GOT HERE 12 
2026/10/05 19:10:54 CVE QUERY: ecosystem="ubuntu:24.04:lts" package="libjs-katex" source="node-katex"
2026/10/05 19:10:54 WE GOT HERE 12 
2026/10/05 19:10:54 CVE QUERY: ecosystem="ubuntu:24.04:lts" package="libjs-mathjax" source="mathjax"
2026/10/05 19:10:54 WE GOT HERE 12 
2026/10/05 19:10:54 CVE QUERY: ecosystem="ubuntu:24.04:lts" package="libjs-sphinxdoc" source="sphinx"
2026/10/05 19:10:54 WE GOT HERE 12 
2026/10/05 19:10:54 CVE QUERY: ecosystem="ubuntu:24.04:lts" package="libjs-underscore" source="underscore"
2026/10/05 19:10:54 WE GOT HERE 12 
2026/10/05 19:10:54 CVE QUERY: ecosystem="ubuntu:24.04:lts" package="libjson-c5:amd64" source="json-c"
2026/10/05 19:10:54 WE GOT HERE 12 
2026/10/05 19:10:54 CVE QUERY: ecosystem="ubuntu:24.04:lts" package="libjson-glib-1.0-0:amd64" source="json-glib"
2026/10/05 19:10:54 WE GOT HERE 12 
2026/10/05 19:10:54 CVE QUERY: ecosystem="ubuntu:24.04:lts" package="libjson-glib-1.0-common" source="json-glib"
2026/10/05 19:10:54 WE GOT HERE 12 
2026/10/05 19:10:54 CVE QUERY: ecosystem="ubuntu:24.04:lts" package="libjsoncpp25:amd64" source="libjsoncpp"
2026/10/05 19:10:54 WE GOT HERE 12 
2026/10/05 19:10:54 CVE QUERY: ecosystem="ubuntu:24.04:lts" package="libjudydebian1" source="judy"
2026/10/05 19:10:54 WE GOT HERE 12 
2026/10/05 19:10:54 CVE QUERY: ecosystem="ubuntu:24.04:lts" package="libjxl0.7:amd64" source="jpeg-xl"
2026/10/05 19:10:54 WE GOT HERE 1-1
2026/10/05 19:10:54 CVE QUERY: ecosystem="ubuntu:24.04:lts" package="libjxr-tools" source="jxrlib"
2026/10/05 19:10:54 WE GOT HERE 12 
2026/10/05 19:10:54 CVE QUERY: ecosystem="ubuntu:24.04:lts" package="libjxr0t64:amd64" source="jxrlib"
2026/10/05 19:10:54 WE GOT HERE 12 
2026/10/05 19:10:54 CVE QUERY: ecosystem="ubuntu:24.04:lts" package="libk5crypto3:amd64" source="krb5"
2026/10/05 19:10:54 WE GOT HERE 12 
2026/10/05 19:10:54 CVE QUERY: ecosystem="ubuntu:24.04:lts" package="libk5crypto3:i386" source="krb5"
2026/10/05 19:10:54 WE GOT HERE 12 
2026/10/05 19:10:54 CVE QUERY: ecosystem="ubuntu:24.04:lts" package="libkaccounts2:amd64" source="kaccounts-integration"
2026/10/05 19:10:54 WE GOT HERE 12 
2026/10/05 19:10:54 CVE QUERY: ecosystem="ubuntu:24.04:lts" package="libkate1:amd64" source="libkate"
2026/10/05 19:10:54 WE GOT HERE 12 
2026/10/05 19:10:54 CVE QUERY: ecosystem="ubuntu:24.04:lts" package="libkcolorpicker0:amd64" source="kcolorpicker"
2026/10/05 19:10:54 WE GOT HERE 12 
2026/10/05 19:10:54 CVE QUERY: ecosystem="ubuntu:24.04:lts" package="libkdecorations2-5v5:amd64" source="kdecoration"
2026/10/05 19:10:54 WE GOT HERE 12 
2026/10/05 19:10:54 CVE QUERY: ecosystem="ubuntu:24.04:lts" package="libkdecorations2private10:amd64" source="kdecoration"
2026/10/05 19:10:54 WE GOT HERE 12 
2026/10/05 19:10:54 CVE QUERY: ecosystem="ubuntu:24.04:lts" package="libkdsoap1:amd64" source="kdsoap"
2026/10/05 19:10:54 WE GOT HERE 12 
2026/10/05 19:10:54 CVE QUERY: ecosystem="ubuntu:24.04:lts" package="libkeyutils1:amd64" source="keyutils"
2026/10/05 19:10:54 WE GOT HERE 12 
2026/10/05 19:10:54 CVE QUERY: ecosystem="ubuntu:24.04:lts" package="libkeyutils1:i386" source="keyutils"
2026/10/05 19:10:54 WE GOT HERE 12 
2026/10/05 19:10:54 CVE QUERY: ecosystem="ubuntu:24.04:lts" package="libkf5activities5:amd64" source="kactivities-kf5"
2026/10/05 19:10:54 WE GOT HERE 12 
2026/10/05 19:10:54 CVE QUERY: ecosystem="ubuntu:24.04:lts" package="libkf5activitiesstats1:amd64" source="kactivities-stats"
2026/10/05 19:10:54 WE GOT HERE 12 
2026/10/05 19:10:54 CVE QUERY: ecosystem="ubuntu:24.04:lts" package="libkf5archive-data" source="karchive"
2026/10/05 19:10:54 WE GOT HERE 12 
2026/10/05 19:10:54 CVE QUERY: ecosystem="ubuntu:24.04:lts" package="libkf5archive5:amd64" source="karchive"
2026/10/05 19:10:54 WE GOT HERE 12 
2026/10/05 19:10:54 CVE QUERY: ecosystem="ubuntu:24.04:lts" package="libkf5attica5:amd64" source="attica-kf5"
2026/10/05 19:10:54 WE GOT HERE 12 
2026/10/05 19:10:54 CVE QUERY: ecosystem="ubuntu:24.04:lts" package="libkf5auth-data" source="kauth"
2026/10/05 19:10:54 WE GOT HERE 12 
2026/10/05 19:10:54 CVE QUERY: ecosystem="ubuntu:24.04:lts" package="libkf5auth5:amd64" source="kauth"
2026/10/05 19:10:54 WE GOT HERE 12 
2026/10/05 19:10:54 CVE QUERY: ecosystem="ubuntu:24.04:lts" package="libkf5authcore5:amd64" source="kauth"
2026/10/05 19:10:54 WE GOT HERE 12 
2026/10/05 19:10:54 CVE QUERY: ecosystem="ubuntu:24.04:lts" package="libkf5baloo5" source="baloo-kf5"
2026/10/05 19:10:54 WE GOT HERE 12 
2026/10/05 19:10:54 CVE QUERY: ecosystem="ubuntu:24.04:lts" package="libkf5balooengine5" source="baloo-kf5"
2026/10/05 19:10:54 WE GOT HERE 12 
2026/10/05 19:10:54 CVE QUERY: ecosystem="ubuntu:24.04:lts" package="libkf5baloowidgets-bin" source="baloo-widgets5"
2026/10/05 19:10:54 WE GOT HERE 12 
2026/10/05 19:10:54 CVE QUERY: ecosystem="ubuntu:24.04:lts" package="libkf5baloowidgets-data" source="baloo-widgets5"
2026/10/05 19:10:54 WE GOT HERE 12 
2026/10/05 19:10:54 CVE QUERY: ecosystem="ubuntu:24.04:lts" package="libkf5baloowidgets5:amd64" source="baloo-widgets5"
2026/10/05 19:10:54 WE GOT HERE 12 
2026/10/05 19:10:54 CVE QUERY: ecosystem="ubuntu:24.04:lts" package="libkf5bluezqt-data" source="bluez-qt"
2026/10/05 19:10:54 WE GOT HERE 12 
2026/10/05 19:10:54 CVE QUERY: ecosystem="ubuntu:24.04:lts" package="libkf5bluezqt6:amd64" source="bluez-qt"
2026/10/05 19:10:54 WE GOT HERE 12 
2026/10/05 19:10:54 CVE QUERY: ecosystem="ubuntu:24.04:lts" package="libkf5bookmarks-data" source="kbookmarks"
2026/10/05 19:10:54 WE GOT HERE 12 
2026/10/05 19:10:54 CVE QUERY: ecosystem="ubuntu:24.04:lts" package="libkf5bookmarks5:amd64" source="kbookmarks"
2026/10/05 19:10:54 WE GOT HERE 12 
2026/10/05 19:10:54 CVE QUERY: ecosystem="ubuntu:24.04:lts" package="libkf5calendarevents5:amd64" source="kdeclarative"
2026/10/05 19:10:54 WE GOT HERE 12 
2026/10/05 19:10:54 CVE QUERY: ecosystem="ubuntu:24.04:lts" package="libkf5cddb5:amd64" source="libkcddb"
2026/10/05 19:10:54 WE GOT HERE 12 
2026/10/05 19:10:54 CVE QUERY: ecosystem="ubuntu:24.04:lts" package="libkf5codecs-data" source="kcodecs"
2026/10/05 19:10:54 WE GOT HERE 12 
2026/10/05 19:10:54 CVE QUERY: ecosystem="ubuntu:24.04:lts" package="libkf5codecs5:amd64" source="kcodecs"
2026/10/05 19:10:54 WE GOT HERE 12 
2026/10/05 19:10:54 CVE QUERY: ecosystem="ubuntu:24.04:lts" package="libkf5compactdisc5:amd64" source="libkcompactdisc"
2026/10/05 19:10:54 WE GOT HERE 12 
2026/10/05 19:10:54 CVE QUERY: ecosystem="ubuntu:24.04:lts" package="libkf5completion-data" source="kcompletion"
2026/10/05 19:10:54 WE GOT HERE 12 
2026/10/05 19:10:54 CVE QUERY: ecosystem="ubuntu:24.04:lts" package="libkf5completion5:amd64" source="kcompletion"
2026/10/05 19:10:54 WE GOT HERE 12 
2026/10/05 19:10:54 CVE QUERY: ecosystem="ubuntu:24.04:lts" package="libkf5config-bin" source="kconfig"
2026/10/05 19:10:54 WE GOT HERE 12 
2026/10/05 19:10:54 CVE QUERY: ecosystem="ubuntu:24.04:lts" package="libkf5config-data" source="kconfig"
2026/10/05 19:10:54 WE GOT HERE 12 
2026/10/05 19:10:54 CVE QUERY: ecosystem="ubuntu:24.04:lts" package="libkf5configcore5:amd64" source="kconfig"
2026/10/05 19:10:54 WE GOT HERE 12 
2026/10/05 19:10:54 CVE QUERY: ecosystem="ubuntu:24.04:lts" package="libkf5configgui5:amd64" source="kconfig"
2026/10/05 19:10:54 WE GOT HERE 12 
2026/10/05 19:10:54 CVE QUERY: ecosystem="ubuntu:24.04:lts" package="libkf5configqml5:amd64" source="kconfig"
2026/10/05 19:10:54 WE GOT HERE 12 
2026/10/05 19:10:54 CVE QUERY: ecosystem="ubuntu:24.04:lts" package="libkf5configwidgets-data" source="kconfigwidgets"
2026/10/05 19:10:54 WE GOT HERE 12 
2026/10/05 19:10:54 CVE QUERY: ecosystem="ubuntu:24.04:lts" package="libkf5configwidgets5:amd64" source="kconfigwidgets"
2026/10/05 19:10:54 WE GOT HERE 12 
2026/10/05 19:10:54 CVE QUERY: ecosystem="ubuntu:24.04:lts" package="libkf5contacts-data" source="kcontacts"
2026/10/05 19:10:54 WE GOT HERE 12 
2026/10/05 19:10:54 CVE QUERY: ecosystem="ubuntu:24.04:lts" package="libkf5contacts5:amd64" source="kcontacts"
2026/10/05 19:10:54 WE GOT HERE 12 
2026/10/05 19:10:54 CVE QUERY: ecosystem="ubuntu:24.04:lts" package="libkf5coreaddons-data" source="kcoreaddons"
2026/10/05 19:10:54 WE GOT HERE 12 
2026/10/05 19:10:54 CVE QUERY: ecosystem="ubuntu:24.04:lts" package="libkf5coreaddons5:amd64" source="kcoreaddons"
2026/10/05 19:10:54 WE GOT HERE 12 
2026/10/05 19:10:54 CVE QUERY: ecosystem="ubuntu:24.04:lts" package="libkf5crash5:amd64" source="kcrash"
2026/10/05 19:10:54 WE GOT HERE 12 
2026/10/05 19:10:54 CVE QUERY: ecosystem="ubuntu:24.04:lts" package="libkf5dbusaddons-bin" source="kdbusaddons"
2026/10/05 19:10:54 WE GOT HERE 12 
2026/10/05 19:10:54 CVE QUERY: ecosystem="ubuntu:24.04:lts" package="libkf5dbusaddons-data" source="kdbusaddons"
2026/10/05 19:10:54 WE GOT HERE 12 
2026/10/05 19:10:54 CVE QUERY: ecosystem="ubuntu:24.04:lts" package="libkf5dbusaddons5:amd64" source="kdbusaddons"
2026/10/05 19:10:54 WE GOT HERE 12 
2026/10/05 19:10:54 CVE QUERY: ecosystem="ubuntu:24.04:lts" package="libkf5declarative-data" source="kdeclarative"
2026/10/05 19:10:54 WE GOT HERE 12 
2026/10/05 19:10:54 CVE QUERY: ecosystem="ubuntu:24.04:lts" package="libkf5declarative5:amd64" source="kdeclarative"
2026/10/05 19:10:54 WE GOT HERE 12 
2026/10/05 19:10:54 CVE QUERY: ecosystem="ubuntu:24.04:lts" package="libkf5dnssd-data" source="kdnssd-kf5"
2026/10/05 19:10:54 WE GOT HERE 12 
2026/10/05 19:10:54 CVE QUERY: ecosystem="ubuntu:24.04:lts" package="libkf5dnssd5:amd64" source="kdnssd-kf5"
2026/10/05 19:10:54 WE GOT HERE 12 
2026/10/05 19:10:54 CVE QUERY: ecosystem="ubuntu:24.04:lts" package="libkf5doctools5:amd64" source="kdoctools"
2026/10/05 19:10:54 WE GOT HERE 12 
2026/10/05 19:10:54 CVE QUERY: ecosystem="ubuntu:24.04:lts" package="libkf5filemetadata-bin:amd64" source="kfilemetadata-kf5"
2026/10/05 19:10:54 WE GOT HERE 12 
2026/10/05 19:10:54 CVE QUERY: ecosystem="ubuntu:24.04:lts" package="libkf5filemetadata-data" source="kfilemetadata-kf5"
2026/10/05 19:10:54 WE GOT HERE 12 
2026/10/05 19:10:54 CVE QUERY: ecosystem="ubuntu:24.04:lts" package="libkf5filemetadata3:amd64" source="kfilemetadata-kf5"
2026/10/05 19:10:54 WE GOT HERE 12 
2026/10/05 19:10:54 CVE QUERY: ecosystem="ubuntu:24.04:lts" package="libkf5globalaccel-bin" source="kglobalaccel"
2026/10/05 19:10:54 WE GOT HERE 12 
2026/10/05 19:10:54 CVE QUERY: ecosystem="ubuntu:24.04:lts" package="libkf5globalaccel-data" source="kglobalaccel"
2026/10/05 19:10:54 WE GOT HERE 12 
2026/10/05 19:10:54 CVE QUERY: ecosystem="ubuntu:24.04:lts" package="libkf5globalaccel5:amd64" source="kglobalaccel"
2026/10/05 19:10:54 WE GOT HERE 12 
2026/10/05 19:10:54 CVE QUERY: ecosystem="ubuntu:24.04:lts" package="libkf5globalaccelprivate5:amd64" source="kglobalaccel"
2026/10/05 19:10:54 WE GOT HERE 12 
2026/10/05 19:10:54 CVE QUERY: ecosystem="ubuntu:24.04:lts" package="libkf5guiaddons-bin" source="kguiaddons"
2026/10/05 19:10:54 WE GOT HERE 12 
2026/10/05 19:10:54 CVE QUERY: ecosystem="ubuntu:24.04:lts" package="libkf5guiaddons-data" source="kguiaddons"
2026/10/05 19:10:54 WE GOT HERE 12 
2026/10/05 19:10:54 CVE QUERY: ecosystem="ubuntu:24.04:lts" package="libkf5guiaddons5:amd64" source="kguiaddons"
2026/10/05 19:10:54 WE GOT HERE 12 
2026/10/05 19:10:54 CVE QUERY: ecosystem="ubuntu:24.04:lts" package="libkf5holidays-data" source="kholidays"
2026/10/05 19:10:54 WE GOT HERE 12 
2026/10/05 19:10:54 CVE QUERY: ecosystem="ubuntu:24.04:lts" package="libkf5holidays5:amd64" source="kholidays"
2026/10/05 19:10:54 WE GOT HERE 12 
2026/10/05 19:10:54 CVE QUERY: ecosystem="ubuntu:24.04:lts" package="libkf5i18n-data" source="ki18n"
2026/10/05 19:10:54 WE GOT HERE 12 
2026/10/05 19:10:54 CVE QUERY: ecosystem="ubuntu:24.04:lts" package="libkf5i18n5:amd64" source="ki18n"
2026/10/05 19:10:54 WE GOT HERE 12 
2026/10/05 19:10:54 CVE QUERY: ecosystem="ubuntu:24.04:lts" package="libkf5i18nlocaledata5:amd64" source="ki18n"
2026/10/05 19:10:54 WE GOT HERE 12 
2026/10/05 19:10:54 CVE QUERY: ecosystem="ubuntu:24.04:lts" package="libkf5iconthemes-bin" source="kiconthemes"
2026/10/05 19:10:54 WE GOT HERE 12 
2026/10/05 19:10:54 CVE QUERY: ecosystem="ubuntu:24.04:lts" package="libkf5iconthemes-data" source="kiconthemes"
2026/10/05 19:10:54 WE GOT HERE 12 
2026/10/05 19:10:54 CVE QUERY: ecosystem="ubuntu:24.04:lts" package="libkf5iconthemes5:amd64" source="kiconthemes"
2026/10/05 19:10:54 WE GOT HERE 12 
2026/10/05 19:10:54 CVE QUERY: ecosystem="ubuntu:24.04:lts" package="libkf5idletime5:amd64" source="kidletime"
2026/10/05 19:10:54 WE GOT HERE 12 
2026/10/05 19:10:54 CVE QUERY: ecosystem="ubuntu:24.04:lts" package="libkf5itemmodels5:amd64" source="kitemmodels"
2026/10/05 19:10:54 WE GOT HERE 12 
2026/10/05 19:10:54 CVE QUERY: ecosystem="ubuntu:24.04:lts" package="libkf5itemviews-data" source="kitemviews"
2026/10/05 19:10:54 WE GOT HERE 12 
2026/10/05 19:10:54 CVE QUERY: ecosystem="ubuntu:24.04:lts" package="libkf5itemviews5:amd64" source="kitemviews"
2026/10/05 19:10:54 WE GOT HERE 12 
2026/10/05 19:10:54 CVE QUERY: ecosystem="ubuntu:24.04:lts" package="libkf5jobwidgets-data" source="kjobwidgets"
2026/10/05 19:10:54 WE GOT HERE 12 
2026/10/05 19:10:54 CVE QUERY: ecosystem="ubuntu:24.04:lts" package="libkf5jobwidgets5:amd64" source="kjobwidgets"
2026/10/05 19:10:54 WE GOT HERE 12 
2026/10/05 19:10:54 CVE QUERY: ecosystem="ubuntu:24.04:lts" package="libkf5js5t64:amd64" source="kjs"
2026/10/05 19:10:54 WE GOT HERE 12 
2026/10/05 19:10:54 CVE QUERY: ecosystem="ubuntu:24.04:lts" package="libkf5kcmutils-data" source="kcmutils"
2026/10/05 19:10:54 WE GOT HERE 12 
2026/10/05 19:10:54 CVE QUERY: ecosystem="ubuntu:24.04:lts" package="libkf5kcmutils5:amd64" source="kcmutils"
2026/10/05 19:10:54 WE GOT HERE 12 
2026/10/05 19:10:54 CVE QUERY: ecosystem="ubuntu:24.04:lts" package="libkf5kcmutilscore5:amd64" source="kcmutils"
2026/10/05 19:10:54 WE GOT HERE 12 
2026/10/05 19:10:54 CVE QUERY: ecosystem="ubuntu:24.04:lts" package="libkf5kdcraw5:amd64" source="libkf5kdcraw"
2026/10/05 19:10:54 WE GOT HERE 12 
2026/10/05 19:10:54 CVE QUERY: ecosystem="ubuntu:24.04:lts" package="libkf5kdegames-data" source="libkdegames"
2026/10/05 19:10:54 WE GOT HERE 12 
2026/10/05 19:10:54 CVE QUERY: ecosystem="ubuntu:24.04:lts" package="libkf5kdegames7:amd64" source="libkdegames"
2026/10/05 19:10:54 WE GOT HERE 12 
2026/10/05 19:10:54 CVE QUERY: ecosystem="ubuntu:24.04:lts" package="libkf5kdelibs4support-data" source="kdelibs4support"
2026/10/05 19:10:54 WE GOT HERE 12 
2026/10/05 19:10:54 CVE QUERY: ecosystem="ubuntu:24.04:lts" package="libkf5kdelibs4support5:amd64" source="kdelibs4support"
2026/10/05 19:10:54 WE GOT HERE 12 
2026/10/05 19:10:54 CVE QUERY: ecosystem="ubuntu:24.04:lts" package="libkf5kdelibs4support5-bin" source="kdelibs4support"
2026/10/05 19:10:54 WE GOT HERE 12 
2026/10/05 19:10:54 CVE QUERY: ecosystem="ubuntu:24.04:lts" package="libkf5kexiv2-15.0.0:amd64" source="libkf5kexiv2"
2026/10/05 19:10:54 WE GOT HERE 12 
2026/10/05 19:10:54 CVE QUERY: ecosystem="ubuntu:24.04:lts" package="libkf5khtml-bin" source="khtml"
2026/10/05 19:10:54 WE GOT HERE 12 
2026/10/05 19:10:54 CVE QUERY: ecosystem="ubuntu:24.04:lts" package="libkf5khtml-data" source="khtml"
2026/10/05 19:10:54 WE GOT HERE 12 
2026/10/05 19:10:54 CVE QUERY: ecosystem="ubuntu:24.04:lts" package="libkf5khtml5:amd64" source="khtml"
2026/10/05 19:10:54 WE GOT HERE 12 
2026/10/05 19:10:54 CVE QUERY: ecosystem="ubuntu:24.04:lts" package="libkf5kiocore5:amd64" source="kio"
2026/10/05 19:10:54 WE GOT HERE 12 
2026/10/05 19:10:54 CVE QUERY: ecosystem="ubuntu:24.04:lts" package="libkf5kiofilewidgets5:amd64" source="kio"
2026/10/05 19:10:54 WE GOT HERE 12 
2026/10/05 19:10:54 CVE QUERY: ecosystem="ubuntu:24.04:lts" package="libkf5kiogui5:amd64" source="kio"
2026/10/05 19:10:54 WE GOT HERE 12 
2026/10/05 19:10:54 CVE QUERY: ecosystem="ubuntu:24.04:lts" package="libkf5kiontlm5:amd64" source="kio"
2026/10/05 19:10:54 WE GOT HERE 12 
2026/10/05 19:10:54 CVE QUERY: ecosystem="ubuntu:24.04:lts" package="libkf5kiowidgets5:amd64" source="kio"
2026/10/05 19:10:54 WE GOT HERE 12 
2026/10/05 19:10:54 CVE QUERY: ecosystem="ubuntu:24.04:lts" package="libkf5kirigami2-5" source="kirigami2"
2026/10/05 19:10:54 WE GOT HERE 12 
2026/10/05 19:10:54 CVE QUERY: ecosystem="ubuntu:24.04:lts" package="libkf5kmahjongglib5" source="libkf5kmahjongg"
2026/10/05 19:10:54 WE GOT HERE 12 
2026/10/05 19:10:54 CVE QUERY: ecosystem="ubuntu:24.04:lts" package="libkf5modemmanagerqt6:amd64" source="modemmanager-qt"
2026/10/05 19:10:54 WE GOT HERE 12 
2026/10/05 19:10:54 CVE QUERY: ecosystem="ubuntu:24.04:lts" package="libkf5networkmanagerqt6" source="networkmanager-qt"
2026/10/05 19:10:54 WE GOT HERE 12 
2026/10/05 19:10:54 CVE QUERY: ecosystem="ubuntu:24.04:lts" package="libkf5newstuff-data" source="knewstuff"
2026/10/05 19:10:54 WE GOT HERE 12 
2026/10/05 19:10:54 CVE QUERY: ecosystem="ubuntu:24.04:lts" package="libkf5newstuff5:amd64" source="knewstuff"
2026/10/05 19:10:54 WE GOT HERE 12 
2026/10/05 19:10:54 CVE QUERY: ecosystem="ubuntu:24.04:lts" package="libkf5newstuffcore5:amd64" source="knewstuff"
2026/10/05 19:10:54 WE GOT HERE 12 
2026/10/05 19:10:54 CVE QUERY: ecosystem="ubuntu:24.04:lts" package="libkf5newstuffwidgets5:amd64" source="knewstuff"
2026/10/05 19:10:54 WE GOT HERE 12 
2026/10/05 19:10:54 CVE QUERY: ecosystem="ubuntu:24.04:lts" package="libkf5notifications-data" source="knotifications"
2026/10/05 19:10:54 WE GOT HERE 12 
2026/10/05 19:10:54 CVE QUERY: ecosystem="ubuntu:24.04:lts" package="libkf5notifications5:amd64" source="knotifications"
2026/10/05 19:10:54 WE GOT HERE 12 
2026/10/05 19:10:54 CVE QUERY: ecosystem="ubuntu:24.04:lts" package="libkf5notifyconfig-data" source="knotifyconfig"
2026/10/05 19:10:54 WE GOT HERE 12 
2026/10/05 19:10:54 CVE QUERY: ecosystem="ubuntu:24.04:lts" package="libkf5notifyconfig5:amd64" source="knotifyconfig"
2026/10/05 19:10:54 WE GOT HERE 12 
2026/10/05 19:10:54 CVE QUERY: ecosystem="ubuntu:24.04:lts" package="libkf5package-data" source="kpackage"
2026/10/05 19:10:54 WE GOT HERE 12 
2026/10/05 19:10:54 CVE QUERY: ecosystem="ubuntu:24.04:lts" package="libkf5package5:amd64" source="kpackage"
2026/10/05 19:10:54 WE GOT HERE 12 
2026/10/05 19:10:54 CVE QUERY: ecosystem="ubuntu:24.04:lts" package="libkf5parts-data" source="kparts"
2026/10/05 19:10:54 WE GOT HERE 12 
2026/10/05 19:10:54 CVE QUERY: ecosystem="ubuntu:24.04:lts" package="libkf5parts-plugins:amd64" source="kparts"
2026/10/05 19:10:54 WE GOT HERE 12 
2026/10/05 19:10:54 CVE QUERY: ecosystem="ubuntu:24.04:lts" package="libkf5parts5:amd64" source="kparts"
2026/10/05 19:10:54 WE GOT HERE 12 
2026/10/05 19:10:54 CVE QUERY: ecosystem="ubuntu:24.04:lts" package="libkf5people-data" source="kpeople"
2026/10/05 19:10:54 WE GOT HERE 12 
2026/10/05 19:10:54 CVE QUERY: ecosystem="ubuntu:24.04:lts" package="libkf5people5:amd64" source="kpeople"
2026/10/05 19:10:54 WE GOT HERE 12 
2026/10/05 19:10:54 CVE QUERY: ecosystem="ubuntu:24.04:lts" package="libkf5peoplebackend5:amd64" source="kpeople"
2026/10/05 19:10:54 WE GOT HERE 12 
2026/10/05 19:10:54 CVE QUERY: ecosystem="ubuntu:24.04:lts" package="libkf5peoplewidgets5:amd64" source="kpeople"
2026/10/05 19:10:54 WE GOT HERE 12 
2026/10/05 19:10:54 CVE QUERY: ecosystem="ubuntu:24.04:lts" package="libkf5plasma5:amd64" source="plasma-framework"
2026/10/05 19:10:54 WE GOT HERE 12 
2026/10/05 19:10:54 CVE QUERY: ecosystem="ubuntu:24.04:lts" package="libkf5plasmaquick5:amd64" source="plasma-framework"
2026/10/05 19:10:54 WE GOT HERE 12 
2026/10/05 19:10:54 CVE QUERY: ecosystem="ubuntu:24.04:lts" package="libkf5prison5:amd64" source="prison-kf5"
2026/10/05 19:10:54 WE GOT HERE 12 
2026/10/05 19:10:54 CVE QUERY: ecosystem="ubuntu:24.04:lts" package="libkf5pty-data" source="kpty"
2026/10/05 19:10:54 WE GOT HERE 12 
2026/10/05 19:10:54 CVE QUERY: ecosystem="ubuntu:24.04:lts" package="libkf5pty5:amd64" source="kpty"
2026/10/05 19:10:54 WE GOT HERE 12 
2026/10/05 19:10:54 CVE QUERY: ecosystem="ubuntu:24.04:lts" package="libkf5pulseaudioqt3:amd64" source="pulseaudio-qt"
2026/10/05 19:10:54 WE GOT HERE 12 
2026/10/05 19:10:54 CVE QUERY: ecosystem="ubuntu:24.04:lts" package="libkf5purpose-bin:amd64" source="purpose"
2026/10/05 19:10:54 WE GOT HERE 12 
2026/10/05 19:10:54 CVE QUERY: ecosystem="ubuntu:24.04:lts" package="libkf5purpose5:amd64" source="purpose"
2026/10/05 19:10:54 WE GOT HERE 12 
2026/10/05 19:10:54 CVE QUERY: ecosystem="ubuntu:24.04:lts" package="libkf5quickaddons5:amd64" source="kdeclarative"
2026/10/05 19:10:54 WE GOT HERE 12 
2026/10/05 19:10:54 CVE QUERY: ecosystem="ubuntu:24.04:lts" package="libkf5runner5:amd64" source="krunner"
2026/10/05 19:10:54 WE GOT HERE 12 
2026/10/05 19:10:54 CVE QUERY: ecosystem="ubuntu:24.04:lts" package="libkf5sane-data" source="libkf5sane"
2026/10/05 19:10:54 WE GOT HERE 12 
2026/10/05 19:10:54 CVE QUERY: ecosystem="ubuntu:24.04:lts" package="libkf5sane5:amd64" source="libkf5sane"
2026/10/05 19:10:54 WE GOT HERE 12 
2026/10/05 19:10:54 CVE QUERY: ecosystem="ubuntu:24.04:lts" package="libkf5screen-bin" source="libkscreen"
2026/10/05 19:10:54 WE GOT HERE 12 
2026/10/05 19:10:54 CVE QUERY: ecosystem="ubuntu:24.04:lts" package="libkf5screen-data" source="libkscreen"
2026/10/05 19:10:54 WE GOT HERE 12 
2026/10/05 19:10:54 CVE QUERY: ecosystem="ubuntu:24.04:lts" package="libkf5screen8:amd64" source="libkscreen"
2026/10/05 19:10:54 WE GOT HERE 12 
2026/10/05 19:10:54 CVE QUERY: ecosystem="ubuntu:24.04:lts" package="libkf5screendpms8:amd64" source="libkscreen"
2026/10/05 19:10:54 WE GOT HERE 12 
2026/10/05 19:10:54 CVE QUERY: ecosystem="ubuntu:24.04:lts" package="libkf5service-bin" source="kservice"
2026/10/05 19:10:54 WE GOT HERE 12 
2026/10/05 19:10:54 CVE QUERY: ecosystem="ubuntu:24.04:lts" package="libkf5service-data" source="kservice"
2026/10/05 19:10:54 WE GOT HERE 12 
2026/10/05 19:10:54 CVE QUERY: ecosystem="ubuntu:24.04:lts" package="libkf5service5:amd64" source="kservice"
2026/10/05 19:10:54 WE GOT HERE 12 
2026/10/05 19:10:54 CVE QUERY: ecosystem="ubuntu:24.04:lts" package="libkf5solid5:amd64" source="solid"
2026/10/05 19:10:54 WE GOT HERE 12 
2026/10/05 19:10:54 CVE QUERY: ecosystem="ubuntu:24.04:lts" package="libkf5solid5-data" source="solid"
2026/10/05 19:10:54 WE GOT HERE 12 
2026/10/05 19:10:54 CVE QUERY: ecosystem="ubuntu:24.04:lts" package="libkf5sonnet5-data" source="sonnet"
2026/10/05 19:10:54 WE GOT HERE 12 
2026/10/05 19:10:54 CVE QUERY: ecosystem="ubuntu:24.04:lts" package="libkf5sonnetcore5:amd64" source="sonnet"
2026/10/05 19:10:54 WE GOT HERE 12 
2026/10/05 19:10:54 CVE QUERY: ecosystem="ubuntu:24.04:lts" package="libkf5sonnetui5:amd64" source="sonnet"
2026/10/05 19:10:54 WE GOT HERE 12 
2026/10/05 19:10:54 CVE QUERY: ecosystem="ubuntu:24.04:lts" package="libkf5style5:amd64" source="frameworkintegration"
2026/10/05 19:10:54 WE GOT HERE 12 
2026/10/05 19:10:54 CVE QUERY: ecosystem="ubuntu:24.04:lts" package="libkf5su-bin" source="kdesu"
2026/10/05 19:10:54 WE GOT HERE 12 
2026/10/05 19:10:54 CVE QUERY: ecosystem="ubuntu:24.04:lts" package="libkf5su-data" source="kdesu"
2026/10/05 19:10:54 WE GOT HERE 12 
2026/10/05 19:10:54 CVE QUERY: ecosystem="ubuntu:24.04:lts" package="libkf5su5:amd64" source="kdesu"
2026/10/05 19:10:54 WE GOT HERE 12 
2026/10/05 19:10:54 CVE QUERY: ecosystem="ubuntu:24.04:lts" package="libkf5syndication5abi1:amd64" source="syndication"
2026/10/05 19:10:54 WE GOT HERE 12 
2026/10/05 19:10:54 CVE QUERY: ecosystem="ubuntu:24.04:lts" package="libkf5syntaxhighlighting-data" source="ksyntax-highlighting"
2026/10/05 19:10:54 WE GOT HERE 12 
2026/10/05 19:10:54 CVE QUERY: ecosystem="ubuntu:24.04:lts" package="libkf5syntaxhighlighting5:amd64" source="ksyntax-highlighting"
2026/10/05 19:10:54 WE GOT HERE 12 
2026/10/05 19:10:54 CVE QUERY: ecosystem="ubuntu:24.04:lts" package="libkf5sysguard-bin" source="libksysguard"
2026/10/05 19:10:54 WE GOT HERE 12 
2026/10/05 19:10:54 CVE QUERY: ecosystem="ubuntu:24.04:lts" package="libkf5sysguard-data" source="libksysguard"
2026/10/05 19:10:54 WE GOT HERE 12 
2026/10/05 19:10:54 CVE QUERY: ecosystem="ubuntu:24.04:lts" package="libkf5texteditor-bin" source="ktexteditor"
2026/10/05 19:10:54 WE GOT HERE 12 
2026/10/05 19:10:54 CVE QUERY: ecosystem="ubuntu:24.04:lts" package="libkf5texteditor5:amd64" source="ktexteditor"
2026/10/05 19:10:54 WE GOT HERE 12 
2026/10/05 19:10:54 CVE QUERY: ecosystem="ubuntu:24.04:lts" package="libkf5textwidgets-data" source="ktextwidgets"
2026/10/05 19:10:54 WE GOT HERE 12 
2026/10/05 19:10:54 CVE QUERY: ecosystem="ubuntu:24.04:lts" package="libkf5textwidgets5:amd64" source="ktextwidgets"
2026/10/05 19:10:54 WE GOT HERE 12 
2026/10/05 19:10:54 CVE QUERY: ecosystem="ubuntu:24.04:lts" package="libkf5threadweaver5:amd64" source="threadweaver"
2026/10/05 19:10:54 WE GOT HERE 12 
2026/10/05 19:10:54 CVE QUERY: ecosystem="ubuntu:24.04:lts" package="libkf5unitconversion-data" source="kunitconversion"
2026/10/05 19:10:54 WE GOT HERE 12 
2026/10/05 19:10:54 CVE QUERY: ecosystem="ubuntu:24.04:lts" package="libkf5unitconversion5:amd64" source="kunitconversion"
2026/10/05 19:10:54 WE GOT HERE 12 
2026/10/05 19:10:54 CVE QUERY: ecosystem="ubuntu:24.04:lts" package="libkf5wallet-bin" source="kwallet-kf5"
2026/10/05 19:10:54 WE GOT HERE 12 
2026/10/05 19:10:54 CVE QUERY: ecosystem="ubuntu:24.04:lts" package="libkf5wallet-data" source="kwallet-kf5"
2026/10/05 19:10:54 WE GOT HERE 12 
2026/10/05 19:10:54 CVE QUERY: ecosystem="ubuntu:24.04:lts" package="libkf5wallet5:amd64" source="kwallet-kf5"
2026/10/05 19:10:54 WE GOT HERE 12 
2026/10/05 19:10:54 CVE QUERY: ecosystem="ubuntu:24.04:lts" package="libkf5waylandclient5:amd64" source="kwayland"
2026/10/05 19:10:54 WE GOT HERE 12 
2026/10/05 19:10:54 CVE QUERY: ecosystem="ubuntu:24.04:lts" package="libkf5widgetsaddons-data" source="kwidgetsaddons"
2026/10/05 19:10:54 WE GOT HERE 12 
2026/10/05 19:10:54 CVE QUERY: ecosystem="ubuntu:24.04:lts" package="libkf5widgetsaddons5:amd64" source="kwidgetsaddons"
2026/10/05 19:10:54 WE GOT HERE 12 
2026/10/05 19:10:54 CVE QUERY: ecosystem="ubuntu:24.04:lts" package="libkf5windowsystem-data" source="kwindowsystem"
2026/10/05 19:10:54 WE GOT HERE 12 
2026/10/05 19:10:54 CVE QUERY: ecosystem="ubuntu:24.04:lts" package="libkf5windowsystem5:amd64" source="kwindowsystem"
2026/10/05 19:10:54 WE GOT HERE 12 
2026/10/05 19:10:54 CVE QUERY: ecosystem="ubuntu:24.04:lts" package="libkf5xmlgui-bin:amd64" source="kxmlgui"
2026/10/05 19:10:54 WE GOT HERE 12 
2026/10/05 19:10:54 CVE QUERY: ecosystem="ubuntu:24.04:lts" package="libkf5xmlgui-data" source="kxmlgui"
2026/10/05 19:10:54 WE GOT HERE 12 
2026/10/05 19:10:54 CVE QUERY: ecosystem="ubuntu:24.04:lts" package="libkf5xmlgui5:amd64" source="kxmlgui"
2026/10/05 19:10:54 WE GOT HERE 12 
2026/10/05 19:10:54 CVE QUERY: ecosystem="ubuntu:24.04:lts" package="libkfontinst5" source="plasma-workspace"
2026/10/05 19:10:54 WE GOT HERE 12 
2026/10/05 19:10:54 CVE QUERY: ecosystem="ubuntu:24.04:lts" package="libkfontinstui5" source="plasma-workspace"
2026/10/05 19:10:54 WE GOT HERE 12 
2026/10/05 19:10:54 CVE QUERY: ecosystem="ubuntu:24.04:lts" package="libkimageannotator-common" source="kimageannotator"
2026/10/05 19:10:54 WE GOT HERE 12 
2026/10/05 19:10:54 CVE QUERY: ecosystem="ubuntu:24.04:lts" package="libkimageannotator0:amd64" source="kimageannotator"
2026/10/05 19:10:54 WE GOT HERE 12 
2026/10/05 19:10:54 CVE QUERY: ecosystem="ubuntu:24.04:lts" package="libklibc:amd64" source="klibc"
2026/10/05 19:10:54 WE GOT HERE 1-1
2026/10/05 19:10:54 CVE QUERY: ecosystem="ubuntu:24.04:lts" package="libkmlbase1t64:amd64" source="libkml"
2026/10/05 19:10:54 WE GOT HERE 12 
2026/10/05 19:10:54 CVE QUERY: ecosystem="ubuntu:24.04:lts" package="libkmldom1t64:amd64" source="libkml"
2026/10/05 19:10:54 WE GOT HERE 12 
2026/10/05 19:10:54 CVE QUERY: ecosystem="ubuntu:24.04:lts" package="libkmlengine1t64:amd64" source="libkml"
2026/10/05 19:10:54 WE GOT HERE 12 
2026/10/05 19:10:54 CVE QUERY: ecosystem="ubuntu:24.04:lts" package="libkmod2:amd64" source="kmod"
2026/10/05 19:10:54 WE GOT HERE 12 
2026/10/05 19:10:54 CVE QUERY: ecosystem="ubuntu:24.04:lts" package="libkpim5gapi-data" source="libkgapi"
2026/10/05 19:10:54 WE GOT HERE 12 
2026/10/05 19:10:54 CVE QUERY: ecosystem="ubuntu:24.04:lts" package="libkpim5gapicore5:amd64" source="libkgapi"
2026/10/05 19:10:54 WE GOT HERE 12 
2026/10/05 19:10:54 CVE QUERY: ecosystem="ubuntu:24.04:lts" package="libkpim5gapidrive5:amd64" source="libkgapi"
2026/10/05 19:10:54 WE GOT HERE 12 
2026/10/05 19:10:54 CVE QUERY: ecosystem="ubuntu:24.04:lts" package="libkpipewire5" source="kpipewire"
2026/10/05 19:10:54 WE GOT HERE 12 
2026/10/05 19:10:54 CVE QUERY: ecosystem="ubuntu:24.04:lts" package="libkpipewiredmabuf5" source="kpipewire"
2026/10/05 19:10:54 WE GOT HERE 12 
2026/10/05 19:10:54 CVE QUERY: ecosystem="ubuntu:24.04:lts" package="libkpipewirerecord5" source="kpipewire"
2026/10/05 19:10:54 WE GOT HERE 12 
2026/10/05 19:10:54 CVE QUERY: ecosystem="ubuntu:24.04:lts" package="libkpmcore12" source="kpmcore"
2026/10/05 19:10:54 WE GOT HERE 12 
2026/10/05 19:10:54 CVE QUERY: ecosystem="ubuntu:24.04:lts" package="libkrb5-3:amd64" source="krb5"
2026/10/05 19:10:54 WE GOT HERE 12 
2026/10/05 19:10:54 CVE QUERY: ecosystem="ubuntu:24.04:lts" package="libkrb5-3:i386" source="krb5"
2026/10/05 19:10:54 WE GOT HERE 12 
2026/10/05 19:10:54 CVE QUERY: ecosystem="ubuntu:24.04:lts" package="libkrb5support0:amd64" source="krb5"
2026/10/05 19:10:54 WE GOT HERE 12 
2026/10/05 19:10:54 CVE QUERY: ecosystem="ubuntu:24.04:lts" package="libkrb5support0:i386" source="krb5"
2026/10/05 19:10:54 WE GOT HERE 12 
2026/10/05 19:10:54 CVE QUERY: ecosystem="ubuntu:24.04:lts" package="libksanecore1" source="ksanecore"
2026/10/05 19:10:54 WE GOT HERE 12 
2026/10/05 19:10:54 CVE QUERY: ecosystem="ubuntu:24.04:lts" package="libksba8:amd64" source="libksba"
2026/10/05 19:10:54 WE GOT HERE 12 
2026/10/05 19:10:54 CVE QUERY: ecosystem="ubuntu:24.04:lts" package="libkscreenlocker5:amd64" source="kscreenlocker"
2026/10/05 19:10:54 WE GOT HERE 12 
2026/10/05 19:10:54 CVE QUERY: ecosystem="ubuntu:24.04:lts" package="libksgrd9" source="libksysguard"
2026/10/05 19:10:54 WE GOT HERE 12 
2026/10/05 19:10:54 CVE QUERY: ecosystem="ubuntu:24.04:lts" package="libksignalplotter9" source="libksysguard"
2026/10/05 19:10:54 WE GOT HERE 12 
2026/10/05 19:10:54 CVE QUERY: ecosystem="ubuntu:24.04:lts" package="libksysguardformatter1" source="libksysguard"
2026/10/05 19:10:54 WE GOT HERE 12 
2026/10/05 19:10:54 CVE QUERY: ecosystem="ubuntu:24.04:lts" package="libksysguardsensorfaces1" source="libksysguard"
2026/10/05 19:10:54 WE GOT HERE 12 
2026/10/05 19:10:54 CVE QUERY: ecosystem="ubuntu:24.04:lts" package="libksysguardsensors1" source="libksysguard"
2026/10/05 19:10:54 WE GOT HERE 12 
2026/10/05 19:10:54 CVE QUERY: ecosystem="ubuntu:24.04:lts" package="libksysguardsystemstats1" source="libksysguard"
2026/10/05 19:10:54 WE GOT HERE 12 
2026/10/05 19:10:54 CVE QUERY: ecosystem="ubuntu:24.04:lts" package="libkubuntu1" source="libkubuntu"
2026/10/05 19:10:54 WE GOT HERE 12 
2026/10/05 19:10:54 CVE QUERY: ecosystem="ubuntu:24.04:lts" package="libkuserfeedback-l10n" source="kuserfeedback"
2026/10/05 19:10:54 WE GOT HERE 12 
2026/10/05 19:10:54 CVE QUERY: ecosystem="ubuntu:24.04:lts" package="libkuserfeedbackcore1:amd64" source="kuserfeedback"
2026/10/05 19:10:54 WE GOT HERE 12 
2026/10/05 19:10:54 CVE QUERY: ecosystem="ubuntu:24.04:lts" package="libkuserfeedbackwidgets1:amd64" source="kuserfeedback"
2026/10/05 19:10:54 WE GOT HERE 12 
2026/10/05 19:10:54 CVE QUERY: ecosystem="ubuntu:24.04:lts" package="libkwalletbackend5-5:amd64" source="kwallet-kf5"
2026/10/05 19:10:54 WE GOT HERE 12 
2026/10/05 19:10:54 CVE QUERY: ecosystem="ubuntu:24.04:lts" package="libkwineffects14" source="kwin"
2026/10/05 19:10:54 WE GOT HERE 12 
2026/10/05 19:10:54 CVE QUERY: ecosystem="ubuntu:24.04:lts" package="libkwinglutils14" source="kwin"
2026/10/05 19:10:54 WE GOT HERE 12 
2026/10/05 19:10:54 CVE QUERY: ecosystem="ubuntu:24.04:lts" package="libkworkspace5-5" source="plasma-workspace"
2026/10/05 19:10:54 WE GOT HERE 12 
2026/10/05 19:10:54 CVE QUERY: ecosystem="ubuntu:24.04:lts" package="liblangtag-common" source="liblangtag"
2026/10/05 19:10:54 WE GOT HERE 12 
2026/10/05 19:10:54 CVE QUERY: ecosystem="ubuntu:24.04:lts" package="liblangtag1:amd64" source="liblangtag"
2026/10/05 19:10:54 WE GOT HERE 12 
2026/10/05 19:10:54 CVE QUERY: ecosystem="ubuntu:24.04:lts" package="liblapack3:amd64" source="lapack"
2026/10/05 19:10:54 WE GOT HERE 12 
2026/10/05 19:10:54 CVE QUERY: ecosystem="ubuntu:24.04:lts" package="liblayershellqtinterface5" source="layer-shell-qt"
2026/10/05 19:10:54 WE GOT HERE 12 
2026/10/05 19:10:54 CVE QUERY: ecosystem="ubuntu:24.04:lts" package="liblbfgsb0:amd64" source="lbfgsb"
2026/10/05 19:10:54 WE GOT HERE 12 
2026/10/05 19:10:54 CVE QUERY: ecosystem="ubuntu:24.04:lts" package="liblc3-1:amd64" source="liblc3"
2026/10/05 19:10:54 WE GOT HERE 12 
2026/10/05 19:10:54 CVE QUERY: ecosystem="ubuntu:24.04:lts" package="liblcms2-2:amd64" source="lcms2"
2026/10/05 19:10:54 WE GOT HERE 12 
2026/10/05 19:10:54 CVE QUERY: ecosystem="ubuntu:24.04:lts" package="liblcms2-2:i386" source="lcms2"
2026/10/05 19:10:54 WE GOT HERE 12 
2026/10/05 19:10:54 CVE QUERY: ecosystem="ubuntu:24.04:lts" package="liblcms2-utils" source="lcms2"
2026/10/05 19:10:54 WE GOT HERE 12 
2026/10/05 19:10:54 CVE QUERY: ecosystem="ubuntu:24.04:lts" package="libldacbt-abr2:amd64" source="libldac"
2026/10/05 19:10:54 WE GOT HERE 12 
2026/10/05 19:10:54 CVE QUERY: ecosystem="ubuntu:24.04:lts" package="libldacbt-enc2:amd64" source="libldac"
2026/10/05 19:10:54 WE GOT HERE 12 
2026/10/05 19:10:54 CVE QUERY: ecosystem="ubuntu:24.04:lts" package="libldap-common" source="openldap"
2026/10/05 19:10:54 WE GOT HERE 12 
2026/10/05 19:10:54 CVE QUERY: ecosystem="ubuntu:24.04:lts" package="libldap2:amd64" source="openldap"
2026/10/05 19:10:54 WE GOT HERE 12 
2026/10/05 19:10:54 CVE QUERY: ecosystem="ubuntu:24.04:lts" package="libldap2:i386" source="openldap"
2026/10/05 19:10:54 WE GOT HERE 12 
2026/10/05 19:10:54 CVE QUERY: ecosystem="ubuntu:24.04:lts" package="libldb2:amd64" source="samba"
2026/10/05 19:10:54 WE GOT HERE 12 
2026/10/05 19:10:54 CVE QUERY: ecosystem="ubuntu:24.04:lts" package="liblept5:amd64" source="leptonlib"
2026/10/05 19:10:54 WE GOT HERE 12 
2026/10/05 19:10:54 CVE QUERY: ecosystem="ubuntu:24.04:lts" package="liblerc4:amd64" source="lerc"
2026/10/05 19:10:54 WE GOT HERE 12 
2026/10/05 19:10:54 CVE QUERY: ecosystem="ubuntu:24.04:lts" package="liblilv-0-0:amd64" source="lilv"
2026/10/05 19:10:54 WE GOT HERE 12 
2026/10/05 19:10:54 CVE QUERY: ecosystem="ubuntu:24.04:lts" package="liblinear4:amd64" source="liblinear"
2026/10/05 19:10:54 WE GOT HERE 12 
2026/10/05 19:10:54 CVE QUERY: ecosystem="ubuntu:24.04:lts" package="liblirc-client0t64:amd64" source="lirc"
2026/10/05 19:10:54 WE GOT HERE 12 
2026/10/05 19:10:54 CVE QUERY: ecosystem="ubuntu:24.04:lts" package="libllvm17t64:amd64" source="llvm-toolchain-17"
2026/10/05 19:10:54 WE GOT HERE 12 
2026/10/05 19:10:54 CVE QUERY: ecosystem="ubuntu:24.04:lts" package="libllvm18:amd64" source="llvm-toolchain-18"
2026/10/05 19:10:54 WE GOT HERE 12 
2026/10/05 19:10:54 CVE QUERY: ecosystem="ubuntu:24.04:lts" package="libllvm19:amd64" source="llvm-toolchain-19"
2026/10/05 19:10:54 WE GOT HERE 12 
2026/10/05 19:10:54 CVE QUERY: ecosystem="ubuntu:24.04:lts" package="libllvm20:amd64" source="llvm-toolchain-20"
2026/10/05 19:10:54 WE GOT HERE 12 
2026/10/05 19:10:54 CVE QUERY: ecosystem="ubuntu:24.04:lts" package="libllvm20:i386" source="llvm-toolchain-20"
2026/10/05 19:10:54 WE GOT HERE 12 
2026/10/05 19:10:54 CVE QUERY: ecosystem="ubuntu:24.04:lts" package="liblmdb0:amd64" source="lmdb"
2026/10/05 19:10:54 WE GOT HERE 12 
2026/10/05 19:10:54 CVE QUERY: ecosystem="ubuntu:24.04:lts" package="liblocale-gettext-perl" source=""
2026/10/05 19:10:54 WE GOT HERE 12 
2026/10/05 19:10:54 CVE QUERY: ecosystem="ubuntu:24.04:lts" package="liblog4cplus-2.0.5t64:amd64" source="log4cplus"
2026/10/05 19:10:54 WE GOT HERE 12 
2026/10/05 19:10:54 CVE QUERY: ecosystem="ubuntu:24.04:lts" package="liblouis-data" source="liblouis"
2026/10/05 19:10:54 WE GOT HERE 12 
2026/10/05 19:10:54 CVE QUERY: ecosystem="ubuntu:24.04:lts" package="liblouis20:amd64" source="liblouis"
2026/10/05 19:10:54 WE GOT HERE 12 
2026/10/05 19:10:54 CVE QUERY: ecosystem="ubuntu:24.04:lts" package="liblouisutdml-bin" source="liblouisutdml"
2026/10/05 19:10:54 WE GOT HERE 12 
2026/10/05 19:10:54 CVE QUERY: ecosystem="ubuntu:24.04:lts" package="liblouisutdml-data" source="liblouisutdml"
2026/10/05 19:10:54 WE GOT HERE 12 
2026/10/05 19:10:54 CVE QUERY: ecosystem="ubuntu:24.04:lts" package="liblouisutdml9t64:amd64" source="liblouisutdml"
2026/10/05 19:10:54 WE GOT HERE 12 
2026/10/05 19:10:54 CVE QUERY: ecosystem="ubuntu:24.04:lts" package="liblqr-1-0:amd64" source="liblqr"
2026/10/05 19:10:54 WE GOT HERE 12 
2026/10/05 19:10:54 CVE QUERY: ecosystem="ubuntu:24.04:lts" package="liblrdf0:amd64" source="liblrdf"
2026/10/05 19:10:54 WE GOT HERE 12 
2026/10/05 19:10:54 CVE QUERY: ecosystem="ubuntu:24.04:lts" package="liblsan0:amd64" source="gcc-14"
2026/10/05 19:10:54 WE GOT HERE 12 
2026/10/05 19:10:54 CVE QUERY: ecosystem="ubuntu:24.04:lts" package="liblsofui9" source="libksysguard"
2026/10/05 19:10:54 WE GOT HERE 12 
2026/10/05 19:10:54 CVE QUERY: ecosystem="ubuntu:24.04:lts" package="libltc11:amd64" source="libltc"
2026/10/05 19:10:54 WE GOT HERE 12 
2026/10/05 19:10:54 CVE QUERY: ecosystem="ubuntu:24.04:lts" package="libltdl7:amd64" source="libtool"
2026/10/05 19:10:54 WE GOT HERE 12 
2026/10/05 19:10:54 CVE QUERY: ecosystem="ubuntu:24.04:lts" package="libltdl7:i386" source="libtool"
2026/10/05 19:10:54 WE GOT HERE 12 
2026/10/05 19:10:54 CVE QUERY: ecosystem="ubuntu:24.04:lts" package="liblttng-ust-common1t64:amd64" source="ust"
2026/10/05 19:10:54 WE GOT HERE 12 
2026/10/05 19:10:54 CVE QUERY: ecosystem="ubuntu:24.04:lts" package="liblttng-ust-ctl5t64:amd64" source="ust"
2026/10/05 19:10:54 WE GOT HERE 12 
2026/10/05 19:10:54 CVE QUERY: ecosystem="ubuntu:24.04:lts" package="liblttng-ust1t64:amd64" source="ust"
2026/10/05 19:10:54 WE GOT HERE 12 
2026/10/05 19:10:54 CVE QUERY: ecosystem="ubuntu:24.04:lts" package="liblua5.2-0:amd64" source="lua5.2"
2026/10/05 19:10:54 WE GOT HERE 12 
2026/10/05 19:10:54 CVE QUERY: ecosystem="ubuntu:24.04:lts" package="liblua5.3-0:amd64" source="lua5.3"
2026/10/05 19:10:54 WE GOT HERE 12 
2026/10/05 19:10:54 CVE QUERY: ecosystem="ubuntu:24.04:lts" package="liblua5.4-0:amd64" source="lua5.4"
2026/10/05 19:10:54 WE GOT HERE 12 
2026/10/05 19:10:54 CVE QUERY: ecosystem="ubuntu:24.04:lts" package="libluajit-5.1-2:amd64" source="luajit"
2026/10/05 19:10:54 WE GOT HERE 12 
2026/10/05 19:10:54 CVE QUERY: ecosystem="ubuntu:24.04:lts" package="libluajit-5.1-common" source="luajit"
2026/10/05 19:10:54 WE GOT HERE 12 
2026/10/05 19:10:54 CVE QUERY: ecosystem="ubuntu:24.04:lts" package="liblvm2cmd2.03:amd64" source="lvm2"
2026/10/05 19:10:54 WE GOT HERE 12 
2026/10/05 19:10:54 CVE QUERY: ecosystem="ubuntu:24.04:lts" package="liblwp-mediatypes-perl" source=""
2026/10/05 19:10:54 WE GOT HERE 12 
2026/10/05 19:10:54 CVE QUERY: ecosystem="ubuntu:24.04:lts" package="liblwp-protocol-https-perl" source=""
2026/10/05 19:10:54 WE GOT HERE 12 
2026/10/05 19:10:54 CVE QUERY: ecosystem="ubuntu:24.04:lts" package="liblz4-1:amd64" source="lz4"
2026/10/05 19:10:54 WE GOT HERE 12 
2026/10/05 19:10:54 CVE QUERY: ecosystem="ubuntu:24.04:lts" package="liblz4-1:i386" source="lz4"
2026/10/05 19:10:54 WE GOT HERE 12 
2026/10/05 19:10:54 CVE QUERY: ecosystem="ubuntu:24.04:lts" package="liblzf1:amd64" source="liblzf"
2026/10/05 19:10:54 WE GOT HERE 12 
2026/10/05 19:10:54 CVE QUERY: ecosystem="ubuntu:24.04:lts" package="liblzma5:amd64" source="xz-utils"
2026/10/05 19:10:54 WE GOT HERE 1-1
2026/10/05 19:10:54 CVE QUERY: ecosystem="ubuntu:24.04:lts" package="liblzma5:i386" source="xz-utils"
2026/10/05 19:10:54 WE GOT HERE 1-1
2026/10/05 19:10:54 CVE QUERY: ecosystem="ubuntu:24.04:lts" package="liblzo2-2:amd64" source="lzo2"
2026/10/05 19:10:54 WE GOT HERE 12 
2026/10/05 19:10:54 CVE QUERY: ecosystem="ubuntu:24.04:lts" package="libmad0:amd64" source="libmad"
2026/10/05 19:10:54 WE GOT HERE 12 
2026/10/05 19:10:54 CVE QUERY: ecosystem="ubuntu:24.04:lts" package="libmagic-mgc" source="file"
2026/10/05 19:10:54 WE GOT HERE 12 
2026/10/05 19:10:54 CVE QUERY: ecosystem="ubuntu:24.04:lts" package="libmagic1t64:amd64" source="file"
2026/10/05 19:10:54 WE GOT HERE 12 
2026/10/05 19:10:54 CVE QUERY: ecosystem="ubuntu:24.04:lts" package="libmagickcore-6.q16-7-extra:amd64" source="imagemagick"
2026/10/05 19:10:54 WE GOT HERE 12 
2026/10/05 19:10:54 CVE QUERY: ecosystem="ubuntu:24.04:lts" package="libmagickcore-6.q16-7t64:amd64" source="imagemagick"
2026/10/05 19:10:54 WE GOT HERE 12 
2026/10/05 19:10:54 CVE QUERY: ecosystem="ubuntu:24.04:lts" package="libmagickwand-6.q16-7t64:amd64" source="imagemagick"
2026/10/05 19:10:54 WE GOT HERE 12 
2026/10/05 19:10:54 CVE QUERY: ecosystem="ubuntu:24.04:lts" package="libmailtools-perl" source=""
2026/10/05 19:10:54 WE GOT HERE 12 
2026/10/05 19:10:54 CVE QUERY: ecosystem="ubuntu:24.04:lts" package="libmalcontent-0-0:amd64" source="malcontent"
2026/10/05 19:10:54 WE GOT HERE 12 
2026/10/05 19:10:54 CVE QUERY: ecosystem="ubuntu:24.04:lts" package="libmanette-0.2-0:amd64" source="libmanette"
2026/10/05 19:10:54 WE GOT HERE 12 
2026/10/05 19:10:54 CVE QUERY: ecosystem="ubuntu:24.04:lts" package="libmarisa0:amd64" source="marisa"
2026/10/05 19:10:54 WE GOT HERE 12 
2026/10/05 19:10:54 CVE QUERY: ecosystem="ubuntu:24.04:lts" package="libmarkdown2:amd64" source="discount"
2026/10/05 19:10:54 WE GOT HERE 12 
2026/10/05 19:10:54 CVE QUERY: ecosystem="ubuntu:24.04:lts" package="libmatroska7:amd64" source="libmatroska"
2026/10/05 19:10:54 WE GOT HERE 12 
2026/10/05 19:10:54 CVE QUERY: ecosystem="ubuntu:24.04:lts" package="libmaxminddb0:amd64" source="libmaxminddb"
2026/10/05 19:10:54 WE GOT HERE 12 
2026/10/05 19:10:54 CVE QUERY: ecosystem="ubuntu:24.04:lts" package="libmbedcrypto7t64:amd64" source="mbedtls"
2026/10/05 19:10:54 WE GOT HERE 12 
2026/10/05 19:10:54 CVE QUERY: ecosystem="ubuntu:24.04:lts" package="libmbedtls14t64:amd64" source="mbedtls"
2026/10/05 19:10:54 WE GOT HERE 12 
2026/10/05 19:10:54 CVE QUERY: ecosystem="ubuntu:24.04:lts" package="libmbedx509-1t64:amd64" source="mbedtls"
2026/10/05 19:10:54 WE GOT HERE 12 
2026/10/05 19:10:54 CVE QUERY: ecosystem="ubuntu:24.04:lts" package="libmbim-glib4:amd64" source="libmbim"
2026/10/05 19:10:54 WE GOT HERE 12 
2026/10/05 19:10:54 CVE QUERY: ecosystem="ubuntu:24.04:lts" package="libmbim-proxy" source="libmbim"
2026/10/05 19:10:54 WE GOT HERE 12 
2026/10/05 19:10:54 CVE QUERY: ecosystem="ubuntu:24.04:lts" package="libmbim-utils" source="libmbim"
2026/10/05 19:10:54 WE GOT HERE 12 
2026/10/05 19:10:54 CVE QUERY: ecosystem="ubuntu:24.04:lts" package="libmd0:amd64" source="libmd"
2026/10/05 19:10:54 WE GOT HERE 12 
2026/10/05 19:10:54 CVE QUERY: ecosystem="ubuntu:24.04:lts" package="libmd0:i386" source="libmd"
2026/10/05 19:10:54 WE GOT HERE 12 
2026/10/05 19:10:54 CVE QUERY: ecosystem="ubuntu:24.04:lts" package="libmd4c0:amd64" source="md4c"
2026/10/05 19:10:54 WE GOT HERE 12 
2026/10/05 19:10:54 CVE QUERY: ecosystem="ubuntu:24.04:lts" package="libmediaart-2.0-0:amd64" source="libmediaart"
2026/10/05 19:10:54 WE GOT HERE 12 
2026/10/05 19:10:54 CVE QUERY: ecosystem="ubuntu:24.04:lts" package="libmfx1:amd64" source="intel-mediasdk"
2026/10/05 19:10:54 WE GOT HERE 12 
2026/10/05 19:10:54 CVE QUERY: ecosystem="ubuntu:24.04:lts" package="libmhash2:amd64" source="mhash"
2026/10/05 19:10:54 WE GOT HERE 12 
2026/10/05 19:10:54 CVE QUERY: ecosystem="ubuntu:24.04:lts" package="libminizip1t64:amd64" source="zlib"
2026/10/05 19:10:54 WE GOT HERE 1-1
2026/10/05 19:10:54 CVE QUERY: ecosystem="ubuntu:24.04:lts" package="libmjpegutils-2.1-0t64:amd64" source="mjpegtools"
2026/10/05 19:10:54 WE GOT HERE 12 
2026/10/05 19:10:54 CVE QUERY: ecosystem="ubuntu:24.04:lts" package="libmlt++7:amd64" source="mlt"
2026/10/05 19:10:54 WE GOT HERE 12 
2026/10/05 19:10:54 CVE QUERY: ecosystem="ubuntu:24.04:lts" package="libmlt-data" source="mlt"
2026/10/05 19:10:54 WE GOT HERE 12 
2026/10/05 19:10:54 CVE QUERY: ecosystem="ubuntu:24.04:lts" package="libmlt7:amd64" source="mlt"
2026/10/05 19:10:54 WE GOT HERE 12 
2026/10/05 19:10:54 CVE QUERY: ecosystem="ubuntu:24.04:lts" package="libmm-glib0:amd64" source="modemmanager"
2026/10/05 19:10:54 WE GOT HERE 12 
2026/10/05 19:10:54 CVE QUERY: ecosystem="ubuntu:24.04:lts" package="libmng2:amd64" source="libmng"
2026/10/05 19:10:54 WE GOT HERE 12 
2026/10/05 19:10:54 CVE QUERY: ecosystem="ubuntu:24.04:lts" package="libmnl0:amd64" source="libmnl"
2026/10/05 19:10:54 WE GOT HERE 12 
2026/10/05 19:10:54 CVE QUERY: ecosystem="ubuntu:24.04:lts" package="libmodplug1:amd64" source="libmodplug"
2026/10/05 19:10:54 WE GOT HERE 12 
2026/10/05 19:10:54 CVE QUERY: ecosystem="ubuntu:24.04:lts" package="libmount1:amd64" source="util-linux"
2026/10/05 19:10:54 WE GOT HERE 12 
2026/10/05 19:10:54 CVE QUERY: ecosystem="ubuntu:24.04:lts" package="libmount1:i386" source="util-linux"
2026/10/05 19:10:54 WE GOT HERE 12 
2026/10/05 19:10:54 CVE QUERY: ecosystem="ubuntu:24.04:lts" package="libmovit8:amd64" source="movit"
2026/10/05 19:10:54 WE GOT HERE 12 
2026/10/05 19:10:54 CVE QUERY: ecosystem="ubuntu:24.04:lts" package="libmozjs-115-0t64:amd64" source="mozjs115"
2026/10/05 19:10:54 WE GOT HERE 12 
2026/10/05 19:10:54 CVE QUERY: ecosystem="ubuntu:24.04:lts" package="libmp3lame0:amd64" source="lame"
2026/10/05 19:10:54 WE GOT HERE 12 
2026/10/05 19:10:54 CVE QUERY: ecosystem="ubuntu:24.04:lts" package="libmp3lame0:i386" source="lame"
2026/10/05 19:10:54 WE GOT HERE 12 
2026/10/05 19:10:54 CVE QUERY: ecosystem="ubuntu:24.04:lts" package="libmpc3:amd64" source="mpclib3"
2026/10/05 19:10:54 WE GOT HERE 12 
2026/10/05 19:10:54 CVE QUERY: ecosystem="ubuntu:24.04:lts" package="libmpcdec6:amd64" source="libmpc"
2026/10/05 19:10:54 WE GOT HERE 12 
2026/10/05 19:10:54 CVE QUERY: ecosystem="ubuntu:24.04:lts" package="libmpeg2-4:amd64" source="mpeg2dec"
2026/10/05 19:10:54 WE GOT HERE 12 
2026/10/05 19:10:54 CVE QUERY: ecosystem="ubuntu:24.04:lts" package="libmpeg2encpp-2.1-0t64:amd64" source="mjpegtools"
2026/10/05 19:10:54 WE GOT HERE 12 
2026/10/05 19:10:54 CVE QUERY: ecosystem="ubuntu:24.04:lts" package="libmpfr6:amd64" source="mpfr4"
2026/10/05 19:10:54 WE GOT HERE 12 
2026/10/05 19:10:54 CVE QUERY: ecosystem="ubuntu:24.04:lts" package="libmpg123-0t64:amd64" source="mpg123"
2026/10/05 19:10:54 WE GOT HERE 12 
2026/10/05 19:10:54 CVE QUERY: ecosystem="ubuntu:24.04:lts" package="libmpg123-0t64:i386" source="mpg123"
2026/10/05 19:10:54 WE GOT HERE 12 
2026/10/05 19:10:54 CVE QUERY: ecosystem="ubuntu:24.04:lts" package="libmplex2-2.1-0t64:amd64" source="mjpegtools"
2026/10/05 19:10:54 WE GOT HERE 12 
2026/10/05 19:10:54 CVE QUERY: ecosystem="ubuntu:24.04:lts" package="libmpv2:amd64" source="mpv"
2026/10/05 19:10:54 WE GOT HERE 12 
2026/10/05 19:10:54 CVE QUERY: ecosystem="ubuntu:24.04:lts" package="libmsgraph-0-1:amd64" source="msgraph"
2026/10/05 19:10:54 WE GOT HERE 12 
2026/10/05 19:10:54 CVE QUERY: ecosystem="ubuntu:24.04:lts" package="libmspack0t64:amd64" source="libmspack"
2026/10/05 19:10:54 WE GOT HERE 12 
2026/10/05 19:10:54 CVE QUERY: ecosystem="ubuntu:24.04:lts" package="libmspub-0.1-1:amd64" source="libmspub"
2026/10/05 19:10:54 WE GOT HERE 12 
2026/10/05 19:10:54 CVE QUERY: ecosystem="ubuntu:24.04:lts" package="libmtdev1t64:amd64" source="mtdev"
2026/10/05 19:10:54 WE GOT HERE 12 
2026/10/05 19:10:54 CVE QUERY: ecosystem="ubuntu:24.04:lts" package="libmtp-common" source="libmtp"
2026/10/05 19:10:54 WE GOT HERE 12 
2026/10/05 19:10:54 CVE QUERY: ecosystem="ubuntu:24.04:lts" package="libmtp-runtime" source="libmtp"
2026/10/05 19:10:54 WE GOT HERE 12 
2026/10/05 19:10:54 CVE QUERY: ecosystem="ubuntu:24.04:lts" package="libmtp9t64:amd64" source="libmtp"
2026/10/05 19:10:54 WE GOT HERE 12 
2026/10/05 19:10:54 CVE QUERY: ecosystem="ubuntu:24.04:lts" package="libmujs3:amd64" source="mujs"
2026/10/05 19:10:54 WE GOT HERE 12 
2026/10/05 19:10:54 CVE QUERY: ecosystem="ubuntu:24.04:lts" package="libmunge2:amd64" source="munge"
2026/10/05 19:10:54 WE GOT HERE 12 
2026/10/05 19:10:54 CVE QUERY: ecosystem="ubuntu:24.04:lts" package="libmusicbrainz5cc2v5:amd64" source="libmusicbrainz5"
2026/10/05 19:10:54 WE GOT HERE 12 
2026/10/05 19:10:54 CVE QUERY: ecosystem="ubuntu:24.04:lts" package="libmutter-14-0:amd64" source="mutter"
2026/10/05 19:10:54 WE GOT HERE 12 
2026/10/05 19:10:54 CVE QUERY: ecosystem="ubuntu:24.04:lts" package="libmwaw-0.3-3:amd64" source="libmwaw"
2026/10/05 19:10:54 WE GOT HERE 12 
2026/10/05 19:10:54 CVE QUERY: ecosystem="ubuntu:24.04:lts" package="libmysofa1:amd64" source="libmysofa"
2026/10/05 19:10:54 WE GOT HERE 12 
2026/10/05 19:10:54 CVE QUERY: ecosystem="ubuntu:24.04:lts" package="libmysqlclient21:amd64" source="mysql-8.0"
2026/10/05 19:10:54 WE GOT HERE 12 
2026/10/05 19:10:54 CVE QUERY: ecosystem="ubuntu:24.04:lts" package="libmythes-1.2-0:amd64" source="mythes"
2026/10/05 19:10:54 WE GOT HERE 12 
2026/10/05 19:10:54 CVE QUERY: ecosystem="ubuntu:24.04:lts" package="libncurses-dev:amd64" source="ncurses"
2026/10/05 19:10:54 WE GOT HERE 12 
2026/10/05 19:10:54 CVE QUERY: ecosystem="ubuntu:24.04:lts" package="libncurses6:amd64" source="ncurses"
2026/10/05 19:10:54 WE GOT HERE 12 
2026/10/05 19:10:54 CVE QUERY: ecosystem="ubuntu:24.04:lts" package="libncurses6:i386" source="ncurses"
2026/10/05 19:10:54 WE GOT HERE 12 
2026/10/05 19:10:54 CVE QUERY: ecosystem="ubuntu:24.04:lts" package="libncursesw6:amd64" source="ncurses"
2026/10/05 19:10:54 WE GOT HERE 12 
2026/10/05 19:10:54 CVE QUERY: ecosystem="ubuntu:24.04:lts" package="libncursesw6:i386" source="ncurses"
2026/10/05 19:10:54 WE GOT HERE 12 
2026/10/05 19:10:54 CVE QUERY: ecosystem="ubuntu:24.04:lts" package="libndctl6:amd64" source="ndctl"
2026/10/05 19:10:54 WE GOT HERE 12 
2026/10/05 19:10:54 CVE QUERY: ecosystem="ubuntu:24.04:lts" package="libndp0:amd64" source="libndp"
2026/10/05 19:10:54 WE GOT HERE 12 
2026/10/05 19:10:54 CVE QUERY: ecosystem="ubuntu:24.04:lts" package="libneon27t64:amd64" source="neon27"
2026/10/05 19:10:54 WE GOT HERE 12 
2026/10/05 19:10:54 CVE QUERY: ecosystem="ubuntu:24.04:lts" package="libneon27t64-gnutls:amd64" source="neon27"
2026/10/05 19:10:54 WE GOT HERE 12 
2026/10/05 19:10:54 CVE QUERY: ecosystem="ubuntu:24.04:lts" package="libnet-dbus-perl" source=""
2026/10/05 19:10:54 WE GOT HERE 12 
2026/10/05 19:10:54 CVE QUERY: ecosystem="ubuntu:24.04:lts" package="libnet-http-perl" source=""
2026/10/05 19:10:54 WE GOT HERE 12 
2026/10/05 19:10:54 CVE QUERY: ecosystem="ubuntu:24.04:lts" package="libnet-smtp-ssl-perl" source=""
2026/10/05 19:10:54 WE GOT HERE 12 
2026/10/05 19:10:54 CVE QUERY: ecosystem="ubuntu:24.04:lts" package="libnet-ssleay-perl:amd64" source=""
2026/10/05 19:10:54 WE GOT HERE 12 
2026/10/05 19:10:54 CVE QUERY: ecosystem="ubuntu:24.04:lts" package="libnetcdf19t64:amd64" source="netcdf"
2026/10/05 19:10:54 WE GOT HERE 12 
2026/10/05 19:10:54 CVE QUERY: ecosystem="ubuntu:24.04:lts" package="libnetfilter-conntrack3:amd64" source="libnetfilter-conntrack"
2026/10/05 19:10:54 WE GOT HERE 12 
2026/10/05 19:10:54 CVE QUERY: ecosystem="ubuntu:24.04:lts" package="libnetpbm11t64:amd64" source="netpbm-free"
2026/10/05 19:10:54 WE GOT HERE 12 
2026/10/05 19:10:54 CVE QUERY: ecosystem="ubuntu:24.04:lts" package="libnetplan1:amd64" source="netplan.io"
2026/10/05 19:10:54 WE GOT HERE 12 
2026/10/05 19:10:54 CVE QUERY: ecosystem="ubuntu:24.04:lts" package="libnettle8t64:amd64" source="nettle"
2026/10/05 19:10:54 WE GOT HERE 12 
2026/10/05 19:10:54 CVE QUERY: ecosystem="ubuntu:24.04:lts" package="libnettle8t64:i386" source="nettle"
2026/10/05 19:10:54 WE GOT HERE 12 
2026/10/05 19:10:54 CVE QUERY: ecosystem="ubuntu:24.04:lts" package="libnewt0.52:amd64" source="newt"
2026/10/05 19:10:54 WE GOT HERE 12 
2026/10/05 19:10:54 CVE QUERY: ecosystem="ubuntu:24.04:lts" package="libnfnetlink0:amd64" source="libnfnetlink"
2026/10/05 19:10:54 WE GOT HERE 12 
2026/10/05 19:10:54 CVE QUERY: ecosystem="ubuntu:24.04:lts" package="libnfs14:amd64" source="libnfs"
2026/10/05 19:10:54 WE GOT HERE 12 
2026/10/05 19:10:54 CVE QUERY: ecosystem="ubuntu:24.04:lts" package="libnftables1:amd64" source="nftables"
2026/10/05 19:10:54 WE GOT HERE 12 
2026/10/05 19:10:54 CVE QUERY: ecosystem="ubuntu:24.04:lts" package="libnftnl11:amd64" source="libnftnl"
2026/10/05 19:10:54 WE GOT HERE 12 
2026/10/05 19:10:54 CVE QUERY: ecosystem="ubuntu:24.04:lts" package="libnghttp2-14:amd64" source="nghttp2"
2026/10/05 19:10:54 WE GOT HERE 1-1
2026/10/05 19:10:54 CVE QUERY: ecosystem="ubuntu:24.04:lts" package="libnghttp2-14:i386" source="nghttp2"
2026/10/05 19:10:54 WE GOT HERE 1-1
2026/10/05 19:10:54 CVE QUERY: ecosystem="ubuntu:24.04:lts" package="libnice10:amd64" source="libnice"
2026/10/05 19:10:54 WE GOT HERE 12 
2026/10/05 19:10:54 CVE QUERY: ecosystem="ubuntu:24.04:lts" package="libnl-3-200:amd64" source="libnl3"
2026/10/05 19:10:54 WE GOT HERE 12 
2026/10/05 19:10:54 CVE QUERY: ecosystem="ubuntu:24.04:lts" package="libnl-genl-3-200:amd64" source="libnl3"
2026/10/05 19:10:54 WE GOT HERE 12 
2026/10/05 19:10:54 CVE QUERY: ecosystem="ubuntu:24.04:lts" package="libnl-route-3-200:amd64" source="libnl3"
2026/10/05 19:10:54 WE GOT HERE 12 
2026/10/05 19:10:54 CVE QUERY: ecosystem="ubuntu:24.04:lts" package="libnm0:amd64" source="network-manager"
2026/10/05 19:10:54 WE GOT HERE 12 
2026/10/05 19:10:54 CVE QUERY: ecosystem="ubuntu:24.04:lts" package="libnm0:i386" source="network-manager"
2026/10/05 19:10:54 WE GOT HERE 12 
2026/10/05 19:10:54 CVE QUERY: ecosystem="ubuntu:24.04:lts" package="libnma-common" source="libnma"
2026/10/05 19:10:54 WE GOT HERE 12 
2026/10/05 19:10:54 CVE QUERY: ecosystem="ubuntu:24.04:lts" package="libnma-gtk4-0:amd64" source="libnma"
2026/10/05 19:10:54 WE GOT HERE 12 
2026/10/05 19:10:54 CVE QUERY: ecosystem="ubuntu:24.04:lts" package="libnma0:amd64" source="libnma"
2026/10/05 19:10:54 WE GOT HERE 12 
2026/10/05 19:10:54 CVE QUERY: ecosystem="ubuntu:24.04:lts" package="libnorm1t64:amd64" source="norm"
2026/10/05 19:10:54 WE GOT HERE 12 
2026/10/05 19:10:54 CVE QUERY: ecosystem="ubuntu:24.04:lts" package="libnotificationmanager1" source="plasma-workspace"
2026/10/05 19:10:54 WE GOT HERE 12 
2026/10/05 19:10:54 CVE QUERY: ecosystem="ubuntu:24.04:lts" package="libnotify-bin" source="libnotify"
2026/10/05 19:10:54 WE GOT HERE 12 
2026/10/05 19:10:54 CVE QUERY: ecosystem="ubuntu:24.04:lts" package="libnotify4:amd64" source="libnotify"
2026/10/05 19:10:54 WE GOT HERE 12 
2026/10/05 19:10:54 CVE QUERY: ecosystem="ubuntu:24.04:lts" package="libnpth0t64:amd64" source="npth"
2026/10/05 19:10:54 WE GOT HERE 12 
2026/10/05 19:10:54 CVE QUERY: ecosystem="ubuntu:24.04:lts" package="libnspr4:amd64" source="nspr"
2026/10/05 19:10:54 WE GOT HERE 12 
2026/10/05 19:10:54 CVE QUERY: ecosystem="ubuntu:24.04:lts" package="libnss-mdns:amd64" source="nss-mdns"
2026/10/05 19:10:54 WE GOT HERE 12 
2026/10/05 19:10:54 CVE QUERY: ecosystem="ubuntu:24.04:lts" package="libnss-mymachines:amd64" source="systemd"
2026/10/05 19:10:54 WE GOT HERE 12 
2026/10/05 19:10:54 CVE QUERY: ecosystem="ubuntu:24.04:lts" package="libnss-systemd:amd64" source="systemd"
2026/10/05 19:10:54 WE GOT HERE 12 
2026/10/05 19:10:54 CVE QUERY: ecosystem="ubuntu:24.04:lts" package="libnss3:amd64" source="nss"
2026/10/05 19:10:54 WE GOT HERE 12 
2026/10/05 19:10:54 CVE QUERY: ecosystem="ubuntu:24.04:lts" package="libntfs-3g89t64:amd64" source="ntfs-3g"
2026/10/05 19:10:54 WE GOT HERE 12 
2026/10/05 19:10:54 CVE QUERY: ecosystem="ubuntu:24.04:lts" package="libnuma1:amd64" source="numactl"
2026/10/05 19:10:54 WE GOT HERE 12 
2026/10/05 19:10:54 CVE QUERY: ecosystem="ubuntu:24.04:lts" package="libnuma1:i386" source="numactl"
2026/10/05 19:10:54 WE GOT HERE 12 
2026/10/05 19:10:54 CVE QUERY: ecosystem="ubuntu:24.04:lts" package="libnvme1t64" source="libnvme"
2026/10/05 19:10:54 WE GOT HERE 12 
2026/10/05 19:10:54 CVE QUERY: ecosystem="ubuntu:24.04:lts" package="libobjc-13-dev:amd64" source="gcc-13"
2026/10/05 19:10:54 WE GOT HERE 12 
2026/10/05 19:10:54 CVE QUERY: ecosystem="ubuntu:24.04:lts" package="libobjc4:amd64" source="gcc-14"
2026/10/05 19:10:54 WE GOT HERE 12 
2026/10/05 19:10:54 CVE QUERY: ecosystem="ubuntu:24.04:lts" package="libodbc2:amd64" source="unixodbc"
2026/10/05 19:10:54 WE GOT HERE 1-1
2026/10/05 19:10:54 CVE QUERY: ecosystem="ubuntu:24.04:lts" package="libodbc2:i386" source="unixodbc"
2026/10/05 19:10:54 WE GOT HERE 1-1
2026/10/05 19:10:54 CVE QUERY: ecosystem="ubuntu:24.04:lts" package="libodbcinst2:amd64" source="unixodbc"
2026/10/05 19:10:54 WE GOT HERE 1-1
2026/10/05 19:10:54 CVE QUERY: ecosystem="ubuntu:24.04:lts" package="libodfgen-0.1-1:amd64" source="libodfgen"
2026/10/05 19:10:54 WE GOT HERE 12 
2026/10/05 19:10:54 CVE QUERY: ecosystem="ubuntu:24.04:lts" package="libogdi4.1:amd64" source="ogdi-dfsg"
2026/10/05 19:10:54 WE GOT HERE 12 
2026/10/05 19:10:54 CVE QUERY: ecosystem="ubuntu:24.04:lts" package="libogg0:amd64" source="libogg"
2026/10/05 19:10:54 WE GOT HERE 12 
2026/10/05 19:10:54 CVE QUERY: ecosystem="ubuntu:24.04:lts" package="libogg0:i386" source="libogg"
2026/10/05 19:10:54 WE GOT HERE 12 
2026/10/05 19:10:54 CVE QUERY: ecosystem="ubuntu:24.04:lts" package="libokular5core11" source="okular"
2026/10/05 19:10:54 WE GOT HERE 12 
2026/10/05 19:10:54 CVE QUERY: ecosystem="ubuntu:24.04:lts" package="libolm-dev:amd64" source="olm"
2026/10/05 19:10:54 WE GOT HERE 12 
2026/10/05 19:10:54 CVE QUERY: ecosystem="ubuntu:24.04:lts" package="libolm3:amd64" source="olm"
2026/10/05 19:10:54 WE GOT HERE 12 
2026/10/05 19:10:54 CVE QUERY: ecosystem="ubuntu:24.04:lts" package="libonig5:amd64" source="libonig"
2026/10/05 19:10:54 WE GOT HERE 12 
2026/10/05 19:10:54 CVE QUERY: ecosystem="ubuntu:24.04:lts" package="libopen-trace-format1:amd64" source="otf"
2026/10/05 19:10:54 WE GOT HERE 12 
2026/10/05 19:10:54 CVE QUERY: ecosystem="ubuntu:24.04:lts" package="libopen-trace-format2-10t64:amd64" source="otf2"
2026/10/05 19:10:54 WE GOT HERE 12 
2026/10/05 19:10:54 CVE QUERY: ecosystem="ubuntu:24.04:lts" package="libopenal-data" source="openal-soft"
2026/10/05 19:10:54 WE GOT HERE 12 
2026/10/05 19:10:54 CVE QUERY: ecosystem="ubuntu:24.04:lts" package="libopenal1:amd64" source="openal-soft"
2026/10/05 19:10:54 WE GOT HERE 12 
2026/10/05 19:10:54 CVE QUERY: ecosystem="ubuntu:24.04:lts" package="libopencc-data" source="opencc"
2026/10/05 19:10:54 WE GOT HERE 12 
2026/10/05 19:10:54 CVE QUERY: ecosystem="ubuntu:24.04:lts" package="libopencc1.1" source="opencc"
2026/10/05 19:10:54 WE GOT HERE 12 
2026/10/05 19:10:54 CVE QUERY: ecosystem="ubuntu:24.04:lts" package="libopencolorio2.1t64:amd64" source="opencolorio"
2026/10/05 19:10:54 WE GOT HERE 12 
2026/10/05 19:10:54 CVE QUERY: ecosystem="ubuntu:24.04:lts" package="libopenconnect5:amd64" source="openconnect"
2026/10/05 19:10:54 WE GOT HERE 12 
2026/10/05 19:10:54 CVE QUERY: ecosystem="ubuntu:24.04:lts" package="libopencore-amrnb0:amd64" source="opencore-amr"
2026/10/05 19:10:54 WE GOT HERE 12 
2026/10/05 19:10:54 CVE QUERY: ecosystem="ubuntu:24.04:lts" package="libopencore-amrwb0:amd64" source="opencore-amr"
2026/10/05 19:10:54 WE GOT HERE 12 
2026/10/05 19:10:54 CVE QUERY: ecosystem="ubuntu:24.04:lts" package="libopencv-calib3d406t64:amd64" source="opencv"
2026/10/05 19:10:54 WE GOT HERE 12 
2026/10/05 19:10:54 CVE QUERY: ecosystem="ubuntu:24.04:lts" package="libopencv-contrib406t64:amd64" source="opencv"
2026/10/05 19:10:54 WE GOT HERE 12 
2026/10/05 19:10:54 CVE QUERY: ecosystem="ubuntu:24.04:lts" package="libopencv-core406t64:amd64" source="opencv"
2026/10/05 19:10:54 WE GOT HERE 12 
2026/10/05 19:10:54 CVE QUERY: ecosystem="ubuntu:24.04:lts" package="libopencv-dnn406t64:amd64" source="opencv"
2026/10/05 19:10:54 WE GOT HERE 12 
2026/10/05 19:10:54 CVE QUERY: ecosystem="ubuntu:24.04:lts" package="libopencv-features2d406t64:amd64" source="opencv"
2026/10/05 19:10:54 WE GOT HERE 12 
2026/10/05 19:10:54 CVE QUERY: ecosystem="ubuntu:24.04:lts" package="libopencv-flann406t64:amd64" source="opencv"
2026/10/05 19:10:54 WE GOT HERE 12 
2026/10/05 19:10:54 CVE QUERY: ecosystem="ubuntu:24.04:lts" package="libopencv-highgui406t64:amd64" source="opencv"
2026/10/05 19:10:54 WE GOT HERE 12 
2026/10/05 19:10:54 CVE QUERY: ecosystem="ubuntu:24.04:lts" package="libopencv-imgcodecs406t64:amd64" source="opencv"
2026/10/05 19:10:54 WE GOT HERE 12 
2026/10/05 19:10:54 CVE QUERY: ecosystem="ubuntu:24.04:lts" package="libopencv-imgproc406t64:amd64" source="opencv"
2026/10/05 19:10:54 WE GOT HERE 12 
2026/10/05 19:10:54 CVE QUERY: ecosystem="ubuntu:24.04:lts" package="libopencv-ml406t64:amd64" source="opencv"
2026/10/05 19:10:54 WE GOT HERE 12 
2026/10/05 19:10:54 CVE QUERY: ecosystem="ubuntu:24.04:lts" package="libopencv-objdetect406t64:amd64" source="opencv"
2026/10/05 19:10:54 WE GOT HERE 12 
2026/10/05 19:10:54 CVE QUERY: ecosystem="ubuntu:24.04:lts" package="libopencv-photo406t64:amd64" source="opencv"
2026/10/05 19:10:54 WE GOT HERE 12 
2026/10/05 19:10:54 CVE QUERY: ecosystem="ubuntu:24.04:lts" package="libopencv-shape406t64:amd64" source="opencv"
2026/10/05 19:10:54 WE GOT HERE 12 
2026/10/05 19:10:54 CVE QUERY: ecosystem="ubuntu:24.04:lts" package="libopencv-stitching406t64:amd64" source="opencv"
2026/10/05 19:10:54 WE GOT HERE 12 
2026/10/05 19:10:54 CVE QUERY: ecosystem="ubuntu:24.04:lts" package="libopencv-video406t64:amd64" source="opencv"
2026/10/05 19:10:54 WE GOT HERE 12 
2026/10/05 19:10:54 CVE QUERY: ecosystem="ubuntu:24.04:lts" package="libopencv-videoio406t64:amd64" source="opencv"
2026/10/05 19:10:54 WE GOT HERE 12 
2026/10/05 19:10:54 CVE QUERY: ecosystem="ubuntu:24.04:lts" package="libopencv-viz406t64:amd64" source="opencv"
2026/10/05 19:10:54 WE GOT HERE 12 
2026/10/05 19:10:54 CVE QUERY: ecosystem="ubuntu:24.04:lts" package="libopenexr-3-1-30:amd64" source="openexr"
2026/10/05 19:10:54 WE GOT HERE 12 
2026/10/05 19:10:54 CVE QUERY: ecosystem="ubuntu:24.04:lts" package="libopengl-dev:amd64" source="libglvnd"
2026/10/05 19:10:54 WE GOT HERE 12 
2026/10/05 19:10:54 CVE QUERY: ecosystem="ubuntu:24.04:lts" package="libopengl0:amd64" source="libglvnd"
2026/10/05 19:10:54 WE GOT HERE 12 
2026/10/05 19:10:54 CVE QUERY: ecosystem="ubuntu:24.04:lts" package="libopenh264-7:amd64" source="openh264"
2026/10/05 19:10:54 WE GOT HERE 12 
2026/10/05 19:10:54 CVE QUERY: ecosystem="ubuntu:24.04:lts" package="libopenimageio2.4t64:amd64" source="openimageio"
2026/10/05 19:10:54 WE GOT HERE 12 
2026/10/05 19:10:54 CVE QUERY: ecosystem="ubuntu:24.04:lts" package="libopenjp2-7:amd64" source="openjpeg2"
2026/10/05 19:10:54 WE GOT HERE 12 
2026/10/05 19:10:54 CVE QUERY: ecosystem="ubuntu:24.04:lts" package="libopenjp2-7:i386" source="openjpeg2"
2026/10/05 19:10:54 WE GOT HERE 12 
2026/10/05 19:10:54 CVE QUERY: ecosystem="ubuntu:24.04:lts" package="libopenmpi3t64:amd64" source="openmpi"
2026/10/05 19:10:54 WE GOT HERE 12 
2026/10/05 19:10:54 CVE QUERY: ecosystem="ubuntu:24.04:lts" package="libopenmpt-modplug1:amd64" source="libopenmpt-modplug"
2026/10/05 19:10:54 WE GOT HERE 12 
2026/10/05 19:10:54 CVE QUERY: ecosystem="ubuntu:24.04:lts" package="libopenmpt0t64:amd64" source="libopenmpt"
2026/10/05 19:10:54 WE GOT HERE 12 
2026/10/05 19:10:54 CVE QUERY: ecosystem="ubuntu:24.04:lts" package="libopenni2-0:amd64" source="openni2"
2026/10/05 19:10:54 WE GOT HERE 12 
2026/10/05 19:10:54 CVE QUERY: ecosystem="ubuntu:24.04:lts" package="libopenvdb10.0t64:amd64" source="openvdb"
2026/10/05 19:10:54 WE GOT HERE 12 
2026/10/05 19:10:54 CVE QUERY: ecosystem="ubuntu:24.04:lts" package="libopus0:amd64" source="opus"
2026/10/05 19:10:54 WE GOT HERE 12 
2026/10/05 19:10:54 CVE QUERY: ecosystem="ubuntu:24.04:lts" package="libopus0:i386" source="opus"
2026/10/05 19:10:54 WE GOT HERE 12 
2026/10/05 19:10:54 CVE QUERY: ecosystem="ubuntu:24.04:lts" package="libopusfile0:amd64" source="opusfile"
2026/10/05 19:10:54 WE GOT HERE 12 
2026/10/05 19:10:54 CVE QUERY: ecosystem="ubuntu:24.04:lts" package="liborc-0.4-0t64:amd64" source="orc"
2026/10/05 19:10:54 WE GOT HERE 12 
2026/10/05 19:10:54 CVE QUERY: ecosystem="ubuntu:24.04:lts" package="liborc-0.4-0t64:i386" source="orc"
2026/10/05 19:10:54 WE GOT HERE 12 
2026/10/05 19:10:54 CVE QUERY: ecosystem="ubuntu:24.04:lts" package="liborcus-0.18-0:amd64" source="liborcus"
2026/10/05 19:10:54 WE GOT HERE 12 
2026/10/05 19:10:54 CVE QUERY: ecosystem="ubuntu:24.04:lts" package="liborcus-parser-0.18-0:amd64" source="liborcus"
2026/10/05 19:10:54 WE GOT HERE 12 
2026/10/05 19:10:54 CVE QUERY: ecosystem="ubuntu:24.04:lts" package="libosdcpu3.5.0t64:amd64" source="opensubdiv"
2026/10/05 19:10:54 WE GOT HERE 12 
2026/10/05 19:10:54 CVE QUERY: ecosystem="ubuntu:24.04:lts" package="libosdgpu3.5.0t64:amd64" source="opensubdiv"
2026/10/05 19:10:54 WE GOT HERE 12 
2026/10/05 19:10:54 CVE QUERY: ecosystem="ubuntu:24.04:lts" package="libosinfo-1.0-0:amd64" source="libosinfo"
2026/10/05 19:10:54 WE GOT HERE 12 
2026/10/05 19:10:54 CVE QUERY: ecosystem="ubuntu:24.04:lts" package="libosinfo-l10n" source="libosinfo"
2026/10/05 19:10:54 WE GOT HERE 12 
2026/10/05 19:10:54 CVE QUERY: ecosystem="ubuntu:24.04:lts" package="libosmesa6:amd64" source="mesa-compat"
2026/10/05 19:10:54 WE GOT HERE 12 
2026/10/05 19:10:54 CVE QUERY: ecosystem="ubuntu:24.04:lts" package="libosmesa6:i386" source="mesa-compat"
2026/10/05 19:10:54 WE GOT HERE 12 
2026/10/05 19:10:54 CVE QUERY: ecosystem="ubuntu:24.04:lts" package="libostree-1-1:amd64" source="ostree"
2026/10/05 19:10:54 WE GOT HERE 12 
2026/10/05 19:10:54 CVE QUERY: ecosystem="ubuntu:24.04:lts" package="liboxygenstyle5-5:amd64" source="oxygen"
2026/10/05 19:10:54 WE GOT HERE 12 
2026/10/05 19:10:54 CVE QUERY: ecosystem="ubuntu:24.04:lts" package="liboxygenstyleconfig5-5:amd64" source="oxygen"
2026/10/05 19:10:54 WE GOT HERE 12 
2026/10/05 19:10:54 CVE QUERY: ecosystem="ubuntu:24.04:lts" package="libp11-kit0:amd64" source="p11-kit"
2026/10/05 19:10:54 WE GOT HERE 12 
2026/10/05 19:10:54 CVE QUERY: ecosystem="ubuntu:24.04:lts" package="libp11-kit0:i386" source="p11-kit"
2026/10/05 19:10:54 WE GOT HERE 12 
2026/10/05 19:10:54 CVE QUERY: ecosystem="ubuntu:24.04:lts" package="libpackagekit-glib2-18:amd64" source="packagekit"
2026/10/05 19:10:54 WE GOT HERE 12 
2026/10/05 19:10:54 CVE QUERY: ecosystem="ubuntu:24.04:lts" package="libpackagekitqt5-1:amd64" source="packagekit-qt"
2026/10/05 19:10:54 WE GOT HERE 12 
2026/10/05 19:10:54 CVE QUERY: ecosystem="ubuntu:24.04:lts" package="libpagemaker-0.0-0:amd64" source="libpagemaker"
2026/10/05 19:10:54 WE GOT HERE 12 
2026/10/05 19:10:54 CVE QUERY: ecosystem="ubuntu:24.04:lts" package="libpam-cap:amd64" source="libcap2"
2026/10/05 19:10:54 WE GOT HERE 12 
2026/10/05 19:10:54 CVE QUERY: ecosystem="ubuntu:24.04:lts" package="libpam-gnome-keyring:amd64" source="gnome-keyring"
2026/10/05 19:10:54 WE GOT HERE 12 
2026/10/05 19:10:54 CVE QUERY: ecosystem="ubuntu:24.04:lts" package="libpam-kwallet-common" source="kwallet-pam"
2026/10/05 19:10:54 WE GOT HERE 12 
2026/10/05 19:10:54 CVE QUERY: ecosystem="ubuntu:24.04:lts" package="libpam-kwallet5" source="kwallet-pam"
2026/10/05 19:10:54 WE GOT HERE 12 
2026/10/05 19:10:54 CVE QUERY: ecosystem="ubuntu:24.04:lts" package="libpam-modules:amd64" source="pam"
2026/10/05 19:10:54 WE GOT HERE 1-1
2026/10/05 19:10:54 CVE QUERY: ecosystem="ubuntu:24.04:lts" package="libpam-modules-bin" source="pam"
2026/10/05 19:10:54 WE GOT HERE 1-1
2026/10/05 19:10:54 CVE QUERY: ecosystem="ubuntu:24.04:lts" package="libpam-runtime" source="pam"
2026/10/05 19:10:54 WE GOT HERE 1-1
2026/10/05 19:10:54 CVE QUERY: ecosystem="ubuntu:24.04:lts" package="libpam-systemd:amd64" source="systemd"
2026/10/05 19:10:54 WE GOT HERE 12 
2026/10/05 19:10:54 CVE QUERY: ecosystem="ubuntu:24.04:lts" package="libpam0g:amd64" source="pam"
2026/10/05 19:10:54 WE GOT HERE 1-1
2026/10/05 19:10:54 CVE QUERY: ecosystem="ubuntu:24.04:lts" package="libpango-1.0-0:amd64" source="pango1.0"
2026/10/05 19:10:54 WE GOT HERE 12 
2026/10/05 19:10:54 CVE QUERY: ecosystem="ubuntu:24.04:lts" package="libpango-1.0-0:i386" source="pango1.0"
2026/10/05 19:10:54 WE GOT HERE 12 
2026/10/05 19:10:54 CVE QUERY: ecosystem="ubuntu:24.04:lts" package="libpangocairo-1.0-0:amd64" source="pango1.0"
2026/10/05 19:10:54 WE GOT HERE 12 
2026/10/05 19:10:54 CVE QUERY: ecosystem="ubuntu:24.04:lts" package="libpangocairo-1.0-0:i386" source="pango1.0"
2026/10/05 19:10:54 WE GOT HERE 12 
2026/10/05 19:10:54 CVE QUERY: ecosystem="ubuntu:24.04:lts" package="libpangoft2-1.0-0:amd64" source="pango1.0"
2026/10/05 19:10:54 WE GOT HERE 12 
2026/10/05 19:10:54 CVE QUERY: ecosystem="ubuntu:24.04:lts" package="libpangoft2-1.0-0:i386" source="pango1.0"
2026/10/05 19:10:54 WE GOT HERE 12 
2026/10/05 19:10:54 CVE QUERY: ecosystem="ubuntu:24.04:lts" package="libpangomm-1.4-1v5:amd64" source="pangomm"
2026/10/05 19:10:54 WE GOT HERE 12 
2026/10/05 19:10:54 CVE QUERY: ecosystem="ubuntu:24.04:lts" package="libpangoxft-1.0-0:amd64" source="pango1.0"
2026/10/05 19:10:54 WE GOT HERE 12 
2026/10/05 19:10:54 CVE QUERY: ecosystem="ubuntu:24.04:lts" package="libpaper-utils" source="libpaper"
2026/10/05 19:10:54 WE GOT HERE 12 
2026/10/05 19:10:54 CVE QUERY: ecosystem="ubuntu:24.04:lts" package="libpaper1:amd64" source="libpaper"
2026/10/05 19:10:54 WE GOT HERE 12 
2026/10/05 19:10:54 CVE QUERY: ecosystem="ubuntu:24.04:lts" package="libparted-fs-resize0t64:amd64" source="parted"
2026/10/05 19:10:54 WE GOT HERE 12 
2026/10/05 19:10:54 CVE QUERY: ecosystem="ubuntu:24.04:lts" package="libparted2t64:amd64" source="parted"
2026/10/05 19:10:54 WE GOT HERE 12 
2026/10/05 19:10:54 CVE QUERY: ecosystem="ubuntu:24.04:lts" package="libpcap0.8t64:amd64" source="libpcap"
2026/10/05 19:10:54 WE GOT HERE 12 
2026/10/05 19:10:54 CVE QUERY: ecosystem="ubuntu:24.04:lts" package="libpcap0.8t64:i386" source="libpcap"
2026/10/05 19:10:54 WE GOT HERE 12 
2026/10/05 19:10:54 CVE QUERY: ecosystem="ubuntu:24.04:lts" package="libpcaudio0:amd64" source="pcaudiolib"
2026/10/05 19:10:54 WE GOT HERE 12 
2026/10/05 19:10:54 CVE QUERY: ecosystem="ubuntu:24.04:lts" package="libpci3:amd64" source="pciutils"
2026/10/05 19:10:54 WE GOT HERE 12 
2026/10/05 19:10:54 CVE QUERY: ecosystem="ubuntu:24.04:lts" package="libpciaccess0:amd64" source="libpciaccess"
2026/10/05 19:10:54 WE GOT HERE 12 
2026/10/05 19:10:54 CVE QUERY: ecosystem="ubuntu:24.04:lts" package="libpciaccess0:i386" source="libpciaccess"
2026/10/05 19:10:54 WE GOT HERE 12 
2026/10/05 19:10:54 CVE QUERY: ecosystem="ubuntu:24.04:lts" package="libpcre2-16-0:amd64" source="pcre2"
2026/10/05 19:10:54 WE GOT HERE 12 
2026/10/05 19:10:54 CVE QUERY: ecosystem="ubuntu:24.04:lts" package="libpcre2-32-0:amd64" source="pcre2"
2026/10/05 19:10:54 WE GOT HERE 12 
2026/10/05 19:10:54 CVE QUERY: ecosystem="ubuntu:24.04:lts" package="libpcre2-8-0:amd64" source="pcre2"
2026/10/05 19:10:54 WE GOT HERE 12 
2026/10/05 19:10:54 CVE QUERY: ecosystem="ubuntu:24.04:lts" package="libpcre2-8-0:i386" source="pcre2"
2026/10/05 19:10:54 WE GOT HERE 12 
2026/10/05 19:10:54 CVE QUERY: ecosystem="ubuntu:24.04:lts" package="libpcre3:amd64" source="pcre3"
2026/10/05 19:10:54 WE GOT HERE 12 
2026/10/05 19:10:54 CVE QUERY: ecosystem="ubuntu:24.04:lts" package="libpcsclite1:amd64" source="pcsc-lite"
2026/10/05 19:10:54 WE GOT HERE 12 
2026/10/05 19:10:54 CVE QUERY: ecosystem="ubuntu:24.04:lts" package="libpcsclite1:i386" source="pcsc-lite"
2026/10/05 19:10:54 WE GOT HERE 12 
2026/10/05 19:10:54 CVE QUERY: ecosystem="ubuntu:24.04:lts" package="libperl5.38t64:amd64" source="perl"
2026/10/05 19:10:54 WE GOT HERE 1-1
2026/10/05 19:10:54 CVE QUERY: ecosystem="ubuntu:24.04:lts" package="libpfm4:amd64" source=""
2026/10/05 19:10:54 WE GOT HERE 12 
2026/10/05 19:10:54 CVE QUERY: ecosystem="ubuntu:24.04:lts" package="libpgm-5.3-0t64:amd64" source="libpgm"
2026/10/05 19:10:54 WE GOT HERE 12 
2026/10/05 19:10:54 CVE QUERY: ecosystem="ubuntu:24.04:lts" package="libphodav-3.0-0:amd64" source="phodav"
2026/10/05 19:10:54 WE GOT HERE 12 
2026/10/05 19:10:54 CVE QUERY: ecosystem="ubuntu:24.04:lts" package="libphodav-3.0-common" source="phodav"
2026/10/05 19:10:54 WE GOT HERE 12 
2026/10/05 19:10:54 CVE QUERY: ecosystem="ubuntu:24.04:lts" package="libphonenumber8:amd64" source="libphonenumber"
2026/10/05 19:10:54 WE GOT HERE 12 
2026/10/05 19:10:54 CVE QUERY: ecosystem="ubuntu:24.04:lts" package="libphonon-l10n" source="phonon"
2026/10/05 19:10:54 WE GOT HERE 12 
2026/10/05 19:10:54 CVE QUERY: ecosystem="ubuntu:24.04:lts" package="libphonon4qt5-4t64:amd64" source="phonon"
2026/10/05 19:10:54 WE GOT HERE 12 
2026/10/05 19:10:54 CVE QUERY: ecosystem="ubuntu:24.04:lts" package="libphysfs1:amd64" source="libphysfs"
2026/10/05 19:10:54 WE GOT HERE 12 
2026/10/05 19:10:54 CVE QUERY: ecosystem="ubuntu:24.04:lts" package="libpipeline1:amd64" source="libpipeline"
2026/10/05 19:10:54 WE GOT HERE 12 
2026/10/05 19:10:54 CVE QUERY: ecosystem="ubuntu:24.04:lts" package="libpipewire-0.3-0t64:amd64" source="pipewire"
2026/10/05 19:10:54 WE GOT HERE 12 
2026/10/05 19:10:54 CVE QUERY: ecosystem="ubuntu:24.04:lts" package="libpipewire-0.3-common" source="pipewire"
2026/10/05 19:10:54 WE GOT HERE 12 
2026/10/05 19:10:54 CVE QUERY: ecosystem="ubuntu:24.04:lts" package="libpipewire-0.3-modules:amd64" source="pipewire"
2026/10/05 19:10:54 WE GOT HERE 12 
2026/10/05 19:10:54 CVE QUERY: ecosystem="ubuntu:24.04:lts" package="libpixman-1-0:amd64" source="pixman"
2026/10/05 19:10:54 WE GOT HERE 12 
2026/10/05 19:10:54 CVE QUERY: ecosystem="ubuntu:24.04:lts" package="libpixman-1-0:i386" source="pixman"
2026/10/05 19:10:54 WE GOT HERE 12 
2026/10/05 19:10:54 CVE QUERY: ecosystem="ubuntu:24.04:lts" package="libpkcs11-helper1t64:amd64" source="pkcs11-helper"
2026/10/05 19:10:54 WE GOT HERE 12 
2026/10/05 19:10:54 CVE QUERY: ecosystem="ubuntu:24.04:lts" package="libpkgconf3:amd64" source="pkgconf"
2026/10/05 19:10:54 WE GOT HERE 12 
2026/10/05 19:10:54 CVE QUERY: ecosystem="ubuntu:24.04:lts" package="libplacebo338:amd64" source="libplacebo"
2026/10/05 19:10:54 WE GOT HERE 12 
2026/10/05 19:10:54 CVE QUERY: ecosystem="ubuntu:24.04:lts" package="libplasma-geolocation-interface5" source="plasma-workspace"
2026/10/05 19:10:54 WE GOT HERE 12 
2026/10/05 19:10:54 CVE QUERY: ecosystem="ubuntu:24.04:lts" package="libplist-2.0-4:amd64" source="libplist"
2026/10/05 19:10:54 WE GOT HERE 12 
2026/10/05 19:10:54 CVE QUERY: ecosystem="ubuntu:24.04:lts" package="libplymouth5:amd64" source="plymouth"
2026/10/05 19:10:54 WE GOT HERE 12 
2026/10/05 19:10:54 CVE QUERY: ecosystem="ubuntu:24.04:lts" package="libpmem1:amd64" source="pmdk"
2026/10/05 19:10:54 WE GOT HERE 12 
2026/10/05 19:10:54 CVE QUERY: ecosystem="ubuntu:24.04:lts" package="libpmemobj1:amd64" source="pmdk"
2026/10/05 19:10:54 WE GOT HERE 12 
2026/10/05 19:10:54 CVE QUERY: ecosystem="ubuntu:24.04:lts" package="libpmix2t64:amd64" source="pmix"
2026/10/05 19:10:54 WE GOT HERE 12 
2026/10/05 19:10:54 CVE QUERY: ecosystem="ubuntu:24.04:lts" package="libpng16-16t64:amd64" source="libpng1.6"
2026/10/05 19:10:54 WE GOT HERE 1-1
2026/10/05 19:10:54 CVE QUERY: ecosystem="ubuntu:24.04:lts" package="libpng16-16t64:i386" source="libpng1.6"
2026/10/05 19:10:54 WE GOT HERE 1-1
2026/10/05 19:10:54 CVE QUERY: ecosystem="ubuntu:24.04:lts" package="libpocketsphinx3:amd64" source="pocketsphinx"
2026/10/05 19:10:54 WE GOT HERE 12 
2026/10/05 19:10:54 CVE QUERY: ecosystem="ubuntu:24.04:lts" package="libpolkit-agent-1-0:amd64" source="policykit-1"
2026/10/05 19:10:54 WE GOT HERE 12 
2026/10/05 19:10:54 CVE QUERY: ecosystem="ubuntu:24.04:lts" package="libpolkit-gobject-1-0:amd64" source="policykit-1"
2026/10/05 19:10:54 WE GOT HERE 12 
2026/10/05 19:10:54 CVE QUERY: ecosystem="ubuntu:24.04:lts" package="libpolkit-qt5-1-1:amd64" source="polkit-qt-1"
2026/10/05 19:10:54 WE GOT HERE 12 
2026/10/05 19:10:54 CVE QUERY: ecosystem="ubuntu:24.04:lts" package="libpoppler-cpp0t64:amd64" source="poppler"
2026/10/05 19:10:54 WE GOT HERE 12 
2026/10/05 19:10:54 CVE QUERY: ecosystem="ubuntu:24.04:lts" package="libpoppler-glib8t64:amd64" source="poppler"
2026/10/05 19:10:54 WE GOT HERE 12 
2026/10/05 19:10:54 CVE QUERY: ecosystem="ubuntu:24.04:lts" package="libpoppler-qt5-1t64:amd64" source="poppler"
2026/10/05 19:10:54 WE GOT HERE 12 
2026/10/05 19:10:54 CVE QUERY: ecosystem="ubuntu:24.04:lts" package="libpoppler134:amd64" source="poppler"
2026/10/05 19:10:54 WE GOT HERE 12 
2026/10/05 19:10:54 CVE QUERY: ecosystem="ubuntu:24.04:lts" package="libpopt0:amd64" source="popt"
2026/10/05 19:10:54 WE GOT HERE 12 
2026/10/05 19:10:54 CVE QUERY: ecosystem="ubuntu:24.04:lts" package="libportaudio2:amd64" source="portaudio19"
2026/10/05 19:10:54 WE GOT HERE 12 
2026/10/05 19:10:54 CVE QUERY: ecosystem="ubuntu:24.04:lts" package="libportmidi0:amd64" source="portmidi"
2026/10/05 19:10:54 WE GOT HERE 12 
2026/10/05 19:10:54 CVE QUERY: ecosystem="ubuntu:24.04:lts" package="libportsmf0t64:amd64" source="portsmf"
2026/10/05 19:10:54 WE GOT HERE 12 
2026/10/05 19:10:54 CVE QUERY: ecosystem="ubuntu:24.04:lts" package="libpostproc57:amd64" source="ffmpeg"
2026/10/05 19:10:54 WE GOT HERE 1-1
2026/10/05 19:10:54 CVE QUERY: ecosystem="ubuntu:24.04:lts" package="libpotrace0:amd64" source="potrace"
2026/10/05 19:10:54 WE GOT HERE 12 
2026/10/05 19:10:54 CVE QUERY: ecosystem="ubuntu:24.04:lts" package="libpowerdevilcore2:amd64" source="powerdevil"
2026/10/05 19:10:54 WE GOT HERE 12 
2026/10/05 19:10:54 CVE QUERY: ecosystem="ubuntu:24.04:lts" package="libpowerdevilui5:amd64" source="powerdevil"
2026/10/05 19:10:54 WE GOT HERE 12 
2026/10/05 19:10:54 CVE QUERY: ecosystem="ubuntu:24.04:lts" package="libppd2:amd64" source="libppd"
2026/10/05 19:10:54 WE GOT HERE 1-1
2026/10/05 19:10:54 CVE QUERY: ecosystem="ubuntu:24.04:lts" package="libppd2-common" source="libppd"
2026/10/05 19:10:54 WE GOT HERE 1-1
2026/10/05 19:10:54 CVE QUERY: ecosystem="ubuntu:24.04:lts" package="libpq5:amd64" source="postgresql-16"
2026/10/05 19:10:54 WE GOT HERE 12 
2026/10/05 19:10:54 CVE QUERY: ecosystem="ubuntu:24.04:lts" package="libproc2-0:amd64" source="procps"
2026/10/05 19:10:54 WE GOT HERE 12 
2026/10/05 19:10:54 CVE QUERY: ecosystem="ubuntu:24.04:lts" package="libprocesscore9" source="libksysguard"
2026/10/05 19:10:54 WE GOT HERE 12 
2026/10/05 19:10:54 CVE QUERY: ecosystem="ubuntu:24.04:lts" package="libprocessui9" source="libksysguard"
2026/10/05 19:10:54 WE GOT HERE 12 
2026/10/05 19:10:54 CVE QUERY: ecosystem="ubuntu:24.04:lts" package="libproj25:amd64" source="proj"
2026/10/05 19:10:54 WE GOT HERE 12 
2026/10/05 19:10:54 CVE QUERY: ecosystem="ubuntu:24.04:lts" package="libprotobuf-c1:amd64" source="protobuf-c"
2026/10/05 19:10:54 WE GOT HERE 12 
2026/10/05 19:10:54 CVE QUERY: ecosystem="ubuntu:24.04:lts" package="libprotobuf-lite32t64:amd64" source="protobuf"
2026/10/05 19:10:54 WE GOT HERE 12 
2026/10/05 19:10:54 CVE QUERY: ecosystem="ubuntu:24.04:lts" package="libprotobuf32t64:amd64" source="protobuf"
2026/10/05 19:10:54 WE GOT HERE 12 
2026/10/05 19:10:54 CVE QUERY: ecosystem="ubuntu:24.04:lts" package="libproxy-tools" source="libproxy"
2026/10/05 19:10:54 WE GOT HERE 12 
2026/10/05 19:10:54 CVE QUERY: ecosystem="ubuntu:24.04:lts" package="libproxy1v5:amd64" source="libproxy"
2026/10/05 19:10:54 WE GOT HERE 12 
2026/10/05 19:10:54 CVE QUERY: ecosystem="ubuntu:24.04:lts" package="libproxy1v5:i386" source="libproxy"
2026/10/05 19:10:54 WE GOT HERE 12 
2026/10/05 19:10:54 CVE QUERY: ecosystem="ubuntu:24.04:lts" package="libpskc0t64:amd64" source="oath-toolkit"
2026/10/05 19:10:54 WE GOT HERE 12 
2026/10/05 19:10:54 CVE QUERY: ecosystem="ubuntu:24.04:lts" package="libpsl5t64:amd64" source="libpsl"
2026/10/05 19:10:54 WE GOT HERE 12 
2026/10/05 19:10:54 CVE QUERY: ecosystem="ubuntu:24.04:lts" package="libpsl5t64:i386" source="libpsl"
2026/10/05 19:10:54 WE GOT HERE 12 
2026/10/05 19:10:54 CVE QUERY: ecosystem="ubuntu:24.04:lts" package="libpsm-infinipath1" source="infinipath-psm"
2026/10/05 19:10:54 WE GOT HERE 12 
2026/10/05 19:10:54 CVE QUERY: ecosystem="ubuntu:24.04:lts" package="libpsm2-2" source="libpsm2"
2026/10/05 19:10:54 WE GOT HERE 12 
2026/10/05 19:10:54 CVE QUERY: ecosystem="ubuntu:24.04:lts" package="libpthread-stubs0-dev:amd64" source="libpthread-stubs"
2026/10/05 19:10:54 WE GOT HERE 12 
2026/10/05 19:10:54 CVE QUERY: ecosystem="ubuntu:24.04:lts" package="libpugixml1v5:amd64" source="pugixml"
2026/10/05 19:10:54 WE GOT HERE 12 
2026/10/05 19:10:54 CVE QUERY: ecosystem="ubuntu:24.04:lts" package="libpulse-mainloop-glib0:amd64" source="pulseaudio"
2026/10/05 19:10:54 WE GOT HERE 12 
2026/10/05 19:10:54 CVE QUERY: ecosystem="ubuntu:24.04:lts" package="libpulse0:amd64" source="pulseaudio"
2026/10/05 19:10:54 WE GOT HERE 12 
2026/10/05 19:10:54 CVE QUERY: ecosystem="ubuntu:24.04:lts" package="libpulse0:i386" source="pulseaudio"
2026/10/05 19:10:54 WE GOT HERE 12 
2026/10/05 19:10:54 CVE QUERY: ecosystem="ubuntu:24.04:lts" package="libpwquality-common" source="libpwquality"
2026/10/05 19:10:54 WE GOT HERE 12 
2026/10/05 19:10:54 CVE QUERY: ecosystem="ubuntu:24.04:lts" package="libpwquality1:amd64" source="libpwquality"
2026/10/05 19:10:54 WE GOT HERE 12 
2026/10/05 19:10:54 CVE QUERY: ecosystem="ubuntu:24.04:lts" package="libpystring0:amd64" source="pystring"
2026/10/05 19:10:54 WE GOT HERE 12 
2026/10/05 19:10:54 CVE QUERY: ecosystem="ubuntu:24.04:lts" package="libpython3-dev:amd64" source="python3-defaults"
2026/10/05 19:10:54 WE GOT HERE 12 
2026/10/05 19:10:54 CVE QUERY: ecosystem="ubuntu:24.04:lts" package="libpython3-stdlib:amd64" source="python3-defaults"
2026/10/05 19:10:54 WE GOT HERE 12 
2026/10/05 19:10:54 CVE QUERY: ecosystem="ubuntu:24.04:lts" package="libpython3.12-dev:amd64" source="python3.12"
2026/10/05 19:10:54 WE GOT HERE 1-1
2026/10/05 19:10:54 CVE QUERY: ecosystem="ubuntu:24.04:lts" package="libpython3.12-minimal:amd64" source="python3.12"
2026/10/05 19:10:54 WE GOT HERE 1-1
2026/10/05 19:10:54 CVE QUERY: ecosystem="ubuntu:24.04:lts" package="libpython3.12-stdlib:amd64" source="python3.12"
2026/10/05 19:10:54 WE GOT HERE 1-1
2026/10/05 19:10:54 CVE QUERY: ecosystem="ubuntu:24.04:lts" package="libpython3.12t64:amd64" source="python3.12"
2026/10/05 19:10:54 WE GOT HERE 1-1
2026/10/05 19:10:54 CVE QUERY: ecosystem="ubuntu:24.04:lts" package="libqaccessibilityclient-qt5-0:amd64" source="libqaccessibilityclient"
2026/10/05 19:10:54 WE GOT HERE 12 
2026/10/05 19:10:54 CVE QUERY: ecosystem="ubuntu:24.04:lts" package="libqalculate-data" source="libqalculate"
2026/10/05 19:10:54 WE GOT HERE 12 
2026/10/05 19:10:54 CVE QUERY: ecosystem="ubuntu:24.04:lts" package="libqalculate22t64:amd64" source="libqalculate"
2026/10/05 19:10:54 WE GOT HERE 12 
2026/10/05 19:10:54 CVE QUERY: ecosystem="ubuntu:24.04:lts" package="libqapt3:amd64" source="libqapt"
2026/10/05 19:10:54 WE GOT HERE 12 
2026/10/05 19:10:54 CVE QUERY: ecosystem="ubuntu:24.04:lts" package="libqapt3-runtime" source="libqapt"
2026/10/05 19:10:54 WE GOT HERE 12 
2026/10/05 19:10:54 CVE QUERY: ecosystem="ubuntu:24.04:lts" package="libqca-qt5-2:amd64" source="qca2"
2026/10/05 19:10:54 WE GOT HERE 12 
2026/10/05 19:10:54 CVE QUERY: ecosystem="ubuntu:24.04:lts" package="libqca-qt5-2-plugins:amd64" source="qca2"
2026/10/05 19:10:54 WE GOT HERE 12 
2026/10/05 19:10:54 CVE QUERY: ecosystem="ubuntu:24.04:lts" package="libqhull-r8.0:amd64" source="qhull"
2026/10/05 19:10:54 WE GOT HERE 12 
2026/10/05 19:10:54 CVE QUERY: ecosystem="ubuntu:24.04:lts" package="libqmi-glib5:amd64" source="libqmi"
2026/10/05 19:10:54 WE GOT HERE 12 
2026/10/05 19:10:54 CVE QUERY: ecosystem="ubuntu:24.04:lts" package="libqmi-proxy" source="libqmi"
2026/10/05 19:10:54 WE GOT HERE 12 
2026/10/05 19:10:54 CVE QUERY: ecosystem="ubuntu:24.04:lts" package="libqmi-utils" source="libqmi"
2026/10/05 19:10:54 WE GOT HERE 12 
2026/10/05 19:10:54 CVE QUERY: ecosystem="ubuntu:24.04:lts" package="libqmobipocket2:amd64" source="kdegraphics-mobipocket"
2026/10/05 19:10:54 WE GOT HERE 12 
2026/10/05 19:10:54 CVE QUERY: ecosystem="ubuntu:24.04:lts" package="libqpdf29t64:amd64" source="qpdf"
2026/10/05 19:10:54 WE GOT HERE 12 
2026/10/05 19:10:54 CVE QUERY: ecosystem="ubuntu:24.04:lts" package="libqrcodegencpp1:amd64" source="qr-code-generator"
2026/10/05 19:10:54 WE GOT HERE 12 
2026/10/05 19:10:54 CVE QUERY: ecosystem="ubuntu:24.04:lts" package="libqrencode4:amd64" source="qrencode"
2026/10/05 19:10:54 WE GOT HERE 12 
2026/10/05 19:10:54 CVE QUERY: ecosystem="ubuntu:24.04:lts" package="libqrtr-glib0:amd64" source="libqrtr-glib"
2026/10/05 19:10:54 WE GOT HERE 12 
2026/10/05 19:10:54 CVE QUERY: ecosystem="ubuntu:24.04:lts" package="libqscintilla2-qt5-15:amd64" source="qscintilla2"
2026/10/05 19:10:54 WE GOT HERE 12 
2026/10/05 19:10:54 CVE QUERY: ecosystem="ubuntu:24.04:lts" package="libqscintilla2-qt5-l10n" source="qscintilla2"
2026/10/05 19:10:54 WE GOT HERE 12 
2026/10/05 19:10:54 CVE QUERY: ecosystem="ubuntu:24.04:lts" package="libqt5charts5:amd64" source="qtcharts-opensource-src"
2026/10/05 19:10:54 WE GOT HERE 12 
2026/10/05 19:10:54 CVE QUERY: ecosystem="ubuntu:24.04:lts" package="libqt5concurrent5t64:amd64" source="qtbase-opensource-src"
2026/10/05 19:10:54 WE GOT HERE 12 
2026/10/05 19:10:54 CVE QUERY: ecosystem="ubuntu:24.04:lts" package="libqt5core5t64:amd64" source="qtbase-opensource-src"
2026/10/05 19:10:54 WE GOT HERE 12 
2026/10/05 19:10:54 CVE QUERY: ecosystem="ubuntu:24.04:lts" package="libqt5dbus5t64:amd64" source="qtbase-opensource-src"
2026/10/05 19:10:54 WE GOT HERE 12 
2026/10/05 19:10:54 CVE QUERY: ecosystem="ubuntu:24.04:lts" package="libqt5designer5:amd64" source="qttools-opensource-src"
2026/10/05 19:10:54 WE GOT HERE 12 
2026/10/05 19:10:54 CVE QUERY: ecosystem="ubuntu:24.04:lts" package="libqt5gui5t64:amd64" source="qtbase-opensource-src"
2026/10/05 19:10:54 WE GOT HERE 12 
2026/10/05 19:10:54 CVE QUERY: ecosystem="ubuntu:24.04:lts" package="libqt5help5:amd64" source="qttools-opensource-src"
2026/10/05 19:10:54 WE GOT HERE 12 
2026/10/05 19:10:54 CVE QUERY: ecosystem="ubuntu:24.04:lts" package="libqt5hunspellinputmethod5:amd64" source="qtvirtualkeyboard-opensource-src"
2026/10/05 19:10:54 WE GOT HERE 12 
2026/10/05 19:10:54 CVE QUERY: ecosystem="ubuntu:24.04:lts" package="libqt5keychain1:amd64" source="qtkeychain"
2026/10/05 19:10:54 WE GOT HERE 12 
2026/10/05 19:10:54 CVE QUERY: ecosystem="ubuntu:24.04:lts" package="libqt5location5:amd64" source="qtlocation-opensource-src"
2026/10/05 19:10:54 WE GOT HERE 12 
2026/10/05 19:10:54 CVE QUERY: ecosystem="ubuntu:24.04:lts" package="libqt5location5-plugins:amd64" source="qtlocation-opensource-src"
2026/10/05 19:10:54 WE GOT HERE 12 
2026/10/05 19:10:54 CVE QUERY: ecosystem="ubuntu:24.04:lts" package="libqt5multimedia5:amd64" source="qtmultimedia-opensource-src"
2026/10/05 19:10:54 WE GOT HERE 12 
2026/10/05 19:10:54 CVE QUERY: ecosystem="ubuntu:24.04:lts" package="libqt5multimedia5-plugins:amd64" source="qtmultimedia-opensource-src"
2026/10/05 19:10:54 WE GOT HERE 12 
2026/10/05 19:10:54 CVE QUERY: ecosystem="ubuntu:24.04:lts" package="libqt5multimediagsttools5:amd64" source="qtmultimedia-opensource-src"
2026/10/05 19:10:54 WE GOT HERE 12 
2026/10/05 19:10:54 CVE QUERY: ecosystem="ubuntu:24.04:lts" package="libqt5multimediaquick5:amd64" source="qtmultimedia-opensource-src"
2026/10/05 19:10:54 WE GOT HERE 12 
2026/10/05 19:10:54 CVE QUERY: ecosystem="ubuntu:24.04:lts" package="libqt5multimediawidgets5:amd64" source="qtmultimedia-opensource-src"
2026/10/05 19:10:54 WE GOT HERE 12 
2026/10/05 19:10:54 CVE QUERY: ecosystem="ubuntu:24.04:lts" package="libqt5network5t64:amd64" source="qtbase-opensource-src"
2026/10/05 19:10:54 WE GOT HERE 12 
2026/10/05 19:10:54 CVE QUERY: ecosystem="ubuntu:24.04:lts" package="libqt5opengl5t64:amd64" source="qtbase-opensource-src"
2026/10/05 19:10:54 WE GOT HERE 12 
2026/10/05 19:10:54 CVE QUERY: ecosystem="ubuntu:24.04:lts" package="libqt5positioning5:amd64" source="qtlocation-opensource-src"
2026/10/05 19:10:54 WE GOT HERE 12 
2026/10/05 19:10:54 CVE QUERY: ecosystem="ubuntu:24.04:lts" package="libqt5positioning5-plugins:amd64" source="qtlocation-opensource-src"
2026/10/05 19:10:54 WE GOT HERE 12 
2026/10/05 19:10:54 CVE QUERY: ecosystem="ubuntu:24.04:lts" package="libqt5positioningquick5:amd64" source="qtlocation-opensource-src"
2026/10/05 19:10:54 WE GOT HERE 12 
2026/10/05 19:10:54 CVE QUERY: ecosystem="ubuntu:24.04:lts" package="libqt5printsupport5t64:amd64" source="qtbase-opensource-src"
2026/10/05 19:10:54 WE GOT HERE 12 
2026/10/05 19:10:54 CVE QUERY: ecosystem="ubuntu:24.04:lts" package="libqt5qml5:amd64" source="qtdeclarative-opensource-src"
2026/10/05 19:10:54 WE GOT HERE 12 
2026/10/05 19:10:54 CVE QUERY: ecosystem="ubuntu:24.04:lts" package="libqt5qmlmodels5:amd64" source="qtdeclarative-opensource-src"
2026/10/05 19:10:54 WE GOT HERE 12 
2026/10/05 19:10:54 CVE QUERY: ecosystem="ubuntu:24.04:lts" package="libqt5qmlworkerscript5:amd64" source="qtdeclarative-opensource-src"
2026/10/05 19:10:54 WE GOT HERE 12 
2026/10/05 19:10:54 CVE QUERY: ecosystem="ubuntu:24.04:lts" package="libqt5quick5:amd64" source="qtdeclarative-opensource-src"
2026/10/05 19:10:54 WE GOT HERE 12 
2026/10/05 19:10:54 CVE QUERY: ecosystem="ubuntu:24.04:lts" package="libqt5quickcontrols2-5:amd64" source="qtquickcontrols2-opensource-src"
2026/10/05 19:10:54 WE GOT HERE 12 
2026/10/05 19:10:54 CVE QUERY: ecosystem="ubuntu:24.04:lts" package="libqt5quickparticles5:amd64" source="qtdeclarative-opensource-src"
2026/10/05 19:10:54 WE GOT HERE 12 
2026/10/05 19:10:54 CVE QUERY: ecosystem="ubuntu:24.04:lts" package="libqt5quickshapes5:amd64" source="qtdeclarative-opensource-src"
2026/10/05 19:10:54 WE GOT HERE 12 
2026/10/05 19:10:54 CVE QUERY: ecosystem="ubuntu:24.04:lts" package="libqt5quicktemplates2-5:amd64" source="qtquickcontrols2-opensource-src"
2026/10/05 19:10:54 WE GOT HERE 12 
2026/10/05 19:10:54 CVE QUERY: ecosystem="ubuntu:24.04:lts" package="libqt5quickwidgets5:amd64" source="qtdeclarative-opensource-src"
2026/10/05 19:10:54 WE GOT HERE 12 
2026/10/05 19:10:54 CVE QUERY: ecosystem="ubuntu:24.04:lts" package="libqt5sensors5:amd64" source="qtsensors-opensource-src"
2026/10/05 19:10:54 WE GOT HERE 12 
2026/10/05 19:10:54 CVE QUERY: ecosystem="ubuntu:24.04:lts" package="libqt5serialport5:amd64" source="qtserialport-opensource-src"
2026/10/05 19:10:54 WE GOT HERE 12 
2026/10/05 19:10:54 CVE QUERY: ecosystem="ubuntu:24.04:lts" package="libqt5sql5-sqlite:amd64" source="qtbase-opensource-src"
2026/10/05 19:10:54 WE GOT HERE 12 
2026/10/05 19:10:54 CVE QUERY: ecosystem="ubuntu:24.04:lts" package="libqt5sql5t64:amd64" source="qtbase-opensource-src"
2026/10/05 19:10:54 WE GOT HERE 12 
2026/10/05 19:10:54 CVE QUERY: ecosystem="ubuntu:24.04:lts" package="libqt5svg5:amd64" source="qtsvg-opensource-src"
2026/10/05 19:10:54 WE GOT HERE 12 
2026/10/05 19:10:54 CVE QUERY: ecosystem="ubuntu:24.04:lts" package="libqt5test5t64:amd64" source="qtbase-opensource-src"
2026/10/05 19:10:54 WE GOT HERE 12 
2026/10/05 19:10:54 CVE QUERY: ecosystem="ubuntu:24.04:lts" package="libqt5texttospeech5:amd64" source="qtspeech-opensource-src"
2026/10/05 19:10:54 WE GOT HERE 12 
2026/10/05 19:10:54 CVE QUERY: ecosystem="ubuntu:24.04:lts" package="libqt5virtualkeyboard5:amd64" source="qtvirtualkeyboard-opensource-src"
2026/10/05 19:10:54 WE GOT HERE 12 
2026/10/05 19:10:54 CVE QUERY: ecosystem="ubuntu:24.04:lts" package="libqt5waylandclient5:amd64" source="qtwayland-opensource-src"
2026/10/05 19:10:54 WE GOT HERE 12 
2026/10/05 19:10:54 CVE QUERY: ecosystem="ubuntu:24.04:lts" package="libqt5waylandcompositor5:amd64" source="qtwayland-opensource-src"
2026/10/05 19:10:54 WE GOT HERE 12 
2026/10/05 19:10:54 CVE QUERY: ecosystem="ubuntu:24.04:lts" package="libqt5webchannel5:amd64" source="qtwebchannel-opensource-src"
2026/10/05 19:10:54 WE GOT HERE 12 
2026/10/05 19:10:54 CVE QUERY: ecosystem="ubuntu:24.04:lts" package="libqt5webengine-data" source="qtwebengine-opensource-src"
2026/10/05 19:10:54 WE GOT HERE 12 
2026/10/05 19:10:54 CVE QUERY: ecosystem="ubuntu:24.04:lts" package="libqt5webengine5:amd64" source="qtwebengine-opensource-src"
2026/10/05 19:10:54 WE GOT HERE 12 
2026/10/05 19:10:54 CVE QUERY: ecosystem="ubuntu:24.04:lts" package="libqt5webenginecore5:amd64" source="qtwebengine-opensource-src"
2026/10/05 19:10:54 WE GOT HERE 12 
2026/10/05 19:10:54 CVE QUERY: ecosystem="ubuntu:24.04:lts" package="libqt5webenginewidgets5:amd64" source="qtwebengine-opensource-src"
2026/10/05 19:10:54 WE GOT HERE 12 
2026/10/05 19:10:54 CVE QUERY: ecosystem="ubuntu:24.04:lts" package="libqt5webkit5:amd64" source="qtwebkit-opensource-src"
2026/10/05 19:10:54 WE GOT HERE 12 
2026/10/05 19:10:54 CVE QUERY: ecosystem="ubuntu:24.04:lts" package="libqt5webview5:amd64" source="qtwebview-opensource-src"
2026/10/05 19:10:54 WE GOT HERE 12 
2026/10/05 19:10:54 CVE QUERY: ecosystem="ubuntu:24.04:lts" package="libqt5widgets5t64:amd64" source="qtbase-opensource-src"
2026/10/05 19:10:54 WE GOT HERE 12 
2026/10/05 19:10:54 CVE QUERY: ecosystem="ubuntu:24.04:lts" package="libqt5x11extras5:amd64" source="qtx11extras-opensource-src"
2026/10/05 19:10:54 WE GOT HERE 12 
2026/10/05 19:10:54 CVE QUERY: ecosystem="ubuntu:24.04:lts" package="libqt5xml5t64:amd64" source="qtbase-opensource-src"
2026/10/05 19:10:54 WE GOT HERE 12 
2026/10/05 19:10:54 CVE QUERY: ecosystem="ubuntu:24.04:lts" package="libqt5xmlpatterns5:amd64" source="qtxmlpatterns-opensource-src"
2026/10/05 19:10:54 WE GOT HERE 12 
2026/10/05 19:10:54 CVE QUERY: ecosystem="ubuntu:24.04:lts" package="libqt6core6t64:amd64" source="qt6-base"
2026/10/05 19:10:54 WE GOT HERE 12 
2026/10/05 19:10:54 CVE QUERY: ecosystem="ubuntu:24.04:lts" package="libqt6dbus6t64:amd64" source="qt6-base"
2026/10/05 19:10:54 WE GOT HERE 12 
2026/10/05 19:10:54 CVE QUERY: ecosystem="ubuntu:24.04:lts" package="libqt6gui6t64:amd64" source="qt6-base"
2026/10/05 19:10:54 WE GOT HERE 12 
2026/10/05 19:10:54 CVE QUERY: ecosystem="ubuntu:24.04:lts" package="libqt6network6t64:amd64" source="qt6-base"
2026/10/05 19:10:54 WE GOT HERE 12 
2026/10/05 19:10:54 CVE QUERY: ecosystem="ubuntu:24.04:lts" package="libqt6opengl6t64:amd64" source="qt6-base"
2026/10/05 19:10:54 WE GOT HERE 12 
2026/10/05 19:10:54 CVE QUERY: ecosystem="ubuntu:24.04:lts" package="libqt6openglwidgets6t64:amd64" source="qt6-base"
2026/10/05 19:10:54 WE GOT HERE 12 
2026/10/05 19:10:54 CVE QUERY: ecosystem="ubuntu:24.04:lts" package="libqt6printsupport6t64:amd64" source="qt6-base"
2026/10/05 19:10:54 WE GOT HERE 12 
2026/10/05 19:10:54 CVE QUERY: ecosystem="ubuntu:24.04:lts" package="libqt6qml6:amd64" source="qt6-declarative"
2026/10/05 19:10:54 WE GOT HERE 12 
2026/10/05 19:10:54 CVE QUERY: ecosystem="ubuntu:24.04:lts" package="libqt6qmlmodels6:amd64" source="qt6-declarative"
2026/10/05 19:10:54 WE GOT HERE 12 
2026/10/05 19:10:54 CVE QUERY: ecosystem="ubuntu:24.04:lts" package="libqt6quick6:amd64" source="qt6-declarative"
2026/10/05 19:10:54 WE GOT HERE 12 
2026/10/05 19:10:54 CVE QUERY: ecosystem="ubuntu:24.04:lts" package="libqt6sql6-sqlite:amd64" source="qt6-base"
2026/10/05 19:10:54 WE GOT HERE 12 
2026/10/05 19:10:54 CVE QUERY: ecosystem="ubuntu:24.04:lts" package="libqt6sql6t64:amd64" source="qt6-base"
2026/10/05 19:10:54 WE GOT HERE 12 
2026/10/05 19:10:54 CVE QUERY: ecosystem="ubuntu:24.04:lts" package="libqt6svg6:amd64" source="qt6-svg"
2026/10/05 19:10:54 WE GOT HERE 12 
2026/10/05 19:10:54 CVE QUERY: ecosystem="ubuntu:24.04:lts" package="libqt6test6t64:amd64" source="qt6-base"
2026/10/05 19:10:54 WE GOT HERE 12 
2026/10/05 19:10:54 CVE QUERY: ecosystem="ubuntu:24.04:lts" package="libqt6waylandclient6:amd64" source="qt6-wayland"
2026/10/05 19:10:54 WE GOT HERE 12 
2026/10/05 19:10:54 CVE QUERY: ecosystem="ubuntu:24.04:lts" package="libqt6waylandcompositor6:amd64" source="qt6-wayland"
2026/10/05 19:10:54 WE GOT HERE 12 
2026/10/05 19:10:54 CVE QUERY: ecosystem="ubuntu:24.04:lts" package="libqt6waylandeglclienthwintegration6:amd64" source="qt6-wayland"
2026/10/05 19:10:54 WE GOT HERE 12 
2026/10/05 19:10:54 CVE QUERY: ecosystem="ubuntu:24.04:lts" package="libqt6waylandeglcompositorhwintegration6:amd64" source="qt6-wayland"
2026/10/05 19:10:54 WE GOT HERE 12 
2026/10/05 19:10:54 CVE QUERY: ecosystem="ubuntu:24.04:lts" package="libqt6widgets6t64:amd64" source="qt6-base"
2026/10/05 19:10:54 WE GOT HERE 12 
2026/10/05 19:10:54 CVE QUERY: ecosystem="ubuntu:24.04:lts" package="libqt6wlshellintegration6:amd64" source="qt6-wayland"
2026/10/05 19:10:54 WE GOT HERE 12 
2026/10/05 19:10:54 CVE QUERY: ecosystem="ubuntu:24.04:lts" package="libqt6xml6t64:amd64" source="qt6-base"
2026/10/05 19:10:54 WE GOT HERE 12 
2026/10/05 19:10:54 CVE QUERY: ecosystem="ubuntu:24.04:lts" package="libquadmath0:amd64" source="gcc-14"
2026/10/05 19:10:54 WE GOT HERE 12 
2026/10/05 19:10:54 CVE QUERY: ecosystem="ubuntu:24.04:lts" package="libquotient0.7" source="libquotient"
2026/10/05 19:10:54 WE GOT HERE 12 
2026/10/05 19:10:54 CVE QUERY: ecosystem="ubuntu:24.04:lts" package="librabbitmq4:amd64" source="librabbitmq"
2026/10/05 19:10:54 WE GOT HERE 12 
2026/10/05 19:10:54 CVE QUERY: ecosystem="ubuntu:24.04:lts" package="librados2" source="ceph"
2026/10/05 19:10:54 WE GOT HERE 12 
2026/10/05 19:10:54 CVE QUERY: ecosystem="ubuntu:24.04:lts" package="libraptor2-0:amd64" source="raptor2"
2026/10/05 19:10:54 WE GOT HERE 12 
2026/10/05 19:10:54 CVE QUERY: ecosystem="ubuntu:24.04:lts" package="libraqm0:amd64" source="raqm"
2026/10/05 19:10:54 WE GOT HERE 12 
2026/10/05 19:10:54 CVE QUERY: ecosystem="ubuntu:24.04:lts" package="librasqal3t64:amd64" source="rasqal"
2026/10/05 19:10:54 WE GOT HERE 12 
2026/10/05 19:10:54 CVE QUERY: ecosystem="ubuntu:24.04:lts" package="librav1e0:amd64" source="rust-rav1e"
2026/10/05 19:10:54 WE GOT HERE 12 
2026/10/05 19:10:54 CVE QUERY: ecosystem="ubuntu:24.04:lts" package="libraw1394-11:amd64" source="libraw1394"
2026/10/05 19:10:54 WE GOT HERE 12 
2026/10/05 19:10:54 CVE QUERY: ecosystem="ubuntu:24.04:lts" package="libraw1394-11:i386" source="libraw1394"
2026/10/05 19:10:54 WE GOT HERE 12 
2026/10/05 19:10:54 CVE QUERY: ecosystem="ubuntu:24.04:lts" package="libraw23t64:amd64" source="libraw"
2026/10/05 19:10:54 WE GOT HERE 12 
2026/10/05 19:10:54 CVE QUERY: ecosystem="ubuntu:24.04:lts" package="libraylib5-dev" source="raylib5"
2026/10/05 19:10:54 WE GOT HERE 12 
2026/10/05 19:10:54 CVE QUERY: ecosystem="ubuntu:24.04:lts" package="librbd1" source="ceph"
2026/10/05 19:10:54 WE GOT HERE 12 
2026/10/05 19:10:54 CVE QUERY: ecosystem="ubuntu:24.04:lts" package="librdf0t64:amd64" source="redland"
2026/10/05 19:10:54 WE GOT HERE 12 
2026/10/05 19:10:54 CVE QUERY: ecosystem="ubuntu:24.04:lts" package="librdmacm1t64:amd64" source="rdma-core"
2026/10/05 19:10:54 WE GOT HERE 12 
2026/10/05 19:10:54 CVE QUERY: ecosystem="ubuntu:24.04:lts" package="libre2-10:amd64" source="re2"
2026/10/05 19:10:54 WE GOT HERE 12 
2026/10/05 19:10:54 CVE QUERY: ecosystem="ubuntu:24.04:lts" package="libreadline8t64:amd64" source="readline"
2026/10/05 19:10:54 WE GOT HERE 12 
2026/10/05 19:10:54 CVE QUERY: ecosystem="ubuntu:24.04:lts" package="libreiserfscore0t64" source="reiserfsprogs"
2026/10/05 19:10:54 WE GOT HERE 12 
2026/10/05 19:10:54 CVE QUERY: ecosystem="ubuntu:24.04:lts" package="libreoffice-base-core" source="libreoffice"
2026/10/05 19:10:54 WE GOT HERE 1-1
2026/10/05 19:10:54 CVE QUERY: ecosystem="ubuntu:24.04:lts" package="libreoffice-calc" source="libreoffice"
2026/10/05 19:10:54 WE GOT HERE 1-1
2026/10/05 19:10:54 CVE QUERY: ecosystem="ubuntu:24.04:lts" package="libreoffice-common" source="libreoffice"
2026/10/05 19:10:54 WE GOT HERE 1-1
2026/10/05 19:10:54 CVE QUERY: ecosystem="ubuntu:24.04:lts" package="libreoffice-core" source="libreoffice"
2026/10/05 19:10:54 WE GOT HERE 1-1
2026/10/05 19:10:54 CVE QUERY: ecosystem="ubuntu:24.04:lts" package="libreoffice-draw" source="libreoffice"
2026/10/05 19:10:54 WE GOT HERE 1-1
2026/10/05 19:10:54 CVE QUERY: ecosystem="ubuntu:24.04:lts" package="libreoffice-impress" source="libreoffice"
2026/10/05 19:10:54 WE GOT HERE 1-1
2026/10/05 19:10:54 CVE QUERY: ecosystem="ubuntu:24.04:lts" package="libreoffice-kf5" source="libreoffice"
2026/10/05 19:10:54 WE GOT HERE 1-1
2026/10/05 19:10:54 CVE QUERY: ecosystem="ubuntu:24.04:lts" package="libreoffice-math" source="libreoffice"
2026/10/05 19:10:54 WE GOT HERE 1-1
2026/10/05 19:10:54 CVE QUERY: ecosystem="ubuntu:24.04:lts" package="libreoffice-plasma" source="libreoffice"
2026/10/05 19:10:54 WE GOT HERE 1-1
2026/10/05 19:10:54 CVE QUERY: ecosystem="ubuntu:24.04:lts" package="libreoffice-qt5" source="libreoffice"
2026/10/05 19:10:54 WE GOT HERE 1-1
2026/10/05 19:10:54 CVE QUERY: ecosystem="ubuntu:24.04:lts" package="libreoffice-style-breeze" source="libreoffice"
2026/10/05 19:10:54 WE GOT HERE 1-1
2026/10/05 19:10:54 CVE QUERY: ecosystem="ubuntu:24.04:lts" package="libreoffice-style-colibre" source="libreoffice"
2026/10/05 19:10:54 WE GOT HERE 1-1
2026/10/05 19:10:54 CVE QUERY: ecosystem="ubuntu:24.04:lts" package="libreoffice-uiconfig-calc" source="libreoffice"
2026/10/05 19:10:54 WE GOT HERE 1-1
2026/10/05 19:10:54 CVE QUERY: ecosystem="ubuntu:24.04:lts" package="libreoffice-uiconfig-common" source="libreoffice"
2026/10/05 19:10:54 WE GOT HERE 1-1
2026/10/05 19:10:54 CVE QUERY: ecosystem="ubuntu:24.04:lts" package="libreoffice-uiconfig-draw" source="libreoffice"
2026/10/05 19:10:54 WE GOT HERE 1-1
2026/10/05 19:10:54 CVE QUERY: ecosystem="ubuntu:24.04:lts" package="libreoffice-uiconfig-impress" source="libreoffice"
2026/10/05 19:10:54 WE GOT HERE 1-1
2026/10/05 19:10:54 CVE QUERY: ecosystem="ubuntu:24.04:lts" package="libreoffice-uiconfig-math" source="libreoffice"
2026/10/05 19:10:54 WE GOT HERE 1-1
2026/10/05 19:10:54 CVE QUERY: ecosystem="ubuntu:24.04:lts" package="libreoffice-uiconfig-writer" source="libreoffice"
2026/10/05 19:10:54 WE GOT HERE 1-1
2026/10/05 19:10:54 CVE QUERY: ecosystem="ubuntu:24.04:lts" package="libreoffice-writer" source="libreoffice"
2026/10/05 19:10:54 WE GOT HERE 1-1
2026/10/05 19:10:54 CVE QUERY: ecosystem="ubuntu:24.04:lts" package="libresid-builder0c2a" source="sidplay-libs"
2026/10/05 19:10:54 WE GOT HERE 12 
2026/10/05 19:10:54 CVE QUERY: ecosystem="ubuntu:24.04:lts" package="librest-1.0-0:amd64" source="librest"
2026/10/05 19:10:54 WE GOT HERE 12 
2026/10/05 19:10:54 CVE QUERY: ecosystem="ubuntu:24.04:lts" package="librevenge-0.0-0:amd64" source="librevenge"
2026/10/05 19:10:54 WE GOT HERE 12 
2026/10/05 19:10:54 CVE QUERY: ecosystem="ubuntu:24.04:lts" package="librhash0:amd64" source="rhash"
2026/10/05 19:10:54 WE GOT HERE 12 
2026/10/05 19:10:54 CVE QUERY: ecosystem="ubuntu:24.04:lts" package="librist4:amd64" source="librist"
2026/10/05 19:10:54 WE GOT HERE 12 
2026/10/05 19:10:54 CVE QUERY: ecosystem="ubuntu:24.04:lts" package="libroc0.3:amd64" source="roc-toolkit"
2026/10/05 19:10:54 WE GOT HERE 12 
2026/10/05 19:10:54 CVE QUERY: ecosystem="ubuntu:24.04:lts" package="librsvg2-2:amd64" source="librsvg"
2026/10/05 19:10:54 WE GOT HERE 12 
2026/10/05 19:10:54 CVE QUERY: ecosystem="ubuntu:24.04:lts" package="librsvg2-2:i386" source="librsvg"
2026/10/05 19:10:54 WE GOT HERE 12 
2026/10/05 19:10:54 CVE QUERY: ecosystem="ubuntu:24.04:lts" package="librsvg2-common:amd64" source="librsvg"
2026/10/05 19:10:54 WE GOT HERE 12 
2026/10/05 19:10:54 CVE QUERY: ecosystem="ubuntu:24.04:lts" package="librsvg2-common:i386" source="librsvg"
2026/10/05 19:10:54 WE GOT HERE 12 
2026/10/05 19:10:54 CVE QUERY: ecosystem="ubuntu:24.04:lts" package="librsync2t64:amd64" source="librsync"
2026/10/05 19:10:54 WE GOT HERE 12 
2026/10/05 19:10:54 CVE QUERY: ecosystem="ubuntu:24.04:lts" package="librtaudio6:amd64" source="rtaudio"
2026/10/05 19:10:54 WE GOT HERE 12 
2026/10/05 19:10:54 CVE QUERY: ecosystem="ubuntu:24.04:lts" package="librtmp1:amd64" source="rtmpdump"
2026/10/05 19:10:54 WE GOT HERE 12 
2026/10/05 19:10:54 CVE QUERY: ecosystem="ubuntu:24.04:lts" package="librtmp1:i386" source="rtmpdump"
2026/10/05 19:10:54 WE GOT HERE 12 
2026/10/05 19:10:54 CVE QUERY: ecosystem="ubuntu:24.04:lts" package="librttopo1:amd64" source="librttopo"
2026/10/05 19:10:54 WE GOT HERE 12 
2026/10/05 19:10:54 CVE QUERY: ecosystem="ubuntu:24.04:lts" package="librubberband2:amd64" source="rubberband"
2026/10/05 19:10:54 WE GOT HERE 12 
2026/10/05 19:10:54 CVE QUERY: ecosystem="ubuntu:24.04:lts" package="libruby:amd64" source="ruby-defaults"
2026/10/05 19:10:54 WE GOT HERE 12 
2026/10/05 19:10:54 CVE QUERY: ecosystem="ubuntu:24.04:lts" package="libruby3.2:amd64" source="ruby3.2"
2026/10/05 19:10:54 WE GOT HERE 12 
2026/10/05 19:10:54 CVE QUERY: ecosystem="ubuntu:24.04:lts" package="librygel-core-2.8-0:amd64" source="rygel"
2026/10/05 19:10:54 WE GOT HERE 12 
2026/10/05 19:10:54 CVE QUERY: ecosystem="ubuntu:24.04:lts" package="librygel-db-2.8-0:amd64" source="rygel"
2026/10/05 19:10:54 WE GOT HERE 12 
2026/10/05 19:10:54 CVE QUERY: ecosystem="ubuntu:24.04:lts" package="librygel-renderer-2.8-0:amd64" source="rygel"
2026/10/05 19:10:54 WE GOT HERE 12 
2026/10/05 19:10:54 CVE QUERY: ecosystem="ubuntu:24.04:lts" package="librygel-server-2.8-0:amd64" source="rygel"
2026/10/05 19:10:54 WE GOT HERE 12 
2026/10/05 19:10:54 CVE QUERY: ecosystem="ubuntu:24.04:lts" package="libsamplerate0:amd64" source="libsamplerate"
2026/10/05 19:10:54 WE GOT HERE 12 
2026/10/05 19:10:54 CVE QUERY: ecosystem="ubuntu:24.04:lts" package="libsamplerate0:i386" source="libsamplerate"
2026/10/05 19:10:54 WE GOT HERE 12 
2026/10/05 19:10:54 CVE QUERY: ecosystem="ubuntu:24.04:lts" package="libsane-common" source="sane-backends"
2026/10/05 19:10:54 WE GOT HERE 12 
2026/10/05 19:10:54 CVE QUERY: ecosystem="ubuntu:24.04:lts" package="libsane-hpaio:amd64" source="hplip"
2026/10/05 19:10:54 WE GOT HERE 12 
2026/10/05 19:10:54 CVE QUERY: ecosystem="ubuntu:24.04:lts" package="libsane1:amd64" source="sane-backends"
2026/10/05 19:10:54 WE GOT HERE 12 
2026/10/05 19:10:54 CVE QUERY: ecosystem="ubuntu:24.04:lts" package="libsasl2-2:amd64" source="cyrus-sasl2"
2026/10/05 19:10:54 WE GOT HERE 12 
2026/10/05 19:10:54 CVE QUERY: ecosystem="ubuntu:24.04:lts" package="libsasl2-2:i386" source="cyrus-sasl2"
2026/10/05 19:10:54 WE GOT HERE 12 
2026/10/05 19:10:54 CVE QUERY: ecosystem="ubuntu:24.04:lts" package="libsasl2-modules:amd64" source="cyrus-sasl2"
2026/10/05 19:10:54 WE GOT HERE 12 
2026/10/05 19:10:54 CVE QUERY: ecosystem="ubuntu:24.04:lts" package="libsasl2-modules:i386" source="cyrus-sasl2"
2026/10/05 19:10:54 WE GOT HERE 12 
2026/10/05 19:10:54 CVE QUERY: ecosystem="ubuntu:24.04:lts" package="libsasl2-modules-db:amd64" source="cyrus-sasl2"
2026/10/05 19:10:54 WE GOT HERE 12 
2026/10/05 19:10:54 CVE QUERY: ecosystem="ubuntu:24.04:lts" package="libsasl2-modules-db:i386" source="cyrus-sasl2"
2026/10/05 19:10:54 WE GOT HERE 12 
2026/10/05 19:10:54 CVE QUERY: ecosystem="ubuntu:24.04:lts" package="libsbc1:amd64" source="sbc"
2026/10/05 19:10:54 WE GOT HERE 12 
2026/10/05 19:10:54 CVE QUERY: ecosystem="ubuntu:24.04:lts" package="libsbsms10:amd64" source="libsbsms"
2026/10/05 19:10:54 WE GOT HERE 12 
2026/10/05 19:10:54 CVE QUERY: ecosystem="ubuntu:24.04:lts" package="libscim8v5:amd64" source="scim"
2026/10/05 19:10:54 WE GOT HERE 12 
2026/10/05 19:10:54 CVE QUERY: ecosystem="ubuntu:24.04:lts" package="libsctp1:amd64" source="lksctp-tools"
2026/10/05 19:10:54 WE GOT HERE 12 
2026/10/05 19:10:54 CVE QUERY: ecosystem="ubuntu:24.04:lts" package="libsdl-ttf2.0-0:amd64" source="sdl-ttf2.0"
2026/10/05 19:10:54 WE GOT HERE 12 
2026/10/05 19:10:54 CVE QUERY: ecosystem="ubuntu:24.04:lts" package="libsdl1.2debian:amd64" source="sdl12-compat"
2026/10/05 19:10:54 WE GOT HERE 12 
2026/10/05 19:10:54 CVE QUERY: ecosystem="ubuntu:24.04:lts" package="libsdl2-2.0-0:amd64" source="libsdl2"
2026/10/05 19:10:54 WE GOT HERE 12 
2026/10/05 19:10:54 CVE QUERY: ecosystem="ubuntu:24.04:lts" package="libsdl2-2.0-0:i386" source="libsdl2"
2026/10/05 19:10:54 WE GOT HERE 12 
2026/10/05 19:10:54 CVE QUERY: ecosystem="ubuntu:24.04:lts" package="libsdl2-image-2.0-0:amd64" source="libsdl2-image"
2026/10/05 19:10:54 WE GOT HERE 12 
2026/10/05 19:10:54 CVE QUERY: ecosystem="ubuntu:24.04:lts" package="libsdl2-mixer-2.0-0:amd64" source="libsdl2-mixer"
2026/10/05 19:10:54 WE GOT HERE 12 
2026/10/05 19:10:54 CVE QUERY: ecosystem="ubuntu:24.04:lts" package="libsdl2-ttf-2.0-0:amd64" source="libsdl2-ttf"
2026/10/05 19:10:54 WE GOT HERE 12 
2026/10/05 19:10:54 CVE QUERY: ecosystem="ubuntu:24.04:lts" package="libseccomp2:amd64" source="libseccomp"
2026/10/05 19:10:54 WE GOT HERE 12 
2026/10/05 19:10:54 CVE QUERY: ecosystem="ubuntu:24.04:lts" package="libsecret-1-0:amd64" source="libsecret"
2026/10/05 19:10:54 WE GOT HERE 12 
2026/10/05 19:10:54 CVE QUERY: ecosystem="ubuntu:24.04:lts" package="libsecret-common" source="libsecret"
2026/10/05 19:10:54 WE GOT HERE 12 
2026/10/05 19:10:54 CVE QUERY: ecosystem="ubuntu:24.04:lts" package="libselinux1:amd64" source="libselinux"
2026/10/05 19:10:54 WE GOT HERE 12 
2026/10/05 19:10:54 CVE QUERY: ecosystem="ubuntu:24.04:lts" package="libselinux1:i386" source="libselinux"
2026/10/05 19:10:54 WE GOT HERE 12 
2026/10/05 19:10:54 CVE QUERY: ecosystem="ubuntu:24.04:lts" package="libsemanage-common" source="libsemanage"
2026/10/05 19:10:54 WE GOT HERE 12 
2026/10/05 19:10:54 CVE QUERY: ecosystem="ubuntu:24.04:lts" package="libsemanage2:amd64" source="libsemanage"
2026/10/05 19:10:54 WE GOT HERE 12 
2026/10/05 19:10:54 CVE QUERY: ecosystem="ubuntu:24.04:lts" package="libsensors-config" source="lm-sensors"
2026/10/05 19:10:54 WE GOT HERE 12 
2026/10/05 19:10:54 CVE QUERY: ecosystem="ubuntu:24.04:lts" package="libsensors5:amd64" source="lm-sensors"
2026/10/05 19:10:54 WE GOT HERE 12 
2026/10/05 19:10:54 CVE QUERY: ecosystem="ubuntu:24.04:lts" package="libsensors5:i386" source="lm-sensors"
2026/10/05 19:10:54 WE GOT HERE 12 
2026/10/05 19:10:54 CVE QUERY: ecosystem="ubuntu:24.04:lts" package="libsepol2:amd64" source="libsepol"
2026/10/05 19:10:54 WE GOT HERE 12 
2026/10/05 19:10:54 CVE QUERY: ecosystem="ubuntu:24.04:lts" package="libserd-0-0:amd64" source="serd"
2026/10/05 19:10:54 WE GOT HERE 12 
2026/10/05 19:10:54 CVE QUERY: ecosystem="ubuntu:24.04:lts" package="libsframe1:amd64" source="binutils"
2026/10/05 19:10:54 WE GOT HERE 12 
2026/10/05 19:10:54 CVE QUERY: ecosystem="ubuntu:24.04:lts" package="libshaderc1:amd64" source="shaderc"
2026/10/05 19:10:54 WE GOT HERE 12 
2026/10/05 19:10:54 CVE QUERY: ecosystem="ubuntu:24.04:lts" package="libsharpyuv0:amd64" source="libwebp"
2026/10/05 19:10:54 WE GOT HERE 12 
2026/10/05 19:10:54 CVE QUERY: ecosystem="ubuntu:24.04:lts" package="libsharpyuv0:i386" source="libwebp"
2026/10/05 19:10:54 WE GOT HERE 12 
2026/10/05 19:10:54 CVE QUERY: ecosystem="ubuntu:24.04:lts" package="libshine3:amd64" source="shine"
2026/10/05 19:10:54 WE GOT HERE 12 
2026/10/05 19:10:54 CVE QUERY: ecosystem="ubuntu:24.04:lts" package="libshine3:i386" source="shine"
2026/10/05 19:10:54 WE GOT HERE 12 
2026/10/05 19:10:54 CVE QUERY: ecosystem="ubuntu:24.04:lts" package="libshout3:amd64" source="libshout"
2026/10/05 19:10:54 WE GOT HERE 12 
2026/10/05 19:10:54 CVE QUERY: ecosystem="ubuntu:24.04:lts" package="libshout3:i386" source="libshout"
2026/10/05 19:10:54 WE GOT HERE 12 
2026/10/05 19:10:54 CVE QUERY: ecosystem="ubuntu:24.04:lts" package="libsidplay2" source="sidplay-libs"
2026/10/05 19:10:54 WE GOT HERE 12 
2026/10/05 19:10:54 CVE QUERY: ecosystem="ubuntu:24.04:lts" package="libsigc++-2.0-0v5:amd64" source="libsigc++-2.0"
2026/10/05 19:10:54 WE GOT HERE 12 
2026/10/05 19:10:54 CVE QUERY: ecosystem="ubuntu:24.04:lts" package="libsignon-extension1:amd64" source="signond"
2026/10/05 19:10:54 WE GOT HERE 12 
2026/10/05 19:10:54 CVE QUERY: ecosystem="ubuntu:24.04:lts" package="libsignon-plugins-common1:amd64" source="signond"
2026/10/05 19:10:54 WE GOT HERE 12 
2026/10/05 19:10:54 CVE QUERY: ecosystem="ubuntu:24.04:lts" package="libsignon-qt5-1:amd64" source="signond"
2026/10/05 19:10:54 WE GOT HERE 12 
2026/10/05 19:10:54 CVE QUERY: ecosystem="ubuntu:24.04:lts" package="libsigsegv2:amd64" source="libsigsegv"
2026/10/05 19:10:54 WE GOT HERE 12 
2026/10/05 19:10:54 CVE QUERY: ecosystem="ubuntu:24.04:lts" package="libsixel1:amd64" source="libsixel"
2026/10/05 19:10:54 WE GOT HERE 12 
2026/10/05 19:10:54 CVE QUERY: ecosystem="ubuntu:24.04:lts" package="libslang2:amd64" source="slang2"
2026/10/05 19:10:54 WE GOT HERE 12 
2026/10/05 19:10:54 CVE QUERY: ecosystem="ubuntu:24.04:lts" package="libslang2:i386" source="slang2"
2026/10/05 19:10:54 WE GOT HERE 12 
2026/10/05 19:10:54 CVE QUERY: ecosystem="ubuntu:24.04:lts" package="libslirp0:amd64" source="libslirp"
2026/10/05 19:10:54 WE GOT HERE 12 
2026/10/05 19:10:54 CVE QUERY: ecosystem="ubuntu:24.04:lts" package="libsm-dev:amd64" source="libsm"
2026/10/05 19:10:54 WE GOT HERE 12 
2026/10/05 19:10:54 CVE QUERY: ecosystem="ubuntu:24.04:lts" package="libsm6:amd64" source="libsm"
2026/10/05 19:10:54 WE GOT HERE 12 
2026/10/05 19:10:54 CVE QUERY: ecosystem="ubuntu:24.04:lts" package="libsmartcols1:amd64" source="util-linux"
2026/10/05 19:10:54 WE GOT HERE 12 
2026/10/05 19:10:54 CVE QUERY: ecosystem="ubuntu:24.04:lts" package="libsmbclient0:amd64" source="samba"
2026/10/05 19:10:54 WE GOT HERE 12 
2026/10/05 19:10:54 CVE QUERY: ecosystem="ubuntu:24.04:lts" package="libsnapd-glib-2-1:amd64" source="snapd-glib"
2026/10/05 19:10:54 WE GOT HERE 12 
2026/10/05 19:10:54 CVE QUERY: ecosystem="ubuntu:24.04:lts" package="libsnapd-qt-2-1:amd64" source="snapd-glib"
2026/10/05 19:10:54 WE GOT HERE 12 
2026/10/05 19:10:54 CVE QUERY: ecosystem="ubuntu:24.04:lts" package="libsnappy1v5:amd64" source="snappy"
2026/10/05 19:10:54 WE GOT HERE 12 
2026/10/05 19:10:54 CVE QUERY: ecosystem="ubuntu:24.04:lts" package="libsnappy1v5:i386" source="snappy"
2026/10/05 19:10:54 WE GOT HERE 12 
2026/10/05 19:10:54 CVE QUERY: ecosystem="ubuntu:24.04:lts" package="libsndfile1:amd64" source="libsndfile"
2026/10/05 19:10:54 WE GOT HERE 1-1
2026/10/05 19:10:54 CVE QUERY: ecosystem="ubuntu:24.04:lts" package="libsndfile1:i386" source="libsndfile"
2026/10/05 19:10:54 WE GOT HERE 1-1
2026/10/05 19:10:54 CVE QUERY: ecosystem="ubuntu:24.04:lts" package="libsndio7.0:amd64" source="sndio"
2026/10/05 19:10:54 WE GOT HERE 12 
2026/10/05 19:10:54 CVE QUERY: ecosystem="ubuntu:24.04:lts" package="libsnmp-base" source="net-snmp"
2026/10/05 19:10:54 WE GOT HERE 12 
2026/10/05 19:10:54 CVE QUERY: ecosystem="ubuntu:24.04:lts" package="libsnmp40t64:amd64" source="net-snmp"
2026/10/05 19:10:54 WE GOT HERE 12 
2026/10/05 19:10:54 CVE QUERY: ecosystem="ubuntu:24.04:lts" package="libsocket++1:amd64" source="socket++"
2026/10/05 19:10:54 WE GOT HERE 12 
2026/10/05 19:10:54 CVE QUERY: ecosystem="ubuntu:24.04:lts" package="libsodium23:amd64" source="libsodium"
2026/10/05 19:10:54 WE GOT HERE 12 
2026/10/05 19:10:54 CVE QUERY: ecosystem="ubuntu:24.04:lts" package="libsonic0:amd64" source="sonic"
2026/10/05 19:10:54 WE GOT HERE 12 
2026/10/05 19:10:54 CVE QUERY: ecosystem="ubuntu:24.04:lts" package="libsord-0-0:amd64" source="sord"
2026/10/05 19:10:54 WE GOT HERE 12 
2026/10/05 19:10:54 CVE QUERY: ecosystem="ubuntu:24.04:lts" package="libsoundtouch1:amd64" source="soundtouch"
2026/10/05 19:10:54 WE GOT HERE 12 
2026/10/05 19:10:54 CVE QUERY: ecosystem="ubuntu:24.04:lts" package="libsoup-2.4-1:amd64" source="libsoup2.4"
2026/10/05 19:10:54 WE GOT HERE 12 
2026/10/05 19:10:54 CVE QUERY: ecosystem="ubuntu:24.04:lts" package="libsoup-3.0-0:amd64" source="libsoup3"
2026/10/05 19:10:54 WE GOT HERE 12 
2026/10/05 19:10:54 CVE QUERY: ecosystem="ubuntu:24.04:lts" package="libsoup-3.0-0:i386" source="libsoup3"
2026/10/05 19:10:54 WE GOT HERE 12 
2026/10/05 19:10:54 CVE QUERY: ecosystem="ubuntu:24.04:lts" package="libsoup-3.0-common" source="libsoup3"
2026/10/05 19:10:54 WE GOT HERE 12 
2026/10/05 19:10:54 CVE QUERY: ecosystem="ubuntu:24.04:lts" package="libsoup2.4-common" source="libsoup2.4"
2026/10/05 19:10:54 WE GOT HERE 12 
2026/10/05 19:10:54 CVE QUERY: ecosystem="ubuntu:24.04:lts" package="libsource-highlight-common" source="source-highlight"
2026/10/05 19:10:54 WE GOT HERE 12 
2026/10/05 19:10:54 CVE QUERY: ecosystem="ubuntu:24.04:lts" package="libsource-highlight4t64:amd64" source="source-highlight"
2026/10/05 19:10:54 WE GOT HERE 12 
2026/10/05 19:10:54 CVE QUERY: ecosystem="ubuntu:24.04:lts" package="libsox-fmt-alsa:amd64" source="sox"
2026/10/05 19:10:54 WE GOT HERE 12 
2026/10/05 19:10:54 CVE QUERY: ecosystem="ubuntu:24.04:lts" package="libsox-fmt-base:amd64" source="sox"
2026/10/05 19:10:54 WE GOT HERE 12 
2026/10/05 19:10:54 CVE QUERY: ecosystem="ubuntu:24.04:lts" package="libsox3:amd64" source="sox"
2026/10/05 19:10:54 WE GOT HERE 12 
2026/10/05 19:10:54 CVE QUERY: ecosystem="ubuntu:24.04:lts" package="libsoxr0:amd64" source="libsoxr"
2026/10/05 19:10:54 WE GOT HERE 12 
2026/10/05 19:10:54 CVE QUERY: ecosystem="ubuntu:24.04:lts" package="libsoxr0:i386" source="libsoxr"
2026/10/05 19:10:54 WE GOT HERE 12 
2026/10/05 19:10:54 CVE QUERY: ecosystem="ubuntu:24.04:lts" package="libspa-0.2-bluetooth:amd64" source="pipewire"
2026/10/05 19:10:54 WE GOT HERE 12 
2026/10/05 19:10:54 CVE QUERY: ecosystem="ubuntu:24.04:lts" package="libspa-0.2-modules:amd64" source="pipewire"
2026/10/05 19:10:54 WE GOT HERE 12 
2026/10/05 19:10:54 CVE QUERY: ecosystem="ubuntu:24.04:lts" package="libspandsp2t64:amd64" source="spandsp"
2026/10/05 19:10:54 WE GOT HERE 12 
2026/10/05 19:10:54 CVE QUERY: ecosystem="ubuntu:24.04:lts" package="libspatialaudio0t64:amd64" source="libspatialaudio"
2026/10/05 19:10:54 WE GOT HERE 12 
2026/10/05 19:10:54 CVE QUERY: ecosystem="ubuntu:24.04:lts" package="libspatialite8t64:amd64" source="spatialite"
2026/10/05 19:10:54 WE GOT HERE 12 
2026/10/05 19:10:54 CVE QUERY: ecosystem="ubuntu:24.04:lts" package="libspdlog1.12:amd64" source="spdlog"
2026/10/05 19:10:54 WE GOT HERE 12 
2026/10/05 19:10:54 CVE QUERY: ecosystem="ubuntu:24.04:lts" package="libspectre1:amd64" source="libspectre"
2026/10/05 19:10:54 WE GOT HERE 12 
2026/10/05 19:10:54 CVE QUERY: ecosystem="ubuntu:24.04:lts" package="libspeechd2:amd64" source="speech-dispatcher"
2026/10/05 19:10:54 WE GOT HERE 12 
2026/10/05 19:10:54 CVE QUERY: ecosystem="ubuntu:24.04:lts" package="libspeex1:amd64" source="speex"
2026/10/05 19:10:54 WE GOT HERE 12 
2026/10/05 19:10:54 CVE QUERY: ecosystem="ubuntu:24.04:lts" package="libspeex1:i386" source="speex"
2026/10/05 19:10:54 WE GOT HERE 12 
2026/10/05 19:10:54 CVE QUERY: ecosystem="ubuntu:24.04:lts" package="libspeexdsp1:amd64" source="speexdsp"
2026/10/05 19:10:54 WE GOT HERE 12 
2026/10/05 19:10:54 CVE QUERY: ecosystem="ubuntu:24.04:lts" package="libspeexdsp1:i386" source="speexdsp"
2026/10/05 19:10:54 WE GOT HERE 12 
2026/10/05 19:10:54 CVE QUERY: ecosystem="ubuntu:24.04:lts" package="libsphinxbase3t64:amd64" source="sphinxbase"
2026/10/05 19:10:54 WE GOT HERE 12 
2026/10/05 19:10:54 CVE QUERY: ecosystem="ubuntu:24.04:lts" package="libspice-client-glib-2.0-8:amd64" source="spice-gtk"
2026/10/05 19:10:54 WE GOT HERE 12 
2026/10/05 19:10:54 CVE QUERY: ecosystem="ubuntu:24.04:lts" package="libspice-client-gtk-3.0-5:amd64" source="spice-gtk"
2026/10/05 19:10:54 WE GOT HERE 12 
2026/10/05 19:10:54 CVE QUERY: ecosystem="ubuntu:24.04:lts" package="libspice-server1:amd64" source="spice"
2026/10/05 19:10:54 WE GOT HERE 12 
2026/10/05 19:10:54 CVE QUERY: ecosystem="ubuntu:24.04:lts" package="libspnav0" source="libspnav"
2026/10/05 19:10:54 WE GOT HERE 12 
2026/10/05 19:10:54 CVE QUERY: ecosystem="ubuntu:24.04:lts" package="libsqlite3-0:amd64" source="sqlite3"
2026/10/05 19:10:54 WE GOT HERE 1-1
2026/10/05 19:10:54 CVE QUERY: ecosystem="ubuntu:24.04:lts" package="libsqlite3-0:i386" source="sqlite3"
2026/10/05 19:10:54 WE GOT HERE 1-1
2026/10/05 19:10:54 CVE QUERY: ecosystem="ubuntu:24.04:lts" package="libsquashfuse0:amd64" source="squashfuse"
2026/10/05 19:10:54 WE GOT HERE 12 
2026/10/05 19:10:54 CVE QUERY: ecosystem="ubuntu:24.04:lts" package="libsratom-0-0:amd64" source="sratom"
2026/10/05 19:10:54 WE GOT HERE 12 
2026/10/05 19:10:54 CVE QUERY: ecosystem="ubuntu:24.04:lts" package="libsrt1.5-gnutls:amd64" source="srt"
2026/10/05 19:10:54 WE GOT HERE 12 
2026/10/05 19:10:54 CVE QUERY: ecosystem="ubuntu:24.04:lts" package="libsrt1.5-openssl:amd64" source="srt"
2026/10/05 19:10:54 WE GOT HERE 12 
2026/10/05 19:10:54 CVE QUERY: ecosystem="ubuntu:24.04:lts" package="libsrtp2-1:amd64" source="libsrtp2"
2026/10/05 19:10:54 WE GOT HERE 12 
2026/10/05 19:10:54 CVE QUERY: ecosystem="ubuntu:24.04:lts" package="libss2:amd64" source="e2fsprogs"
2026/10/05 19:10:54 WE GOT HERE 12 
2026/10/05 19:10:54 CVE QUERY: ecosystem="ubuntu:24.04:lts" package="libssh-4:amd64" source="libssh"
2026/10/05 19:10:54 WE GOT HERE 12 
2026/10/05 19:10:54 CVE QUERY: ecosystem="ubuntu:24.04:lts" package="libssh-4:i386" source="libssh"
2026/10/05 19:10:54 WE GOT HERE 12 
2026/10/05 19:10:54 CVE QUERY: ecosystem="ubuntu:24.04:lts" package="libssh-gcrypt-4:amd64" source="libssh"
2026/10/05 19:10:54 WE GOT HERE 12 
2026/10/05 19:10:54 CVE QUERY: ecosystem="ubuntu:24.04:lts" package="libssh2-1t64:amd64" source="libssh2"
2026/10/05 19:10:54 WE GOT HERE 1-1
2026/10/05 19:10:54 CVE QUERY: ecosystem="ubuntu:24.04:lts" package="libssl-dev:amd64" source="openssl"
2026/10/05 19:10:54 WE GOT HERE 1-1
2026/10/05 19:10:54 CVE QUERY: ecosystem="ubuntu:24.04:lts" package="libssl1.1:amd64" source="openssl"
2026/10/05 19:10:54 WE GOT HERE 1-1
2026/10/05 19:10:54 CVE QUERY: ecosystem="ubuntu:24.04:lts" package="libssl3t64:amd64" source="openssl"
2026/10/05 19:10:54 WE GOT HERE 1-1
2026/10/05 19:10:54 CVE QUERY: ecosystem="ubuntu:24.04:lts" package="libssl3t64:i386" source="openssl"
2026/10/05 19:10:54 WE GOT HERE 1-1
2026/10/05 19:10:54 CVE QUERY: ecosystem="ubuntu:24.04:lts" package="libstartup-notification0:amd64" source="startup-notification"
2026/10/05 19:10:54 WE GOT HERE 12 
2026/10/05 19:10:54 CVE QUERY: ecosystem="ubuntu:24.04:lts" package="libstdc++-13-dev:amd64" source="gcc-13"
2026/10/05 19:10:54 WE GOT HERE 12 
2026/10/05 19:10:54 CVE QUERY: ecosystem="ubuntu:24.04:lts" package="libstdc++6:amd64" source="gcc-14"
2026/10/05 19:10:54 WE GOT HERE 12 
2026/10/05 19:10:54 CVE QUERY: ecosystem="ubuntu:24.04:lts" package="libstdc++6:i386" source="gcc-14"
2026/10/05 19:10:54 WE GOT HERE 12 
2026/10/05 19:10:54 CVE QUERY: ecosystem="ubuntu:24.04:lts" package="libstemmer0d:amd64" source="snowball"
2026/10/05 19:10:54 WE GOT HERE 12 
2026/10/05 19:10:54 CVE QUERY: ecosystem="ubuntu:24.04:lts" package="libstoken1t64:amd64" source="stoken"
2026/10/05 19:10:54 WE GOT HERE 12 
2026/10/05 19:10:54 CVE QUERY: ecosystem="ubuntu:24.04:lts" package="libsuil-0-0:amd64" source="suil"
2026/10/05 19:10:54 WE GOT HERE 12 
2026/10/05 19:10:54 CVE QUERY: ecosystem="ubuntu:24.04:lts" package="libsuitesparseconfig7:amd64" source="suitesparse"
2026/10/05 19:10:54 WE GOT HERE 12 
2026/10/05 19:10:54 CVE QUERY: ecosystem="ubuntu:24.04:lts" package="libsuperlu6:amd64" source="superlu"
2026/10/05 19:10:54 WE GOT HERE 12 
2026/10/05 19:10:54 CVE QUERY: ecosystem="ubuntu:24.04:lts" package="libsvtav1enc1d1:amd64" source="svt-av1"
2026/10/05 19:10:54 WE GOT HERE 12 
2026/10/05 19:10:54 CVE QUERY: ecosystem="ubuntu:24.04:lts" package="libsvtav1enc1d1:i386" source="svt-av1"
2026/10/05 19:10:54 WE GOT HERE 12 
2026/10/05 19:10:54 CVE QUERY: ecosystem="ubuntu:24.04:lts" package="libswresample4:amd64" source="ffmpeg"
2026/10/05 19:10:54 WE GOT HERE 1-1
2026/10/05 19:10:54 CVE QUERY: ecosystem="ubuntu:24.04:lts" package="libswresample4:i386" source="ffmpeg"
2026/10/05 19:10:54 WE GOT HERE 1-1
2026/10/05 19:10:54 CVE QUERY: ecosystem="ubuntu:24.04:lts" package="libswscale7:amd64" source="ffmpeg"
2026/10/05 19:10:54 WE GOT HERE 1-1
2026/10/05 19:10:54 CVE QUERY: ecosystem="ubuntu:24.04:lts" package="libsystemd-shared:amd64" source="systemd"
2026/10/05 19:10:54 WE GOT HERE 12 
2026/10/05 19:10:54 CVE QUERY: ecosystem="ubuntu:24.04:lts" package="libsystemd0:amd64" source="systemd"
2026/10/05 19:10:54 WE GOT HERE 12 
2026/10/05 19:10:54 CVE QUERY: ecosystem="ubuntu:24.04:lts" package="libsystemd0:i386" source="systemd"
2026/10/05 19:10:54 WE GOT HERE 12 
2026/10/05 19:10:54 CVE QUERY: ecosystem="ubuntu:24.04:lts" package="libsz2:amd64" source="libaec"
2026/10/05 19:10:54 WE GOT HERE 12 
2026/10/05 19:10:54 CVE QUERY: ecosystem="ubuntu:24.04:lts" package="libtag1v5:amd64" source="taglib"
2026/10/05 19:10:54 WE GOT HERE 12 
2026/10/05 19:10:54 CVE QUERY: ecosystem="ubuntu:24.04:lts" package="libtag1v5:i386" source="taglib"
2026/10/05 19:10:54 WE GOT HERE 12 
2026/10/05 19:10:54 CVE QUERY: ecosystem="ubuntu:24.04:lts" package="libtag1v5-vanilla:amd64" source="taglib"
2026/10/05 19:10:54 WE GOT HERE 12 
2026/10/05 19:10:54 CVE QUERY: ecosystem="ubuntu:24.04:lts" package="libtag1v5-vanilla:i386" source="taglib"
2026/10/05 19:10:54 WE GOT HERE 12 
2026/10/05 19:10:54 CVE QUERY: ecosystem="ubuntu:24.04:lts" package="libtalloc2:amd64" source="talloc"
2026/10/05 19:10:54 WE GOT HERE 12 
2026/10/05 19:10:54 CVE QUERY: ecosystem="ubuntu:24.04:lts" package="libtaskmanager6" source="plasma-workspace"
2026/10/05 19:10:54 WE GOT HERE 12 
2026/10/05 19:10:54 CVE QUERY: ecosystem="ubuntu:24.04:lts" package="libtasn1-6:amd64" source=""
2026/10/05 19:10:54 WE GOT HERE 12 
2026/10/05 19:10:54 CVE QUERY: ecosystem="ubuntu:24.04:lts" package="libtasn1-6:i386" source=""
2026/10/05 19:10:54 WE GOT HERE 12 
2026/10/05 19:10:54 CVE QUERY: ecosystem="ubuntu:24.04:lts" package="libtbb12:amd64" source="onetbb"
2026/10/05 19:10:54 WE GOT HERE 12 
2026/10/05 19:10:54 CVE QUERY: ecosystem="ubuntu:24.04:lts" package="libtbbbind-2-5:amd64" source="onetbb"
2026/10/05 19:10:54 WE GOT HERE 12 
2026/10/05 19:10:54 CVE QUERY: ecosystem="ubuntu:24.04:lts" package="libtbbmalloc2:amd64" source="onetbb"
2026/10/05 19:10:54 WE GOT HERE 12 
2026/10/05 19:10:54 CVE QUERY: ecosystem="ubuntu:24.04:lts" package="libtcl8.6:amd64" source="tcl8.6"
2026/10/05 19:10:54 WE GOT HERE 12 
2026/10/05 19:10:54 CVE QUERY: ecosystem="ubuntu:24.04:lts" package="libtdb1:amd64" source="tdb"
2026/10/05 19:10:54 WE GOT HERE 12 
2026/10/05 19:10:54 CVE QUERY: ecosystem="ubuntu:24.04:lts" package="libteamdctl0:amd64" source="libteam"
2026/10/05 19:10:54 WE GOT HERE 12 
2026/10/05 19:10:54 CVE QUERY: ecosystem="ubuntu:24.04:lts" package="libtesseract5:amd64" source="tesseract"
2026/10/05 19:10:54 WE GOT HERE 12 
2026/10/05 19:10:54 CVE QUERY: ecosystem="ubuntu:24.04:lts" package="libtevent0t64:amd64" source="tevent"
2026/10/05 19:10:54 WE GOT HERE 12 
2026/10/05 19:10:54 CVE QUERY: ecosystem="ubuntu:24.04:lts" package="libtext-charwidth-perl:amd64" source=""
2026/10/05 19:10:54 WE GOT HERE 12 
2026/10/05 19:10:54 CVE QUERY: ecosystem="ubuntu:24.04:lts" package="libtext-iconv-perl:amd64" source=""
2026/10/05 19:10:54 WE GOT HERE 12 
2026/10/05 19:10:54 CVE QUERY: ecosystem="ubuntu:24.04:lts" package="libtext-wrapi18n-perl" source=""
2026/10/05 19:10:54 WE GOT HERE 12 
2026/10/05 19:10:54 CVE QUERY: ecosystem="ubuntu:24.04:lts" package="libthai-data" source="libthai"
2026/10/05 19:10:54 WE GOT HERE 12 
2026/10/05 19:10:54 CVE QUERY: ecosystem="ubuntu:24.04:lts" package="libthai0:amd64" source="libthai"
2026/10/05 19:10:54 WE GOT HERE 12 
2026/10/05 19:10:54 CVE QUERY: ecosystem="ubuntu:24.04:lts" package="libthai0:i386" source="libthai"
2026/10/05 19:10:54 WE GOT HERE 12 
2026/10/05 19:10:54 CVE QUERY: ecosystem="ubuntu:24.04:lts" package="libtheora0:amd64" source="libtheora"
2026/10/05 19:10:54 WE GOT HERE 12 
2026/10/05 19:10:54 CVE QUERY: ecosystem="ubuntu:24.04:lts" package="libtheora0:i386" source="libtheora"
2026/10/05 19:10:54 WE GOT HERE 12 
2026/10/05 19:10:54 CVE QUERY: ecosystem="ubuntu:24.04:lts" package="libtie-ixhash-perl" source=""
2026/10/05 19:10:54 WE GOT HERE 12 
2026/10/05 19:10:54 CVE QUERY: ecosystem="ubuntu:24.04:lts" package="libtiff6:amd64" source="tiff"
2026/10/05 19:10:54 WE GOT HERE 12 
2026/10/05 19:10:54 CVE QUERY: ecosystem="ubuntu:24.04:lts" package="libtiff6:i386" source="tiff"
2026/10/05 19:10:54 WE GOT HERE 12 
2026/10/05 19:10:54 CVE QUERY: ecosystem="ubuntu:24.04:lts" package="libtimedate-perl" source=""
2026/10/05 19:10:54 WE GOT HERE 12 
2026/10/05 19:10:54 CVE QUERY: ecosystem="ubuntu:24.04:lts" package="libtinfo6:amd64" source="ncurses"
2026/10/05 19:10:54 WE GOT HERE 12 
2026/10/05 19:10:54 CVE QUERY: ecosystem="ubuntu:24.04:lts" package="libtinfo6:i386" source="ncurses"
2026/10/05 19:10:54 WE GOT HERE 12 
2026/10/05 19:10:54 CVE QUERY: ecosystem="ubuntu:24.04:lts" package="libtinyxml2.6.2v5:amd64" source="tinyxml"
2026/10/05 19:10:54 WE GOT HERE 12 
2026/10/05 19:10:54 CVE QUERY: ecosystem="ubuntu:24.04:lts" package="libtirpc-common" source="libtirpc"
2026/10/05 19:10:54 WE GOT HERE 12 
2026/10/05 19:10:54 CVE QUERY: ecosystem="ubuntu:24.04:lts" package="libtirpc3t64:amd64" source="libtirpc"
2026/10/05 19:10:54 WE GOT HERE 12 
2026/10/05 19:10:54 CVE QUERY: ecosystem="ubuntu:24.04:lts" package="libtk8.6:amd64" source="tk8.6"
2026/10/05 19:10:54 WE GOT HERE 12 
2026/10/05 19:10:54 CVE QUERY: ecosystem="ubuntu:24.04:lts" package="libtomcrypt1:amd64" source="libtomcrypt"
2026/10/05 19:10:54 WE GOT HERE 12 
2026/10/05 19:10:54 CVE QUERY: ecosystem="ubuntu:24.04:lts" package="libtommath1:amd64" source="libtommath"
2026/10/05 19:10:54 WE GOT HERE 12 
2026/10/05 19:10:54 CVE QUERY: ecosystem="ubuntu:24.04:lts" package="libtorrent-rasterbar2.0t64:amd64" source="libtorrent-rasterbar"
2026/10/05 19:10:54 WE GOT HERE 12 
2026/10/05 19:10:54 CVE QUERY: ecosystem="ubuntu:24.04:lts" package="libtpms0:amd64" source="libtpms"
2026/10/05 19:10:54 WE GOT HERE 12 
2026/10/05 19:10:54 CVE QUERY: ecosystem="ubuntu:24.04:lts" package="libtraceevent1:amd64" source="libtraceevent"
2026/10/05 19:10:54 WE GOT HERE 12 
2026/10/05 19:10:54 CVE QUERY: ecosystem="ubuntu:24.04:lts" package="libtraceevent1-plugin:amd64" source="libtraceevent"
2026/10/05 19:10:54 WE GOT HERE 12 
2026/10/05 19:10:54 CVE QUERY: ecosystem="ubuntu:24.04:lts" package="libtracefs1:amd64" source="libtracefs"
2026/10/05 19:10:54 WE GOT HERE 12 
2026/10/05 19:10:54 CVE QUERY: ecosystem="ubuntu:24.04:lts" package="libtry-tiny-perl" source=""
2026/10/05 19:10:54 WE GOT HERE 12 
2026/10/05 19:10:54 CVE QUERY: ecosystem="ubuntu:24.04:lts" package="libts0t64:amd64" source="tslib"
2026/10/05 19:10:54 WE GOT HERE 12 
2026/10/05 19:10:54 CVE QUERY: ecosystem="ubuntu:24.04:lts" package="libtsan2:amd64" source="gcc-14"
2026/10/05 19:10:54 WE GOT HERE 12 
2026/10/05 19:10:54 CVE QUERY: ecosystem="ubuntu:24.04:lts" package="libtsk19t64:amd64" source="sleuthkit"
2026/10/05 19:10:54 WE GOT HERE 12 
2026/10/05 19:10:54 CVE QUERY: ecosystem="ubuntu:24.04:lts" package="libtss2-esys-3.0.2-0t64:amd64" source="tpm2-tss"
2026/10/05 19:10:54 WE GOT HERE 12 
2026/10/05 19:10:54 CVE QUERY: ecosystem="ubuntu:24.04:lts" package="libtss2-mu-4.0.1-0t64:amd64" source="tpm2-tss"
2026/10/05 19:10:54 WE GOT HERE 12 
2026/10/05 19:10:54 CVE QUERY: ecosystem="ubuntu:24.04:lts" package="libtss2-rc0t64:amd64" source="tpm2-tss"
2026/10/05 19:10:54 WE GOT HERE 12 
2026/10/05 19:10:54 CVE QUERY: ecosystem="ubuntu:24.04:lts" package="libtss2-sys1t64:amd64" source="tpm2-tss"
2026/10/05 19:10:54 WE GOT HERE 12 
2026/10/05 19:10:54 CVE QUERY: ecosystem="ubuntu:24.04:lts" package="libtss2-tcti-cmd0t64:amd64" source="tpm2-tss"
2026/10/05 19:10:54 WE GOT HERE 12 
2026/10/05 19:10:54 CVE QUERY: ecosystem="ubuntu:24.04:lts" package="libtss2-tcti-device0t64:amd64" source="tpm2-tss"
2026/10/05 19:10:54 WE GOT HERE 12 
2026/10/05 19:10:54 CVE QUERY: ecosystem="ubuntu:24.04:lts" package="libtss2-tcti-libtpms0t64:amd64" source="tpm2-tss"
2026/10/05 19:10:54 WE GOT HERE 12 
2026/10/05 19:10:54 CVE QUERY: ecosystem="ubuntu:24.04:lts" package="libtss2-tcti-mssim0t64:amd64" source="tpm2-tss"
2026/10/05 19:10:54 WE GOT HERE 12 
2026/10/05 19:10:54 CVE QUERY: ecosystem="ubuntu:24.04:lts" package="libtss2-tcti-spi-helper0t64:amd64" source="tpm2-tss"
2026/10/05 19:10:54 WE GOT HERE 12 
2026/10/05 19:10:54 CVE QUERY: ecosystem="ubuntu:24.04:lts" package="libtss2-tcti-swtpm0t64:amd64" source="tpm2-tss"
2026/10/05 19:10:54 WE GOT HERE 12 
2026/10/05 19:10:54 CVE QUERY: ecosystem="ubuntu:24.04:lts" package="libtss2-tctildr0t64:amd64" source="tpm2-tss"
2026/10/05 19:10:54 WE GOT HERE 12 
2026/10/05 19:10:54 CVE QUERY: ecosystem="ubuntu:24.04:lts" package="libtwolame0:amd64" source="twolame"
2026/10/05 19:10:54 WE GOT HERE 12 
2026/10/05 19:10:54 CVE QUERY: ecosystem="ubuntu:24.04:lts" package="libtwolame0:i386" source="twolame"
2026/10/05 19:10:54 WE GOT HERE 12 
2026/10/05 19:10:54 CVE QUERY: ecosystem="ubuntu:24.04:lts" package="libu2f-udev" source="libu2f-host"
2026/10/05 19:10:54 WE GOT HERE 12 
2026/10/05 19:10:54 CVE QUERY: ecosystem="ubuntu:24.04:lts" package="libubsan1:amd64" source="gcc-14"
2026/10/05 19:10:54 WE GOT HERE 12 
2026/10/05 19:10:54 CVE QUERY: ecosystem="ubuntu:24.04:lts" package="libuchardet0:amd64" source="uchardet"
2026/10/05 19:10:54 WE GOT HERE 12 
2026/10/05 19:10:54 CVE QUERY: ecosystem="ubuntu:24.04:lts" package="libucx0:amd64" source="ucx"
2026/10/05 19:10:54 WE GOT HERE 12 
2026/10/05 19:10:54 CVE QUERY: ecosystem="ubuntu:24.04:lts" package="libudev1:amd64" source="systemd"
2026/10/05 19:10:54 WE GOT HERE 12 
2026/10/05 19:10:54 CVE QUERY: ecosystem="ubuntu:24.04:lts" package="libudev1:i386" source="systemd"
2026/10/05 19:10:54 WE GOT HERE 12 
2026/10/05 19:10:54 CVE QUERY: ecosystem="ubuntu:24.04:lts" package="libudfread0:amd64" source="libudfread"
2026/10/05 19:10:54 WE GOT HERE 12 
2026/10/05 19:10:54 CVE QUERY: ecosystem="ubuntu:24.04:lts" package="libudisks2-0:amd64" source="udisks2"
2026/10/05 19:10:54 WE GOT HERE 1-1
2026/10/05 19:10:54 CVE QUERY: ecosystem="ubuntu:24.04:lts" package="libunbound8:amd64" source="unbound"
2026/10/05 19:10:54 WE GOT HERE 12 
2026/10/05 19:10:54 CVE QUERY: ecosystem="ubuntu:24.04:lts" package="libunibreak5:amd64" source="libunibreak"
2026/10/05 19:10:54 WE GOT HERE 12 
2026/10/05 19:10:54 CVE QUERY: ecosystem="ubuntu:24.04:lts" package="libuniconf4.6t64" source="wvstreams"
2026/10/05 19:10:54 WE GOT HERE 12 
2026/10/05 19:10:54 CVE QUERY: ecosystem="ubuntu:24.04:lts" package="libunistring5:amd64" source="libunistring"
2026/10/05 19:10:54 WE GOT HERE 12 
2026/10/05 19:10:54 CVE QUERY: ecosystem="ubuntu:24.04:lts" package="libunistring5:i386" source="libunistring"
2026/10/05 19:10:54 WE GOT HERE 12 
2026/10/05 19:10:54 CVE QUERY: ecosystem="ubuntu:24.04:lts" package="libuno-cppu3t64" source="libreoffice"
2026/10/05 19:10:54 WE GOT HERE 1-1
2026/10/05 19:10:54 CVE QUERY: ecosystem="ubuntu:24.04:lts" package="libuno-cppuhelpergcc3-3t64" source="libreoffice"
2026/10/05 19:10:54 WE GOT HERE 1-1
2026/10/05 19:10:54 CVE QUERY: ecosystem="ubuntu:24.04:lts" package="libuno-purpenvhelpergcc3-3t64" source="libreoffice"
2026/10/05 19:10:54 WE GOT HERE 1-1
2026/10/05 19:10:54 CVE QUERY: ecosystem="ubuntu:24.04:lts" package="libuno-sal3t64" source="libreoffice"
2026/10/05 19:10:54 WE GOT HERE 1-1
2026/10/05 19:10:54 CVE QUERY: ecosystem="ubuntu:24.04:lts" package="libuno-salhelpergcc3-3t64" source="libreoffice"
2026/10/05 19:10:54 WE GOT HERE 1-1
2026/10/05 19:10:54 CVE QUERY: ecosystem="ubuntu:24.04:lts" package="libunwind8:amd64" source="libunwind"
2026/10/05 19:10:54 WE GOT HERE 12 
2026/10/05 19:10:54 CVE QUERY: ecosystem="ubuntu:24.04:lts" package="libunwind8:i386" source="libunwind"
2026/10/05 19:10:54 WE GOT HERE 12 
2026/10/05 19:10:54 CVE QUERY: ecosystem="ubuntu:24.04:lts" package="libupnp17t64:amd64" source="pupnp"
2026/10/05 19:10:54 WE GOT HERE 12 
2026/10/05 19:10:54 CVE QUERY: ecosystem="ubuntu:24.04:lts" package="libupower-glib3:amd64" source="upower"
2026/10/05 19:10:54 WE GOT HERE 12 
2026/10/05 19:10:54 CVE QUERY: ecosystem="ubuntu:24.04:lts" package="liburcu8t64:amd64" source="liburcu"
2026/10/05 19:10:54 WE GOT HERE 12 
2026/10/05 19:10:54 CVE QUERY: ecosystem="ubuntu:24.04:lts" package="liburi-perl" source=""
2026/10/05 19:10:54 WE GOT HERE 12 
2026/10/05 19:10:54 CVE QUERY: ecosystem="ubuntu:24.04:lts" package="liburing2:amd64" source="liburing"
2026/10/05 19:10:54 WE GOT HERE 12 
2026/10/05 19:10:54 CVE QUERY: ecosystem="ubuntu:24.04:lts" package="liburiparser1:amd64" source="uriparser"
2026/10/05 19:10:54 WE GOT HERE 12 
2026/10/05 19:10:54 CVE QUERY: ecosystem="ubuntu:24.04:lts" package="libusb-1.0-0:amd64" source="libusb-1.0"
2026/10/05 19:10:54 WE GOT HERE 12 
2026/10/05 19:10:54 CVE QUERY: ecosystem="ubuntu:24.04:lts" package="libusb-1.0-0:i386" source="libusb-1.0"
2026/10/05 19:10:54 WE GOT HERE 12 
2026/10/05 19:10:54 CVE QUERY: ecosystem="ubuntu:24.04:lts" package="libusbmuxd6:amd64" source="libusbmuxd"
2026/10/05 19:10:54 WE GOT HERE 12 
2026/10/05 19:10:54 CVE QUERY: ecosystem="ubuntu:24.04:lts" package="libusbredirhost1t64:amd64" source="usbredir"
2026/10/05 19:10:54 WE GOT HERE 12 
2026/10/05 19:10:54 CVE QUERY: ecosystem="ubuntu:24.04:lts" package="libusbredirparser1t64:amd64" source="usbredir"
2026/10/05 19:10:54 WE GOT HERE 12 
2026/10/05 19:10:54 CVE QUERY: ecosystem="ubuntu:24.04:lts" package="libutempter0:amd64" source="libutempter"
2026/10/05 19:10:54 WE GOT HERE 12 
2026/10/05 19:10:54 CVE QUERY: ecosystem="ubuntu:24.04:lts" package="libuuid1:amd64" source="util-linux"
2026/10/05 19:10:54 WE GOT HERE 12 
2026/10/05 19:10:54 CVE QUERY: ecosystem="ubuntu:24.04:lts" package="libuv1t64:amd64" source="libuv1"
2026/10/05 19:10:54 WE GOT HERE 12 
2026/10/05 19:10:54 CVE QUERY: ecosystem="ubuntu:24.04:lts" package="libv4l-0t64:amd64" source="v4l-utils"
2026/10/05 19:10:54 WE GOT HERE 12 
2026/10/05 19:10:54 CVE QUERY: ecosystem="ubuntu:24.04:lts" package="libv4l-0t64:i386" source="v4l-utils"
2026/10/05 19:10:54 WE GOT HERE 12 
2026/10/05 19:10:54 CVE QUERY: ecosystem="ubuntu:24.04:lts" package="libv4lconvert0t64:amd64" source="v4l-utils"
2026/10/05 19:10:54 WE GOT HERE 12 
2026/10/05 19:10:54 CVE QUERY: ecosystem="ubuntu:24.04:lts" package="libv4lconvert0t64:i386" source="v4l-utils"
2026/10/05 19:10:54 WE GOT HERE 12 
2026/10/05 19:10:54 CVE QUERY: ecosystem="ubuntu:24.04:lts" package="libva-drm2:amd64" source="libva"
2026/10/05 19:10:54 WE GOT HERE 12 
2026/10/05 19:10:54 CVE QUERY: ecosystem="ubuntu:24.04:lts" package="libva-drm2:i386" source="libva"
2026/10/05 19:10:54 WE GOT HERE 12 
2026/10/05 19:10:54 CVE QUERY: ecosystem="ubuntu:24.04:lts" package="libva-glx2:amd64" source="libva"
2026/10/05 19:10:54 WE GOT HERE 12 
2026/10/05 19:10:54 CVE QUERY: ecosystem="ubuntu:24.04:lts" package="libva-glx2:i386" source="libva"
2026/10/05 19:10:54 WE GOT HERE 12 
2026/10/05 19:10:54 CVE QUERY: ecosystem="ubuntu:24.04:lts" package="libva-wayland2:amd64" source="libva"
2026/10/05 19:10:54 WE GOT HERE 12 
2026/10/05 19:10:54 CVE QUERY: ecosystem="ubuntu:24.04:lts" package="libva-x11-2:amd64" source="libva"
2026/10/05 19:10:54 WE GOT HERE 12 
2026/10/05 19:10:54 CVE QUERY: ecosystem="ubuntu:24.04:lts" package="libva-x11-2:i386" source="libva"
2026/10/05 19:10:54 WE GOT HERE 12 
2026/10/05 19:10:54 CVE QUERY: ecosystem="ubuntu:24.04:lts" package="libva2:amd64" source="libva"
2026/10/05 19:10:54 WE GOT HERE 12 
2026/10/05 19:10:54 CVE QUERY: ecosystem="ubuntu:24.04:lts" package="libva2:i386" source="libva"
2026/10/05 19:10:54 WE GOT HERE 12 
2026/10/05 19:10:54 CVE QUERY: ecosystem="ubuntu:24.04:lts" package="libvamp-hostsdk3v5:amd64" source="vamp-plugin-sdk"
2026/10/05 19:10:54 WE GOT HERE 12 
2026/10/05 19:10:54 CVE QUERY: ecosystem="ubuntu:24.04:lts" package="libvdpau1:amd64" source="libvdpau"
2026/10/05 19:10:54 WE GOT HERE 12 
2026/10/05 19:10:54 CVE QUERY: ecosystem="ubuntu:24.04:lts" package="libvdpau1:i386" source="libvdpau"
2026/10/05 19:10:54 WE GOT HERE 12 
2026/10/05 19:10:54 CVE QUERY: ecosystem="ubuntu:24.04:lts" package="libvhdi1:amd64" source="libvhdi"
2026/10/05 19:10:54 WE GOT HERE 12 
2026/10/05 19:10:54 CVE QUERY: ecosystem="ubuntu:24.04:lts" package="libvidstab1.1:amd64" source="libvidstab"
2026/10/05 19:10:54 WE GOT HERE 12 
2026/10/05 19:10:54 CVE QUERY: ecosystem="ubuntu:24.04:lts" package="libvirglrenderer1:amd64" source="virglrenderer"
2026/10/05 19:10:54 WE GOT HERE 12 
2026/10/05 19:10:54 CVE QUERY: ecosystem="ubuntu:24.04:lts" package="libvirt-clients" source="libvirt"
2026/10/05 19:10:54 WE GOT HERE 1-1
2026/10/05 19:10:54 CVE QUERY: ecosystem="ubuntu:24.04:lts" package="libvirt-daemon" source="libvirt"
2026/10/05 19:10:54 WE GOT HERE 1-1
2026/10/05 19:10:54 CVE QUERY: ecosystem="ubuntu:24.04:lts" package="libvirt-daemon-config-network" source="libvirt"
2026/10/05 19:10:54 WE GOT HERE 1-1
2026/10/05 19:10:54 CVE QUERY: ecosystem="ubuntu:24.04:lts" package="libvirt-daemon-config-nwfilter" source="libvirt"
2026/10/05 19:10:54 WE GOT HERE 1-1
2026/10/05 19:10:54 CVE QUERY: ecosystem="ubuntu:24.04:lts" package="libvirt-daemon-driver-qemu" source="libvirt"
2026/10/05 19:10:54 WE GOT HERE 1-1
2026/10/05 19:10:54 CVE QUERY: ecosystem="ubuntu:24.04:lts" package="libvirt-daemon-system" source="libvirt"
2026/10/05 19:10:54 WE GOT HERE 1-1
2026/10/05 19:10:54 CVE QUERY: ecosystem="ubuntu:24.04:lts" package="libvirt-daemon-system-systemd" source="libvirt"
2026/10/05 19:10:54 WE GOT HERE 1-1
2026/10/05 19:10:54 CVE QUERY: ecosystem="ubuntu:24.04:lts" package="libvirt-glib-1.0-0:amd64" source="libvirt-glib"
2026/10/05 19:10:54 WE GOT HERE 12 
2026/10/05 19:10:54 CVE QUERY: ecosystem="ubuntu:24.04:lts" package="libvirt-glib-1.0-data" source="libvirt-glib"
2026/10/05 19:10:54 WE GOT HERE 12 
2026/10/05 19:10:54 CVE QUERY: ecosystem="ubuntu:24.04:lts" package="libvirt-l10n" source="libvirt"
2026/10/05 19:10:54 WE GOT HERE 1-1
2026/10/05 19:10:54 CVE QUERY: ecosystem="ubuntu:24.04:lts" package="libvirt0:amd64" source="libvirt"
2026/10/05 19:10:54 WE GOT HERE 1-1
2026/10/05 19:10:54 CVE QUERY: ecosystem="ubuntu:24.04:lts" package="libvisio-0.1-1:amd64" source="libvisio"
2026/10/05 19:10:54 WE GOT HERE 12 
2026/10/05 19:10:54 CVE QUERY: ecosystem="ubuntu:24.04:lts" package="libvisual-0.4-0:amd64" source="libvisual"
2026/10/05 19:10:54 WE GOT HERE 12 
2026/10/05 19:10:54 CVE QUERY: ecosystem="ubuntu:24.04:lts" package="libvisual-0.4-0:i386" source="libvisual"
2026/10/05 19:10:54 WE GOT HERE 12 
2026/10/05 19:10:54 CVE QUERY: ecosystem="ubuntu:24.04:lts" package="libvlc-bin:amd64" source="vlc"
2026/10/05 19:10:54 WE GOT HERE 12 
2026/10/05 19:10:54 CVE QUERY: ecosystem="ubuntu:24.04:lts" package="libvlc5:amd64" source="vlc"
2026/10/05 19:10:54 WE GOT HERE 12 
2026/10/05 19:10:54 CVE QUERY: ecosystem="ubuntu:24.04:lts" package="libvlccore9:amd64" source="vlc"
2026/10/05 19:10:54 WE GOT HERE 12 
2026/10/05 19:10:54 CVE QUERY: ecosystem="ubuntu:24.04:lts" package="libvmdk1:amd64" source="libvmdk"
2026/10/05 19:10:54 WE GOT HERE 12 
2026/10/05 19:10:54 CVE QUERY: ecosystem="ubuntu:24.04:lts" package="libvncclient1:amd64" source="libvncserver"
2026/10/05 19:10:54 WE GOT HERE 12 
2026/10/05 19:10:54 CVE QUERY: ecosystem="ubuntu:24.04:lts" package="libvo-aacenc0:amd64" source="vo-aacenc"
2026/10/05 19:10:54 WE GOT HERE 12 
2026/10/05 19:10:54 CVE QUERY: ecosystem="ubuntu:24.04:lts" package="libvo-amrwbenc0:amd64" source="vo-amrwbenc"
2026/10/05 19:10:54 WE GOT HERE 12 
2026/10/05 19:10:54 CVE QUERY: ecosystem="ubuntu:24.04:lts" package="libvoikko1:amd64" source="libvoikko"
2026/10/05 19:10:54 WE GOT HERE 12 
2026/10/05 19:10:54 CVE QUERY: ecosystem="ubuntu:24.04:lts" package="libvolume-key1:amd64" source="volume-key"
2026/10/05 19:10:54 WE GOT HERE 12 
2026/10/05 19:10:54 CVE QUERY: ecosystem="ubuntu:24.04:lts" package="libvorbis0a:amd64" source="libvorbis"
2026/10/05 19:10:54 WE GOT HERE 12 
2026/10/05 19:10:54 CVE QUERY: ecosystem="ubuntu:24.04:lts" package="libvorbis0a:i386" source="libvorbis"
2026/10/05 19:10:54 WE GOT HERE 12 
2026/10/05 19:10:54 CVE QUERY: ecosystem="ubuntu:24.04:lts" package="libvorbisenc2:amd64" source="libvorbis"
2026/10/05 19:10:54 WE GOT HERE 12 
2026/10/05 19:10:54 CVE QUERY: ecosystem="ubuntu:24.04:lts" package="libvorbisenc2:i386" source="libvorbis"
2026/10/05 19:10:54 WE GOT HERE 12 
2026/10/05 19:10:54 CVE QUERY: ecosystem="ubuntu:24.04:lts" package="libvorbisfile3:amd64" source="libvorbis"
2026/10/05 19:10:54 WE GOT HERE 12 
2026/10/05 19:10:54 CVE QUERY: ecosystem="ubuntu:24.04:lts" package="libvpl2" source="onevpl"
2026/10/05 19:10:54 WE GOT HERE 12 
2026/10/05 19:10:54 CVE QUERY: ecosystem="ubuntu:24.04:lts" package="libvpx9:amd64" source="libvpx"
2026/10/05 19:10:54 WE GOT HERE 12 
2026/10/05 19:10:54 CVE QUERY: ecosystem="ubuntu:24.04:lts" package="libvpx9:i386" source="libvpx"
2026/10/05 19:10:54 WE GOT HERE 12 
2026/10/05 19:10:54 CVE QUERY: ecosystem="ubuntu:24.04:lts" package="libvte-2.91-0:amd64" source="vte2.91"
2026/10/05 19:10:54 WE GOT HERE 12 
2026/10/05 19:10:54 CVE QUERY: ecosystem="ubuntu:24.04:lts" package="libvte-2.91-common" source="vte2.91"
2026/10/05 19:10:54 WE GOT HERE 12 
2026/10/05 19:10:54 CVE QUERY: ecosystem="ubuntu:24.04:lts" package="libvtk9.1t64:amd64" source="vtk9"
2026/10/05 19:10:54 WE GOT HERE 12 
2026/10/05 19:10:54 CVE QUERY: ecosystem="ubuntu:24.04:lts" package="libvulkan-dev:amd64" source="vulkan-loader"
2026/10/05 19:10:54 WE GOT HERE 12 
2026/10/05 19:10:54 CVE QUERY: ecosystem="ubuntu:24.04:lts" package="libvulkan1:amd64" source="vulkan-loader"
2026/10/05 19:10:54 WE GOT HERE 12 
2026/10/05 19:10:54 CVE QUERY: ecosystem="ubuntu:24.04:lts" package="libvulkan1:i386" source="vulkan-loader"
2026/10/05 19:10:54 WE GOT HERE 12 
2026/10/05 19:10:54 CVE QUERY: ecosystem="ubuntu:24.04:lts" package="libwacom-common" source="libwacom"
2026/10/05 19:10:54 WE GOT HERE 12 
2026/10/05 19:10:54 CVE QUERY: ecosystem="ubuntu:24.04:lts" package="libwacom9:amd64" source="libwacom"
2026/10/05 19:10:54 WE GOT HERE 12 
2026/10/05 19:10:54 CVE QUERY: ecosystem="ubuntu:24.04:lts" package="libwavpack1:amd64" source="wavpack"
2026/10/05 19:10:54 WE GOT HERE 12 
2026/10/05 19:10:54 CVE QUERY: ecosystem="ubuntu:24.04:lts" package="libwavpack1:i386" source="wavpack"
2026/10/05 19:10:54 WE GOT HERE 12 
2026/10/05 19:10:54 CVE QUERY: ecosystem="ubuntu:24.04:lts" package="libwayland-bin" source="wayland"
2026/10/05 19:10:54 WE GOT HERE 12 
2026/10/05 19:10:54 CVE QUERY: ecosystem="ubuntu:24.04:lts" package="libwayland-client0:amd64" source="wayland"
2026/10/05 19:10:54 WE GOT HERE 12 
2026/10/05 19:10:54 CVE QUERY: ecosystem="ubuntu:24.04:lts" package="libwayland-client0:i386" source="wayland"
2026/10/05 19:10:54 WE GOT HERE 12 
2026/10/05 19:10:54 CVE QUERY: ecosystem="ubuntu:24.04:lts" package="libwayland-cursor0:amd64" source="wayland"
2026/10/05 19:10:54 WE GOT HERE 12 
2026/10/05 19:10:54 CVE QUERY: ecosystem="ubuntu:24.04:lts" package="libwayland-cursor0:i386" source="wayland"
2026/10/05 19:10:54 WE GOT HERE 12 
2026/10/05 19:10:54 CVE QUERY: ecosystem="ubuntu:24.04:lts" package="libwayland-dev:amd64" source="wayland"
2026/10/05 19:10:54 WE GOT HERE 12 
2026/10/05 19:10:54 CVE QUERY: ecosystem="ubuntu:24.04:lts" package="libwayland-egl1:amd64" source="wayland"
2026/10/05 19:10:54 WE GOT HERE 12 
2026/10/05 19:10:54 CVE QUERY: ecosystem="ubuntu:24.04:lts" package="libwayland-egl1:i386" source="wayland"
2026/10/05 19:10:54 WE GOT HERE 12 
2026/10/05 19:10:54 CVE QUERY: ecosystem="ubuntu:24.04:lts" package="libwayland-server0:amd64" source="wayland"
2026/10/05 19:10:54 WE GOT HERE 12 
2026/10/05 19:10:54 CVE QUERY: ecosystem="ubuntu:24.04:lts" package="libwbclient0:amd64" source="samba"
2026/10/05 19:10:54 WE GOT HERE 12 
2026/10/05 19:10:54 CVE QUERY: ecosystem="ubuntu:24.04:lts" package="libweather-ion7" source="plasma-workspace"
2026/10/05 19:10:54 WE GOT HERE 12 
2026/10/05 19:10:54 CVE QUERY: ecosystem="ubuntu:24.04:lts" package="libwebkit2gtk-4.1-0:amd64" source="webkit2gtk"
2026/10/05 19:10:54 WE GOT HERE 1-1
2026/10/05 19:10:54 CVE QUERY: ecosystem="ubuntu:24.04:lts" package="libwebkitgtk-6.0-4:amd64" source="webkit2gtk"
2026/10/05 19:10:54 WE GOT HERE 1-1
2026/10/05 19:10:54 CVE QUERY: ecosystem="ubuntu:24.04:lts" package="libwebp7:amd64" source="libwebp"
2026/10/05 19:10:54 WE GOT HERE 12 
2026/10/05 19:10:54 CVE QUERY: ecosystem="ubuntu:24.04:lts" package="libwebp7:i386" source="libwebp"
2026/10/05 19:10:54 WE GOT HERE 12 
2026/10/05 19:10:54 CVE QUERY: ecosystem="ubuntu:24.04:lts" package="libwebpdemux2:amd64" source="libwebp"
2026/10/05 19:10:54 WE GOT HERE 12 
2026/10/05 19:10:54 CVE QUERY: ecosystem="ubuntu:24.04:lts" package="libwebpmux3:amd64" source="libwebp"
2026/10/05 19:10:54 WE GOT HERE 12 
2026/10/05 19:10:54 CVE QUERY: ecosystem="ubuntu:24.04:lts" package="libwebpmux3:i386" source="libwebp"
2026/10/05 19:10:54 WE GOT HERE 12 
2026/10/05 19:10:54 CVE QUERY: ecosystem="ubuntu:24.04:lts" package="libwebrtc-audio-processing1:amd64" source="webrtc-audio-processing"
2026/10/05 19:10:54 WE GOT HERE 12 
2026/10/05 19:10:54 CVE QUERY: ecosystem="ubuntu:24.04:lts" package="libwhoopsie-preferences0" source="whoopsie-preferences"
2026/10/05 19:10:54 WE GOT HERE 12 
2026/10/05 19:10:54 CVE QUERY: ecosystem="ubuntu:24.04:lts" package="libwhoopsie0:amd64" source="whoopsie"
2026/10/05 19:10:54 WE GOT HERE 12 
2026/10/05 19:10:54 CVE QUERY: ecosystem="ubuntu:24.04:lts" package="libwildmidi2:amd64" source="wildmidi"
2026/10/05 19:10:54 WE GOT HERE 12 
2026/10/05 19:10:54 CVE QUERY: ecosystem="ubuntu:24.04:lts" package="libwine:amd64" source="wine"
2026/10/05 19:10:54 WE GOT HERE 12 
2026/10/05 19:10:54 CVE QUERY: ecosystem="ubuntu:24.04:lts" package="libwine:i386" source="wine"
2026/10/05 19:10:54 WE GOT HERE 12 
2026/10/05 19:10:54 CVE QUERY: ecosystem="ubuntu:24.04:lts" package="libwinpr2-2t64:amd64" source="freerdp2"
2026/10/05 19:10:54 WE GOT HERE 12 
2026/10/05 19:10:54 CVE QUERY: ecosystem="ubuntu:24.04:lts" package="libwinpr3-3:amd64" source="freerdp3"
2026/10/05 19:10:54 WE GOT HERE 1-1
2026/10/05 19:10:54 CVE QUERY: ecosystem="ubuntu:24.04:lts" package="libwireplumber-0.4-0:amd64" source="wireplumber"
2026/10/05 19:10:54 WE GOT HERE 12 
2026/10/05 19:10:54 CVE QUERY: ecosystem="ubuntu:24.04:lts" package="libwmflite-0.2-7:amd64" source="libwmf"
2026/10/05 19:10:54 WE GOT HERE 12 
2026/10/05 19:10:54 CVE QUERY: ecosystem="ubuntu:24.04:lts" package="libwnck-3-0:amd64" source="libwnck3"
2026/10/05 19:10:54 WE GOT HERE 12 
2026/10/05 19:10:54 CVE QUERY: ecosystem="ubuntu:24.04:lts" package="libwnck-3-common" source="libwnck3"
2026/10/05 19:10:54 WE GOT HERE 12 
2026/10/05 19:10:54 CVE QUERY: ecosystem="ubuntu:24.04:lts" package="libwoff1:amd64" source="woff2"
2026/10/05 19:10:54 WE GOT HERE 12 
2026/10/05 19:10:54 CVE QUERY: ecosystem="ubuntu:24.04:lts" package="libwpd-0.10-10:amd64" source="libwpd"
2026/10/05 19:10:54 WE GOT HERE 12 
2026/10/05 19:10:54 CVE QUERY: ecosystem="ubuntu:24.04:lts" package="libwpg-0.3-3:amd64" source="libwpg"
2026/10/05 19:10:54 WE GOT HERE 12 
2026/10/05 19:10:54 CVE QUERY: ecosystem="ubuntu:24.04:lts" package="libwps-0.4-4:amd64" source="libwps"
2026/10/05 19:10:54 WE GOT HERE 12 
2026/10/05 19:10:54 CVE QUERY: ecosystem="ubuntu:24.04:lts" package="libwrap0:amd64" source="tcp-wrappers"
2026/10/05 19:10:54 WE GOT HERE 12 
2026/10/05 19:10:54 CVE QUERY: ecosystem="ubuntu:24.04:lts" package="libwvstreams4.6t64-base" source="wvstreams"
2026/10/05 19:10:54 WE GOT HERE 12 
2026/10/05 19:10:54 CVE QUERY: ecosystem="ubuntu:24.04:lts" package="libwvstreams4.6t64-extras" source="wvstreams"
2026/10/05 19:10:54 WE GOT HERE 12 
2026/10/05 19:10:54 CVE QUERY: ecosystem="ubuntu:24.04:lts" package="libwww-perl" source=""
2026/10/05 19:10:54 WE GOT HERE 12 
2026/10/05 19:10:54 CVE QUERY: ecosystem="ubuntu:24.04:lts" package="libwww-robotrules-perl" source=""
2026/10/05 19:10:54 WE GOT HERE 12 
2026/10/05 19:10:54 CVE QUERY: ecosystem="ubuntu:24.04:lts" package="libwxbase3.2-1t64:amd64" source="wxwidgets3.2"
2026/10/05 19:10:54 WE GOT HERE 12 
2026/10/05 19:10:54 CVE QUERY: ecosystem="ubuntu:24.04:lts" package="libwxgtk3.2-1t64:amd64" source="wxwidgets3.2"
2026/10/05 19:10:54 WE GOT HERE 12 
2026/10/05 19:10:54 CVE QUERY: ecosystem="ubuntu:24.04:lts" package="libwxsmithlib0t64" source="codeblocks"
2026/10/05 19:10:54 WE GOT HERE 12 
2026/10/05 19:10:54 CVE QUERY: ecosystem="ubuntu:24.04:lts" package="libx11-6:amd64" source="libx11"
2026/10/05 19:10:54 WE GOT HERE 12 
2026/10/05 19:10:54 CVE QUERY: ecosystem="ubuntu:24.04:lts" package="libx11-6:i386" source="libx11"
2026/10/05 19:10:54 WE GOT HERE 12 
2026/10/05 19:10:54 CVE QUERY: ecosystem="ubuntu:24.04:lts" package="libx11-data" source="libx11"
2026/10/05 19:10:54 WE GOT HERE 12 
2026/10/05 19:10:54 CVE QUERY: ecosystem="ubuntu:24.04:lts" package="libx11-dev:amd64" source="libx11"
2026/10/05 19:10:54 WE GOT HERE 12 
2026/10/05 19:10:54 CVE QUERY: ecosystem="ubuntu:24.04:lts" package="libx11-protocol-perl" source=""
2026/10/05 19:10:54 WE GOT HERE 12 
2026/10/05 19:10:54 CVE QUERY: ecosystem="ubuntu:24.04:lts" package="libx11-xcb1:amd64" source="libx11"
2026/10/05 19:10:54 WE GOT HERE 12 
2026/10/05 19:10:54 CVE QUERY: ecosystem="ubuntu:24.04:lts" package="libx11-xcb1:i386" source="libx11"
2026/10/05 19:10:54 WE GOT HERE 12 
2026/10/05 19:10:54 CVE QUERY: ecosystem="ubuntu:24.04:lts" package="libx264-164:amd64" source="x264"
2026/10/05 19:10:54 WE GOT HERE 12 
2026/10/05 19:10:54 CVE QUERY: ecosystem="ubuntu:24.04:lts" package="libx264-164:i386" source="x264"
2026/10/05 19:10:54 WE GOT HERE 12 
2026/10/05 19:10:54 CVE QUERY: ecosystem="ubuntu:24.04:lts" package="libx265-199:amd64" source="x265"
2026/10/05 19:10:54 WE GOT HERE 12 
2026/10/05 19:10:54 CVE QUERY: ecosystem="ubuntu:24.04:lts" package="libx265-199:i386" source="x265"
2026/10/05 19:10:54 WE GOT HERE 12 
2026/10/05 19:10:54 CVE QUERY: ecosystem="ubuntu:24.04:lts" package="libxapian30:amd64" source="xapian-core"
2026/10/05 19:10:54 WE GOT HERE 12 
2026/10/05 19:10:54 CVE QUERY: ecosystem="ubuntu:24.04:lts" package="libxatracker2:amd64" source="mesa-compat"
2026/10/05 19:10:54 WE GOT HERE 12 
2026/10/05 19:10:54 CVE QUERY: ecosystem="ubuntu:24.04:lts" package="libxau-dev:amd64" source="libxau"
2026/10/05 19:10:54 WE GOT HERE 12 
2026/10/05 19:10:54 CVE QUERY: ecosystem="ubuntu:24.04:lts" package="libxau6:amd64" source="libxau"
2026/10/05 19:10:54 WE GOT HERE 12 
2026/10/05 19:10:54 CVE QUERY: ecosystem="ubuntu:24.04:lts" package="libxau6:i386" source="libxau"
2026/10/05 19:10:54 WE GOT HERE 12 
2026/10/05 19:10:54 CVE QUERY: ecosystem="ubuntu:24.04:lts" package="libxaw7:amd64" source="libxaw"
2026/10/05 19:10:54 WE GOT HERE 12 
2026/10/05 19:10:54 CVE QUERY: ecosystem="ubuntu:24.04:lts" package="libxcb-composite0:amd64" source="libxcb"
2026/10/05 19:10:54 WE GOT HERE 12 
2026/10/05 19:10:54 CVE QUERY: ecosystem="ubuntu:24.04:lts" package="libxcb-cursor0:amd64" source="xcb-util-cursor"
2026/10/05 19:10:54 WE GOT HERE 12 
2026/10/05 19:10:54 CVE QUERY: ecosystem="ubuntu:24.04:lts" package="libxcb-damage0:amd64" source="libxcb"
2026/10/05 19:10:54 WE GOT HERE 12 
2026/10/05 19:10:54 CVE QUERY: ecosystem="ubuntu:24.04:lts" package="libxcb-dpms0:amd64" source="libxcb"
2026/10/05 19:10:54 WE GOT HERE 12 
2026/10/05 19:10:54 CVE QUERY: ecosystem="ubuntu:24.04:lts" package="libxcb-dri2-0:amd64" source="libxcb"
2026/10/05 19:10:54 WE GOT HERE 12 
2026/10/05 19:10:54 CVE QUERY: ecosystem="ubuntu:24.04:lts" package="libxcb-dri2-0:i386" source="libxcb"
2026/10/05 19:10:54 WE GOT HERE 12 
2026/10/05 19:10:54 CVE QUERY: ecosystem="ubuntu:24.04:lts" package="libxcb-dri3-0:amd64" source="libxcb"
2026/10/05 19:10:54 WE GOT HERE 12 
2026/10/05 19:10:54 CVE QUERY: ecosystem="ubuntu:24.04:lts" package="libxcb-dri3-0:i386" source="libxcb"
2026/10/05 19:10:54 WE GOT HERE 12 
2026/10/05 19:10:54 CVE QUERY: ecosystem="ubuntu:24.04:lts" package="libxcb-ewmh2:amd64" source="xcb-util-wm"
2026/10/05 19:10:54 WE GOT HERE 12 
2026/10/05 19:10:54 CVE QUERY: ecosystem="ubuntu:24.04:lts" package="libxcb-glx0:amd64" source="libxcb"
2026/10/05 19:10:54 WE GOT HERE 12 
2026/10/05 19:10:54 CVE QUERY: ecosystem="ubuntu:24.04:lts" package="libxcb-glx0:i386" source="libxcb"
2026/10/05 19:10:54 WE GOT HERE 12 
2026/10/05 19:10:54 CVE QUERY: ecosystem="ubuntu:24.04:lts" package="libxcb-icccm4:amd64" source="xcb-util-wm"
2026/10/05 19:10:54 WE GOT HERE 12 
2026/10/05 19:10:54 CVE QUERY: ecosystem="ubuntu:24.04:lts" package="libxcb-image0:amd64" source="xcb-util-image"
2026/10/05 19:10:54 WE GOT HERE 12 
2026/10/05 19:10:54 CVE QUERY: ecosystem="ubuntu:24.04:lts" package="libxcb-imdkit1:amd64" source="xcb-imdkit"
2026/10/05 19:10:54 WE GOT HERE 12 
2026/10/05 19:10:54 CVE QUERY: ecosystem="ubuntu:24.04:lts" package="libxcb-keysyms1:amd64" source="xcb-util-keysyms"
2026/10/05 19:10:54 WE GOT HERE 12 
2026/10/05 19:10:54 CVE QUERY: ecosystem="ubuntu:24.04:lts" package="libxcb-present0:amd64" source="libxcb"
2026/10/05 19:10:54 WE GOT HERE 12 
2026/10/05 19:10:54 CVE QUERY: ecosystem="ubuntu:24.04:lts" package="libxcb-present0:i386" source="libxcb"
2026/10/05 19:10:54 WE GOT HERE 12 
2026/10/05 19:10:54 CVE QUERY: ecosystem="ubuntu:24.04:lts" package="libxcb-randr0:amd64" source="libxcb"
2026/10/05 19:10:54 WE GOT HERE 12 
2026/10/05 19:10:54 CVE QUERY: ecosystem="ubuntu:24.04:lts" package="libxcb-randr0:i386" source="libxcb"
2026/10/05 19:10:54 WE GOT HERE 12 
2026/10/05 19:10:54 CVE QUERY: ecosystem="ubuntu:24.04:lts" package="libxcb-record0:amd64" source="libxcb"
2026/10/05 19:10:54 WE GOT HERE 12 
2026/10/05 19:10:54 CVE QUERY: ecosystem="ubuntu:24.04:lts" package="libxcb-render-util0:amd64" source="xcb-util-renderutil"
2026/10/05 19:10:54 WE GOT HERE 12 
2026/10/05 19:10:54 CVE QUERY: ecosystem="ubuntu:24.04:lts" package="libxcb-render0:amd64" source="libxcb"
2026/10/05 19:10:54 WE GOT HERE 12 
2026/10/05 19:10:54 CVE QUERY: ecosystem="ubuntu:24.04:lts" package="libxcb-render0:i386" source="libxcb"
2026/10/05 19:10:54 WE GOT HERE 12 
2026/10/05 19:10:54 CVE QUERY: ecosystem="ubuntu:24.04:lts" package="libxcb-res0:amd64" source="libxcb"
2026/10/05 19:10:54 WE GOT HERE 12 
2026/10/05 19:10:54 CVE QUERY: ecosystem="ubuntu:24.04:lts" package="libxcb-shape0:amd64" source="libxcb"
2026/10/05 19:10:54 WE GOT HERE 12 
2026/10/05 19:10:54 CVE QUERY: ecosystem="ubuntu:24.04:lts" package="libxcb-shm0:amd64" source="libxcb"
2026/10/05 19:10:54 WE GOT HERE 12 
2026/10/05 19:10:54 CVE QUERY: ecosystem="ubuntu:24.04:lts" package="libxcb-shm0:i386" source="libxcb"
2026/10/05 19:10:54 WE GOT HERE 12 
2026/10/05 19:10:54 CVE QUERY: ecosystem="ubuntu:24.04:lts" package="libxcb-sync1:amd64" source="libxcb"
2026/10/05 19:10:54 WE GOT HERE 12 
2026/10/05 19:10:54 CVE QUERY: ecosystem="ubuntu:24.04:lts" package="libxcb-sync1:i386" source="libxcb"
2026/10/05 19:10:54 WE GOT HERE 12 
2026/10/05 19:10:54 CVE QUERY: ecosystem="ubuntu:24.04:lts" package="libxcb-util1:amd64" source="xcb-util"
2026/10/05 19:10:54 WE GOT HERE 12 
2026/10/05 19:10:54 CVE QUERY: ecosystem="ubuntu:24.04:lts" package="libxcb-xfixes0:amd64" source="libxcb"
2026/10/05 19:10:54 WE GOT HERE 12 
2026/10/05 19:10:54 CVE QUERY: ecosystem="ubuntu:24.04:lts" package="libxcb-xfixes0:i386" source="libxcb"
2026/10/05 19:10:54 WE GOT HERE 12 
2026/10/05 19:10:54 CVE QUERY: ecosystem="ubuntu:24.04:lts" package="libxcb-xinerama0:amd64" source="libxcb"
2026/10/05 19:10:54 WE GOT HERE 12 
2026/10/05 19:10:54 CVE QUERY: ecosystem="ubuntu:24.04:lts" package="libxcb-xinput0:amd64" source="libxcb"
2026/10/05 19:10:54 WE GOT HERE 12 
2026/10/05 19:10:54 CVE QUERY: ecosystem="ubuntu:24.04:lts" package="libxcb-xkb1:amd64" source="libxcb"
2026/10/05 19:10:54 WE GOT HERE 12 
2026/10/05 19:10:54 CVE QUERY: ecosystem="ubuntu:24.04:lts" package="libxcb-xtest0:amd64" source="libxcb"
2026/10/05 19:10:54 WE GOT HERE 12 
2026/10/05 19:10:54 CVE QUERY: ecosystem="ubuntu:24.04:lts" package="libxcb-xv0:amd64" source="libxcb"
2026/10/05 19:10:54 WE GOT HERE 12 
2026/10/05 19:10:54 CVE QUERY: ecosystem="ubuntu:24.04:lts" package="libxcb1:amd64" source="libxcb"
2026/10/05 19:10:54 WE GOT HERE 12 
2026/10/05 19:10:54 CVE QUERY: ecosystem="ubuntu:24.04:lts" package="libxcb1:i386" source="libxcb"
2026/10/05 19:10:54 WE GOT HERE 12 
2026/10/05 19:10:54 CVE QUERY: ecosystem="ubuntu:24.04:lts" package="libxcb1-dev:amd64" source="libxcb"
2026/10/05 19:10:54 WE GOT HERE 12 
2026/10/05 19:10:54 CVE QUERY: ecosystem="ubuntu:24.04:lts" package="libxcomposite1:amd64" source="libxcomposite"
2026/10/05 19:10:54 WE GOT HERE 12 
2026/10/05 19:10:54 CVE QUERY: ecosystem="ubuntu:24.04:lts" package="libxcomposite1:i386" source="libxcomposite"
2026/10/05 19:10:54 WE GOT HERE 12 
2026/10/05 19:10:54 CVE QUERY: ecosystem="ubuntu:24.04:lts" package="libxcursor-dev:amd64" source="libxcursor"
2026/10/05 19:10:54 WE GOT HERE 12 
2026/10/05 19:10:54 CVE QUERY: ecosystem="ubuntu:24.04:lts" package="libxcursor1:amd64" source="libxcursor"
2026/10/05 19:10:54 WE GOT HERE 12 
2026/10/05 19:10:54 CVE QUERY: ecosystem="ubuntu:24.04:lts" package="libxcursor1:i386" source="libxcursor"
2026/10/05 19:10:54 WE GOT HERE 12 
2026/10/05 19:10:54 CVE QUERY: ecosystem="ubuntu:24.04:lts" package="libxcvt0:amd64" source="libxcvt"
2026/10/05 19:10:54 WE GOT HERE 12 
2026/10/05 19:10:54 CVE QUERY: ecosystem="ubuntu:24.04:lts" package="libxdamage1:amd64" source="libxdamage"
2026/10/05 19:10:54 WE GOT HERE 12 
2026/10/05 19:10:54 CVE QUERY: ecosystem="ubuntu:24.04:lts" package="libxdamage1:i386" source="libxdamage"
2026/10/05 19:10:54 WE GOT HERE 12 
2026/10/05 19:10:54 CVE QUERY: ecosystem="ubuntu:24.04:lts" package="libxdgutilsbasedir1.0.1:amd64" source="xdg-utils-cxx"
2026/10/05 19:10:54 WE GOT HERE 12 
2026/10/05 19:10:54 CVE QUERY: ecosystem="ubuntu:24.04:lts" package="libxdgutilsdesktopentry1.0.1:amd64" source="xdg-utils-cxx"
2026/10/05 19:10:54 WE GOT HERE 12 
2026/10/05 19:10:54 CVE QUERY: ecosystem="ubuntu:24.04:lts" package="libxdmcp-dev:amd64" source="libxdmcp"
2026/10/05 19:10:54 WE GOT HERE 12 
2026/10/05 19:10:54 CVE QUERY: ecosystem="ubuntu:24.04:lts" package="libxdmcp6:amd64" source="libxdmcp"
2026/10/05 19:10:54 WE GOT HERE 12 
2026/10/05 19:10:54 CVE QUERY: ecosystem="ubuntu:24.04:lts" package="libxdmcp6:i386" source="libxdmcp"
2026/10/05 19:10:54 WE GOT HERE 12 
2026/10/05 19:10:54 CVE QUERY: ecosystem="ubuntu:24.04:lts" package="libxdo3:amd64" source="xdotool"
2026/10/05 19:10:54 WE GOT HERE 12 
2026/10/05 19:10:54 CVE QUERY: ecosystem="ubuntu:24.04:lts" package="libxerces-c3.2t64:amd64" source="xerces-c"
2026/10/05 19:10:54 WE GOT HERE 12 
2026/10/05 19:10:54 CVE QUERY: ecosystem="ubuntu:24.04:lts" package="libxext-dev:amd64" source="libxext"
2026/10/05 19:10:54 WE GOT HERE 12 
2026/10/05 19:10:54 CVE QUERY: ecosystem="ubuntu:24.04:lts" package="libxext6:amd64" source="libxext"
2026/10/05 19:10:54 WE GOT HERE 12 
2026/10/05 19:10:54 CVE QUERY: ecosystem="ubuntu:24.04:lts" package="libxext6:i386" source="libxext"
2026/10/05 19:10:54 WE GOT HERE 12 
2026/10/05 19:10:54 CVE QUERY: ecosystem="ubuntu:24.04:lts" package="libxfixes-dev:amd64" source="libxfixes"
2026/10/05 19:10:54 WE GOT HERE 12 
2026/10/05 19:10:54 CVE QUERY: ecosystem="ubuntu:24.04:lts" package="libxfixes3:amd64" source="libxfixes"
2026/10/05 19:10:54 WE GOT HERE 12 
2026/10/05 19:10:54 CVE QUERY: ecosystem="ubuntu:24.04:lts" package="libxfixes3:i386" source="libxfixes"
2026/10/05 19:10:54 WE GOT HERE 12 
2026/10/05 19:10:54 CVE QUERY: ecosystem="ubuntu:24.04:lts" package="libxfont2:amd64" source="libxfont"
2026/10/05 19:10:54 WE GOT HERE 12 
2026/10/05 19:10:54 CVE QUERY: ecosystem="ubuntu:24.04:lts" package="libxft2:amd64" source="xft"
2026/10/05 19:10:54 WE GOT HERE 12 
2026/10/05 19:10:54 CVE QUERY: ecosystem="ubuntu:24.04:lts" package="libxi-dev:amd64" source="libxi"
2026/10/05 19:10:54 WE GOT HERE 12 
2026/10/05 19:10:54 CVE QUERY: ecosystem="ubuntu:24.04:lts" package="libxi6:amd64" source="libxi"
2026/10/05 19:10:54 WE GOT HERE 12 
2026/10/05 19:10:54 CVE QUERY: ecosystem="ubuntu:24.04:lts" package="libxi6:i386" source="libxi"
2026/10/05 19:10:54 WE GOT HERE 12 
2026/10/05 19:10:54 CVE QUERY: ecosystem="ubuntu:24.04:lts" package="libxinerama-dev:amd64" source="libxinerama"
2026/10/05 19:10:54 WE GOT HERE 12 
2026/10/05 19:10:54 CVE QUERY: ecosystem="ubuntu:24.04:lts" package="libxinerama1:amd64" source="libxinerama"
2026/10/05 19:10:54 WE GOT HERE 12 
2026/10/05 19:10:54 CVE QUERY: ecosystem="ubuntu:24.04:lts" package="libxinerama1:i386" source="libxinerama"
2026/10/05 19:10:54 WE GOT HERE 12 
2026/10/05 19:10:54 CVE QUERY: ecosystem="ubuntu:24.04:lts" package="libxkbcommon-x11-0:amd64" source="libxkbcommon"
2026/10/05 19:10:54 WE GOT HERE 12 
2026/10/05 19:10:54 CVE QUERY: ecosystem="ubuntu:24.04:lts" package="libxkbcommon0:amd64" source="libxkbcommon"
2026/10/05 19:10:54 WE GOT HERE 12 
2026/10/05 19:10:54 CVE QUERY: ecosystem="ubuntu:24.04:lts" package="libxkbcommon0:i386" source="libxkbcommon"
2026/10/05 19:10:54 WE GOT HERE 12 
2026/10/05 19:10:54 CVE QUERY: ecosystem="ubuntu:24.04:lts" package="libxkbfile1:amd64" source="libxkbfile"
2026/10/05 19:10:54 WE GOT HERE 12 
2026/10/05 19:10:54 CVE QUERY: ecosystem="ubuntu:24.04:lts" package="libxkbregistry0:amd64" source="libxkbcommon"
2026/10/05 19:10:54 WE GOT HERE 12 
2026/10/05 19:10:54 CVE QUERY: ecosystem="ubuntu:24.04:lts" package="libxkbregistry0:i386" source="libxkbcommon"
2026/10/05 19:10:54 WE GOT HERE 12 
2026/10/05 19:10:54 CVE QUERY: ecosystem="ubuntu:24.04:lts" package="libxklavier16:amd64" source="libxklavier"
2026/10/05 19:10:54 WE GOT HERE 12 
2026/10/05 19:10:54 CVE QUERY: ecosystem="ubuntu:24.04:lts" package="libxml-parser-perl" source=""
2026/10/05 19:10:54 WE GOT HERE 12 
2026/10/05 19:10:54 CVE QUERY: ecosystem="ubuntu:24.04:lts" package="libxml-twig-perl" source=""
2026/10/05 19:10:54 WE GOT HERE 12 
2026/10/05 19:10:54 CVE QUERY: ecosystem="ubuntu:24.04:lts" package="libxml-xpathengine-perl" source=""
2026/10/05 19:10:54 WE GOT HERE 12 
2026/10/05 19:10:54 CVE QUERY: ecosystem="ubuntu:24.04:lts" package="libxml2:amd64" source=""
2026/10/05 19:10:54 WE GOT HERE 12 
2026/10/05 19:10:54 CVE QUERY: ecosystem="ubuntu:24.04:lts" package="libxml2:i386" source=""
2026/10/05 19:10:54 WE GOT HERE 12 
2026/10/05 19:10:54 CVE QUERY: ecosystem="ubuntu:24.04:lts" package="libxml2-dev:amd64" source="libxml2"
2026/10/05 19:10:54 WE GOT HERE 12 
2026/10/05 19:10:54 CVE QUERY: ecosystem="ubuntu:24.04:lts" package="libxml2-utils" source="libxml2"
2026/10/05 19:10:54 WE GOT HERE 12 
2026/10/05 19:10:54 CVE QUERY: ecosystem="ubuntu:24.04:lts" package="libxmlb2:amd64" source="libxmlb"
2026/10/05 19:10:54 WE GOT HERE 12 
2026/10/05 19:10:54 CVE QUERY: ecosystem="ubuntu:24.04:lts" package="libxmlsec1t64:amd64" source="xmlsec1"
2026/10/05 19:10:54 WE GOT HERE 12 
2026/10/05 19:10:54 CVE QUERY: ecosystem="ubuntu:24.04:lts" package="libxmlsec1t64-nss:amd64" source="xmlsec1"
2026/10/05 19:10:54 WE GOT HERE 12 
2026/10/05 19:10:54 CVE QUERY: ecosystem="ubuntu:24.04:lts" package="libxmlsec1t64-openssl:amd64" source="xmlsec1"
2026/10/05 19:10:54 WE GOT HERE 12 
2026/10/05 19:10:54 CVE QUERY: ecosystem="ubuntu:24.04:lts" package="libxmu6:amd64" source="libxmu"
2026/10/05 19:10:54 WE GOT HERE 12 
2026/10/05 19:10:54 CVE QUERY: ecosystem="ubuntu:24.04:lts" package="libxmuu1:amd64" source="libxmu"
2026/10/05 19:10:54 WE GOT HERE 12 
2026/10/05 19:10:54 CVE QUERY: ecosystem="ubuntu:24.04:lts" package="libxnvctrl0:amd64" source="nvidia-settings"
2026/10/05 19:10:54 WE GOT HERE 12 
2026/10/05 19:10:54 CVE QUERY: ecosystem="ubuntu:24.04:lts" package="libxpm4:amd64" source="libxpm"
2026/10/05 19:10:54 WE GOT HERE 12 
2026/10/05 19:10:54 CVE QUERY: ecosystem="ubuntu:24.04:lts" package="libxpm4:i386" source="libxpm"
2026/10/05 19:10:54 WE GOT HERE 12 
2026/10/05 19:10:54 CVE QUERY: ecosystem="ubuntu:24.04:lts" package="libxpresent1:amd64" source="libxpresent"
2026/10/05 19:10:54 WE GOT HERE 12 
2026/10/05 19:10:54 CVE QUERY: ecosystem="ubuntu:24.04:lts" package="libxrandr-dev:amd64" source="libxrandr"
2026/10/05 19:10:54 WE GOT HERE 12 
2026/10/05 19:10:54 CVE QUERY: ecosystem="ubuntu:24.04:lts" package="libxrandr2:amd64" source="libxrandr"
2026/10/05 19:10:54 WE GOT HERE 12 
2026/10/05 19:10:54 CVE QUERY: ecosystem="ubuntu:24.04:lts" package="libxrandr2:i386" source="libxrandr"
2026/10/05 19:10:54 WE GOT HERE 12 
2026/10/05 19:10:54 CVE QUERY: ecosystem="ubuntu:24.04:lts" package="libxrender-dev:amd64" source="libxrender"
2026/10/05 19:10:54 WE GOT HERE 12 
2026/10/05 19:10:54 CVE QUERY: ecosystem="ubuntu:24.04:lts" package="libxrender1:amd64" source="libxrender"
2026/10/05 19:10:54 WE GOT HERE 12 
2026/10/05 19:10:54 CVE QUERY: ecosystem="ubuntu:24.04:lts" package="libxrender1:i386" source="libxrender"
2026/10/05 19:10:54 WE GOT HERE 12 
2026/10/05 19:10:54 CVE QUERY: ecosystem="ubuntu:24.04:lts" package="libxres1:amd64" source="libxres"
2026/10/05 19:10:54 WE GOT HERE 12 
2026/10/05 19:10:54 CVE QUERY: ecosystem="ubuntu:24.04:lts" package="libxshmfence1:amd64" source="libxshmfence"
2026/10/05 19:10:54 WE GOT HERE 12 
2026/10/05 19:10:54 CVE QUERY: ecosystem="ubuntu:24.04:lts" package="libxshmfence1:i386" source="libxshmfence"
2026/10/05 19:10:54 WE GOT HERE 12 
2026/10/05 19:10:54 CVE QUERY: ecosystem="ubuntu:24.04:lts" package="libxslt1-dev:amd64" source="libxslt"
2026/10/05 19:10:54 WE GOT HERE 12 
2026/10/05 19:10:54 CVE QUERY: ecosystem="ubuntu:24.04:lts" package="libxslt1.1:amd64" source="libxslt"
2026/10/05 19:10:54 WE GOT HERE 12 
2026/10/05 19:10:54 CVE QUERY: ecosystem="ubuntu:24.04:lts" package="libxss1:amd64" source="libxss"
2026/10/05 19:10:54 WE GOT HERE 12 
2026/10/05 19:10:54 CVE QUERY: ecosystem="ubuntu:24.04:lts" package="libxss1:i386" source="libxss"
2026/10/05 19:10:54 WE GOT HERE 12 
2026/10/05 19:10:54 CVE QUERY: ecosystem="ubuntu:24.04:lts" package="libxt-dev:amd64" source="libxt"
2026/10/05 19:10:54 WE GOT HERE 12 
2026/10/05 19:10:54 CVE QUERY: ecosystem="ubuntu:24.04:lts" package="libxt6t64:amd64" source="libxt"
2026/10/05 19:10:54 WE GOT HERE 12 
2026/10/05 19:10:54 CVE QUERY: ecosystem="ubuntu:24.04:lts" package="libxtables12:amd64" source="iptables"
2026/10/05 19:10:54 WE GOT HERE 12 
2026/10/05 19:10:54 CVE QUERY: ecosystem="ubuntu:24.04:lts" package="libxtst6:amd64" source="libxtst"
2026/10/05 19:10:54 WE GOT HERE 12 
2026/10/05 19:10:54 CVE QUERY: ecosystem="ubuntu:24.04:lts" package="libxtst6:i386" source="libxtst"
2026/10/05 19:10:54 WE GOT HERE 12 
2026/10/05 19:10:54 CVE QUERY: ecosystem="ubuntu:24.04:lts" package="libxv1:amd64" source="libxv"
2026/10/05 19:10:54 WE GOT HERE 12 
2026/10/05 19:10:54 CVE QUERY: ecosystem="ubuntu:24.04:lts" package="libxv1:i386" source="libxv"
2026/10/05 19:10:54 WE GOT HERE 12 
2026/10/05 19:10:54 CVE QUERY: ecosystem="ubuntu:24.04:lts" package="libxvidcore4:amd64" source="xvidcore"
2026/10/05 19:10:54 WE GOT HERE 12 
2026/10/05 19:10:54 CVE QUERY: ecosystem="ubuntu:24.04:lts" package="libxvidcore4:i386" source="xvidcore"
2026/10/05 19:10:54 WE GOT HERE 12 
2026/10/05 19:10:54 CVE QUERY: ecosystem="ubuntu:24.04:lts" package="libxvmc1:amd64" source="libxvmc"
2026/10/05 19:10:54 WE GOT HERE 12 
2026/10/05 19:10:54 CVE QUERY: ecosystem="ubuntu:24.04:lts" package="libxxf86dga1:amd64" source="libxxf86dga"
2026/10/05 19:10:54 WE GOT HERE 12 
2026/10/05 19:10:54 CVE QUERY: ecosystem="ubuntu:24.04:lts" package="libxxf86vm-dev:amd64" source="libxxf86vm"
2026/10/05 19:10:54 WE GOT HERE 12 
2026/10/05 19:10:54 CVE QUERY: ecosystem="ubuntu:24.04:lts" package="libxxf86vm1:amd64" source="libxxf86vm"
2026/10/05 19:10:54 WE GOT HERE 12 
2026/10/05 19:10:54 CVE QUERY: ecosystem="ubuntu:24.04:lts" package="libxxf86vm1:i386" source="libxxf86vm"
2026/10/05 19:10:54 WE GOT HERE 12 
2026/10/05 19:10:54 CVE QUERY: ecosystem="ubuntu:24.04:lts" package="libxxhash0:amd64" source="xxhash"
2026/10/05 19:10:54 WE GOT HERE 12 
2026/10/05 19:10:54 CVE QUERY: ecosystem="ubuntu:24.04:lts" package="libyajl2:amd64" source="yajl"
2026/10/05 19:10:54 WE GOT HERE 12 
2026/10/05 19:10:54 CVE QUERY: ecosystem="ubuntu:24.04:lts" package="libyaml-0-2:amd64" source="libyaml"
2026/10/05 19:10:54 WE GOT HERE 12 
2026/10/05 19:10:54 CVE QUERY: ecosystem="ubuntu:24.04:lts" package="libyaml-cpp0.8:amd64" source="yaml-cpp"
2026/10/05 19:10:54 WE GOT HERE 12 
2026/10/05 19:10:54 CVE QUERY: ecosystem="ubuntu:24.04:lts" package="libyelp0:amd64" source="yelp"
2026/10/05 19:10:54 WE GOT HERE 12 
2026/10/05 19:10:54 CVE QUERY: ecosystem="ubuntu:24.04:lts" package="libyuv0:amd64" source="libyuv"
2026/10/05 19:10:54 WE GOT HERE 12 
2026/10/05 19:10:54 CVE QUERY: ecosystem="ubuntu:24.04:lts" package="libz-mingw-w64" source=""
2026/10/05 19:10:54 WE GOT HERE 12 
2026/10/05 19:10:54 CVE QUERY: ecosystem="ubuntu:24.04:lts" package="libz3-4:amd64" source="z3"
2026/10/05 19:10:54 WE GOT HERE 12 
2026/10/05 19:10:54 CVE QUERY: ecosystem="ubuntu:24.04:lts" package="libz3-dev:amd64" source="z3"
2026/10/05 19:10:54 WE GOT HERE 12 
2026/10/05 19:10:54 CVE QUERY: ecosystem="ubuntu:24.04:lts" package="libzbar0t64:amd64" source="zbar"
2026/10/05 19:10:54 WE GOT HERE 12 
2026/10/05 19:10:54 CVE QUERY: ecosystem="ubuntu:24.04:lts" package="libzimg2:amd64" source="zimg"
2026/10/05 19:10:54 WE GOT HERE 12 
2026/10/05 19:10:54 CVE QUERY: ecosystem="ubuntu:24.04:lts" package="libzip4t64:amd64" source="libzip"
2026/10/05 19:10:54 WE GOT HERE 12 
2026/10/05 19:10:54 CVE QUERY: ecosystem="ubuntu:24.04:lts" package="libzix-0-0:amd64" source="zix"
2026/10/05 19:10:54 WE GOT HERE 12 
2026/10/05 19:10:54 CVE QUERY: ecosystem="ubuntu:24.04:lts" package="libzmq5:amd64" source="zeromq3"
2026/10/05 19:10:54 WE GOT HERE 12 
2026/10/05 19:10:54 CVE QUERY: ecosystem="ubuntu:24.04:lts" package="libzstd-dev:amd64" source="libzstd"
2026/10/05 19:10:54 WE GOT HERE 12 
2026/10/05 19:10:54 CVE QUERY: ecosystem="ubuntu:24.04:lts" package="libzstd1:amd64" source="libzstd"
2026/10/05 19:10:54 WE GOT HERE 12 
2026/10/05 19:10:54 CVE QUERY: ecosystem="ubuntu:24.04:lts" package="libzstd1:i386" source="libzstd"
2026/10/05 19:10:54 WE GOT HERE 12 
2026/10/05 19:10:54 CVE QUERY: ecosystem="ubuntu:24.04:lts" package="libzvbi-common" source="zvbi"
2026/10/05 19:10:54 WE GOT HERE 12 
2026/10/05 19:10:54 CVE QUERY: ecosystem="ubuntu:24.04:lts" package="libzvbi0t64:amd64" source="zvbi"
2026/10/05 19:10:54 WE GOT HERE 12 
2026/10/05 19:10:54 CVE QUERY: ecosystem="ubuntu:24.04:lts" package="libzvbi0t64:i386" source="zvbi"
2026/10/05 19:10:54 WE GOT HERE 12 
2026/10/05 19:10:54 CVE QUERY: ecosystem="ubuntu:24.04:lts" package="libzxing3:amd64" source="zxing-cpp"
2026/10/05 19:10:54 WE GOT HERE 12 
2026/10/05 19:10:54 CVE QUERY: ecosystem="ubuntu:24.04:lts" package="linux-base" source=""
2026/10/05 19:10:54 WE GOT HERE 12 
2026/10/05 19:10:54 CVE QUERY: ecosystem="ubuntu:24.04:lts" package="linux-firmware" source=""
2026/10/05 19:10:54 WE GOT HERE 12 
2026/10/05 19:10:54 CVE QUERY: ecosystem="ubuntu:24.04:lts" package="linux-firmware-amd-graphics" source=""
2026/10/05 19:10:54 WE GOT HERE 12 
2026/10/05 19:10:54 CVE QUERY: ecosystem="ubuntu:24.04:lts" package="linux-firmware-amd-misc" source=""
2026/10/05 19:10:54 WE GOT HERE 12 
2026/10/05 19:10:54 CVE QUERY: ecosystem="ubuntu:24.04:lts" package="linux-firmware-broadcom-wireless" source=""
2026/10/05 19:10:54 WE GOT HERE 12 
2026/10/05 19:10:54 CVE QUERY: ecosystem="ubuntu:24.04:lts" package="linux-firmware-intel-graphics" source=""
2026/10/05 19:10:54 WE GOT HERE 12 
2026/10/05 19:10:54 CVE QUERY: ecosystem="ubuntu:24.04:lts" package="linux-firmware-intel-misc" source=""
2026/10/05 19:10:54 WE GOT HERE 12 
2026/10/05 19:10:54 CVE QUERY: ecosystem="ubuntu:24.04:lts" package="linux-firmware-intel-wireless" source=""
2026/10/05 19:10:54 WE GOT HERE 12 
2026/10/05 19:10:54 CVE QUERY: ecosystem="ubuntu:24.04:lts" package="linux-firmware-marvell-prestera" source=""
2026/10/05 19:10:54 WE GOT HERE 12 
2026/10/05 19:10:54 CVE QUERY: ecosystem="ubuntu:24.04:lts" package="linux-firmware-marvell-wireless" source=""
2026/10/05 19:10:54 WE GOT HERE 12 
2026/10/05 19:10:54 CVE QUERY: ecosystem="ubuntu:24.04:lts" package="linux-firmware-mediatek" source=""
2026/10/05 19:10:54 WE GOT HERE 12 
2026/10/05 19:10:54 CVE QUERY: ecosystem="ubuntu:24.04:lts" package="linux-firmware-mellanox-spectrum" source=""
2026/10/05 19:10:54 WE GOT HERE 12 
2026/10/05 19:10:54 CVE QUERY: ecosystem="ubuntu:24.04:lts" package="linux-firmware-misc" source=""
2026/10/05 19:10:54 WE GOT HERE 12 
2026/10/05 19:10:54 CVE QUERY: ecosystem="ubuntu:24.04:lts" package="linux-firmware-netronome" source=""
2026/10/05 19:10:54 WE GOT HERE 12 
2026/10/05 19:10:54 CVE QUERY: ecosystem="ubuntu:24.04:lts" package="linux-firmware-nvidia-graphics" source=""
2026/10/05 19:10:54 WE GOT HERE 12 
2026/10/05 19:10:54 CVE QUERY: ecosystem="ubuntu:24.04:lts" package="linux-firmware-qlogic" source=""
2026/10/05 19:10:54 WE GOT HERE 12 
2026/10/05 19:10:54 CVE QUERY: ecosystem="ubuntu:24.04:lts" package="linux-firmware-qualcomm-graphics" source=""
2026/10/05 19:10:54 WE GOT HERE 12 
2026/10/05 19:10:54 CVE QUERY: ecosystem="ubuntu:24.04:lts" package="linux-firmware-qualcomm-misc" source=""
2026/10/05 19:10:54 WE GOT HERE 12 
2026/10/05 19:10:54 CVE QUERY: ecosystem="ubuntu:24.04:lts" package="linux-firmware-qualcomm-wireless" source=""
2026/10/05 19:10:54 WE GOT HERE 12 
2026/10/05 19:10:54 CVE QUERY: ecosystem="ubuntu:24.04:lts" package="linux-firmware-realtek" source=""
2026/10/05 19:10:54 WE GOT HERE 12 
2026/10/05 19:10:54 CVE QUERY: ecosystem="ubuntu:24.04:lts" package="linux-generic-hwe-24.04" source="linux-meta-hwe-7.0"
2026/10/05 19:10:54 WE GOT HERE 12 
2026/10/05 19:10:54 CVE QUERY: ecosystem="ubuntu:24.04:lts" package="linux-headers-6.14.0-35-generic" source="linux-hwe-6.14"
2026/10/05 19:10:54 WE GOT HERE 1-1
2026/10/05 19:10:54 CVE QUERY: ecosystem="ubuntu:24.04:lts" package="linux-headers-6.14.0-37-generic" source="linux-hwe-6.14"
2026/10/05 19:10:54 WE GOT HERE 1-1
2026/10/05 19:10:54 CVE QUERY: ecosystem="ubuntu:24.04:lts" package="linux-headers-6.17.0-40-generic" source="linux-hwe-6.17"
2026/10/05 19:10:54 WE GOT HERE 1-1
2026/10/05 19:10:54 CVE QUERY: ecosystem="ubuntu:24.04:lts" package="linux-headers-7.0.0-31-generic" source="linux-hwe-7.0"
2026/10/05 19:10:54 WE GOT HERE 1-1
2026/10/05 19:10:54 CVE QUERY: ecosystem="ubuntu:24.04:lts" package="linux-headers-7.0.0-34-generic" source="linux-hwe-7.0"
2026/10/05 19:10:54 WE GOT HERE 1-1
2026/10/05 19:10:54 CVE QUERY: ecosystem="ubuntu:24.04:lts" package="linux-headers-generic-hwe-24.04" source="linux-meta-hwe-7.0"
2026/10/05 19:10:54 WE GOT HERE 12 
2026/10/05 19:10:54 CVE QUERY: ecosystem="ubuntu:24.04:lts" package="linux-hwe-6.14-headers-6.14.0-35" source="linux-hwe-6.14"
2026/10/05 19:10:54 WE GOT HERE 1-1
2026/10/05 19:10:54 CVE QUERY: ecosystem="ubuntu:24.04:lts" package="linux-hwe-6.14-headers-6.14.0-37" source="linux-hwe-6.14"
2026/10/05 19:10:54 WE GOT HERE 1-1
2026/10/05 19:10:54 CVE QUERY: ecosystem="ubuntu:24.04:lts" package="linux-hwe-6.14-tools-6.14.0-35" source="linux-hwe-6.14"
2026/10/05 19:10:54 WE GOT HERE 1-1
2026/10/05 19:10:54 CVE QUERY: ecosystem="ubuntu:24.04:lts" package="linux-hwe-6.17-headers-6.17.0-40" source="linux-hwe-6.17"
2026/10/05 19:10:54 WE GOT HERE 1-1
2026/10/05 19:10:54 CVE QUERY: ecosystem="ubuntu:24.04:lts" package="linux-hwe-7.0-headers-7.0.0-31" source="linux-hwe-7.0"
2026/10/05 19:10:54 WE GOT HERE 1-1
2026/10/05 19:10:54 CVE QUERY: ecosystem="ubuntu:24.04:lts" package="linux-hwe-7.0-headers-7.0.0-34" source="linux-hwe-7.0"
2026/10/05 19:10:54 WE GOT HERE 1-1
2026/10/05 19:10:54 CVE QUERY: ecosystem="ubuntu:24.04:lts" package="linux-hwe-7.0-tools-7.0.0-31" source="linux-hwe-7.0"
2026/10/05 19:10:54 WE GOT HERE 1-1
2026/10/05 19:10:54 CVE QUERY: ecosystem="ubuntu:24.04:lts" package="linux-hwe-7.0-tools-7.0.0-34" source="linux-hwe-7.0"
2026/10/05 19:10:54 WE GOT HERE 1-1
2026/10/05 19:10:54 CVE QUERY: ecosystem="ubuntu:24.04:lts" package="linux-image-6.14.0-27-generic" source="linux-signed-hwe-6.14"
2026/10/05 19:10:54 WE GOT HERE 12 
2026/10/05 19:10:54 CVE QUERY: ecosystem="ubuntu:24.04:lts" package="linux-image-6.14.0-33-generic" source="linux-signed-hwe-6.14"
2026/10/05 19:10:54 WE GOT HERE 12 
2026/10/05 19:10:54 CVE QUERY: ecosystem="ubuntu:24.04:lts" package="linux-image-6.14.0-35-generic" source="linux-signed-hwe-6.14"
2026/10/05 19:10:54 WE GOT HERE 12 
2026/10/05 19:10:54 CVE QUERY: ecosystem="ubuntu:24.04:lts" package="linux-image-6.14.0-36-generic" source="linux-signed-hwe-6.14"
2026/10/05 19:10:54 WE GOT HERE 12 
2026/10/05 19:10:54 CVE QUERY: ecosystem="ubuntu:24.04:lts" package="linux-image-6.14.0-37-generic" source="linux-signed-hwe-6.14"
2026/10/05 19:10:54 WE GOT HERE 12 
2026/10/05 19:10:54 CVE QUERY: ecosystem="ubuntu:24.04:lts" package="linux-image-6.17.0-14-generic" source="linux-signed-hwe-6.17"
2026/10/05 19:10:54 WE GOT HERE 12 
2026/10/05 19:10:54 CVE QUERY: ecosystem="ubuntu:24.04:lts" package="linux-image-6.17.0-19-generic" source="linux-signed-hwe-6.17"
2026/10/05 19:10:54 WE GOT HERE 12 
2026/10/05 19:10:54 CVE QUERY: ecosystem="ubuntu:24.04:lts" package="linux-image-6.17.0-20-generic" source="linux-signed-hwe-6.17"
2026/10/05 19:10:54 WE GOT HERE 12 
2026/10/05 19:10:54 CVE QUERY: ecosystem="ubuntu:24.04:lts" package="linux-image-6.17.0-22-generic" source="linux-signed-hwe-6.17"
2026/10/05 19:10:54 WE GOT HERE 12 
2026/10/05 19:10:54 CVE QUERY: ecosystem="ubuntu:24.04:lts" package="linux-image-6.17.0-23-generic" source="linux-signed-hwe-6.17"
2026/10/05 19:10:54 WE GOT HERE 12 
2026/10/05 19:10:54 CVE QUERY: ecosystem="ubuntu:24.04:lts" package="linux-image-6.17.0-29-generic" source="linux-signed-hwe-6.17"
2026/10/05 19:10:54 WE GOT HERE 12 
2026/10/05 19:10:54 CVE QUERY: ecosystem="ubuntu:24.04:lts" package="linux-image-6.17.0-35-generic" source="linux-signed-hwe-6.17"
2026/10/05 19:10:54 WE GOT HERE 12 
2026/10/05 19:10:54 CVE QUERY: ecosystem="ubuntu:24.04:lts" package="linux-image-6.17.0-40-generic" source="linux-signed-hwe-6.17"
2026/10/05 19:10:54 WE GOT HERE 12 
2026/10/05 19:10:54 CVE QUERY: ecosystem="ubuntu:24.04:lts" package="linux-image-7.0.0-28-generic" source="linux-signed-hwe-7.0"
2026/10/05 19:10:54 WE GOT HERE 12 
2026/10/05 19:10:54 CVE QUERY: ecosystem="ubuntu:24.04:lts" package="linux-image-7.0.0-30-generic" source="linux-signed-hwe-7.0"
2026/10/05 19:10:54 WE GOT HERE 12 
2026/10/05 19:10:54 CVE QUERY: ecosystem="ubuntu:24.04:lts" package="linux-image-7.0.0-31-generic" source="linux-signed-hwe-7.0"
2026/10/05 19:10:54 WE GOT HERE 12 
2026/10/05 19:10:54 CVE QUERY: ecosystem="ubuntu:24.04:lts" package="linux-image-7.0.0-34-generic" source="linux-signed-hwe-7.0"
2026/10/05 19:10:54 WE GOT HERE 12 
2026/10/05 19:10:54 CVE QUERY: ecosystem="ubuntu:24.04:lts" package="linux-image-generic-hwe-24.04" source="linux-meta-hwe-7.0"
2026/10/05 19:10:54 WE GOT HERE 12 
2026/10/05 19:10:54 CVE QUERY: ecosystem="ubuntu:24.04:lts" package="linux-libc-dev:amd64" source="linux"
2026/10/05 19:10:54 WE GOT HERE 1-1
2026/10/05 19:10:54 CVE QUERY: ecosystem="ubuntu:24.04:lts" package="linux-modules-6.14.0-27-generic" source="linux-hwe-6.14"
2026/10/05 19:10:54 WE GOT HERE 1-1
2026/10/05 19:10:54 CVE QUERY: ecosystem="ubuntu:24.04:lts" package="linux-modules-6.14.0-33-generic" source="linux-hwe-6.14"
2026/10/05 19:10:54 WE GOT HERE 1-1
2026/10/05 19:10:54 CVE QUERY: ecosystem="ubuntu:24.04:lts" package="linux-modules-6.14.0-35-generic" source="linux-hwe-6.14"
2026/10/05 19:10:54 WE GOT HERE 1-1
2026/10/05 19:10:54 CVE QUERY: ecosystem="ubuntu:24.04:lts" package="linux-modules-6.14.0-36-generic" source="linux-hwe-6.14"
2026/10/05 19:10:54 WE GOT HERE 1-1
2026/10/05 19:10:54 CVE QUERY: ecosystem="ubuntu:24.04:lts" package="linux-modules-6.14.0-37-generic" source="linux-hwe-6.14"
2026/10/05 19:10:54 WE GOT HERE 1-1
2026/10/05 19:10:54 CVE QUERY: ecosystem="ubuntu:24.04:lts" package="linux-modules-6.17.0-14-generic" source="linux-hwe-6.17"
2026/10/05 19:10:54 WE GOT HERE 1-1
2026/10/05 19:10:54 CVE QUERY: ecosystem="ubuntu:24.04:lts" package="linux-modules-6.17.0-19-generic" source="linux-hwe-6.17"
2026/10/05 19:10:54 WE GOT HERE 1-1
2026/10/05 19:10:54 error auditing package linux-modules-6.17.0-19-generic: found duplicate CVE entry for the package:linux-hwe-6.17 CVE-ID:USN-8277-1
2026/10/05 19:10:54 CVE QUERY: ecosystem="ubuntu:24.04:lts" package="linux-modules-6.17.0-20-generic" source="linux-hwe-6.17"
2026/10/05 19:10:54 WE GOT HERE 1-1
2026/10/05 19:10:54 error auditing package linux-modules-6.17.0-20-generic: found duplicate CVE entry for the package:linux-hwe-6.17 CVE-ID:USN-8277-1
2026/10/05 19:10:54 CVE QUERY: ecosystem="ubuntu:24.04:lts" package="linux-modules-6.17.0-22-generic" source="linux-hwe-6.17"
2026/10/05 19:10:54 WE GOT HERE 1-1
2026/10/05 19:10:54 error auditing package linux-modules-6.17.0-22-generic: found duplicate CVE entry for the package:linux-hwe-6.17 CVE-ID:USN-8277-1
2026/10/05 19:10:54 CVE QUERY: ecosystem="ubuntu:24.04:lts" package="linux-modules-6.17.0-23-generic" source="linux-hwe-6.17"
2026/10/05 19:10:54 WE GOT HERE 1-1
2026/10/05 19:10:54 error auditing package linux-modules-6.17.0-23-generic: found duplicate CVE entry for the package:linux-hwe-6.17 CVE-ID:USN-8277-1
2026/10/05 19:10:54 CVE QUERY: ecosystem="ubuntu:24.04:lts" package="linux-modules-6.17.0-29-generic" source="linux-hwe-6.17"
2026/10/05 19:10:54 WE GOT HERE 1-1
2026/10/05 19:10:54 CVE QUERY: ecosystem="ubuntu:24.04:lts" package="linux-modules-6.17.0-35-generic" source="linux-hwe-6.17"
2026/10/05 19:10:54 WE GOT HERE 1-1
2026/10/05 19:10:54 CVE QUERY: ecosystem="ubuntu:24.04:lts" package="linux-modules-6.17.0-40-generic" source="linux-hwe-6.17"
2026/10/05 19:10:54 WE GOT HERE 1-1
2026/10/05 19:10:54 CVE QUERY: ecosystem="ubuntu:24.04:lts" package="linux-modules-7.0.0-28-generic" source="linux-hwe-7.0"
2026/10/05 19:10:54 WE GOT HERE 1-1
2026/10/05 19:10:54 CVE QUERY: ecosystem="ubuntu:24.04:lts" package="linux-modules-7.0.0-30-generic" source="linux-hwe-7.0"
2026/10/05 19:10:54 WE GOT HERE 1-1
2026/10/05 19:10:54 CVE QUERY: ecosystem="ubuntu:24.04:lts" package="linux-modules-7.0.0-31-generic" source="linux-hwe-7.0"
2026/10/05 19:10:54 WE GOT HERE 1-1
2026/10/05 19:10:54 CVE QUERY: ecosystem="ubuntu:24.04:lts" package="linux-modules-7.0.0-34-generic" source="linux-hwe-7.0"
2026/10/05 19:10:54 WE GOT HERE 1-1
2026/10/05 19:10:54 CVE QUERY: ecosystem="ubuntu:24.04:lts" package="linux-modules-extra-6.14.0-27-generic" source="linux-hwe-6.14"
2026/10/05 19:10:54 WE GOT HERE 1-1
2026/10/05 19:10:54 error auditing package linux-modules-extra-6.14.0-27-generic: found duplicate CVE entry for the package:linux-hwe-6.14 CVE-ID:USN-7699-2
2026/10/05 19:10:54 CVE QUERY: ecosystem="ubuntu:24.04:lts" package="linux-modules-extra-6.14.0-33-generic" source="linux-hwe-6.14"
2026/10/05 19:10:54 WE GOT HERE 1-1
2026/10/05 19:10:54 CVE QUERY: ecosystem="ubuntu:24.04:lts" package="linux-modules-extra-6.14.0-35-generic" source="linux-hwe-6.14"
2026/10/05 19:10:54 WE GOT HERE 1-1
2026/10/05 19:10:54 CVE QUERY: ecosystem="ubuntu:24.04:lts" package="linux-modules-extra-6.14.0-36-generic" source="linux-hwe-6.14"
2026/10/05 19:10:54 WE GOT HERE 1-1
2026/10/05 19:10:54 CVE QUERY: ecosystem="ubuntu:24.04:lts" package="linux-modules-extra-6.14.0-37-generic" source="linux-hwe-6.14"
2026/10/05 19:10:54 WE GOT HERE 1-1
2026/10/05 19:10:54 CVE QUERY: ecosystem="ubuntu:24.04:lts" package="linux-modules-extra-6.17.0-14-generic" source="linux-hwe-6.17"
2026/10/05 19:10:54 WE GOT HERE 1-1
2026/10/05 19:10:54 error auditing package linux-modules-extra-6.17.0-14-generic: found duplicate CVE entry for the package:linux-hwe-6.17 CVE-ID:USN-8277-1
2026/10/05 19:10:54 CVE QUERY: ecosystem="ubuntu:24.04:lts" package="linux-modules-extra-6.17.0-19-generic" source="linux-hwe-6.17"
2026/10/05 19:10:54 WE GOT HERE 1-1
2026/10/05 19:10:54 error auditing package linux-modules-extra-6.17.0-19-generic: found duplicate CVE entry for the package:linux-hwe-6.17 CVE-ID:USN-8277-1
2026/10/05 19:10:54 CVE QUERY: ecosystem="ubuntu:24.04:lts" package="linux-modules-extra-6.17.0-20-generic" source="linux-hwe-6.17"
2026/10/05 19:10:54 WE GOT HERE 1-1
2026/10/05 19:10:54 error auditing package linux-modules-extra-6.17.0-20-generic: found duplicate CVE entry for the package:linux-hwe-6.17 CVE-ID:USN-8277-1
2026/10/05 19:10:54 CVE QUERY: ecosystem="ubuntu:24.04:lts" package="linux-modules-extra-6.17.0-22-generic" source="linux-hwe-6.17"
2026/10/05 19:10:54 WE GOT HERE 1-1
2026/10/05 19:10:54 error auditing package linux-modules-extra-6.17.0-22-generic: found duplicate CVE entry for the package:linux-hwe-6.17 CVE-ID:USN-8277-1
2026/10/05 19:10:54 CVE QUERY: ecosystem="ubuntu:24.04:lts" package="linux-modules-extra-6.17.0-23-generic" source="linux-hwe-6.17"
2026/10/05 19:10:54 WE GOT HERE 1-1
2026/10/05 19:10:54 error auditing package linux-modules-extra-6.17.0-23-generic: found duplicate CVE entry for the package:linux-hwe-6.17 CVE-ID:USN-8277-1
2026/10/05 19:10:54 CVE QUERY: ecosystem="ubuntu:24.04:lts" package="linux-modules-extra-6.17.0-29-generic" source="linux-hwe-6.17"
2026/10/05 19:10:54 WE GOT HERE 1-1
2026/10/05 19:10:54 CVE QUERY: ecosystem="ubuntu:24.04:lts" package="linux-modules-extra-6.17.0-35-generic" source="linux-hwe-6.17"
2026/10/05 19:10:54 WE GOT HERE 1-1
2026/10/05 19:10:54 CVE QUERY: ecosystem="ubuntu:24.04:lts" package="linux-modules-extra-6.17.0-40-generic" source="linux-hwe-6.17"
2026/10/05 19:10:54 WE GOT HERE 1-1
2026/10/05 19:10:54 CVE QUERY: ecosystem="ubuntu:24.04:lts" package="linux-sound-base" source="alsa-driver"
2026/10/05 19:10:54 WE GOT HERE 12 
2026/10/05 19:10:54 CVE QUERY: ecosystem="ubuntu:24.04:lts" package="linux-tools-6.14.0-35-generic" source="linux-hwe-6.14"
2026/10/05 19:10:54 WE GOT HERE 1-1
2026/10/05 19:10:54 CVE QUERY: ecosystem="ubuntu:24.04:lts" package="linux-tools-6.8.0-142" source="linux"
2026/10/05 19:10:54 WE GOT HERE 1-1
2026/10/05 19:10:54 CVE QUERY: ecosystem="ubuntu:24.04:lts" package="linux-tools-6.8.0-142-generic" source="linux"
2026/10/05 19:10:54 WE GOT HERE 1-1
2026/10/05 19:10:54 CVE QUERY: ecosystem="ubuntu:24.04:lts" package="linux-tools-7.0.0-31-generic" source="linux-hwe-7.0"
2026/10/05 19:10:54 WE GOT HERE 1-1
2026/10/05 19:10:54 CVE QUERY: ecosystem="ubuntu:24.04:lts" package="linux-tools-7.0.0-34-generic" source="linux-hwe-7.0"
2026/10/05 19:10:54 WE GOT HERE 1-1
2026/10/05 19:10:54 CVE QUERY: ecosystem="ubuntu:24.04:lts" package="linux-tools-common" source="linux"
2026/10/05 19:10:54 WE GOT HERE 1-1
2026/10/05 19:10:54 CVE QUERY: ecosystem="ubuntu:24.04:lts" package="linux-tools-generic" source="linux-meta"
2026/10/05 19:10:54 WE GOT HERE 12 
2026/10/05 19:10:54 CVE QUERY: ecosystem="ubuntu:24.04:lts" package="llvm" source="llvm-defaults"
2026/10/05 19:10:54 WE GOT HERE 12 
2026/10/05 19:10:54 CVE QUERY: ecosystem="ubuntu:24.04:lts" package="llvm-18" source="llvm-toolchain-18"
2026/10/05 19:10:54 WE GOT HERE 12 
2026/10/05 19:10:54 CVE QUERY: ecosystem="ubuntu:24.04:lts" package="llvm-18-dev" source="llvm-toolchain-18"
2026/10/05 19:10:54 WE GOT HERE 12 
2026/10/05 19:10:54 CVE QUERY: ecosystem="ubuntu:24.04:lts" package="llvm-18-linker-tools" source="llvm-toolchain-18"
2026/10/05 19:10:54 WE GOT HERE 12 
2026/10/05 19:10:54 CVE QUERY: ecosystem="ubuntu:24.04:lts" package="llvm-18-runtime" source="llvm-toolchain-18"
2026/10/05 19:10:54 WE GOT HERE 12 
2026/10/05 19:10:54 CVE QUERY: ecosystem="ubuntu:24.04:lts" package="llvm-18-tools" source="llvm-toolchain-18"
2026/10/05 19:10:54 WE GOT HERE 12 
2026/10/05 19:10:54 CVE QUERY: ecosystem="ubuntu:24.04:lts" package="llvm-runtime:amd64" source="llvm-defaults"
2026/10/05 19:10:54 WE GOT HERE 12 
2026/10/05 19:10:54 CVE QUERY: ecosystem="ubuntu:24.04:lts" package="lm-sensors" source=""
2026/10/05 19:10:54 WE GOT HERE 12 
2026/10/05 19:10:54 CVE QUERY: ecosystem="ubuntu:24.04:lts" package="locales" source="glibc"
2026/10/05 19:10:54 WE GOT HERE 1-1
2026/10/05 19:10:54 CVE QUERY: ecosystem="ubuntu:24.04:lts" package="login" source="shadow"
2026/10/05 19:10:54 WE GOT HERE 12 
2026/10/05 19:10:54 CVE QUERY: ecosystem="ubuntu:24.04:lts" package="logrotate" source=""
2026/10/05 19:10:54 WE GOT HERE 12 
2026/10/05 19:10:54 CVE QUERY: ecosystem="ubuntu:24.04:lts" package="logsave" source="e2fsprogs"
2026/10/05 19:10:54 WE GOT HERE 12 
2026/10/05 19:10:54 CVE QUERY: ecosystem="ubuntu:24.04:lts" package="lolcat" source=""
2026/10/05 19:10:54 WE GOT HERE 12 
2026/10/05 19:10:54 CVE QUERY: ecosystem="ubuntu:24.04:lts" package="lp-solve" source=""
2026/10/05 19:10:54 WE GOT HERE 12 
2026/10/05 19:10:54 CVE QUERY: ecosystem="ubuntu:24.04:lts" package="lsb-release" source="lsb-release-minimal"
2026/10/05 19:10:54 WE GOT HERE 12 
2026/10/05 19:10:54 CVE QUERY: ecosystem="ubuntu:24.04:lts" package="lshw" source=""
2026/10/05 19:10:54 WE GOT HERE 12 
2026/10/05 19:10:54 CVE QUERY: ecosystem="ubuntu:24.04:lts" package="lsof" source=""
2026/10/05 19:10:54 WE GOT HERE 12 
2026/10/05 19:10:54 CVE QUERY: ecosystem="ubuntu:24.04:lts" package="lto-disabled-list" source=""
2026/10/05 19:10:54 WE GOT HERE 12 
2026/10/05 19:10:54 CVE QUERY: ecosystem="ubuntu:24.04:lts" package="ltrace" source=""
2026/10/05 19:10:54 WE GOT HERE 12 
2026/10/05 19:10:54 CVE QUERY: ecosystem="ubuntu:24.04:lts" package="lvm2" source=""
2026/10/05 19:10:54 WE GOT HERE 12 
2026/10/05 19:10:54 CVE QUERY: ecosystem="ubuntu:24.04:lts" package="make" source="make-dfsg"
2026/10/05 19:10:54 WE GOT HERE 12 
2026/10/05 19:10:54 CVE QUERY: ecosystem="ubuntu:24.04:lts" package="man-db" source=""
2026/10/05 19:10:54 WE GOT HERE 12 
2026/10/05 19:10:54 CVE QUERY: ecosystem="ubuntu:24.04:lts" package="manpages" source=""
2026/10/05 19:10:54 WE GOT HERE 12 
2026/10/05 19:10:54 CVE QUERY: ecosystem="ubuntu:24.04:lts" package="manpages-dev" source="manpages"
2026/10/05 19:10:54 WE GOT HERE 12 
2026/10/05 19:10:54 CVE QUERY: ecosystem="ubuntu:24.04:lts" package="mawk" source=""
2026/10/05 19:10:54 WE GOT HERE 12 
2026/10/05 19:10:54 CVE QUERY: ecosystem="ubuntu:24.04:lts" package="mdevctl" source=""
2026/10/05 19:10:54 WE GOT HERE 12 
2026/10/05 19:10:54 CVE QUERY: ecosystem="ubuntu:24.04:lts" package="media-player-info" source=""
2026/10/05 19:10:54 WE GOT HERE 12 
2026/10/05 19:10:54 CVE QUERY: ecosystem="ubuntu:24.04:lts" package="media-types" source=""
2026/10/05 19:10:54 WE GOT HERE 12 
2026/10/05 19:10:54 CVE QUERY: ecosystem="ubuntu:24.04:lts" package="megasync" source=""
2026/10/05 19:10:54 WE GOT HERE 12 
2026/10/05 19:10:54 CVE QUERY: ecosystem="ubuntu:24.04:lts" package="memtest86+" source=""
2026/10/05 19:10:54 WE GOT HERE 12 
2026/10/05 19:10:54 CVE QUERY: ecosystem="ubuntu:24.04:lts" package="mesa-libgallium:amd64" source="mesa"
2026/10/05 19:10:54 WE GOT HERE 12 
2026/10/05 19:10:54 CVE QUERY: ecosystem="ubuntu:24.04:lts" package="mesa-libgallium:i386" source="mesa"
2026/10/05 19:10:54 WE GOT HERE 12 
2026/10/05 19:10:54 CVE QUERY: ecosystem="ubuntu:24.04:lts" package="mesa-utils" source="mesa-demos"
2026/10/05 19:10:54 WE GOT HERE 12 
2026/10/05 19:10:54 CVE QUERY: ecosystem="ubuntu:24.04:lts" package="mesa-utils-bin:amd64" source="mesa-demos"
2026/10/05 19:10:54 WE GOT HERE 12 
2026/10/05 19:10:54 CVE QUERY: ecosystem="ubuntu:24.04:lts" package="mesa-va-drivers:amd64" source="mesa"
2026/10/05 19:10:54 WE GOT HERE 12 
2026/10/05 19:10:54 CVE QUERY: ecosystem="ubuntu:24.04:lts" package="mesa-va-drivers:i386" source="mesa"
2026/10/05 19:10:54 WE GOT HERE 12 
2026/10/05 19:10:54 CVE QUERY: ecosystem="ubuntu:24.04:lts" package="mesa-vdpau-drivers:amd64" source="mesa"
2026/10/05 19:10:54 WE GOT HERE 12 
2026/10/05 19:10:54 CVE QUERY: ecosystem="ubuntu:24.04:lts" package="mesa-vdpau-drivers:i386" source="mesa"
2026/10/05 19:10:54 WE GOT HERE 12 
2026/10/05 19:10:54 CVE QUERY: ecosystem="ubuntu:24.04:lts" package="mesa-vulkan-drivers:amd64" source="mesa"
2026/10/05 19:10:54 WE GOT HERE 12 
2026/10/05 19:10:54 CVE QUERY: ecosystem="ubuntu:24.04:lts" package="mesa-vulkan-drivers:i386" source="mesa"
2026/10/05 19:10:54 WE GOT HERE 12 
2026/10/05 19:10:54 CVE QUERY: ecosystem="ubuntu:24.04:lts" package="migrate" source=""
2026/10/05 19:10:54 WE GOT HERE 12 
2026/10/05 19:10:54 CVE QUERY: ecosystem="ubuntu:24.04:lts" package="milou" source=""
2026/10/05 19:10:54 WE GOT HERE 12 
2026/10/05 19:10:54 CVE QUERY: ecosystem="ubuntu:24.04:lts" package="mobile-broadband-provider-info" source=""
2026/10/05 19:10:54 WE GOT HERE 12 
2026/10/05 19:10:54 CVE QUERY: ecosystem="ubuntu:24.04:lts" package="modemmanager" source=""
2026/10/05 19:10:54 WE GOT HERE 12 
2026/10/05 19:10:54 CVE QUERY: ecosystem="ubuntu:24.04:lts" package="mokutil" source=""
2026/10/05 19:10:54 WE GOT HERE 12 
2026/10/05 19:10:54 CVE QUERY: ecosystem="ubuntu:24.04:lts" package="mount" source="util-linux"
2026/10/05 19:10:54 WE GOT HERE 12 
2026/10/05 19:10:54 CVE QUERY: ecosystem="ubuntu:24.04:lts" package="mpv" source=""
2026/10/05 19:10:54 WE GOT HERE 12 
2026/10/05 19:10:54 CVE QUERY: ecosystem="ubuntu:24.04:lts" package="mscompress" source=""
2026/10/05 19:10:54 WE GOT HERE 12 
2026/10/05 19:10:54 CVE QUERY: ecosystem="ubuntu:24.04:lts" package="msr-tools" source=""
2026/10/05 19:10:54 WE GOT HERE 12 
2026/10/05 19:10:54 CVE QUERY: ecosystem="ubuntu:24.04:lts" package="mtd-utils" source=""
2026/10/05 19:10:54 WE GOT HERE 12 
2026/10/05 19:10:54 CVE QUERY: ecosystem="ubuntu:24.04:lts" package="mtr-tiny" source="mtr"
2026/10/05 19:10:54 WE GOT HERE 12 
2026/10/05 19:10:54 CVE QUERY: ecosystem="ubuntu:24.04:lts" package="mutter-common" source="mutter"
2026/10/05 19:10:54 WE GOT HERE 12 
2026/10/05 19:10:54 CVE QUERY: ecosystem="ubuntu:24.04:lts" package="mutter-common-bin" source="mutter"
2026/10/05 19:10:54 WE GOT HERE 12 
2026/10/05 19:10:54 CVE QUERY: ecosystem="ubuntu:24.04:lts" package="mysql-common" source="mysql-defaults"
2026/10/05 19:10:54 WE GOT HERE 12 
2026/10/05 19:10:54 CVE QUERY: ecosystem="ubuntu:24.04:lts" package="nano" source=""
2026/10/05 19:10:54 WE GOT HERE 12 
2026/10/05 19:10:54 CVE QUERY: ecosystem="ubuntu:24.04:lts" package="ncompress" source=""
2026/10/05 19:10:54 WE GOT HERE 12 
2026/10/05 19:10:54 CVE QUERY: ecosystem="ubuntu:24.04:lts" package="ncurses-base" source="ncurses"
2026/10/05 19:10:54 WE GOT HERE 12 
2026/10/05 19:10:54 CVE QUERY: ecosystem="ubuntu:24.04:lts" package="ncurses-bin" source="ncurses"
2026/10/05 19:10:54 WE GOT HERE 12 
2026/10/05 19:10:54 CVE QUERY: ecosystem="ubuntu:24.04:lts" package="neochat" source=""
2026/10/05 19:10:54 WE GOT HERE 12 
2026/10/05 19:10:54 CVE QUERY: ecosystem="ubuntu:24.04:lts" package="net-tools" source=""
2026/10/05 19:10:54 WE GOT HERE 12 
2026/10/05 19:10:54 CVE QUERY: ecosystem="ubuntu:24.04:lts" package="netbase" source=""
2026/10/05 19:10:54 WE GOT HERE 12 
2026/10/05 19:10:54 CVE QUERY: ecosystem="ubuntu:24.04:lts" package="netcat-openbsd" source=""
2026/10/05 19:10:54 WE GOT HERE 12 
2026/10/05 19:10:54 CVE QUERY: ecosystem="ubuntu:24.04:lts" package="netdiscover" source=""
2026/10/05 19:10:54 WE GOT HERE 12 
2026/10/05 19:10:54 CVE QUERY: ecosystem="ubuntu:24.04:lts" package="netpbm" source="netpbm-free"
2026/10/05 19:10:54 WE GOT HERE 12 
2026/10/05 19:10:54 CVE QUERY: ecosystem="ubuntu:24.04:lts" package="netplan-generator" source="netplan.io"
2026/10/05 19:10:54 WE GOT HERE 12 
2026/10/05 19:10:54 CVE QUERY: ecosystem="ubuntu:24.04:lts" package="netplan.io" source=""
2026/10/05 19:10:54 WE GOT HERE 12 
2026/10/05 19:10:54 CVE QUERY: ecosystem="ubuntu:24.04:lts" package="netstandard-targeting-pack-2.1-8.0" source="dotnet8"
2026/10/05 19:10:54 WE GOT HERE 12 
2026/10/05 19:10:54 CVE QUERY: ecosystem="ubuntu:24.04:lts" package="network-manager" source=""
2026/10/05 19:10:54 WE GOT HERE 12 
2026/10/05 19:10:54 CVE QUERY: ecosystem="ubuntu:24.04:lts" package="network-manager-gnome" source="network-manager-applet"
2026/10/05 19:10:54 WE GOT HERE 12 
2026/10/05 19:10:54 CVE QUERY: ecosystem="ubuntu:24.04:lts" package="network-manager-openconnect" source=""
2026/10/05 19:10:54 WE GOT HERE 12 
2026/10/05 19:10:54 CVE QUERY: ecosystem="ubuntu:24.04:lts" package="network-manager-openvpn" source=""
2026/10/05 19:10:54 WE GOT HERE 12 
2026/10/05 19:10:54 CVE QUERY: ecosystem="ubuntu:24.04:lts" package="network-manager-pptp" source=""
2026/10/05 19:10:54 WE GOT HERE 12 
2026/10/05 19:10:54 CVE QUERY: ecosystem="ubuntu:24.04:lts" package="networkd-dispatcher" source=""
2026/10/05 19:10:54 WE GOT HERE 12 
2026/10/05 19:10:54 CVE QUERY: ecosystem="ubuntu:24.04:lts" package="nftables" source=""
2026/10/05 19:10:54 WE GOT HERE 12 
2026/10/05 19:10:54 CVE QUERY: ecosystem="ubuntu:24.04:lts" package="nginx" source=""
2026/10/05 19:10:54 WE GOT HERE 1-1
2026/10/05 19:10:54 Safe Package {Name:nginx Version:1.24.0-2ubuntu7.18 PURL: Source:{SourceName: SourceVersion:}}
2026/10/05 19:10:54 CVE QUERY: ecosystem="ubuntu:24.04:lts" package="nginx-common" source="nginx"
2026/10/05 19:10:54 WE GOT HERE 1-1
2026/10/05 19:10:54 CVE QUERY: ecosystem="ubuntu:24.04:lts" package="ngrok" source="ngrok"
2026/10/05 19:10:54 WE GOT HERE 12 
2026/10/05 19:10:54 CVE QUERY: ecosystem="ubuntu:24.04:lts" package="nmap" source=""
2026/10/05 19:10:54 WE GOT HERE 12 
2026/10/05 19:10:54 CVE QUERY: ecosystem="ubuntu:24.04:lts" package="nmap-common" source="nmap"
2026/10/05 19:10:54 WE GOT HERE 12 
2026/10/05 19:10:54 CVE QUERY: ecosystem="ubuntu:24.04:lts" package="nodejs" source=""
2026/10/05 19:10:54 WE GOT HERE 12 
2026/10/05 19:10:54 CVE QUERY: ecosystem="ubuntu:24.04:lts" package="nordvpn" source=""
2026/10/05 19:10:54 WE GOT HERE 12 
2026/10/05 19:10:54 CVE QUERY: ecosystem="ubuntu:24.04:lts" package="nordvpn-gui" source=""
2026/10/05 19:10:54 WE GOT HERE 12 
2026/10/05 19:10:54 CVE QUERY: ecosystem="ubuntu:24.04:lts" package="ntfs-3g" source=""
2026/10/05 19:10:54 WE GOT HERE 12 
2026/10/05 19:10:54 CVE QUERY: ecosystem="ubuntu:24.04:lts" package="numactl" source=""
2026/10/05 19:10:54 WE GOT HERE 12 
2026/10/05 19:10:54 CVE QUERY: ecosystem="ubuntu:24.04:lts" package="obs-studio" source=""
2026/10/05 19:10:54 WE GOT HERE 12 
2026/10/05 19:10:54 CVE QUERY: ecosystem="ubuntu:24.04:lts" package="ocl-icd-libopencl1:amd64" source="ocl-icd"
2026/10/05 19:10:54 WE GOT HERE 12 
2026/10/05 19:10:54 CVE QUERY: ecosystem="ubuntu:24.04:lts" package="ocl-icd-libopencl1:i386" source="ocl-icd"
2026/10/05 19:10:54 WE GOT HERE 12 
2026/10/05 19:10:54 CVE QUERY: ecosystem="ubuntu:24.04:lts" package="okular" source=""
2026/10/05 19:10:54 WE GOT HERE 12 
2026/10/05 19:10:54 CVE QUERY: ecosystem="ubuntu:24.04:lts" package="okular-extra-backends" source="okular"
2026/10/05 19:10:54 WE GOT HERE 12 
2026/10/05 19:10:54 CVE QUERY: ecosystem="ubuntu:24.04:lts" package="openconnect" source=""
2026/10/05 19:10:54 WE GOT HERE 12 
2026/10/05 19:10:54 CVE QUERY: ecosystem="ubuntu:24.04:lts" package="openjdk-21-jdk:amd64" source="openjdk-21"
2026/10/05 19:10:54 WE GOT HERE 12 
2026/10/05 19:10:54 CVE QUERY: ecosystem="ubuntu:24.04:lts" package="openjdk-21-jdk-headless:amd64" source="openjdk-21"
2026/10/05 19:10:54 WE GOT HERE 12 
2026/10/05 19:10:54 CVE QUERY: ecosystem="ubuntu:24.04:lts" package="openjdk-21-jre:amd64" source="openjdk-21"
2026/10/05 19:10:54 WE GOT HERE 12 
2026/10/05 19:10:54 CVE QUERY: ecosystem="ubuntu:24.04:lts" package="openjdk-21-jre-headless:amd64" source="openjdk-21"
2026/10/05 19:10:54 WE GOT HERE 12 
2026/10/05 19:10:54 CVE QUERY: ecosystem="ubuntu:24.04:lts" package="openoffice.org-hyphenation" source=""
2026/10/05 19:10:54 WE GOT HERE 12 
2026/10/05 19:10:54 CVE QUERY: ecosystem="ubuntu:24.04:lts" package="openprinting-ppds" source="foomatic-db"
2026/10/05 19:10:54 WE GOT HERE 12 
2026/10/05 19:10:54 CVE QUERY: ecosystem="ubuntu:24.04:lts" package="openssh-client" source="openssh"
2026/10/05 19:10:54 WE GOT HERE 1-1
2026/10/05 19:10:54 CVE QUERY: ecosystem="ubuntu:24.04:lts" package="openssl" source=""
2026/10/05 19:10:54 WE GOT HERE 1-1
2026/10/05 19:10:54 Safe Package {Name:openssl Version:3.0.13-0ubuntu3.16 PURL: Source:{SourceName: SourceVersion:}}
2026/10/05 19:10:54 CVE QUERY: ecosystem="ubuntu:24.04:lts" package="openvpn" source=""
2026/10/05 19:10:54 WE GOT HERE 1-1
2026/10/05 19:10:54 Safe Package {Name:openvpn Version:2.6.19-0ubuntu0.24.04.4 PURL: Source:{SourceName: SourceVersion:}}
2026/10/05 19:10:54 CVE QUERY: ecosystem="ubuntu:24.04:lts" package="orca" source=""
2026/10/05 19:10:54 WE GOT HERE 12 
2026/10/05 19:10:54 CVE QUERY: ecosystem="ubuntu:24.04:lts" package="os-prober" source=""
2026/10/05 19:10:54 WE GOT HERE 12 
2026/10/05 19:10:54 CVE QUERY: ecosystem="ubuntu:24.04:lts" package="osinfo-db" source=""
2026/10/05 19:10:54 WE GOT HERE 12 
2026/10/05 19:10:54 CVE QUERY: ecosystem="ubuntu:24.04:lts" package="ovmf" source="edk2"
2026/10/05 19:10:54 WE GOT HERE 12 
2026/10/05 19:10:54 CVE QUERY: ecosystem="ubuntu:24.04:lts" package="oxygen-sounds" source=""
2026/10/05 19:10:54 WE GOT HERE 12 
2026/10/05 19:10:54 CVE QUERY: ecosystem="ubuntu:24.04:lts" package="p11-kit" source=""
2026/10/05 19:10:54 WE GOT HERE 12 
2026/10/05 19:10:54 CVE QUERY: ecosystem="ubuntu:24.04:lts" package="p11-kit-modules:amd64" source="p11-kit"
2026/10/05 19:10:54 WE GOT HERE 12 
2026/10/05 19:10:54 CVE QUERY: ecosystem="ubuntu:24.04:lts" package="p7zip-full" source="p7zip"
2026/10/05 19:10:54 WE GOT HERE 1-1
2026/10/05 19:10:54 CVE QUERY: ecosystem="ubuntu:24.04:lts" package="packagekit" source=""
2026/10/05 19:10:54 WE GOT HERE 12 
2026/10/05 19:10:54 CVE QUERY: ecosystem="ubuntu:24.04:lts" package="packagekit-tools" source="packagekit"
2026/10/05 19:10:54 WE GOT HERE 12 
2026/10/05 19:10:54 CVE QUERY: ecosystem="ubuntu:24.04:lts" package="par2" source="par2cmdline"
2026/10/05 19:10:54 WE GOT HERE 12 
2026/10/05 19:10:54 CVE QUERY: ecosystem="ubuntu:24.04:lts" package="parted" source=""
2026/10/05 19:10:54 WE GOT HERE 12 
2026/10/05 19:10:54 CVE QUERY: ecosystem="ubuntu:24.04:lts" package="partitionmanager" source=""
2026/10/05 19:10:54 WE GOT HERE 12 
2026/10/05 19:10:54 CVE QUERY: ecosystem="ubuntu:24.04:lts" package="passwd" source="shadow"
2026/10/05 19:10:54 WE GOT HERE 12 
2026/10/05 19:10:54 CVE QUERY: ecosystem="ubuntu:24.04:lts" package="pastebinit" source=""
2026/10/05 19:10:54 WE GOT HERE 12 
2026/10/05 19:10:54 CVE QUERY: ecosystem="ubuntu:24.04:lts" package="patch" source=""
2026/10/05 19:10:54 WE GOT HERE 12 
2026/10/05 19:10:54 CVE QUERY: ecosystem="ubuntu:24.04:lts" package="pci.ids" source=""
2026/10/05 19:10:54 WE GOT HERE 12 
2026/10/05 19:10:54 CVE QUERY: ecosystem="ubuntu:24.04:lts" package="pciutils" source=""
2026/10/05 19:10:54 WE GOT HERE 12 
2026/10/05 19:10:54 CVE QUERY: ecosystem="ubuntu:24.04:lts" package="pcmciautils" source=""
2026/10/05 19:10:54 WE GOT HERE 12 
2026/10/05 19:10:54 CVE QUERY: ecosystem="ubuntu:24.04:lts" package="perl" source=""
2026/10/05 19:10:54 WE GOT HERE 1-1
2026/10/05 19:10:54 Safe Package {Name:perl Version:5.38.2-3.2ubuntu0.6 PURL: Source:{SourceName: SourceVersion:}}
2026/10/05 19:10:54 CVE QUERY: ecosystem="ubuntu:24.04:lts" package="perl-base" source="perl"
2026/10/05 19:10:54 WE GOT HERE 1-1
2026/10/05 19:10:54 CVE QUERY: ecosystem="ubuntu:24.04:lts" package="perl-modules-5.38" source="perl"
2026/10/05 19:10:54 WE GOT HERE 1-1
2026/10/05 19:10:54 CVE QUERY: ecosystem="ubuntu:24.04:lts" package="perl-openssl-defaults:amd64" source=""
2026/10/05 19:10:54 WE GOT HERE 12 
2026/10/05 19:10:54 CVE QUERY: ecosystem="ubuntu:24.04:lts" package="phonon-backend-vlc-common" source="phonon-backend-vlc"
2026/10/05 19:10:54 WE GOT HERE 12 
2026/10/05 19:10:54 CVE QUERY: ecosystem="ubuntu:24.04:lts" package="phonon4qt5:amd64" source="phonon"
2026/10/05 19:10:54 WE GOT HERE 12 
2026/10/05 19:10:54 CVE QUERY: ecosystem="ubuntu:24.04:lts" package="phonon4qt5-backend-vlc:amd64" source="phonon-backend-vlc"
2026/10/05 19:10:54 WE GOT HERE 12 
2026/10/05 19:10:54 CVE QUERY: ecosystem="ubuntu:24.04:lts" package="phonon4qt5settings" source="phonon"
2026/10/05 19:10:54 WE GOT HERE 12 
2026/10/05 19:10:54 CVE QUERY: ecosystem="ubuntu:24.04:lts" package="pigz" source=""
2026/10/05 19:10:54 WE GOT HERE 12 
2026/10/05 19:10:54 CVE QUERY: ecosystem="ubuntu:24.04:lts" package="pinentry-gnome3" source="pinentry"
2026/10/05 19:10:54 WE GOT HERE 12 
2026/10/05 19:10:54 CVE QUERY: ecosystem="ubuntu:24.04:lts" package="pinentry-qt" source="pinentry"
2026/10/05 19:10:54 WE GOT HERE 12 
2026/10/05 19:10:54 CVE QUERY: ecosystem="ubuntu:24.04:lts" package="pipewire:amd64" source=""
2026/10/05 19:10:54 WE GOT HERE 12 
2026/10/05 19:10:54 CVE QUERY: ecosystem="ubuntu:24.04:lts" package="pipewire-alsa:amd64" source="pipewire"
2026/10/05 19:10:54 WE GOT HERE 12 
2026/10/05 19:10:54 CVE QUERY: ecosystem="ubuntu:24.04:lts" package="pipewire-audio" source="pipewire"
2026/10/05 19:10:54 WE GOT HERE 12 
2026/10/05 19:10:54 CVE QUERY: ecosystem="ubuntu:24.04:lts" package="pipewire-bin" source="pipewire"
2026/10/05 19:10:54 WE GOT HERE 12 
2026/10/05 19:10:54 CVE QUERY: ecosystem="ubuntu:24.04:lts" package="pipewire-pulse" source="pipewire"
2026/10/05 19:10:54 WE GOT HERE 12 
2026/10/05 19:10:54 CVE QUERY: ecosystem="ubuntu:24.04:lts" package="pkexec" source="policykit-1"
2026/10/05 19:10:54 WE GOT HERE 12 
2026/10/05 19:10:54 CVE QUERY: ecosystem="ubuntu:24.04:lts" package="pkg-config:amd64" source="pkgconf"
2026/10/05 19:10:54 WE GOT HERE 12 
2026/10/05 19:10:54 CVE QUERY: ecosystem="ubuntu:24.04:lts" package="pkgconf:amd64" source=""
2026/10/05 19:10:54 WE GOT HERE 12 
2026/10/05 19:10:54 CVE QUERY: ecosystem="ubuntu:24.04:lts" package="pkgconf-bin" source="pkgconf"
2026/10/05 19:10:54 WE GOT HERE 12 
2026/10/05 19:10:54 CVE QUERY: ecosystem="ubuntu:24.04:lts" package="plasma-browser-integration" source=""
2026/10/05 19:10:54 WE GOT HERE 12 
2026/10/05 19:10:54 CVE QUERY: ecosystem="ubuntu:24.04:lts" package="plasma-calendar-addons:amd64" source="kdeplasma-addons"
2026/10/05 19:10:54 WE GOT HERE 12 
2026/10/05 19:10:54 CVE QUERY: ecosystem="ubuntu:24.04:lts" package="plasma-dataengines-addons:amd64" source="kdeplasma-addons"
2026/10/05 19:10:54 WE GOT HERE 12 
2026/10/05 19:10:54 CVE QUERY: ecosystem="ubuntu:24.04:lts" package="plasma-desktop" source=""
2026/10/05 19:10:54 WE GOT HERE 12 
2026/10/05 19:10:54 CVE QUERY: ecosystem="ubuntu:24.04:lts" package="plasma-desktop-data" source="plasma-desktop"
2026/10/05 19:10:54 WE GOT HERE 12 
2026/10/05 19:10:54 CVE QUERY: ecosystem="ubuntu:24.04:lts" package="plasma-discover" source=""
2026/10/05 19:10:54 WE GOT HERE 12 
2026/10/05 19:10:54 CVE QUERY: ecosystem="ubuntu:24.04:lts" package="plasma-discover-backend-fwupd" source="plasma-discover"
2026/10/05 19:10:54 WE GOT HERE 12 
2026/10/05 19:10:54 CVE QUERY: ecosystem="ubuntu:24.04:lts" package="plasma-discover-backend-snap" source="plasma-discover"
2026/10/05 19:10:54 WE GOT HERE 12 
2026/10/05 19:10:54 CVE QUERY: ecosystem="ubuntu:24.04:lts" package="plasma-discover-common" source="plasma-discover"
2026/10/05 19:10:54 WE GOT HERE 12 
2026/10/05 19:10:54 CVE QUERY: ecosystem="ubuntu:24.04:lts" package="plasma-discover-notifier" source="plasma-discover"
2026/10/05 19:10:54 WE GOT HERE 12 
2026/10/05 19:10:54 CVE QUERY: ecosystem="ubuntu:24.04:lts" package="plasma-disks" source=""
2026/10/05 19:10:54 WE GOT HERE 12 
2026/10/05 19:10:54 CVE QUERY: ecosystem="ubuntu:24.04:lts" package="plasma-distro-release-notifier" source=""
2026/10/05 19:10:54 WE GOT HERE 12 
2026/10/05 19:10:54 CVE QUERY: ecosystem="ubuntu:24.04:lts" package="plasma-firewall" source=""
2026/10/05 19:10:54 WE GOT HERE 12 
2026/10/05 19:10:54 CVE QUERY: ecosystem="ubuntu:24.04:lts" package="plasma-framework" source=""
2026/10/05 19:10:54 WE GOT HERE 12 
2026/10/05 19:10:54 CVE QUERY: ecosystem="ubuntu:24.04:lts" package="plasma-integration" source=""
2026/10/05 19:10:54 WE GOT HERE 12 
2026/10/05 19:10:54 CVE QUERY: ecosystem="ubuntu:24.04:lts" package="plasma-nm" source=""
2026/10/05 19:10:54 WE GOT HERE 12 
2026/10/05 19:10:54 CVE QUERY: ecosystem="ubuntu:24.04:lts" package="plasma-pa" source=""
2026/10/05 19:10:54 WE GOT HERE 12 
2026/10/05 19:10:54 CVE QUERY: ecosystem="ubuntu:24.04:lts" package="plasma-systemmonitor" source=""
2026/10/05 19:10:54 WE GOT HERE 12 
2026/10/05 19:10:54 CVE QUERY: ecosystem="ubuntu:24.04:lts" package="plasma-theme-oxygen" source="oxygen"
2026/10/05 19:10:54 WE GOT HERE 12 
2026/10/05 19:10:54 CVE QUERY: ecosystem="ubuntu:24.04:lts" package="plasma-thunderbolt" source=""
2026/10/05 19:10:54 WE GOT HERE 12 
2026/10/05 19:10:54 CVE QUERY: ecosystem="ubuntu:24.04:lts" package="plasma-vault" source=""
2026/10/05 19:10:54 WE GOT HERE 12 
2026/10/05 19:10:54 CVE QUERY: ecosystem="ubuntu:24.04:lts" package="plasma-wallpapers-addons:amd64" source="kdeplasma-addons"
2026/10/05 19:10:54 WE GOT HERE 12 
2026/10/05 19:10:54 CVE QUERY: ecosystem="ubuntu:24.04:lts" package="plasma-welcome" source=""
2026/10/05 19:10:54 WE GOT HERE 12 
2026/10/05 19:10:54 CVE QUERY: ecosystem="ubuntu:24.04:lts" package="plasma-widgets-addons" source="kdeplasma-addons"
2026/10/05 19:10:54 WE GOT HERE 12 
2026/10/05 19:10:54 CVE QUERY: ecosystem="ubuntu:24.04:lts" package="plasma-workspace" source=""
2026/10/05 19:10:54 WE GOT HERE 12 
2026/10/05 19:10:54 CVE QUERY: ecosystem="ubuntu:24.04:lts" package="plasma-workspace-data" source="plasma-workspace"
2026/10/05 19:10:54 WE GOT HERE 12 
2026/10/05 19:10:54 CVE QUERY: ecosystem="ubuntu:24.04:lts" package="plasma-workspace-wallpapers" source=""
2026/10/05 19:10:54 WE GOT HERE 12 
2026/10/05 19:10:54 CVE QUERY: ecosystem="ubuntu:24.04:lts" package="plocate" source=""
2026/10/05 19:10:54 WE GOT HERE 12 
2026/10/05 19:10:54 CVE QUERY: ecosystem="ubuntu:24.04:lts" package="plymouth" source=""
2026/10/05 19:10:54 WE GOT HERE 12 
2026/10/05 19:10:54 CVE QUERY: ecosystem="ubuntu:24.04:lts" package="plymouth-label" source="plymouth"
2026/10/05 19:10:54 WE GOT HERE 12 
2026/10/05 19:10:54 CVE QUERY: ecosystem="ubuntu:24.04:lts" package="plymouth-theme-breeze" source="breeze-plymouth"
2026/10/05 19:10:54 WE GOT HERE 12 
2026/10/05 19:10:54 CVE QUERY: ecosystem="ubuntu:24.04:lts" package="plymouth-theme-kubuntu-logo" source="kubuntu-settings"
2026/10/05 19:10:54 WE GOT HERE 12 
2026/10/05 19:10:54 CVE QUERY: ecosystem="ubuntu:24.04:lts" package="plymouth-theme-kubuntu-text" source="kubuntu-settings"
2026/10/05 19:10:54 WE GOT HERE 12 
2026/10/05 19:10:54 CVE QUERY: ecosystem="ubuntu:24.04:lts" package="plymouth-theme-spinner" source="plymouth"
2026/10/05 19:10:54 WE GOT HERE 12 
2026/10/05 19:10:54 CVE QUERY: ecosystem="ubuntu:24.04:lts" package="plymouth-theme-ubuntu-text" source="plymouth"
2026/10/05 19:10:54 WE GOT HERE 12 
2026/10/05 19:10:54 CVE QUERY: ecosystem="ubuntu:24.04:lts" package="pocketsphinx-en-us" source="pocketsphinx"
2026/10/05 19:10:54 WE GOT HERE 12 
2026/10/05 19:10:54 CVE QUERY: ecosystem="ubuntu:24.04:lts" package="policykit-1" source=""
2026/10/05 19:10:54 WE GOT HERE 12 
2026/10/05 19:10:54 CVE QUERY: ecosystem="ubuntu:24.04:lts" package="policykit-desktop-privileges" source=""
2026/10/05 19:10:54 WE GOT HERE 12 
2026/10/05 19:10:54 CVE QUERY: ecosystem="ubuntu:24.04:lts" package="polkit-kde-agent-1" source=""
2026/10/05 19:10:54 WE GOT HERE 12 
2026/10/05 19:10:54 CVE QUERY: ecosystem="ubuntu:24.04:lts" package="polkitd" source="policykit-1"
2026/10/05 19:10:54 WE GOT HERE 12 
2026/10/05 19:10:54 CVE QUERY: ecosystem="ubuntu:24.04:lts" package="poppler-data" source=""
2026/10/05 19:10:54 WE GOT HERE 12 
2026/10/05 19:10:54 CVE QUERY: ecosystem="ubuntu:24.04:lts" package="poppler-utils" source="poppler"
2026/10/05 19:10:54 WE GOT HERE 12 
2026/10/05 19:10:54 CVE QUERY: ecosystem="ubuntu:24.04:lts" package="power-profiles-daemon" source=""
2026/10/05 19:10:54 WE GOT HERE 12 
2026/10/05 19:10:54 CVE QUERY: ecosystem="ubuntu:24.04:lts" package="powerdevil" source=""
2026/10/05 19:10:54 WE GOT HERE 12 
2026/10/05 19:10:54 CVE QUERY: ecosystem="ubuntu:24.04:lts" package="powerdevil-data" source="powerdevil"
2026/10/05 19:10:54 WE GOT HERE 12 
2026/10/05 19:10:54 CVE QUERY: ecosystem="ubuntu:24.04:lts" package="powermgmt-base" source=""
2026/10/05 19:10:54 WE GOT HERE 12 
2026/10/05 19:10:54 CVE QUERY: ecosystem="ubuntu:24.04:lts" package="ppa-purge" source=""
2026/10/05 19:10:54 WE GOT HERE 12 
2026/10/05 19:10:54 CVE QUERY: ecosystem="ubuntu:24.04:lts" package="ppp" source=""
2026/10/05 19:10:54 WE GOT HERE 12 
2026/10/05 19:10:54 CVE QUERY: ecosystem="ubuntu:24.04:lts" package="pptp-linux" source=""
2026/10/05 19:10:54 WE GOT HERE 12 
2026/10/05 19:10:54 CVE QUERY: ecosystem="ubuntu:24.04:lts" package="print-manager" source=""
2026/10/05 19:10:54 WE GOT HERE 12 
2026/10/05 19:10:54 CVE QUERY: ecosystem="ubuntu:24.04:lts" package="printer-driver-brlaser" source="brlaser"
2026/10/05 19:10:54 WE GOT HERE 12 
2026/10/05 19:10:54 CVE QUERY: ecosystem="ubuntu:24.04:lts" package="printer-driver-c2esp" source="c2esp"
2026/10/05 19:10:54 WE GOT HERE 12 
2026/10/05 19:10:54 CVE QUERY: ecosystem="ubuntu:24.04:lts" package="printer-driver-foo2zjs" source="foo2zjs"
2026/10/05 19:10:54 WE GOT HERE 12 
2026/10/05 19:10:54 CVE QUERY: ecosystem="ubuntu:24.04:lts" package="printer-driver-foo2zjs-common" source="foo2zjs"
2026/10/05 19:10:54 WE GOT HERE 12 
2026/10/05 19:10:54 CVE QUERY: ecosystem="ubuntu:24.04:lts" package="printer-driver-gutenprint" source="gutenprint"
2026/10/05 19:10:54 WE GOT HERE 12 
2026/10/05 19:10:54 CVE QUERY: ecosystem="ubuntu:24.04:lts" package="printer-driver-hpcups" source="hplip"
2026/10/05 19:10:54 WE GOT HERE 12 
2026/10/05 19:10:54 CVE QUERY: ecosystem="ubuntu:24.04:lts" package="printer-driver-m2300w" source="m2300w"
2026/10/05 19:10:54 WE GOT HERE 12 
2026/10/05 19:10:54 CVE QUERY: ecosystem="ubuntu:24.04:lts" package="printer-driver-min12xxw" source="min12xxw"
2026/10/05 19:10:54 WE GOT HERE 12 
2026/10/05 19:10:54 CVE QUERY: ecosystem="ubuntu:24.04:lts" package="printer-driver-pnm2ppa" source="pnm2ppa"
2026/10/05 19:10:54 WE GOT HERE 12 
2026/10/05 19:10:54 CVE QUERY: ecosystem="ubuntu:24.04:lts" package="printer-driver-postscript-hp" source="hplip"
2026/10/05 19:10:54 WE GOT HERE 12 
2026/10/05 19:10:54 CVE QUERY: ecosystem="ubuntu:24.04:lts" package="printer-driver-ptouch" source="ptouch-driver"
2026/10/05 19:10:54 WE GOT HERE 12 
2026/10/05 19:10:54 CVE QUERY: ecosystem="ubuntu:24.04:lts" package="printer-driver-pxljr" source="pxljr"
2026/10/05 19:10:54 WE GOT HERE 12 
2026/10/05 19:10:54 CVE QUERY: ecosystem="ubuntu:24.04:lts" package="printer-driver-sag-gdi" source="rastertosag-gdi"
2026/10/05 19:10:54 WE GOT HERE 12 
2026/10/05 19:10:54 CVE QUERY: ecosystem="ubuntu:24.04:lts" package="printer-driver-splix" source="splix"
2026/10/05 19:10:54 WE GOT HERE 12 
2026/10/05 19:10:54 CVE QUERY: ecosystem="ubuntu:24.04:lts" package="procps" source=""
2026/10/05 19:10:54 WE GOT HERE 12 
2026/10/05 19:10:54 CVE QUERY: ecosystem="ubuntu:24.04:lts" package="proj-bin" source="proj"
2026/10/05 19:10:54 WE GOT HERE 12 
2026/10/05 19:10:54 CVE QUERY: ecosystem="ubuntu:24.04:lts" package="proj-data" source="proj"
2026/10/05 19:10:54 WE GOT HERE 12 
2026/10/05 19:10:54 CVE QUERY: ecosystem="ubuntu:24.04:lts" package="proton-vpn-daemon" source=""
2026/10/05 19:10:54 WE GOT HERE 12 
2026/10/05 19:10:54 CVE QUERY: ecosystem="ubuntu:24.04:lts" package="protonvpn-stable-release" source=""
2026/10/05 19:10:54 WE GOT HERE 12 
2026/10/05 19:10:54 CVE QUERY: ecosystem="ubuntu:24.04:lts" package="psmisc" source=""
2026/10/05 19:10:54 WE GOT HERE 12 
2026/10/05 19:10:54 CVE QUERY: ecosystem="ubuntu:24.04:lts" package="publicsuffix" source=""
2026/10/05 19:10:54 WE GOT HERE 12 
2026/10/05 19:10:54 CVE QUERY: ecosystem="ubuntu:24.04:lts" package="pulseaudio-utils" source="pulseaudio"
2026/10/05 19:10:54 WE GOT HERE 12 
2026/10/05 19:10:54 CVE QUERY: ecosystem="ubuntu:24.04:lts" package="pyqt5-dev-tools" source="pyqt5"
2026/10/05 19:10:54 WE GOT HERE 12 
2026/10/05 19:10:54 CVE QUERY: ecosystem="ubuntu:24.04:lts" package="pyqt6-dev-tools" source="pyqt6"
2026/10/05 19:10:54 WE GOT HERE 12 
2026/10/05 19:10:54 CVE QUERY: ecosystem="ubuntu:24.04:lts" package="python-apt-common" source="python-apt"
2026/10/05 19:10:54 WE GOT HERE 12 
2026/10/05 19:10:54 CVE QUERY: ecosystem="ubuntu:24.04:lts" package="python-matplotlib-data" source="matplotlib"
2026/10/05 19:10:54 WE GOT HERE 12 
2026/10/05 19:10:54 CVE QUERY: ecosystem="ubuntu:24.04:lts" package="python3" source="python3-defaults"
2026/10/05 19:10:54 WE GOT HERE 12 
2026/10/05 19:10:54 CVE QUERY: ecosystem="ubuntu:24.04:lts" package="python3-appdirs" source="appdirs"
2026/10/05 19:10:54 WE GOT HERE 12 
2026/10/05 19:10:54 CVE QUERY: ecosystem="ubuntu:24.04:lts" package="python3-apport" source="apport"
2026/10/05 19:10:54 WE GOT HERE 12 
2026/10/05 19:10:54 CVE QUERY: ecosystem="ubuntu:24.04:lts" package="python3-apt" source="python-apt"
2026/10/05 19:10:54 WE GOT HERE 12 
2026/10/05 19:10:54 CVE QUERY: ecosystem="ubuntu:24.04:lts" package="python3-aptdaemon" source="aptdaemon"
2026/10/05 19:10:54 WE GOT HERE 12 
2026/10/05 19:10:54 CVE QUERY: ecosystem="ubuntu:24.04:lts" package="python3-aptdaemon.gtk3widgets" source="aptdaemon"
2026/10/05 19:10:54 WE GOT HERE 12 
2026/10/05 19:10:54 CVE QUERY: ecosystem="ubuntu:24.04:lts" package="python3-asn1crypto" source="asn1crypto"
2026/10/05 19:10:54 WE GOT HERE 12 
2026/10/05 19:10:54 CVE QUERY: ecosystem="ubuntu:24.04:lts" package="python3-attr" source="python-attrs"
2026/10/05 19:10:54 WE GOT HERE 12 
2026/10/05 19:10:54 CVE QUERY: ecosystem="ubuntu:24.04:lts" package="python3-binwalk" source="binwalk"
2026/10/05 19:10:54 WE GOT HERE 12 
2026/10/05 19:10:54 CVE QUERY: ecosystem="ubuntu:24.04:lts" package="python3-blinker" source="blinker"
2026/10/05 19:10:54 WE GOT HERE 12 
2026/10/05 19:10:54 CVE QUERY: ecosystem="ubuntu:24.04:lts" package="python3-bpfcc" source="bpfcc"
2026/10/05 19:10:54 WE GOT HERE 12 
2026/10/05 19:10:54 CVE QUERY: ecosystem="ubuntu:24.04:lts" package="python3-brlapi:amd64" source="brltty"
2026/10/05 19:10:54 WE GOT HERE 12 
2026/10/05 19:10:54 CVE QUERY: ecosystem="ubuntu:24.04:lts" package="python3-brotli" source="brotli"
2026/10/05 19:10:54 WE GOT HERE 12 
2026/10/05 19:10:54 CVE QUERY: ecosystem="ubuntu:24.04:lts" package="python3-bs4" source="beautifulsoup4"
2026/10/05 19:10:54 WE GOT HERE 12 
2026/10/05 19:10:54 CVE QUERY: ecosystem="ubuntu:24.04:lts" package="python3-cairo" source="pycairo"
2026/10/05 19:10:54 WE GOT HERE 12 
2026/10/05 19:10:54 CVE QUERY: ecosystem="ubuntu:24.04:lts" package="python3-certifi" source="python-certifi"
2026/10/05 19:10:54 WE GOT HERE 12 
2026/10/05 19:10:54 CVE QUERY: ecosystem="ubuntu:24.04:lts" package="python3-cffi-backend:amd64" source="python-cffi"
2026/10/05 19:10:54 WE GOT HERE 12 
2026/10/05 19:10:54 CVE QUERY: ecosystem="ubuntu:24.04:lts" package="python3-chardet" source="chardet"
2026/10/05 19:10:54 WE GOT HERE 12 
2026/10/05 19:10:54 CVE QUERY: ecosystem="ubuntu:24.04:lts" package="python3-charset-normalizer" source="python-charset-normalizer"
2026/10/05 19:10:54 WE GOT HERE 12 
2026/10/05 19:10:54 CVE QUERY: ecosystem="ubuntu:24.04:lts" package="python3-cliapp" source="python-cliapp"
2026/10/05 19:10:54 WE GOT HERE 12 
2026/10/05 19:10:54 CVE QUERY: ecosystem="ubuntu:24.04:lts" package="python3-click" source="python-click"
2026/10/05 19:10:54 WE GOT HERE 12 
2026/10/05 19:10:54 CVE QUERY: ecosystem="ubuntu:24.04:lts" package="python3-colorama" source="python-colorama"
2026/10/05 19:10:54 WE GOT HERE 12 
2026/10/05 19:10:54 CVE QUERY: ecosystem="ubuntu:24.04:lts" package="python3-commandnotfound" source="command-not-found"
2026/10/05 19:10:54 WE GOT HERE 12 
2026/10/05 19:10:54 CVE QUERY: ecosystem="ubuntu:24.04:lts" package="python3-contourpy" source="contourpy"
2026/10/05 19:10:54 WE GOT HERE 12 
2026/10/05 19:10:54 CVE QUERY: ecosystem="ubuntu:24.04:lts" package="python3-cryptography" source="python-cryptography"
2026/10/05 19:10:54 WE GOT HERE 1-1
2026/10/05 19:10:54 CVE QUERY: ecosystem="ubuntu:24.04:lts" package="python3-cssselect" source="python-cssselect"
2026/10/05 19:10:54 WE GOT HERE 12 
2026/10/05 19:10:54 CVE QUERY: ecosystem="ubuntu:24.04:lts" package="python3-cups:amd64" source="python-cups"
2026/10/05 19:10:54 WE GOT HERE 12 
2026/10/05 19:10:54 CVE QUERY: ecosystem="ubuntu:24.04:lts" package="python3-cupshelpers" source="system-config-printer"
2026/10/05 19:10:54 WE GOT HERE 12 
2026/10/05 19:10:54 CVE QUERY: ecosystem="ubuntu:24.04:lts" package="python3-cycler" source="python-cycler"
2026/10/05 19:10:54 WE GOT HERE 12 
2026/10/05 19:10:54 CVE QUERY: ecosystem="ubuntu:24.04:lts" package="python3-dateutil" source="python-dateutil"
2026/10/05 19:10:54 WE GOT HERE 12 
2026/10/05 19:10:54 CVE QUERY: ecosystem="ubuntu:24.04:lts" package="python3-dbus" source="dbus-python"
2026/10/05 19:10:54 WE GOT HERE 12 
2026/10/05 19:10:54 CVE QUERY: ecosystem="ubuntu:24.04:lts" package="python3-dbus.mainloop.pyqt5" source="pyqt5"
2026/10/05 19:10:54 WE GOT HERE 12 
2026/10/05 19:10:54 CVE QUERY: ecosystem="ubuntu:24.04:lts" package="python3-debconf" source="debconf"
2026/10/05 19:10:54 WE GOT HERE 12 
2026/10/05 19:10:54 CVE QUERY: ecosystem="ubuntu:24.04:lts" package="python3-debian" source="python-debian"
2026/10/05 19:10:54 WE GOT HERE 12 
2026/10/05 19:10:54 CVE QUERY: ecosystem="ubuntu:24.04:lts" package="python3-decorator" source="python-decorator"
2026/10/05 19:10:54 WE GOT HERE 12 
2026/10/05 19:10:54 CVE QUERY: ecosystem="ubuntu:24.04:lts" package="python3-defer" source="python-defer"
2026/10/05 19:10:54 WE GOT HERE 12 
2026/10/05 19:10:54 CVE QUERY: ecosystem="ubuntu:24.04:lts" package="python3-defusedxml" source="defusedxml"
2026/10/05 19:10:54 WE GOT HERE 12 
2026/10/05 19:10:54 CVE QUERY: ecosystem="ubuntu:24.04:lts" package="python3-dev" source="python3-defaults"
2026/10/05 19:10:54 WE GOT HERE 12 
2026/10/05 19:10:54 CVE QUERY: ecosystem="ubuntu:24.04:lts" package="python3-distro" source="python-distro"
2026/10/05 19:10:54 WE GOT HERE 12 
2026/10/05 19:10:54 CVE QUERY: ecosystem="ubuntu:24.04:lts" package="python3-distro-info" source="distro-info"
2026/10/05 19:10:54 WE GOT HERE 12 
2026/10/05 19:10:54 CVE QUERY: ecosystem="ubuntu:24.04:lts" package="python3-distupgrade" source="ubuntu-release-upgrader"
2026/10/05 19:10:54 WE GOT HERE 12 
2026/10/05 19:10:54 CVE QUERY: ecosystem="ubuntu:24.04:lts" package="python3-fonttools" source="fonttools"
2026/10/05 19:10:54 WE GOT HERE 12 
2026/10/05 19:10:54 CVE QUERY: ecosystem="ubuntu:24.04:lts" package="python3-fs" source="python-fs"
2026/10/05 19:10:54 WE GOT HERE 12 
2026/10/05 19:10:54 CVE QUERY: ecosystem="ubuntu:24.04:lts" package="python3-fuse" source="python-fuse"
2026/10/05 19:10:54 WE GOT HERE 12 
2026/10/05 19:10:54 CVE QUERY: ecosystem="ubuntu:24.04:lts" package="python3-gdbm:amd64" source="python3-stdlib-extensions"
2026/10/05 19:10:54 WE GOT HERE 12 
2026/10/05 19:10:54 CVE QUERY: ecosystem="ubuntu:24.04:lts" package="python3-gi" source="pygobject"
2026/10/05 19:10:54 WE GOT HERE 12 
2026/10/05 19:10:54 CVE QUERY: ecosystem="ubuntu:24.04:lts" package="python3-gi-cairo" source="pygobject"
2026/10/05 19:10:54 WE GOT HERE 12 
2026/10/05 19:10:54 CVE QUERY: ecosystem="ubuntu:24.04:lts" package="python3-gpg" source="gpgme1.0"
2026/10/05 19:10:54 WE GOT HERE 12 
2026/10/05 19:10:54 CVE QUERY: ecosystem="ubuntu:24.04:lts" package="python3-h11" source="python-h11"
2026/10/05 19:10:54 WE GOT HERE 1-1
2026/10/05 19:10:54 CVE QUERY: ecosystem="ubuntu:24.04:lts" package="python3-html5lib" source="html5lib"
2026/10/05 19:10:54 WE GOT HERE 12 
2026/10/05 19:10:54 CVE QUERY: ecosystem="ubuntu:24.04:lts" package="python3-httplib2" source="python-httplib2"
2026/10/05 19:10:54 WE GOT HERE 12 
2026/10/05 19:10:54 CVE QUERY: ecosystem="ubuntu:24.04:lts" package="python3-ibus-1.0" source="ibus"
2026/10/05 19:10:54 WE GOT HERE 12 
2026/10/05 19:10:54 CVE QUERY: ecosystem="ubuntu:24.04:lts" package="python3-idna" source="python-idna"
2026/10/05 19:10:54 WE GOT HERE 12 
2026/10/05 19:10:54 CVE QUERY: ecosystem="ubuntu:24.04:lts" package="python3-importlib-metadata" source="python-importlib-metadata"
2026/10/05 19:10:54 WE GOT HERE 12 
2026/10/05 19:10:54 CVE QUERY: ecosystem="ubuntu:24.04:lts" package="python3-jaraco.classes" source="jaraco.classes"
2026/10/05 19:10:54 WE GOT HERE 12 
2026/10/05 19:10:54 CVE QUERY: ecosystem="ubuntu:24.04:lts" package="python3-jeepney" source="jeepney"
2026/10/05 19:10:54 WE GOT HERE 12 
2026/10/05 19:10:54 CVE QUERY: ecosystem="ubuntu:24.04:lts" package="python3-json-pointer" source="python-json-pointer"
2026/10/05 19:10:54 WE GOT HERE 12 
2026/10/05 19:10:54 CVE QUERY: ecosystem="ubuntu:24.04:lts" package="python3-jsonschema" source="python-jsonschema"
2026/10/05 19:10:54 WE GOT HERE 12 
2026/10/05 19:10:54 CVE QUERY: ecosystem="ubuntu:24.04:lts" package="python3-jwt" source="pyjwt"
2026/10/05 19:10:54 WE GOT HERE 12 
2026/10/05 19:10:54 CVE QUERY: ecosystem="ubuntu:24.04:lts" package="python3-keyring" source="python-keyring"
2026/10/05 19:10:54 WE GOT HERE 12 
2026/10/05 19:10:54 CVE QUERY: ecosystem="ubuntu:24.04:lts" package="python3-kiwisolver" source="kiwisolver"
2026/10/05 19:10:54 WE GOT HERE 12 
2026/10/05 19:10:54 CVE QUERY: ecosystem="ubuntu:24.04:lts" package="python3-launchpadlib" source="python-launchpadlib"
2026/10/05 19:10:54 WE GOT HERE 12 
2026/10/05 19:10:54 CVE QUERY: ecosystem="ubuntu:24.04:lts" package="python3-lazr.restfulclient" source="lazr.restfulclient"
2026/10/05 19:10:54 WE GOT HERE 12 
2026/10/05 19:10:54 CVE QUERY: ecosystem="ubuntu:24.04:lts" package="python3-lazr.uri" source="lazr.uri"
2026/10/05 19:10:54 WE GOT HERE 12 
2026/10/05 19:10:54 CVE QUERY: ecosystem="ubuntu:24.04:lts" package="python3-ldb" source="samba"
2026/10/05 19:10:54 WE GOT HERE 12 
2026/10/05 19:10:54 CVE QUERY: ecosystem="ubuntu:24.04:lts" package="python3-libevdev" source="python-libevdev"
2026/10/05 19:10:54 WE GOT HERE 12 
2026/10/05 19:10:54 CVE QUERY: ecosystem="ubuntu:24.04:lts" package="python3-libvirt" source="libvirt-python"
2026/10/05 19:10:54 WE GOT HERE 12 
2026/10/05 19:10:54 CVE QUERY: ecosystem="ubuntu:24.04:lts" package="python3-libxml2:amd64" source="libxml2"
2026/10/05 19:10:54 WE GOT HERE 12 
2026/10/05 19:10:54 CVE QUERY: ecosystem="ubuntu:24.04:lts" package="python3-louis" source="liblouis"
2026/10/05 19:10:54 WE GOT HERE 12 
2026/10/05 19:10:54 CVE QUERY: ecosystem="ubuntu:24.04:lts" package="python3-lxml:amd64" source="lxml"
2026/10/05 19:10:54 WE GOT HERE 12 
2026/10/05 19:10:54 CVE QUERY: ecosystem="ubuntu:24.04:lts" package="python3-lz4" source="python-lz4"
2026/10/05 19:10:54 WE GOT HERE 12 
2026/10/05 19:10:54 CVE QUERY: ecosystem="ubuntu:24.04:lts" package="python3-markdown" source="python-markdown"
2026/10/05 19:10:54 WE GOT HERE 12 
2026/10/05 19:10:54 CVE QUERY: ecosystem="ubuntu:24.04:lts" package="python3-markdown-it" source="markdown-it-py"
2026/10/05 19:10:54 WE GOT HERE 12 
2026/10/05 19:10:54 CVE QUERY: ecosystem="ubuntu:24.04:lts" package="python3-matplotlib" source="matplotlib"
2026/10/05 19:10:54 WE GOT HERE 12 
2026/10/05 19:10:54 CVE QUERY: ecosystem="ubuntu:24.04:lts" package="python3-mdurl" source="mdurl"
2026/10/05 19:10:54 WE GOT HERE 12 
2026/10/05 19:10:54 CVE QUERY: ecosystem="ubuntu:24.04:lts" package="python3-mechanize" source="python-mechanize"
2026/10/05 19:10:54 WE GOT HERE 12 
2026/10/05 19:10:54 CVE QUERY: ecosystem="ubuntu:24.04:lts" package="python3-minimal" source="python3-defaults"
2026/10/05 19:10:54 WE GOT HERE 12 
2026/10/05 19:10:54 CVE QUERY: ecosystem="ubuntu:24.04:lts" package="python3-mlt" source="mlt"
2026/10/05 19:10:54 WE GOT HERE 12 
2026/10/05 19:10:54 CVE QUERY: ecosystem="ubuntu:24.04:lts" package="python3-more-itertools" source="more-itertools"
2026/10/05 19:10:54 WE GOT HERE 12 
2026/10/05 19:10:54 CVE QUERY: ecosystem="ubuntu:24.04:lts" package="python3-mpmath" source="mpmath"
2026/10/05 19:10:54 WE GOT HERE 12 
2026/10/05 19:10:54 CVE QUERY: ecosystem="ubuntu:24.04:lts" package="python3-multidict" source="python-multidict"
2026/10/05 19:10:54 WE GOT HERE 12 
2026/10/05 19:10:54 CVE QUERY: ecosystem="ubuntu:24.04:lts" package="python3-mutagen" source="mutagen"
2026/10/05 19:10:54 WE GOT HERE 12 
2026/10/05 19:10:54 CVE QUERY: ecosystem="ubuntu:24.04:lts" package="python3-netaddr" source="python-netaddr"
2026/10/05 19:10:54 WE GOT HERE 12 
2026/10/05 19:10:54 CVE QUERY: ecosystem="ubuntu:24.04:lts" package="python3-netifaces:amd64" source="netifaces"
2026/10/05 19:10:54 WE GOT HERE 12 
2026/10/05 19:10:54 CVE QUERY: ecosystem="ubuntu:24.04:lts" package="python3-netplan" source="netplan.io"
2026/10/05 19:10:54 WE GOT HERE 12 
2026/10/05 19:10:54 CVE QUERY: ecosystem="ubuntu:24.04:lts" package="python3-numpy" source="numpy"
2026/10/05 19:10:54 WE GOT HERE 12 
2026/10/05 19:10:54 CVE QUERY: ecosystem="ubuntu:24.04:lts" package="python3-oauthlib" source="python-oauthlib"
2026/10/05 19:10:54 WE GOT HERE 12 
2026/10/05 19:10:54 CVE QUERY: ecosystem="ubuntu:24.04:lts" package="python3-olefile" source="olefile"
2026/10/05 19:10:54 WE GOT HERE 12 
2026/10/05 19:10:54 CVE QUERY: ecosystem="ubuntu:24.04:lts" package="python3-opencv:amd64" source="opencv"
2026/10/05 19:10:54 WE GOT HERE 12 
2026/10/05 19:10:54 CVE QUERY: ecosystem="ubuntu:24.04:lts" package="python3-opengl" source="pyopengl"
2026/10/05 19:10:54 WE GOT HERE 12 
2026/10/05 19:10:54 CVE QUERY: ecosystem="ubuntu:24.04:lts" package="python3-openssl" source="pyopenssl"
2026/10/05 19:10:54 WE GOT HERE 12 
2026/10/05 19:10:54 CVE QUERY: ecosystem="ubuntu:24.04:lts" package="python3-packaging" source="python-packaging"
2026/10/05 19:10:54 WE GOT HERE 12 
2026/10/05 19:10:54 CVE QUERY: ecosystem="ubuntu:24.04:lts" package="python3-pexpect" source="pexpect"
2026/10/05 19:10:54 WE GOT HERE 12 
2026/10/05 19:10:54 CVE QUERY: ecosystem="ubuntu:24.04:lts" package="python3-pil:amd64" source="pillow"
2026/10/05 19:10:54 WE GOT HERE 1-1
2026/10/05 19:10:54 CVE QUERY: ecosystem="ubuntu:24.04:lts" package="python3-pil.imagetk:amd64" source="pillow"
2026/10/05 19:10:54 WE GOT HERE 1-1
2026/10/05 19:10:54 CVE QUERY: ecosystem="ubuntu:24.04:lts" package="python3-pip" source="python-pip"
2026/10/05 19:10:54 WE GOT HERE 12 
2026/10/05 19:10:54 CVE QUERY: ecosystem="ubuntu:24.04:lts" package="python3-pip-whl" source="python-pip"
2026/10/05 19:10:54 WE GOT HERE 12 
2026/10/05 19:10:54 CVE QUERY: ecosystem="ubuntu:24.04:lts" package="python3-pkg-resources" source="setuptools"
2026/10/05 19:10:54 WE GOT HERE 12 
2026/10/05 19:10:54 CVE QUERY: ecosystem="ubuntu:24.04:lts" package="python3-problem-report" source="apport"
2026/10/05 19:10:54 WE GOT HERE 12 
2026/10/05 19:10:54 CVE QUERY: ecosystem="ubuntu:24.04:lts" package="python3-ptyprocess" source="ptyprocess"
2026/10/05 19:10:54 WE GOT HERE 12 
2026/10/05 19:10:54 CVE QUERY: ecosystem="ubuntu:24.04:lts" package="python3-pyaudio" source="python-pyaudio"
2026/10/05 19:10:54 WE GOT HERE 12 
2026/10/05 19:10:54 CVE QUERY: ecosystem="ubuntu:24.04:lts" package="python3-pycryptodome" source="pycryptodome"
2026/10/05 19:10:54 WE GOT HERE 12 
2026/10/05 19:10:54 CVE QUERY: ecosystem="ubuntu:24.04:lts" package="python3-pygments" source="pygments"
2026/10/05 19:10:54 WE GOT HERE 12 
2026/10/05 19:10:54 CVE QUERY: ecosystem="ubuntu:24.04:lts" package="python3-pylibacl:amd64" source="python-pylibacl"
2026/10/05 19:10:54 WE GOT HERE 12 
2026/10/05 19:10:54 CVE QUERY: ecosystem="ubuntu:24.04:lts" package="python3-pyparsing" source="pyparsing"
2026/10/05 19:10:54 WE GOT HERE 12 
2026/10/05 19:10:54 CVE QUERY: ecosystem="ubuntu:24.04:lts" package="python3-pyqt5" source="pyqt5"
2026/10/05 19:10:54 WE GOT HERE 12 
2026/10/05 19:10:54 CVE QUERY: ecosystem="ubuntu:24.04:lts" package="python3-pyqt5.qtopengl" source="pyqt5"
2026/10/05 19:10:54 WE GOT HERE 12 
2026/10/05 19:10:54 CVE QUERY: ecosystem="ubuntu:24.04:lts" package="python3-pyqt5.qtwebchannel" source="pyqt5"
2026/10/05 19:10:54 WE GOT HERE 12 
2026/10/05 19:10:54 CVE QUERY: ecosystem="ubuntu:24.04:lts" package="python3-pyqt5.qtwebengine" source="pyqt5webengine"
2026/10/05 19:10:54 WE GOT HERE 12 
2026/10/05 19:10:54 CVE QUERY: ecosystem="ubuntu:24.04:lts" package="python3-pyqt5.sip" source="pyqt5-sip"
2026/10/05 19:10:54 WE GOT HERE 12 
2026/10/05 19:10:54 CVE QUERY: ecosystem="ubuntu:24.04:lts" package="python3-pyqt6" source="pyqt6"
2026/10/05 19:10:54 WE GOT HERE 12 
2026/10/05 19:10:54 CVE QUERY: ecosystem="ubuntu:24.04:lts" package="python3-pyqt6.sip" source="pyqt6-sip"
2026/10/05 19:10:54 WE GOT HERE 12 
2026/10/05 19:10:54 CVE QUERY: ecosystem="ubuntu:24.04:lts" package="python3-pyqtgraph" source="python-pyqtgraph"
2026/10/05 19:10:54 WE GOT HERE 12 
2026/10/05 19:10:54 CVE QUERY: ecosystem="ubuntu:24.04:lts" package="python3-pyrsistent:amd64" source="pyrsistent"
2026/10/05 19:10:54 WE GOT HERE 12 
2026/10/05 19:10:54 CVE QUERY: ecosystem="ubuntu:24.04:lts" package="python3-pyudev" source="pyudev"
2026/10/05 19:10:54 WE GOT HERE 12 
2026/10/05 19:10:54 CVE QUERY: ecosystem="ubuntu:24.04:lts" package="python3-pyxattr:amd64" source="python-pyxattr"
2026/10/05 19:10:54 WE GOT HERE 12 
2026/10/05 19:10:54 CVE QUERY: ecosystem="ubuntu:24.04:lts" package="python3-requests" source="requests"
2026/10/05 19:10:54 WE GOT HERE 12 
2026/10/05 19:10:54 CVE QUERY: ecosystem="ubuntu:24.04:lts" package="python3-requests-toolbelt" source="python-requests-toolbelt"
2026/10/05 19:10:54 WE GOT HERE 12 
2026/10/05 19:10:54 CVE QUERY: ecosystem="ubuntu:24.04:lts" package="python3-rich" source="rich"
2026/10/05 19:10:54 WE GOT HERE 12 
2026/10/05 19:10:54 CVE QUERY: ecosystem="ubuntu:24.04:lts" package="python3-samba" source="samba"
2026/10/05 19:10:54 WE GOT HERE 12 
2026/10/05 19:10:54 CVE QUERY: ecosystem="ubuntu:24.04:lts" package="python3-scipy" source="scipy"
2026/10/05 19:10:54 WE GOT HERE 12 
2026/10/05 19:10:54 CVE QUERY: ecosystem="ubuntu:24.04:lts" package="python3-secretstorage" source="python-secretstorage"
2026/10/05 19:10:54 WE GOT HERE 12 
2026/10/05 19:10:54 CVE QUERY: ecosystem="ubuntu:24.04:lts" package="python3-send2trash" source="send2trash"
2026/10/05 19:10:54 WE GOT HERE 12 
2026/10/05 19:10:54 CVE QUERY: ecosystem="ubuntu:24.04:lts" package="python3-setuptools" source="setuptools"
2026/10/05 19:10:54 WE GOT HERE 12 
2026/10/05 19:10:54 CVE QUERY: ecosystem="ubuntu:24.04:lts" package="python3-setuptools-whl" source="setuptools"
2026/10/05 19:10:54 WE GOT HERE 12 
2026/10/05 19:10:54 CVE QUERY: ecosystem="ubuntu:24.04:lts" package="python3-six" source="six"
2026/10/05 19:10:54 WE GOT HERE 12 
2026/10/05 19:10:54 CVE QUERY: ecosystem="ubuntu:24.04:lts" package="python3-socks" source="python-socksipy"
2026/10/05 19:10:54 WE GOT HERE 12 
2026/10/05 19:10:54 CVE QUERY: ecosystem="ubuntu:24.04:lts" package="python3-software-properties" source="software-properties"
2026/10/05 19:10:54 WE GOT HERE 12 
2026/10/05 19:10:54 CVE QUERY: ecosystem="ubuntu:24.04:lts" package="python3-soupsieve" source="soupsieve"
2026/10/05 19:10:54 WE GOT HERE 12 
2026/10/05 19:10:54 CVE QUERY: ecosystem="ubuntu:24.04:lts" package="python3-speechd" source="speech-dispatcher"
2026/10/05 19:10:54 WE GOT HERE 12 
2026/10/05 19:10:54 CVE QUERY: ecosystem="ubuntu:24.04:lts" package="python3-sympy" source="sympy"
2026/10/05 19:10:54 WE GOT HERE 12 
2026/10/05 19:10:54 CVE QUERY: ecosystem="ubuntu:24.04:lts" package="python3-systemd" source="python-systemd"
2026/10/05 19:10:54 WE GOT HERE 12 
2026/10/05 19:10:54 CVE QUERY: ecosystem="ubuntu:24.04:lts" package="python3-talloc:amd64" source="talloc"
2026/10/05 19:10:54 WE GOT HERE 12 
2026/10/05 19:10:54 CVE QUERY: ecosystem="ubuntu:24.04:lts" package="python3-tdb" source="tdb"
2026/10/05 19:10:54 WE GOT HERE 12 
2026/10/05 19:10:54 CVE QUERY: ecosystem="ubuntu:24.04:lts" package="python3-tk:amd64" source="python3-stdlib-extensions"
2026/10/05 19:10:54 WE GOT HERE 12 
2026/10/05 19:10:54 CVE QUERY: ecosystem="ubuntu:24.04:lts" package="python3-tornado" source="python-tornado"
2026/10/05 19:10:54 WE GOT HERE 12 
2026/10/05 19:10:54 CVE QUERY: ecosystem="ubuntu:24.04:lts" package="python3-ttystatus" source="python-ttystatus"
2026/10/05 19:10:54 WE GOT HERE 12 
2026/10/05 19:10:54 CVE QUERY: ecosystem="ubuntu:24.04:lts" package="python3-typing-extensions" source="python-typing-extensions"
2026/10/05 19:10:54 WE GOT HERE 12 
2026/10/05 19:10:54 CVE QUERY: ecosystem="ubuntu:24.04:lts" package="python3-tz" source="python-tz"
2026/10/05 19:10:54 WE GOT HERE 12 
2026/10/05 19:10:54 CVE QUERY: ecosystem="ubuntu:24.04:lts" package="python3-ufolib2" source="ufolib2"
2026/10/05 19:10:54 WE GOT HERE 12 
2026/10/05 19:10:54 CVE QUERY: ecosystem="ubuntu:24.04:lts" package="python3-unicodedata2" source="python-unicodedata2"
2026/10/05 19:10:54 WE GOT HERE 12 
2026/10/05 19:10:54 CVE QUERY: ecosystem="ubuntu:24.04:lts" package="python3-uno" source="libreoffice"
2026/10/05 19:10:54 WE GOT HERE 1-1
2026/10/05 19:10:54 CVE QUERY: ecosystem="ubuntu:24.04:lts" package="python3-update-manager" source="update-manager"
2026/10/05 19:10:54 WE GOT HERE 12 
2026/10/05 19:10:54 CVE QUERY: ecosystem="ubuntu:24.04:lts" package="python3-urllib3" source="python-urllib3"
2026/10/05 19:10:54 WE GOT HERE 1-1
2026/10/05 19:10:54 CVE QUERY: ecosystem="ubuntu:24.04:lts" package="python3-uvicorn" source="python-uvicorn"
2026/10/05 19:10:54 WE GOT HERE 12 
2026/10/05 19:10:54 CVE QUERY: ecosystem="ubuntu:24.04:lts" package="python3-uvloop" source="uvloop"
2026/10/05 19:10:54 WE GOT HERE 12 
2026/10/05 19:10:54 CVE QUERY: ecosystem="ubuntu:24.04:lts" package="python3-venv" source="python3-defaults"
2026/10/05 19:10:54 WE GOT HERE 12 
2026/10/05 19:10:54 CVE QUERY: ecosystem="ubuntu:24.04:lts" package="python3-wadllib" source="python-wadllib"
2026/10/05 19:10:54 WE GOT HERE 12 
2026/10/05 19:10:54 CVE QUERY: ecosystem="ubuntu:24.04:lts" package="python3-webencodings" source="python-webencodings"
2026/10/05 19:10:54 WE GOT HERE 12 
2026/10/05 19:10:54 CVE QUERY: ecosystem="ubuntu:24.04:lts" package="python3-websockets" source="python-websockets"
2026/10/05 19:10:54 WE GOT HERE 12 
2026/10/05 19:10:54 CVE QUERY: ecosystem="ubuntu:24.04:lts" package="python3-wheel" source="wheel"
2026/10/05 19:10:54 WE GOT HERE 12 
2026/10/05 19:10:54 CVE QUERY: ecosystem="ubuntu:24.04:lts" package="python3-wsproto" source="python-wsproto"
2026/10/05 19:10:54 WE GOT HERE 12 
2026/10/05 19:10:54 CVE QUERY: ecosystem="ubuntu:24.04:lts" package="python3-xdg" source="pyxdg"
2026/10/05 19:10:54 WE GOT HERE 12 
2026/10/05 19:10:54 CVE QUERY: ecosystem="ubuntu:24.04:lts" package="python3-xkit" source="x-kit"
2026/10/05 19:10:54 WE GOT HERE 12 
2026/10/05 19:10:54 CVE QUERY: ecosystem="ubuntu:24.04:lts" package="python3-yaml" source="pyyaml"
2026/10/05 19:10:54 WE GOT HERE 12 
2026/10/05 19:10:54 CVE QUERY: ecosystem="ubuntu:24.04:lts" package="python3-zipp" source="python-zipp"
2026/10/05 19:10:54 WE GOT HERE 12 
2026/10/05 19:10:54 CVE QUERY: ecosystem="ubuntu:24.04:lts" package="python3-zombie-imp" source="python-zombie-imp"
2026/10/05 19:10:54 WE GOT HERE 12 
2026/10/05 19:10:54 CVE QUERY: ecosystem="ubuntu:24.04:lts" package="python3.12" source=""
2026/10/05 19:10:54 WE GOT HERE 1-1
2026/10/05 19:10:54 Safe Package {Name:python3.12 Version:3.12.3-1ubuntu0.17 PURL: Source:{SourceName: SourceVersion:}}
2026/10/05 19:10:54 CVE QUERY: ecosystem="ubuntu:24.04:lts" package="python3.12-dev" source="python3.12"
2026/10/05 19:10:54 WE GOT HERE 1-1
2026/10/05 19:10:54 CVE QUERY: ecosystem="ubuntu:24.04:lts" package="python3.12-minimal" source="python3.12"
2026/10/05 19:10:54 WE GOT HERE 1-1
2026/10/05 19:10:54 CVE QUERY: ecosystem="ubuntu:24.04:lts" package="python3.12-venv" source="python3.12"
2026/10/05 19:10:54 WE GOT HERE 1-1
2026/10/05 19:10:54 CVE QUERY: ecosystem="ubuntu:24.04:lts" package="qapt-batch" source="libqapt"
2026/10/05 19:10:54 WE GOT HERE 12 
2026/10/05 19:10:54 CVE QUERY: ecosystem="ubuntu:24.04:lts" package="qapt-deb-installer" source="libqapt"
2026/10/05 19:10:54 WE GOT HERE 12 
2026/10/05 19:10:54 CVE QUERY: ecosystem="ubuntu:24.04:lts" package="qbittorrent" source=""
2026/10/05 19:10:54 WE GOT HERE 12 
2026/10/05 19:10:54 CVE QUERY: ecosystem="ubuntu:24.04:lts" package="qdbus-qt5" source="qttools-opensource-src"
2026/10/05 19:10:54 WE GOT HERE 12 
2026/10/05 19:10:54 CVE QUERY: ecosystem="ubuntu:24.04:lts" package="qemu-block-extra" source="qemu"
2026/10/05 19:10:54 WE GOT HERE 1-1
2026/10/05 19:10:54 CVE QUERY: ecosystem="ubuntu:24.04:lts" package="qemu-system-common" source="qemu"
2026/10/05 19:10:54 WE GOT HERE 1-1
2026/10/05 19:10:54 CVE QUERY: ecosystem="ubuntu:24.04:lts" package="qemu-system-data" source="qemu"
2026/10/05 19:10:54 WE GOT HERE 1-1
2026/10/05 19:10:54 CVE QUERY: ecosystem="ubuntu:24.04:lts" package="qemu-system-gui" source="qemu"
2026/10/05 19:10:54 WE GOT HERE 1-1
2026/10/05 19:10:54 CVE QUERY: ecosystem="ubuntu:24.04:lts" package="qemu-system-modules-opengl" source="qemu"
2026/10/05 19:10:54 WE GOT HERE 1-1
2026/10/05 19:10:54 CVE QUERY: ecosystem="ubuntu:24.04:lts" package="qemu-system-modules-spice" source="qemu"
2026/10/05 19:10:54 WE GOT HERE 1-1
2026/10/05 19:10:54 CVE QUERY: ecosystem="ubuntu:24.04:lts" package="qemu-system-x86" source="qemu"
2026/10/05 19:10:54 WE GOT HERE 1-1
2026/10/05 19:10:54 CVE QUERY: ecosystem="ubuntu:24.04:lts" package="qemu-user" source="qemu"
2026/10/05 19:10:54 WE GOT HERE 1-1
2026/10/05 19:10:54 CVE QUERY: ecosystem="ubuntu:24.04:lts" package="qemu-user-static" source="qemu"
2026/10/05 19:10:54 WE GOT HERE 1-1
2026/10/05 19:10:54 CVE QUERY: ecosystem="ubuntu:24.04:lts" package="qemu-utils" source="qemu"
2026/10/05 19:10:54 WE GOT HERE 1-1
2026/10/05 19:10:54 CVE QUERY: ecosystem="ubuntu:24.04:lts" package="qml-module-gsettings1.0:amd64" source="gsettings-qt"
2026/10/05 19:10:54 WE GOT HERE 12 
2026/10/05 19:10:54 CVE QUERY: ecosystem="ubuntu:24.04:lts" package="qml-module-org-kde-activities:amd64" source="kactivities-kf5"
2026/10/05 19:10:54 WE GOT HERE 12 
2026/10/05 19:10:54 CVE QUERY: ecosystem="ubuntu:24.04:lts" package="qml-module-org-kde-bluezqt:amd64" source="bluez-qt"
2026/10/05 19:10:54 WE GOT HERE 12 
2026/10/05 19:10:54 CVE QUERY: ecosystem="ubuntu:24.04:lts" package="qml-module-org-kde-draganddrop:amd64" source="kdeclarative"
2026/10/05 19:10:54 WE GOT HERE 12 
2026/10/05 19:10:54 CVE QUERY: ecosystem="ubuntu:24.04:lts" package="qml-module-org-kde-kaccounts:amd64" source="kaccounts-integration"
2026/10/05 19:10:54 WE GOT HERE 12 
2026/10/05 19:10:54 CVE QUERY: ecosystem="ubuntu:24.04:lts" package="qml-module-org-kde-kcm:amd64" source="kdeclarative"
2026/10/05 19:10:54 WE GOT HERE 12 
2026/10/05 19:10:54 CVE QUERY: ecosystem="ubuntu:24.04:lts" package="qml-module-org-kde-kcmutils:amd64" source="kcmutils"
2026/10/05 19:10:54 WE GOT HERE 12 
2026/10/05 19:10:54 CVE QUERY: ecosystem="ubuntu:24.04:lts" package="qml-module-org-kde-kconfig:amd64" source="kdeclarative"
2026/10/05 19:10:54 WE GOT HERE 12 
2026/10/05 19:10:54 CVE QUERY: ecosystem="ubuntu:24.04:lts" package="qml-module-org-kde-kcoreaddons:amd64" source="kdeclarative"
2026/10/05 19:10:54 WE GOT HERE 12 
2026/10/05 19:10:54 CVE QUERY: ecosystem="ubuntu:24.04:lts" package="qml-module-org-kde-kholidays:amd64" source="kholidays"
2026/10/05 19:10:54 WE GOT HERE 12 
2026/10/05 19:10:54 CVE QUERY: ecosystem="ubuntu:24.04:lts" package="qml-module-org-kde-kio:amd64" source="kdeclarative"
2026/10/05 19:10:54 WE GOT HERE 12 
2026/10/05 19:10:54 CVE QUERY: ecosystem="ubuntu:24.04:lts" package="qml-module-org-kde-kirigami-addons-components:amd64" source="kirigami-addons"
2026/10/05 19:10:54 WE GOT HERE 12 
2026/10/05 19:10:54 CVE QUERY: ecosystem="ubuntu:24.04:lts" package="qml-module-org-kde-kirigami-addons-delegates:amd64" source="kirigami-addons"
2026/10/05 19:10:54 WE GOT HERE 12 
2026/10/05 19:10:54 CVE QUERY: ecosystem="ubuntu:24.04:lts" package="qml-module-org-kde-kirigami-addons-labs-components:amd64" source="kirigami-addons"
2026/10/05 19:10:54 WE GOT HERE 12 
2026/10/05 19:10:54 CVE QUERY: ecosystem="ubuntu:24.04:lts" package="qml-module-org-kde-kirigami-addons-labs-mobileform:amd64" source="kirigami-addons"
2026/10/05 19:10:54 WE GOT HERE 12 
2026/10/05 19:10:54 CVE QUERY: ecosystem="ubuntu:24.04:lts" package="qml-module-org-kde-kirigami2" source="kirigami2"
2026/10/05 19:10:54 WE GOT HERE 12 
2026/10/05 19:10:54 CVE QUERY: ecosystem="ubuntu:24.04:lts" package="qml-module-org-kde-kitemmodels:amd64" source="kitemmodels"
2026/10/05 19:10:54 WE GOT HERE 12 
2026/10/05 19:10:54 CVE QUERY: ecosystem="ubuntu:24.04:lts" package="qml-module-org-kde-kquickcontrols:amd64" source="kdeclarative"
2026/10/05 19:10:54 WE GOT HERE 12 
2026/10/05 19:10:54 CVE QUERY: ecosystem="ubuntu:24.04:lts" package="qml-module-org-kde-kquickcontrolsaddons:amd64" source="kdeclarative"
2026/10/05 19:10:54 WE GOT HERE 12 
2026/10/05 19:10:54 CVE QUERY: ecosystem="ubuntu:24.04:lts" package="qml-module-org-kde-kquickimageeditor" source="kquickimageeditor"
2026/10/05 19:10:54 WE GOT HERE 12 
2026/10/05 19:10:54 CVE QUERY: ecosystem="ubuntu:24.04:lts" package="qml-module-org-kde-ksysguard" source="libksysguard"
2026/10/05 19:10:54 WE GOT HERE 12 
2026/10/05 19:10:54 CVE QUERY: ecosystem="ubuntu:24.04:lts" package="qml-module-org-kde-kwindowsystem:amd64" source="kdeclarative"
2026/10/05 19:10:54 WE GOT HERE 12 
2026/10/05 19:10:54 CVE QUERY: ecosystem="ubuntu:24.04:lts" package="qml-module-org-kde-newstuff" source="knewstuff"
2026/10/05 19:10:54 WE GOT HERE 12 
2026/10/05 19:10:54 CVE QUERY: ecosystem="ubuntu:24.04:lts" package="qml-module-org-kde-notifications:amd64" source="knotifications"
2026/10/05 19:10:54 WE GOT HERE 12 
2026/10/05 19:10:54 CVE QUERY: ecosystem="ubuntu:24.04:lts" package="qml-module-org-kde-people:amd64" source="kpeople"
2026/10/05 19:10:54 WE GOT HERE 12 
2026/10/05 19:10:54 CVE QUERY: ecosystem="ubuntu:24.04:lts" package="qml-module-org-kde-pipewire" source="kpipewire"
2026/10/05 19:10:54 WE GOT HERE 12 
2026/10/05 19:10:54 CVE QUERY: ecosystem="ubuntu:24.04:lts" package="qml-module-org-kde-prison:amd64" source="prison-kf5"
2026/10/05 19:10:54 WE GOT HERE 12 
2026/10/05 19:10:54 CVE QUERY: ecosystem="ubuntu:24.04:lts" package="qml-module-org-kde-purpose:amd64" source="purpose"
2026/10/05 19:10:54 WE GOT HERE 12 
2026/10/05 19:10:54 CVE QUERY: ecosystem="ubuntu:24.04:lts" package="qml-module-org-kde-qqc2breezestyle" source="qqc2-breeze-style"
2026/10/05 19:10:54 WE GOT HERE 12 
2026/10/05 19:10:54 CVE QUERY: ecosystem="ubuntu:24.04:lts" package="qml-module-org-kde-qqc2desktopstyle" source="qqc2-desktop-style"
2026/10/05 19:10:54 WE GOT HERE 12 
2026/10/05 19:10:54 CVE QUERY: ecosystem="ubuntu:24.04:lts" package="qml-module-org-kde-quickcharts" source="kquickcharts"
2026/10/05 19:10:54 WE GOT HERE 12 
2026/10/05 19:10:54 CVE QUERY: ecosystem="ubuntu:24.04:lts" package="qml-module-org-kde-runnermodel" source="krunner"
2026/10/05 19:10:54 WE GOT HERE 12 
2026/10/05 19:10:54 CVE QUERY: ecosystem="ubuntu:24.04:lts" package="qml-module-org-kde-solid:amd64" source="solid"
2026/10/05 19:10:54 WE GOT HERE 12 
2026/10/05 19:10:54 CVE QUERY: ecosystem="ubuntu:24.04:lts" package="qml-module-org-kde-sonnet:amd64" source="sonnet"
2026/10/05 19:10:54 WE GOT HERE 12 
2026/10/05 19:10:54 CVE QUERY: ecosystem="ubuntu:24.04:lts" package="qml-module-org-kde-syntaxhighlighting:amd64" source="ksyntax-highlighting"
2026/10/05 19:10:54 WE GOT HERE 12 
2026/10/05 19:10:54 CVE QUERY: ecosystem="ubuntu:24.04:lts" package="qml-module-org-kde-userfeedback:amd64" source="kuserfeedback"
2026/10/05 19:10:54 WE GOT HERE 12 
2026/10/05 19:10:54 CVE QUERY: ecosystem="ubuntu:24.04:lts" package="qml-module-qt-labs-folderlistmodel:amd64" source="qtdeclarative-opensource-src"
2026/10/05 19:10:54 WE GOT HERE 12 
2026/10/05 19:10:54 CVE QUERY: ecosystem="ubuntu:24.04:lts" package="qml-module-qt-labs-platform:amd64" source="qtquickcontrols2-opensource-src"
2026/10/05 19:10:54 WE GOT HERE 12 
2026/10/05 19:10:54 CVE QUERY: ecosystem="ubuntu:24.04:lts" package="qml-module-qt-labs-qmlmodels:amd64" source="qtdeclarative-opensource-src"
2026/10/05 19:10:54 WE GOT HERE 12 
2026/10/05 19:10:54 CVE QUERY: ecosystem="ubuntu:24.04:lts" package="qml-module-qt-labs-settings:amd64" source="qtdeclarative-opensource-src"
2026/10/05 19:10:54 WE GOT HERE 12 
2026/10/05 19:10:54 CVE QUERY: ecosystem="ubuntu:24.04:lts" package="qml-module-qtgraphicaleffects:amd64" source="qtgraphicaleffects-opensource-src"
2026/10/05 19:10:54 WE GOT HERE 12 
2026/10/05 19:10:54 CVE QUERY: ecosystem="ubuntu:24.04:lts" package="qml-module-qtlocation:amd64" source="qtlocation-opensource-src"
2026/10/05 19:10:54 WE GOT HERE 12 
2026/10/05 19:10:54 CVE QUERY: ecosystem="ubuntu:24.04:lts" package="qml-module-qtmultimedia:amd64" source="qtmultimedia-opensource-src"
2026/10/05 19:10:54 WE GOT HERE 12 
2026/10/05 19:10:54 CVE QUERY: ecosystem="ubuntu:24.04:lts" package="qml-module-qtpositioning:amd64" source="qtlocation-opensource-src"
2026/10/05 19:10:54 WE GOT HERE 12 
2026/10/05 19:10:54 CVE QUERY: ecosystem="ubuntu:24.04:lts" package="qml-module-qtqml:amd64" source="qtdeclarative-opensource-src"
2026/10/05 19:10:54 WE GOT HERE 12 
2026/10/05 19:10:54 CVE QUERY: ecosystem="ubuntu:24.04:lts" package="qml-module-qtqml-models2:amd64" source="qtdeclarative-opensource-src"
2026/10/05 19:10:54 WE GOT HERE 12 
2026/10/05 19:10:54 CVE QUERY: ecosystem="ubuntu:24.04:lts" package="qml-module-qtquick-controls:amd64" source="qtquickcontrols-opensource-src"
2026/10/05 19:10:54 WE GOT HERE 12 
2026/10/05 19:10:54 CVE QUERY: ecosystem="ubuntu:24.04:lts" package="qml-module-qtquick-controls2:amd64" source="qtquickcontrols2-opensource-src"
2026/10/05 19:10:54 WE GOT HERE 12 
2026/10/05 19:10:54 CVE QUERY: ecosystem="ubuntu:24.04:lts" package="qml-module-qtquick-dialogs:amd64" source="qtquickcontrols-opensource-src"
2026/10/05 19:10:54 WE GOT HERE 12 
2026/10/05 19:10:54 CVE QUERY: ecosystem="ubuntu:24.04:lts" package="qml-module-qtquick-layouts:amd64" source="qtdeclarative-opensource-src"
2026/10/05 19:10:54 WE GOT HERE 12 
2026/10/05 19:10:54 CVE QUERY: ecosystem="ubuntu:24.04:lts" package="qml-module-qtquick-particles2:amd64" source="qtdeclarative-opensource-src"
2026/10/05 19:10:54 WE GOT HERE 12 
2026/10/05 19:10:54 CVE QUERY: ecosystem="ubuntu:24.04:lts" package="qml-module-qtquick-privatewidgets:amd64" source="qtquickcontrols-opensource-src"
2026/10/05 19:10:54 WE GOT HERE 12 
2026/10/05 19:10:54 CVE QUERY: ecosystem="ubuntu:24.04:lts" package="qml-module-qtquick-shapes:amd64" source="qtdeclarative-opensource-src"
2026/10/05 19:10:54 WE GOT HERE 12 
2026/10/05 19:10:54 CVE QUERY: ecosystem="ubuntu:24.04:lts" package="qml-module-qtquick-templates2:amd64" source="qtquickcontrols2-opensource-src"
2026/10/05 19:10:54 WE GOT HERE 12 
2026/10/05 19:10:54 CVE QUERY: ecosystem="ubuntu:24.04:lts" package="qml-module-qtquick-virtualkeyboard:amd64" source="qtvirtualkeyboard-opensource-src"
2026/10/05 19:10:54 WE GOT HERE 12 
2026/10/05 19:10:54 CVE QUERY: ecosystem="ubuntu:24.04:lts" package="qml-module-qtquick-window2:amd64" source="qtdeclarative-opensource-src"
2026/10/05 19:10:54 WE GOT HERE 12 
2026/10/05 19:10:54 CVE QUERY: ecosystem="ubuntu:24.04:lts" package="qml-module-qtquick-xmllistmodel:amd64" source="qtxmlpatterns-opensource-src"
2026/10/05 19:10:54 WE GOT HERE 12 
2026/10/05 19:10:54 CVE QUERY: ecosystem="ubuntu:24.04:lts" package="qml-module-qtquick2:amd64" source="qtdeclarative-opensource-src"
2026/10/05 19:10:54 WE GOT HERE 12 
2026/10/05 19:10:54 CVE QUERY: ecosystem="ubuntu:24.04:lts" package="qml-module-qtwebengine:amd64" source="qtwebengine-opensource-src"
2026/10/05 19:10:54 WE GOT HERE 12 
2026/10/05 19:10:54 CVE QUERY: ecosystem="ubuntu:24.04:lts" package="qml-module-sso-onlineaccounts:amd64" source="accounts-qml-module"
2026/10/05 19:10:54 WE GOT HERE 12 
2026/10/05 19:10:54 CVE QUERY: ecosystem="ubuntu:24.04:lts" package="qml-module-ubuntu-onlineaccounts" source="accounts-qml-module"
2026/10/05 19:10:54 WE GOT HERE 12 
2026/10/05 19:10:54 CVE QUERY: ecosystem="ubuntu:24.04:lts" package="qt5-gtk-platformtheme:amd64" source="qtbase-opensource-src"
2026/10/05 19:10:54 WE GOT HERE 12 
2026/10/05 19:10:54 CVE QUERY: ecosystem="ubuntu:24.04:lts" package="qt5-image-formats-plugins:amd64" source="qtimageformats-opensource-src"
2026/10/05 19:10:54 WE GOT HERE 12 
2026/10/05 19:10:54 CVE QUERY: ecosystem="ubuntu:24.04:lts" package="qt6-base-dev-tools" source="qt6-base"
2026/10/05 19:10:54 WE GOT HERE 12 
2026/10/05 19:10:54 CVE QUERY: ecosystem="ubuntu:24.04:lts" package="qt6-gtk-platformtheme:amd64" source="qt6-base"
2026/10/05 19:10:54 WE GOT HERE 12 
2026/10/05 19:10:54 CVE QUERY: ecosystem="ubuntu:24.04:lts" package="qt6-qpa-plugins:amd64" source="qt6-base"
2026/10/05 19:10:54 WE GOT HERE 12 
2026/10/05 19:10:54 CVE QUERY: ecosystem="ubuntu:24.04:lts" package="qt6-translations-l10n" source="qt6-translations"
2026/10/05 19:10:54 WE GOT HERE 12 
2026/10/05 19:10:54 CVE QUERY: ecosystem="ubuntu:24.04:lts" package="qt6-wayland:amd64" source=""
2026/10/05 19:10:54 WE GOT HERE 12 
2026/10/05 19:10:54 CVE QUERY: ecosystem="ubuntu:24.04:lts" package="qtbase5-dev-tools" source="qtbase-opensource-src"
2026/10/05 19:10:54 WE GOT HERE 12 
2026/10/05 19:10:54 CVE QUERY: ecosystem="ubuntu:24.04:lts" package="qtchooser" source=""
2026/10/05 19:10:54 WE GOT HERE 12 
2026/10/05 19:10:54 CVE QUERY: ecosystem="ubuntu:24.04:lts" package="qtspeech5-flite-plugin:amd64" source="qtspeech-opensource-src"
2026/10/05 19:10:54 WE GOT HERE 12 
2026/10/05 19:10:54 CVE QUERY: ecosystem="ubuntu:24.04:lts" package="qtspeech5-speechd-plugin:amd64" source="qtspeech-opensource-src"
2026/10/05 19:10:54 WE GOT HERE 12 
2026/10/05 19:10:54 CVE QUERY: ecosystem="ubuntu:24.04:lts" package="qttranslations5-l10n" source="qttranslations-opensource-src"
2026/10/05 19:10:54 WE GOT HERE 12 
2026/10/05 19:10:54 CVE QUERY: ecosystem="ubuntu:24.04:lts" package="qtvirtualkeyboard-plugin:amd64" source="qtvirtualkeyboard-opensource-src"
2026/10/05 19:10:54 WE GOT HERE 12 
2026/10/05 19:10:54 CVE QUERY: ecosystem="ubuntu:24.04:lts" package="qtwayland5:amd64" source="qtwayland-opensource-src"
2026/10/05 19:10:54 WE GOT HERE 12 
2026/10/05 19:10:54 CVE QUERY: ecosystem="ubuntu:24.04:lts" package="rake" source=""
2026/10/05 19:10:54 WE GOT HERE 12 
2026/10/05 19:10:54 CVE QUERY: ecosystem="ubuntu:24.04:lts" package="readline-common" source="readline"
2026/10/05 19:10:54 WE GOT HERE 12 
2026/10/05 19:10:54 CVE QUERY: ecosystem="ubuntu:24.04:lts" package="reiserfsprogs" source=""
2026/10/05 19:10:54 WE GOT HERE 12 
2026/10/05 19:10:54 CVE QUERY: ecosystem="ubuntu:24.04:lts" package="rfkill" source="util-linux"
2026/10/05 19:10:54 WE GOT HERE 12 
2026/10/05 19:10:54 CVE QUERY: ecosystem="ubuntu:24.04:lts" package="rlinux" source=""
2026/10/05 19:10:54 WE GOT HERE 12 
2026/10/05 19:10:54 CVE QUERY: ecosystem="ubuntu:24.04:lts" package="rpcsvc-proto" source=""
2026/10/05 19:10:54 WE GOT HERE 12 
2026/10/05 19:10:54 CVE QUERY: ecosystem="ubuntu:24.04:lts" package="rsync" source=""
2026/10/05 19:10:54 WE GOT HERE 12 
2026/10/05 19:10:54 CVE QUERY: ecosystem="ubuntu:24.04:lts" package="rsyslog" source=""
2026/10/05 19:10:54 WE GOT HERE 12 
2026/10/05 19:10:54 CVE QUERY: ecosystem="ubuntu:24.04:lts" package="rtkit" source=""
2026/10/05 19:10:54 WE GOT HERE 12 
2026/10/05 19:10:54 CVE QUERY: ecosystem="ubuntu:24.04:lts" package="ruby" source="ruby-defaults"
2026/10/05 19:10:54 WE GOT HERE 12 
2026/10/05 19:10:54 CVE QUERY: ecosystem="ubuntu:24.04:lts" package="ruby-net-telnet" source=""
2026/10/05 19:10:54 WE GOT HERE 12 
2026/10/05 19:10:54 CVE QUERY: ecosystem="ubuntu:24.04:lts" package="ruby-optimist" source=""
2026/10/05 19:10:54 WE GOT HERE 12 
2026/10/05 19:10:54 CVE QUERY: ecosystem="ubuntu:24.04:lts" package="ruby-paint" source=""
2026/10/05 19:10:54 WE GOT HERE 12 
2026/10/05 19:10:54 CVE QUERY: ecosystem="ubuntu:24.04:lts" package="ruby-rubygems" source="rubygems"
2026/10/05 19:10:54 WE GOT HERE 12 
2026/10/05 19:10:54 CVE QUERY: ecosystem="ubuntu:24.04:lts" package="ruby-sdbm:amd64" source=""
2026/10/05 19:10:54 WE GOT HERE 12 
2026/10/05 19:10:54 CVE QUERY: ecosystem="ubuntu:24.04:lts" package="ruby-webrick" source=""
2026/10/05 19:10:54 WE GOT HERE 1-1
2026/10/05 19:10:54 Safe Package {Name:ruby-webrick Version:1.8.1-1ubuntu0.2 PURL: Source:{SourceName: SourceVersion:}}
2026/10/05 19:10:54 CVE QUERY: ecosystem="ubuntu:24.04:lts" package="ruby-xmlrpc" source=""
2026/10/05 19:10:54 WE GOT HERE 12 
2026/10/05 19:10:54 CVE QUERY: ecosystem="ubuntu:24.04:lts" package="ruby3.2" source=""
2026/10/05 19:10:54 WE GOT HERE 12 
2026/10/05 19:10:54 CVE QUERY: ecosystem="ubuntu:24.04:lts" package="rubygems-integration" source=""
2026/10/05 19:10:54 WE GOT HERE 12 
2026/10/05 19:10:54 CVE QUERY: ecosystem="ubuntu:24.04:lts" package="rygel" source=""
2026/10/05 19:10:54 WE GOT HERE 12 
2026/10/05 19:10:54 CVE QUERY: ecosystem="ubuntu:24.04:lts" package="samba-common" source="samba"
2026/10/05 19:10:54 WE GOT HERE 12 
2026/10/05 19:10:54 CVE QUERY: ecosystem="ubuntu:24.04:lts" package="samba-common-bin" source="samba"
2026/10/05 19:10:54 WE GOT HERE 12 
2026/10/05 19:10:54 CVE QUERY: ecosystem="ubuntu:24.04:lts" package="samba-dsdb-modules:amd64" source="samba"
2026/10/05 19:10:54 WE GOT HERE 12 
2026/10/05 19:10:54 CVE QUERY: ecosystem="ubuntu:24.04:lts" package="samba-libs:amd64" source="samba"
2026/10/05 19:10:54 WE GOT HERE 12 
2026/10/05 19:10:54 CVE QUERY: ecosystem="ubuntu:24.04:lts" package="sane-airscan" source=""
2026/10/05 19:10:54 WE GOT HERE 12 
2026/10/05 19:10:54 CVE QUERY: ecosystem="ubuntu:24.04:lts" package="sane-utils" source="sane-backends"
2026/10/05 19:10:54 WE GOT HERE 12 
2026/10/05 19:10:54 CVE QUERY: ecosystem="ubuntu:24.04:lts" package="sbsigntool" source=""
2026/10/05 19:10:54 WE GOT HERE 12 
2026/10/05 19:10:54 CVE QUERY: ecosystem="ubuntu:24.04:lts" package="screen" source=""
2026/10/05 19:10:54 WE GOT HERE 12 
2026/10/05 19:10:54 CVE QUERY: ecosystem="ubuntu:24.04:lts" package="sddm" source=""
2026/10/05 19:10:54 WE GOT HERE 12 
2026/10/05 19:10:54 CVE QUERY: ecosystem="ubuntu:24.04:lts" package="sddm-theme-breeze" source="plasma-workspace"
2026/10/05 19:10:54 WE GOT HERE 12 
2026/10/05 19:10:54 CVE QUERY: ecosystem="ubuntu:24.04:lts" package="seabios" source=""
2026/10/05 19:10:54 WE GOT HERE 12 
2026/10/05 19:10:54 CVE QUERY: ecosystem="ubuntu:24.04:lts" package="secureboot-db" source=""
2026/10/05 19:10:54 WE GOT HERE 12 
2026/10/05 19:10:54 CVE QUERY: ecosystem="ubuntu:24.04:lts" package="sed" source=""
2026/10/05 19:10:54 WE GOT HERE 12 
2026/10/05 19:10:54 CVE QUERY: ecosystem="ubuntu:24.04:lts" package="sensible-utils" source=""
2026/10/05 19:10:54 WE GOT HERE 12 
2026/10/05 19:10:54 CVE QUERY: ecosystem="ubuntu:24.04:lts" package="session-migration" source=""
2026/10/05 19:10:54 WE GOT HERE 12 
2026/10/05 19:10:54 CVE QUERY: ecosystem="ubuntu:24.04:lts" package="sgml-base" source=""
2026/10/05 19:10:54 WE GOT HERE 12 
2026/10/05 19:10:54 CVE QUERY: ecosystem="ubuntu:24.04:lts" package="sgml-data" source=""
2026/10/05 19:10:54 WE GOT HERE 12 
2026/10/05 19:10:54 CVE QUERY: ecosystem="ubuntu:24.04:lts" package="shared-mime-info" source=""
2026/10/05 19:10:54 WE GOT HERE 12 
2026/10/05 19:10:54 CVE QUERY: ecosystem="ubuntu:24.04:lts" package="shim-signed" source="shim-signed"
2026/10/05 19:10:54 WE GOT HERE 12 
2026/10/05 19:10:54 CVE QUERY: ecosystem="ubuntu:24.04:lts" package="signon-kwallet-extension:amd64" source=""
2026/10/05 19:10:54 WE GOT HERE 12 
2026/10/05 19:10:54 CVE QUERY: ecosystem="ubuntu:24.04:lts" package="signon-plugin-oauth2" source=""
2026/10/05 19:10:54 WE GOT HERE 12 
2026/10/05 19:10:54 CVE QUERY: ecosystem="ubuntu:24.04:lts" package="signon-plugin-password" source="signond"
2026/10/05 19:10:54 WE GOT HERE 12 
2026/10/05 19:10:54 CVE QUERY: ecosystem="ubuntu:24.04:lts" package="signon-ui-service" source="signon-ui"
2026/10/05 19:10:54 WE GOT HERE 12 
2026/10/05 19:10:54 CVE QUERY: ecosystem="ubuntu:24.04:lts" package="signon-ui-x11" source="signon-ui"
2026/10/05 19:10:54 WE GOT HERE 12 
2026/10/05 19:10:54 CVE QUERY: ecosystem="ubuntu:24.04:lts" package="signond" source=""
2026/10/05 19:10:54 WE GOT HERE 12 
2026/10/05 19:10:54 CVE QUERY: ecosystem="ubuntu:24.04:lts" package="skanlite" source=""
2026/10/05 19:10:54 WE GOT HERE 12 
2026/10/05 19:10:54 CVE QUERY: ecosystem="ubuntu:24.04:lts" package="skanpage" source=""
2026/10/05 19:10:54 WE GOT HERE 12 
2026/10/05 19:10:54 CVE QUERY: ecosystem="ubuntu:24.04:lts" package="sleuthkit" source=""
2026/10/05 19:10:54 WE GOT HERE 12 
2026/10/05 19:10:54 CVE QUERY: ecosystem="ubuntu:24.04:lts" package="smartmontools" source=""
2026/10/05 19:10:54 WE GOT HERE 12 
2026/10/05 19:10:54 CVE QUERY: ecosystem="ubuntu:24.04:lts" package="smbclient" source="samba"
2026/10/05 19:10:54 WE GOT HERE 12 
2026/10/05 19:10:54 CVE QUERY: ecosystem="ubuntu:24.04:lts" package="snapd" source=""
2026/10/05 19:10:54 WE GOT HERE 1-1
2026/10/05 19:10:54 Safe Package {Name:snapd Version:2.76.3+ubuntu24.04 PURL: Source:{SourceName: SourceVersion:}}
2026/10/05 19:10:54 CVE QUERY: ecosystem="ubuntu:24.04:lts" package="socat" source=""
2026/10/05 19:10:54 WE GOT HERE 1-1
2026/10/05 19:10:54 Safe Package {Name:socat Version:1.8.0.0-4ubuntu0.1 PURL: Source:{SourceName: SourceVersion:}}
2026/10/05 19:10:54 CVE QUERY: ecosystem="ubuntu:24.04:lts" package="software-properties-common" source="software-properties"
2026/10/05 19:10:54 WE GOT HERE 12 
2026/10/05 19:10:54 CVE QUERY: ecosystem="ubuntu:24.04:lts" package="software-properties-qt" source="software-properties"
2026/10/05 19:10:54 WE GOT HERE 12 
2026/10/05 19:10:54 CVE QUERY: ecosystem="ubuntu:24.04:lts" package="sonnet-plugins:amd64" source="sonnet"
2026/10/05 19:10:54 WE GOT HERE 12 
2026/10/05 19:10:54 CVE QUERY: ecosystem="ubuntu:24.04:lts" package="sound-icons" source=""
2026/10/05 19:10:54 WE GOT HERE 12 
2026/10/05 19:10:54 CVE QUERY: ecosystem="ubuntu:24.04:lts" package="sound-theme-freedesktop" source=""
2026/10/05 19:10:54 WE GOT HERE 12 
2026/10/05 19:10:54 CVE QUERY: ecosystem="ubuntu:24.04:lts" package="sox" source=""
2026/10/05 19:10:54 WE GOT HERE 12 
2026/10/05 19:10:54 CVE QUERY: ecosystem="ubuntu:24.04:lts" package="speech-dispatcher" source=""
2026/10/05 19:10:54 WE GOT HERE 12 
2026/10/05 19:10:54 CVE QUERY: ecosystem="ubuntu:24.04:lts" package="speech-dispatcher-audio-plugins:amd64" source="speech-dispatcher"
2026/10/05 19:10:54 WE GOT HERE 12 
2026/10/05 19:10:54 CVE QUERY: ecosystem="ubuntu:24.04:lts" package="speech-dispatcher-espeak-ng" source="speech-dispatcher"
2026/10/05 19:10:54 WE GOT HERE 12 
2026/10/05 19:10:54 CVE QUERY: ecosystem="ubuntu:24.04:lts" package="spice-client-glib-usb-acl-helper" source="spice-gtk"
2026/10/05 19:10:54 WE GOT HERE 12 
2026/10/05 19:10:54 CVE QUERY: ecosystem="ubuntu:24.04:lts" package="spice-vdagent" source=""
2026/10/05 19:10:54 WE GOT HERE 12 
2026/10/05 19:10:54 CVE QUERY: ecosystem="ubuntu:24.04:lts" package="spirv-headers" source=""
2026/10/05 19:10:54 WE GOT HERE 12 
2026/10/05 19:10:54 CVE QUERY: ecosystem="ubuntu:24.04:lts" package="spirv-tools" source=""
2026/10/05 19:10:54 WE GOT HERE 12 
2026/10/05 19:10:54 CVE QUERY: ecosystem="ubuntu:24.04:lts" package="sqlite3" source=""
2026/10/05 19:10:54 WE GOT HERE 1-1
2026/10/05 19:10:54 Safe Package {Name:sqlite3 Version:3.45.1-1ubuntu2.8 PURL: Source:{SourceName: SourceVersion:}}
2026/10/05 19:10:54 CVE QUERY: ecosystem="ubuntu:24.04:lts" package="sqlitebrowser" source=""
2026/10/05 19:10:54 WE GOT HERE 12 
2026/10/05 19:10:54 CVE QUERY: ecosystem="ubuntu:24.04:lts" package="squashfs-tools" source=""
2026/10/05 19:10:54 WE GOT HERE 12 
2026/10/05 19:10:54 CVE QUERY: ecosystem="ubuntu:24.04:lts" package="sshfs" source="sshfs-fuse"
2026/10/05 19:10:54 WE GOT HERE 12 
2026/10/05 19:10:54 CVE QUERY: ecosystem="ubuntu:24.04:lts" package="ssl-cert" source=""
2026/10/05 19:10:54 WE GOT HERE 12 
2026/10/05 19:10:54 CVE QUERY: ecosystem="ubuntu:24.04:lts" package="steam:i386" source="steam-installer"
2026/10/05 19:10:54 WE GOT HERE 12 
2026/10/05 19:10:54 CVE QUERY: ecosystem="ubuntu:24.04:lts" package="steam-devices" source="steam-installer"
2026/10/05 19:10:54 WE GOT HERE 12 
2026/10/05 19:10:54 CVE QUERY: ecosystem="ubuntu:24.04:lts" package="steam-installer" source=""
2026/10/05 19:10:54 WE GOT HERE 12 
2026/10/05 19:10:54 CVE QUERY: ecosystem="ubuntu:24.04:lts" package="steam-libs:amd64" source="steam-installer"
2026/10/05 19:10:54 WE GOT HERE 12 
2026/10/05 19:10:54 CVE QUERY: ecosystem="ubuntu:24.04:lts" package="steam-libs:i386" source="steam-installer"
2026/10/05 19:10:54 WE GOT HERE 12 
2026/10/05 19:10:54 CVE QUERY: ecosystem="ubuntu:24.04:lts" package="steam-libs-i386:i386" source="steam-installer"
2026/10/05 19:10:54 WE GOT HERE 12 
2026/10/05 19:10:54 CVE QUERY: ecosystem="ubuntu:24.04:lts" package="strace" source=""
2026/10/05 19:10:54 WE GOT HERE 12 
2026/10/05 19:10:54 CVE QUERY: ecosystem="ubuntu:24.04:lts" package="stress-ng" source=""
2026/10/05 19:10:54 WE GOT HERE 12 
2026/10/05 19:10:54 CVE QUERY: ecosystem="ubuntu:24.04:lts" package="sudo" source=""
2026/10/05 19:10:54 WE GOT HERE 12 
2026/10/05 19:10:54 CVE QUERY: ecosystem="ubuntu:24.04:lts" package="swh-plugins" source=""
2026/10/05 19:10:54 WE GOT HERE 12 
2026/10/05 19:10:54 CVE QUERY: ecosystem="ubuntu:24.04:lts" package="switcheroo-control" source=""
2026/10/05 19:10:54 WE GOT HERE 12 
2026/10/05 19:10:54 CVE QUERY: ecosystem="ubuntu:24.04:lts" package="swtpm" source=""
2026/10/05 19:10:54 WE GOT HERE 12 
2026/10/05 19:10:54 CVE QUERY: ecosystem="ubuntu:24.04:lts" package="swtpm-tools" source="swtpm"
2026/10/05 19:10:54 WE GOT HERE 12 
2026/10/05 19:10:54 CVE QUERY: ecosystem="ubuntu:24.04:lts" package="sysstat" source=""
2026/10/05 19:10:54 WE GOT HERE 12 
2026/10/05 19:10:54 CVE QUERY: ecosystem="ubuntu:24.04:lts" package="system-config-printer-common" source="system-config-printer"
2026/10/05 19:10:54 WE GOT HERE 12 
2026/10/05 19:10:54 CVE QUERY: ecosystem="ubuntu:24.04:lts" package="system-config-printer-udev" source="system-config-printer"
2026/10/05 19:10:54 WE GOT HERE 12 
2026/10/05 19:10:54 CVE QUERY: ecosystem="ubuntu:24.04:lts" package="systemd" source=""
2026/10/05 19:10:54 WE GOT HERE 12 
2026/10/05 19:10:54 CVE QUERY: ecosystem="ubuntu:24.04:lts" package="systemd-container" source="systemd"
2026/10/05 19:10:54 WE GOT HERE 12 
2026/10/05 19:10:54 CVE QUERY: ecosystem="ubuntu:24.04:lts" package="systemd-dev" source="systemd"
2026/10/05 19:10:54 WE GOT HERE 12 
2026/10/05 19:10:54 CVE QUERY: ecosystem="ubuntu:24.04:lts" package="systemd-hwe-hwdb" source="systemd-hwe"
2026/10/05 19:10:54 WE GOT HERE 12 
2026/10/05 19:10:54 CVE QUERY: ecosystem="ubuntu:24.04:lts" package="systemd-resolved" source="systemd"
2026/10/05 19:10:54 WE GOT HERE 12 
2026/10/05 19:10:54 CVE QUERY: ecosystem="ubuntu:24.04:lts" package="systemd-sysv" source="systemd"
2026/10/05 19:10:54 WE GOT HERE 12 
2026/10/05 19:10:54 CVE QUERY: ecosystem="ubuntu:24.04:lts" package="systemd-timesyncd" source="systemd"
2026/10/05 19:10:54 WE GOT HERE 12 
2026/10/05 19:10:54 CVE QUERY: ecosystem="ubuntu:24.04:lts" package="systemsettings" source=""
2026/10/05 19:10:54 WE GOT HERE 12 
2026/10/05 19:10:54 CVE QUERY: ecosystem="ubuntu:24.04:lts" package="sysvinit-utils" source="sysvinit"
2026/10/05 19:10:54 WE GOT HERE 12 
2026/10/05 19:10:54 CVE QUERY: ecosystem="ubuntu:24.04:lts" package="tar" source=""
2026/10/05 19:10:54 WE GOT HERE 12 
2026/10/05 19:10:54 CVE QUERY: ecosystem="ubuntu:24.04:lts" package="tcl" source="tcltk-defaults"
2026/10/05 19:10:54 WE GOT HERE 12 
2026/10/05 19:10:54 CVE QUERY: ecosystem="ubuntu:24.04:lts" package="tcl8.6" source=""
2026/10/05 19:10:54 WE GOT HERE 12 
2026/10/05 19:10:54 CVE QUERY: ecosystem="ubuntu:24.04:lts" package="tcpdump" source=""
2026/10/05 19:10:54 WE GOT HERE 12 
2026/10/05 19:10:54 CVE QUERY: ecosystem="ubuntu:24.04:lts" package="tecla" source=""
2026/10/05 19:10:54 WE GOT HERE 12 
2026/10/05 19:10:54 CVE QUERY: ecosystem="ubuntu:24.04:lts" package="telnet" source="inetutils"
2026/10/05 19:10:54 WE GOT HERE 12 
2026/10/05 19:10:54 CVE QUERY: ecosystem="ubuntu:24.04:lts" package="testdisk" source=""
2026/10/05 19:10:54 WE GOT HERE 12 
2026/10/05 19:10:54 CVE QUERY: ecosystem="ubuntu:24.04:lts" package="thermald" source=""
2026/10/05 19:10:54 WE GOT HERE 12 
2026/10/05 19:10:54 CVE QUERY: ecosystem="ubuntu:24.04:lts" package="thin-provisioning-tools" source=""
2026/10/05 19:10:54 WE GOT HERE 12 
2026/10/05 19:10:54 CVE QUERY: ecosystem="ubuntu:24.04:lts" package="time" source=""
2026/10/05 19:10:54 WE GOT HERE 12 
2026/10/05 19:10:54 CVE QUERY: ecosystem="ubuntu:24.04:lts" package="timgm6mb-soundfont" source=""
2026/10/05 19:10:54 WE GOT HERE 12 
2026/10/05 19:10:54 CVE QUERY: ecosystem="ubuntu:24.04:lts" package="tk8.6-blt2.5" source="blt"
2026/10/05 19:10:54 WE GOT HERE 12 
2026/10/05 19:10:54 CVE QUERY: ecosystem="ubuntu:24.04:lts" package="tnftp" source=""
2026/10/05 19:10:54 WE GOT HERE 12 
2026/10/05 19:10:54 CVE QUERY: ecosystem="ubuntu:24.04:lts" package="tor" source=""
2026/10/05 19:10:54 WE GOT HERE 12 
2026/10/05 19:10:54 CVE QUERY: ecosystem="ubuntu:24.04:lts" package="tor-geoipdb" source="tor"
2026/10/05 19:10:54 WE GOT HERE 12 
2026/10/05 19:10:54 CVE QUERY: ecosystem="ubuntu:24.04:lts" package="torbrowser-launcher" source=""
2026/10/05 19:10:54 WE GOT HERE 12 
2026/10/05 19:10:54 CVE QUERY: ecosystem="ubuntu:24.04:lts" package="torsocks" source=""
2026/10/05 19:10:54 WE GOT HERE 12 
2026/10/05 19:10:54 CVE QUERY: ecosystem="ubuntu:24.04:lts" package="tpm-udev" source=""
2026/10/05 19:10:54 WE GOT HERE 12 
2026/10/05 19:10:54 CVE QUERY: ecosystem="ubuntu:24.04:lts" package="trace-cmd" source=""
2026/10/05 19:10:54 WE GOT HERE 12 
2026/10/05 19:10:54 CVE QUERY: ecosystem="ubuntu:24.04:lts" package="tree" source=""
2026/10/05 19:10:54 WE GOT HERE 12 
2026/10/05 19:10:54 CVE QUERY: ecosystem="ubuntu:24.04:lts" package="tzdata" source=""
2026/10/05 19:10:54 WE GOT HERE 12 
2026/10/05 19:10:54 CVE QUERY: ecosystem="ubuntu:24.04:lts" package="tzdata-legacy" source="tzdata"
2026/10/05 19:10:54 WE GOT HERE 12 
2026/10/05 19:10:54 CVE QUERY: ecosystem="ubuntu:24.04:lts" package="ubuntu-docs" source=""
2026/10/05 19:10:54 WE GOT HERE 12 
2026/10/05 19:10:54 CVE QUERY: ecosystem="ubuntu:24.04:lts" package="ubuntu-drivers-common" source=""
2026/10/05 19:10:54 WE GOT HERE 12 
2026/10/05 19:10:54 CVE QUERY: ecosystem="ubuntu:24.04:lts" package="ubuntu-kernel-accessories" source="ubuntu-meta"
2026/10/05 19:10:54 WE GOT HERE 12 
2026/10/05 19:10:54 CVE QUERY: ecosystem="ubuntu:24.04:lts" package="ubuntu-keyring" source=""
2026/10/05 19:10:54 WE GOT HERE 12 
2026/10/05 19:10:54 CVE QUERY: ecosystem="ubuntu:24.04:lts" package="ubuntu-minimal" source="ubuntu-meta"
2026/10/05 19:10:54 WE GOT HERE 12 
2026/10/05 19:10:54 CVE QUERY: ecosystem="ubuntu:24.04:lts" package="ubuntu-mono" source="ubuntu-themes"
2026/10/05 19:10:54 WE GOT HERE 12 
2026/10/05 19:10:54 CVE QUERY: ecosystem="ubuntu:24.04:lts" package="ubuntu-pro-client" source="ubuntu-advantage-tools"
2026/10/05 19:10:54 WE GOT HERE 12 
2026/10/05 19:10:54 CVE QUERY: ecosystem="ubuntu:24.04:lts" package="ubuntu-pro-client-l10n" source="ubuntu-advantage-tools"
2026/10/05 19:10:54 WE GOT HERE 12 
2026/10/05 19:10:54 CVE QUERY: ecosystem="ubuntu:24.04:lts" package="ubuntu-release-upgrader-core" source="ubuntu-release-upgrader"
2026/10/05 19:10:54 WE GOT HERE 12 
2026/10/05 19:10:54 CVE QUERY: ecosystem="ubuntu:24.04:lts" package="ubuntu-release-upgrader-qt" source="ubuntu-release-upgrader"
2026/10/05 19:10:54 WE GOT HERE 12 
2026/10/05 19:10:54 CVE QUERY: ecosystem="ubuntu:24.04:lts" package="ubuntu-session" source="gnome-session"
2026/10/05 19:10:54 WE GOT HERE 12 
2026/10/05 19:10:54 CVE QUERY: ecosystem="ubuntu:24.04:lts" package="ubuntu-standard" source="ubuntu-meta"
2026/10/05 19:10:54 WE GOT HERE 12 
2026/10/05 19:10:54 CVE QUERY: ecosystem="ubuntu:24.04:lts" package="ubuntu-wallpapers" source=""
2026/10/05 19:10:54 WE GOT HERE 12 
2026/10/05 19:10:54 CVE QUERY: ecosystem="ubuntu:24.04:lts" package="ubuntu-wallpapers-noble" source="ubuntu-wallpapers"
2026/10/05 19:10:54 WE GOT HERE 12 
2026/10/05 19:10:54 CVE QUERY: ecosystem="ubuntu:24.04:lts" package="ucf" source=""
2026/10/05 19:10:54 WE GOT HERE 12 
2026/10/05 19:10:54 CVE QUERY: ecosystem="ubuntu:24.04:lts" package="udev" source="systemd"
2026/10/05 19:10:54 WE GOT HERE 12 
2026/10/05 19:10:54 CVE QUERY: ecosystem="ubuntu:24.04:lts" package="udisks2" source=""
2026/10/05 19:10:54 WE GOT HERE 1-1
2026/10/05 19:10:54 Safe Package {Name:udisks2 Version:2.10.1-6ubuntu1.5 PURL: Source:{SourceName: SourceVersion:}}
2026/10/05 19:10:54 CVE QUERY: ecosystem="ubuntu:24.04:lts" package="ufw" source=""
2026/10/05 19:10:54 WE GOT HERE 12 
2026/10/05 19:10:54 CVE QUERY: ecosystem="ubuntu:24.04:lts" package="unar" source=""
2026/10/05 19:10:54 WE GOT HERE 12 
2026/10/05 19:10:54 CVE QUERY: ecosystem="ubuntu:24.04:lts" package="unattended-upgrades" source=""
2026/10/05 19:10:54 WE GOT HERE 12 
2026/10/05 19:10:54 CVE QUERY: ecosystem="ubuntu:24.04:lts" package="unicode-data" source=""
2026/10/05 19:10:54 WE GOT HERE 12 
2026/10/05 19:10:54 CVE QUERY: ecosystem="ubuntu:24.04:lts" package="unityhub" source=""
2026/10/05 19:10:54 WE GOT HERE 12 
2026/10/05 19:10:54 CVE QUERY: ecosystem="ubuntu:24.04:lts" package="unixodbc-common" source="unixodbc"
2026/10/05 19:10:54 WE GOT HERE 1-1
2026/10/05 19:10:54 CVE QUERY: ecosystem="ubuntu:24.04:lts" package="uno-libs-private" source="libreoffice"
2026/10/05 19:10:54 WE GOT HERE 1-1
2026/10/05 19:10:54 CVE QUERY: ecosystem="ubuntu:24.04:lts" package="unrar" source="unrar-nonfree"
2026/10/05 19:10:54 WE GOT HERE 12 
2026/10/05 19:10:54 CVE QUERY: ecosystem="ubuntu:24.04:lts" package="unzip" source=""
2026/10/05 19:10:54 WE GOT HERE 1-1
2026/10/05 19:10:54 Safe Package {Name:unzip Version:6.0-28ubuntu4.1 PURL: Source:{SourceName: SourceVersion:}}
2026/10/05 19:10:54 CVE QUERY: ecosystem="ubuntu:24.04:lts" package="update-inetd" source=""
2026/10/05 19:10:54 WE GOT HERE 12 
2026/10/05 19:10:54 CVE QUERY: ecosystem="ubuntu:24.04:lts" package="update-manager-core" source="update-manager"
2026/10/05 19:10:54 WE GOT HERE 12 
2026/10/05 19:10:54 CVE QUERY: ecosystem="ubuntu:24.04:lts" package="update-notifier-common" source="update-notifier"
2026/10/05 19:10:54 WE GOT HERE 12 
2026/10/05 19:10:54 CVE QUERY: ecosystem="ubuntu:24.04:lts" package="upower" source=""
2026/10/05 19:10:54 WE GOT HERE 12 
2026/10/05 19:10:54 CVE QUERY: ecosystem="ubuntu:24.04:lts" package="upx-ucl" source=""
2026/10/05 19:10:54 WE GOT HERE 12 
2026/10/05 19:10:54 CVE QUERY: ecosystem="ubuntu:24.04:lts" package="ure" source="libreoffice"
2026/10/05 19:10:54 WE GOT HERE 1-1
2026/10/05 19:10:54 CVE QUERY: ecosystem="ubuntu:24.04:lts" package="usb-creator-common" source="usb-creator"
2026/10/05 19:10:54 WE GOT HERE 12 
2026/10/05 19:10:54 CVE QUERY: ecosystem="ubuntu:24.04:lts" package="usb-creator-kde" source="usb-creator"
2026/10/05 19:10:54 WE GOT HERE 12 
2026/10/05 19:10:54 CVE QUERY: ecosystem="ubuntu:24.04:lts" package="usb-modeswitch" source=""
2026/10/05 19:10:54 WE GOT HERE 12 
2026/10/05 19:10:54 CVE QUERY: ecosystem="ubuntu:24.04:lts" package="usb-modeswitch-data" source=""
2026/10/05 19:10:54 WE GOT HERE 12 
2026/10/05 19:10:54 CVE QUERY: ecosystem="ubuntu:24.04:lts" package="usb.ids" source=""
2026/10/05 19:10:54 WE GOT HERE 12 
2026/10/05 19:10:54 CVE QUERY: ecosystem="ubuntu:24.04:lts" package="usbmuxd" source=""
2026/10/05 19:10:54 WE GOT HERE 12 
2026/10/05 19:10:54 CVE QUERY: ecosystem="ubuntu:24.04:lts" package="usbutils" source=""
2026/10/05 19:10:54 WE GOT HERE 12 
2026/10/05 19:10:54 CVE QUERY: ecosystem="ubuntu:24.04:lts" package="util-linux" source=""
2026/10/05 19:10:54 WE GOT HERE 12 
2026/10/05 19:10:54 CVE QUERY: ecosystem="ubuntu:24.04:lts" package="util-linux-extra" source="util-linux"
2026/10/05 19:10:54 WE GOT HERE 12 
2026/10/05 19:10:54 CVE QUERY: ecosystem="ubuntu:24.04:lts" package="uuid-runtime" source="util-linux"
2026/10/05 19:10:54 WE GOT HERE 12 
2026/10/05 19:10:54 CVE QUERY: ecosystem="ubuntu:24.04:lts" package="uvicorn" source="python-uvicorn"
2026/10/05 19:10:54 WE GOT HERE 12 
2026/10/05 19:10:54 CVE QUERY: ecosystem="ubuntu:24.04:lts" package="va-driver-all:amd64" source="libva"
2026/10/05 19:10:54 WE GOT HERE 12 
2026/10/05 19:10:54 CVE QUERY: ecosystem="ubuntu:24.04:lts" package="va-driver-all:i386" source="libva"
2026/10/05 19:10:54 WE GOT HERE 12 
2026/10/05 19:10:54 CVE QUERY: ecosystem="ubuntu:24.04:lts" package="vainfo" source="libva-utils"
2026/10/05 19:10:54 WE GOT HERE 12 
2026/10/05 19:10:54 CVE QUERY: ecosystem="ubuntu:24.04:lts" package="valgrind" source=""
2026/10/05 19:10:54 WE GOT HERE 12 
2026/10/05 19:10:54 CVE QUERY: ecosystem="ubuntu:24.04:lts" package="vdpau-driver-all:amd64" source="libvdpau"
2026/10/05 19:10:54 WE GOT HERE 12 
2026/10/05 19:10:54 CVE QUERY: ecosystem="ubuntu:24.04:lts" package="vdpau-driver-all:i386" source="libvdpau"
2026/10/05 19:10:54 WE GOT HERE 12 
2026/10/05 19:10:54 CVE QUERY: ecosystem="ubuntu:24.04:lts" package="vim" source=""
2026/10/05 19:10:54 WE GOT HERE 1-1
2026/10/05 19:10:54 Safe Package {Name:vim Version:2:9.1.0016-1ubuntu7.20 PURL: Source:{SourceName: SourceVersion:}}
2026/10/05 19:10:54 CVE QUERY: ecosystem="ubuntu:24.04:lts" package="vim-common" source="vim"
2026/10/05 19:10:54 WE GOT HERE 1-1
2026/10/05 19:10:54 CVE QUERY: ecosystem="ubuntu:24.04:lts" package="vim-runtime" source="vim"
2026/10/05 19:10:54 WE GOT HERE 1-1
2026/10/05 19:10:54 CVE QUERY: ecosystem="ubuntu:24.04:lts" package="vim-tiny" source="vim"
2026/10/05 19:10:54 WE GOT HERE 1-1
2026/10/05 19:10:54 CVE QUERY: ecosystem="ubuntu:24.04:lts" package="virt-manager" source=""
2026/10/05 19:10:54 WE GOT HERE 12 
2026/10/05 19:10:54 CVE QUERY: ecosystem="ubuntu:24.04:lts" package="virt-viewer" source=""
2026/10/05 19:10:54 WE GOT HERE 12 
2026/10/05 19:10:54 CVE QUERY: ecosystem="ubuntu:24.04:lts" package="virtinst" source="virt-manager"
2026/10/05 19:10:54 WE GOT HERE 12 
2026/10/05 19:10:54 CVE QUERY: ecosystem="ubuntu:24.04:lts" package="virtualbox-7.2" source=""
2026/10/05 19:10:54 WE GOT HERE 12 
2026/10/05 19:10:54 CVE QUERY: ecosystem="ubuntu:24.04:lts" package="vite" source=""
2026/10/05 19:10:54 WE GOT HERE 12 
2026/10/05 19:10:54 CVE QUERY: ecosystem="ubuntu:24.04:lts" package="vlc" source=""
2026/10/05 19:10:54 WE GOT HERE 12 
2026/10/05 19:10:54 CVE QUERY: ecosystem="ubuntu:24.04:lts" package="vlc-bin" source="vlc"
2026/10/05 19:10:54 WE GOT HERE 12 
2026/10/05 19:10:54 CVE QUERY: ecosystem="ubuntu:24.04:lts" package="vlc-data" source="vlc"
2026/10/05 19:10:54 WE GOT HERE 12 
2026/10/05 19:10:54 CVE QUERY: ecosystem="ubuntu:24.04:lts" package="vlc-l10n" source="vlc"
2026/10/05 19:10:54 WE GOT HERE 12 
2026/10/05 19:10:54 CVE QUERY: ecosystem="ubuntu:24.04:lts" package="vlc-plugin-access-extra:amd64" source="vlc"
2026/10/05 19:10:54 WE GOT HERE 12 
2026/10/05 19:10:54 CVE QUERY: ecosystem="ubuntu:24.04:lts" package="vlc-plugin-base:amd64" source="vlc"
2026/10/05 19:10:54 WE GOT HERE 12 
2026/10/05 19:10:54 CVE QUERY: ecosystem="ubuntu:24.04:lts" package="vlc-plugin-notify:amd64" source="vlc"
2026/10/05 19:10:54 WE GOT HERE 12 
2026/10/05 19:10:54 CVE QUERY: ecosystem="ubuntu:24.04:lts" package="vlc-plugin-qt:amd64" source="vlc"
2026/10/05 19:10:54 WE GOT HERE 12 
2026/10/05 19:10:54 CVE QUERY: ecosystem="ubuntu:24.04:lts" package="vlc-plugin-samba:amd64" source="vlc"
2026/10/05 19:10:54 WE GOT HERE 12 
2026/10/05 19:10:54 CVE QUERY: ecosystem="ubuntu:24.04:lts" package="vlc-plugin-skins2:amd64" source="vlc"
2026/10/05 19:10:54 WE GOT HERE 12 
2026/10/05 19:10:54 CVE QUERY: ecosystem="ubuntu:24.04:lts" package="vlc-plugin-video-output:amd64" source="vlc"
2026/10/05 19:10:54 WE GOT HERE 12 
2026/10/05 19:10:54 CVE QUERY: ecosystem="ubuntu:24.04:lts" package="vlc-plugin-video-splitter:amd64" source="vlc"
2026/10/05 19:10:54 WE GOT HERE 12 
2026/10/05 19:10:54 CVE QUERY: ecosystem="ubuntu:24.04:lts" package="vlc-plugin-visualization:amd64" source="vlc"
2026/10/05 19:10:54 WE GOT HERE 12 
2026/10/05 19:10:54 CVE QUERY: ecosystem="ubuntu:24.04:lts" package="vpnc-scripts" source=""
2026/10/05 19:10:54 WE GOT HERE 12 
2026/10/05 19:10:54 CVE QUERY: ecosystem="ubuntu:24.04:lts" package="vulkan-tools" source=""
2026/10/05 19:10:54 WE GOT HERE 12 
2026/10/05 19:10:54 CVE QUERY: ecosystem="ubuntu:24.04:lts" package="wamerican" source="scowl"
2026/10/05 19:10:54 WE GOT HERE 12 
2026/10/05 19:10:54 CVE QUERY: ecosystem="ubuntu:24.04:lts" package="wayland-utils" source=""
2026/10/05 19:10:54 WE GOT HERE 12 
2026/10/05 19:10:54 CVE QUERY: ecosystem="ubuntu:24.04:lts" package="wbritish" source="scowl"
2026/10/05 19:10:54 WE GOT HERE 12 
2026/10/05 19:10:54 CVE QUERY: ecosystem="ubuntu:24.04:lts" package="webp-pixbuf-loader:amd64" source=""
2026/10/05 19:10:54 WE GOT HERE 12 
2026/10/05 19:10:54 CVE QUERY: ecosystem="ubuntu:24.04:lts" package="wget" source=""
2026/10/05 19:10:54 WE GOT HERE 12 
2026/10/05 19:10:54 CVE QUERY: ecosystem="ubuntu:24.04:lts" package="whiptail" source="newt"
2026/10/05 19:10:54 WE GOT HERE 12 
2026/10/05 19:10:54 CVE QUERY: ecosystem="ubuntu:24.04:lts" package="whoopsie" source=""
2026/10/05 19:10:54 WE GOT HERE 12 
2026/10/05 19:10:54 CVE QUERY: ecosystem="ubuntu:24.04:lts" package="whoopsie-preferences" source=""
2026/10/05 19:10:54 WE GOT HERE 12 
2026/10/05 19:10:54 CVE QUERY: ecosystem="ubuntu:24.04:lts" package="windscribe" source=""
2026/10/05 19:10:54 WE GOT HERE 12 
2026/10/05 19:10:54 CVE QUERY: ecosystem="ubuntu:24.04:lts" package="wine" source=""
2026/10/05 19:10:54 WE GOT HERE 12 
2026/10/05 19:10:54 CVE QUERY: ecosystem="ubuntu:24.04:lts" package="wine32:i386" source="wine"
2026/10/05 19:10:54 WE GOT HERE 12 
2026/10/05 19:10:54 CVE QUERY: ecosystem="ubuntu:24.04:lts" package="wine64" source="wine"
2026/10/05 19:10:54 WE GOT HERE 12 
2026/10/05 19:10:54 CVE QUERY: ecosystem="ubuntu:24.04:lts" package="winetricks" source=""
2026/10/05 19:10:54 WE GOT HERE 12 
2026/10/05 19:10:54 CVE QUERY: ecosystem="ubuntu:24.04:lts" package="wireguard-tools" source="wireguard"
2026/10/05 19:10:54 WE GOT HERE 12 
2026/10/05 19:10:54 CVE QUERY: ecosystem="ubuntu:24.04:lts" package="wireless-regdb" source=""
2026/10/05 19:10:54 WE GOT HERE 12 
2026/10/05 19:10:54 CVE QUERY: ecosystem="ubuntu:24.04:lts" package="wireless-tools" source=""
2026/10/05 19:10:54 WE GOT HERE 12 
2026/10/05 19:10:54 CVE QUERY: ecosystem="ubuntu:24.04:lts" package="wireplumber" source=""
2026/10/05 19:10:54 WE GOT HERE 12 
2026/10/05 19:10:54 CVE QUERY: ecosystem="ubuntu:24.04:lts" package="wpasupplicant" source="wpa"
2026/10/05 19:10:54 WE GOT HERE 12 
2026/10/05 19:10:54 CVE QUERY: ecosystem="ubuntu:24.04:lts" package="wvdial" source=""
2026/10/05 19:10:54 WE GOT HERE 12 
2026/10/05 19:10:54 CVE QUERY: ecosystem="ubuntu:24.04:lts" package="x11-apps" source=""
2026/10/05 19:10:54 WE GOT HERE 12 
2026/10/05 19:10:54 CVE QUERY: ecosystem="ubuntu:24.04:lts" package="x11-common" source="xorg"
2026/10/05 19:10:54 WE GOT HERE 12 
2026/10/05 19:10:54 CVE QUERY: ecosystem="ubuntu:24.04:lts" package="x11-session-utils" source=""
2026/10/05 19:10:54 WE GOT HERE 12 
2026/10/05 19:10:54 CVE QUERY: ecosystem="ubuntu:24.04:lts" package="x11-utils" source=""
2026/10/05 19:10:54 WE GOT HERE 12 
2026/10/05 19:10:54 CVE QUERY: ecosystem="ubuntu:24.04:lts" package="x11-xkb-utils" source=""
2026/10/05 19:10:54 WE GOT HERE 12 
2026/10/05 19:10:54 CVE QUERY: ecosystem="ubuntu:24.04:lts" package="x11-xserver-utils" source=""
2026/10/05 19:10:54 WE GOT HERE 12 
2026/10/05 19:10:54 CVE QUERY: ecosystem="ubuntu:24.04:lts" package="x11proto-dev" source="xorgproto"
2026/10/05 19:10:54 WE GOT HERE 12 
2026/10/05 19:10:54 CVE QUERY: ecosystem="ubuntu:24.04:lts" package="xauth" source=""
2026/10/05 19:10:54 WE GOT HERE 12 
2026/10/05 19:10:54 CVE QUERY: ecosystem="ubuntu:24.04:lts" package="xbacklight" source=""
2026/10/05 19:10:54 WE GOT HERE 12 
2026/10/05 19:10:54 CVE QUERY: ecosystem="ubuntu:24.04:lts" package="xbitmaps" source=""
2026/10/05 19:10:54 WE GOT HERE 12 
2026/10/05 19:10:54 CVE QUERY: ecosystem="ubuntu:24.04:lts" package="xbrlapi" source="brltty"
2026/10/05 19:10:54 WE GOT HERE 12 
2026/10/05 19:10:54 CVE QUERY: ecosystem="ubuntu:24.04:lts" package="xcvt" source="libxcvt"
2026/10/05 19:10:54 WE GOT HERE 12 
2026/10/05 19:10:54 CVE QUERY: ecosystem="ubuntu:24.04:lts" package="xdg-dbus-proxy" source=""
2026/10/05 19:10:54 WE GOT HERE 12 
2026/10/05 19:10:54 CVE QUERY: ecosystem="ubuntu:24.04:lts" package="xdg-desktop-portal" source=""
2026/10/05 19:10:54 WE GOT HERE 1-1
2026/10/05 19:10:54 Safe Package {Name:xdg-desktop-portal Version:1.18.4-1ubuntu2.24.04.3 PURL: Source:{SourceName: SourceVersion:}}
2026/10/05 19:10:54 CVE QUERY: ecosystem="ubuntu:24.04:lts" package="xdg-desktop-portal-gtk" source=""
2026/10/05 19:10:54 WE GOT HERE 12 
2026/10/05 19:10:54 CVE QUERY: ecosystem="ubuntu:24.04:lts" package="xdg-desktop-portal-kde" source=""
2026/10/05 19:10:54 WE GOT HERE 12 
2026/10/05 19:10:54 CVE QUERY: ecosystem="ubuntu:24.04:lts" package="xdg-user-dirs" source=""
2026/10/05 19:10:54 WE GOT HERE 12 
2026/10/05 19:10:54 CVE QUERY: ecosystem="ubuntu:24.04:lts" package="xdg-utils" source=""
2026/10/05 19:10:54 WE GOT HERE 12 
2026/10/05 19:10:54 CVE QUERY: ecosystem="ubuntu:24.04:lts" package="xdotool" source=""
2026/10/05 19:10:54 WE GOT HERE 12 
2026/10/05 19:10:54 CVE QUERY: ecosystem="ubuntu:24.04:lts" package="xfonts-base" source=""
2026/10/05 19:10:54 WE GOT HERE 12 
2026/10/05 19:10:54 CVE QUERY: ecosystem="ubuntu:24.04:lts" package="xfonts-encodings" source=""
2026/10/05 19:10:54 WE GOT HERE 12 
2026/10/05 19:10:54 CVE QUERY: ecosystem="ubuntu:24.04:lts" package="xfonts-scalable" source=""
2026/10/05 19:10:54 WE GOT HERE 12 
2026/10/05 19:10:54 CVE QUERY: ecosystem="ubuntu:24.04:lts" package="xfonts-utils" source=""
2026/10/05 19:10:54 WE GOT HERE 12 
2026/10/05 19:10:54 CVE QUERY: ecosystem="ubuntu:24.04:lts" package="xfsprogs" source=""
2026/10/05 19:10:54 WE GOT HERE 12 
2026/10/05 19:10:54 CVE QUERY: ecosystem="ubuntu:24.04:lts" package="xinit" source=""
2026/10/05 19:10:54 WE GOT HERE 12 
2026/10/05 19:10:54 CVE QUERY: ecosystem="ubuntu:24.04:lts" package="xinput" source=""
2026/10/05 19:10:54 WE GOT HERE 12 
2026/10/05 19:10:54 CVE QUERY: ecosystem="ubuntu:24.04:lts" package="xkb-data" source="xkeyboard-config"
2026/10/05 19:10:54 WE GOT HERE 12 
2026/10/05 19:10:54 CVE QUERY: ecosystem="ubuntu:24.04:lts" package="xml-core" source=""
2026/10/05 19:10:54 WE GOT HERE 12 
2026/10/05 19:10:54 CVE QUERY: ecosystem="ubuntu:24.04:lts" package="xorg" source=""
2026/10/05 19:10:54 WE GOT HERE 12 
2026/10/05 19:10:54 CVE QUERY: ecosystem="ubuntu:24.04:lts" package="xorg-docs-core" source="xorg-docs"
2026/10/05 19:10:54 WE GOT HERE 12 
2026/10/05 19:10:54 CVE QUERY: ecosystem="ubuntu:24.04:lts" package="xorg-sgml-doctools" source=""
2026/10/05 19:10:54 WE GOT HERE 12 
2026/10/05 19:10:54 CVE QUERY: ecosystem="ubuntu:24.04:lts" package="xorriso" source="libisoburn"
2026/10/05 19:10:54 WE GOT HERE 12 
2026/10/05 19:10:54 CVE QUERY: ecosystem="ubuntu:24.04:lts" package="xserver-common" source="xorg-server"
2026/10/05 19:10:54 WE GOT HERE 12 
2026/10/05 19:10:54 CVE QUERY: ecosystem="ubuntu:24.04:lts" package="xserver-xephyr" source="xorg-server"
2026/10/05 19:10:54 WE GOT HERE 12 
2026/10/05 19:10:54 CVE QUERY: ecosystem="ubuntu:24.04:lts" package="xserver-xorg" source="xorg"
2026/10/05 19:10:54 WE GOT HERE 12 
2026/10/05 19:10:54 CVE QUERY: ecosystem="ubuntu:24.04:lts" package="xserver-xorg-core" source="xorg-server"
2026/10/05 19:10:54 WE GOT HERE 12 
2026/10/05 19:10:54 CVE QUERY: ecosystem="ubuntu:24.04:lts" package="xserver-xorg-input-all" source="xorg"
2026/10/05 19:10:54 WE GOT HERE 12 
2026/10/05 19:10:54 CVE QUERY: ecosystem="ubuntu:24.04:lts" package="xserver-xorg-input-libinput" source=""
2026/10/05 19:10:54 WE GOT HERE 12 
2026/10/05 19:10:54 CVE QUERY: ecosystem="ubuntu:24.04:lts" package="xserver-xorg-input-wacom" source="xf86-input-wacom"
2026/10/05 19:10:54 WE GOT HERE 12 
2026/10/05 19:10:54 CVE QUERY: ecosystem="ubuntu:24.04:lts" package="xserver-xorg-legacy" source="xorg-server"
2026/10/05 19:10:54 WE GOT HERE 12 
2026/10/05 19:10:54 CVE QUERY: ecosystem="ubuntu:24.04:lts" package="xserver-xorg-video-all" source="xorg"
2026/10/05 19:10:54 WE GOT HERE 12 
2026/10/05 19:10:54 CVE QUERY: ecosystem="ubuntu:24.04:lts" package="xserver-xorg-video-amdgpu" source=""
2026/10/05 19:10:54 WE GOT HERE 12 
2026/10/05 19:10:54 CVE QUERY: ecosystem="ubuntu:24.04:lts" package="xserver-xorg-video-ati" source=""
2026/10/05 19:10:54 WE GOT HERE 12 
2026/10/05 19:10:54 CVE QUERY: ecosystem="ubuntu:24.04:lts" package="xserver-xorg-video-fbdev" source=""
2026/10/05 19:10:54 WE GOT HERE 12 
2026/10/05 19:10:54 CVE QUERY: ecosystem="ubuntu:24.04:lts" package="xserver-xorg-video-intel" source=""
2026/10/05 19:10:54 WE GOT HERE 12 
2026/10/05 19:10:54 CVE QUERY: ecosystem="ubuntu:24.04:lts" package="xserver-xorg-video-nouveau" source=""
2026/10/05 19:10:54 WE GOT HERE 12 
2026/10/05 19:10:54 CVE QUERY: ecosystem="ubuntu:24.04:lts" package="xserver-xorg-video-qxl" source=""
2026/10/05 19:10:54 WE GOT HERE 12 
2026/10/05 19:10:54 CVE QUERY: ecosystem="ubuntu:24.04:lts" package="xserver-xorg-video-radeon" source="xserver-xorg-video-ati"
2026/10/05 19:10:54 WE GOT HERE 12 
2026/10/05 19:10:54 CVE QUERY: ecosystem="ubuntu:24.04:lts" package="xserver-xorg-video-vesa" source=""
2026/10/05 19:10:54 WE GOT HERE 12 
2026/10/05 19:10:54 CVE QUERY: ecosystem="ubuntu:24.04:lts" package="xserver-xorg-video-vmware" source=""
2026/10/05 19:10:54 WE GOT HERE 12 
2026/10/05 19:10:54 CVE QUERY: ecosystem="ubuntu:24.04:lts" package="xsettingsd" source=""
2026/10/05 19:10:54 WE GOT HERE 12 
2026/10/05 19:10:54 CVE QUERY: ecosystem="ubuntu:24.04:lts" package="xsltproc" source="libxslt"
2026/10/05 19:10:54 WE GOT HERE 12 
2026/10/05 19:10:54 CVE QUERY: ecosystem="ubuntu:24.04:lts" package="xterm" source=""
2026/10/05 19:10:54 WE GOT HERE 12 
2026/10/05 19:10:54 CVE QUERY: ecosystem="ubuntu:24.04:lts" package="xtrans-dev" source="xtrans"
2026/10/05 19:10:54 WE GOT HERE 12 
2026/10/05 19:10:54 CVE QUERY: ecosystem="ubuntu:24.04:lts" package="xwayland" source=""
2026/10/05 19:10:54 WE GOT HERE 12 
2026/10/05 19:10:54 CVE QUERY: ecosystem="ubuntu:24.04:lts" package="xxd" source="vim"
2026/10/05 19:10:54 WE GOT HERE 1-1
2026/10/05 19:10:54 CVE QUERY: ecosystem="ubuntu:24.04:lts" package="xz-utils" source=""
2026/10/05 19:10:54 WE GOT HERE 1-1
2026/10/05 19:10:54 Safe Package {Name:xz-utils Version:5.6.1+really5.4.5-1ubuntu0.3 PURL: Source:{SourceName: SourceVersion:}}
2026/10/05 19:10:54 CVE QUERY: ecosystem="ubuntu:24.04:lts" package="yakuake" source=""
2026/10/05 19:10:54 WE GOT HERE 12 
2026/10/05 19:10:54 CVE QUERY: ecosystem="ubuntu:24.04:lts" package="yaru-theme-gnome-shell" source="yaru-theme"
2026/10/05 19:10:54 WE GOT HERE 12 
2026/10/05 19:10:54 CVE QUERY: ecosystem="ubuntu:24.04:lts" package="yelp" source=""
2026/10/05 19:10:54 WE GOT HERE 12 
2026/10/05 19:10:54 CVE QUERY: ecosystem="ubuntu:24.04:lts" package="yelp-xsl" source=""
2026/10/05 19:10:54 WE GOT HERE 12 
2026/10/05 19:10:54 CVE QUERY: ecosystem="ubuntu:24.04:lts" package="yt-dlp" source=""
2026/10/05 19:10:54 WE GOT HERE 12 
2026/10/05 19:10:54 CVE QUERY: ecosystem="ubuntu:24.04:lts" package="zenity" source=""
2026/10/05 19:10:54 WE GOT HERE 12 
2026/10/05 19:10:54 CVE QUERY: ecosystem="ubuntu:24.04:lts" package="zenity-common" source="zenity"
2026/10/05 19:10:54 WE GOT HERE 12 
2026/10/05 19:10:54 CVE QUERY: ecosystem="ubuntu:24.04:lts" package="zip" source=""
2026/10/05 19:10:54 WE GOT HERE 12 
2026/10/05 19:10:54 CVE QUERY: ecosystem="ubuntu:24.04:lts" package="zlib1g:amd64" source="zlib"
2026/10/05 19:10:54 WE GOT HERE 1-1
2026/10/05 19:10:54 CVE QUERY: ecosystem="ubuntu:24.04:lts" package="zlib1g:i386" source="zlib"
2026/10/05 19:10:54 WE GOT HERE 1-1
2026/10/05 19:10:54 CVE QUERY: ecosystem="ubuntu:24.04:lts" package="zlib1g-dev:amd64" source="zlib"
2026/10/05 19:10:54 WE GOT HERE 1-1
2026/10/05 19:10:54 CVE QUERY: ecosystem="ubuntu:24.04:lts" package="zoom" source=""
2026/10/05 19:10:54 WE GOT HERE 12 
2026/10/05 19:10:54 CVE QUERY: ecosystem="ubuntu:24.04:lts" package="zstd" source="libzstd"
2026/10/05 19:10:54 WE GOT HERE 12 
2026/10/05 19:10:54 
Found 4
 Checked 3304
 vuln packages for the User:DEVTOP , machineID:75e470d48bdb4b03be908dce131de67b
 last ID: 6608
2026/10/05 19:10:54 Inserting Vulnpackages for hostname:DEVTOP
2026/10/05 19:10:54 Done Inserting Vulnpackages for hostname:DEVTOP
2026/10/05 19:10:54 [+]Successfuly inserted vulnpackages for the user:DEVTOP machineID:75e470d48bdb4b03be908dce131de67b
